customer_id,customer_name,dob,address,email,customer_since,batch_id,load_timestamp
CUST00001,Donald Walker,1985-02-03,"600 Jeffery Parkways, New Jamesside, MT 29394",zlawrence@example.org,2018-06-22,batch_001,2026-07-31T00:00:00
CUST00002,Gina Moore,1993-03-20,"USNV Garcia, FPO AA 13177",melanie94@example.org,2019-04-19,batch_001,2026-07-31T00:00:00
CUST00003,Valerie Gray,1991-03-28,"310 Kendra Common Apt. 164, Reidstad, GA 49021",jason41@example.net,2024-05-24,batch_001,2026-07-31T00:00:00
CUST00004,Danielle Ford,1984-10-15,"503 Linda Locks, Carlshire, FM 94599",jason76@example.net,2019-06-29,batch_001,2026-07-31T00:00:00
CUST00005,David Hoffman,1972-10-20,"653 William Course Apt. 122, Carlsonfurt, MS 78605",jrice@example.org,2019-01-04,batch_001,2026-07-31T00:00:00
CUST00006,Kimberly Adams,1987-11-15,"6270 Stanton Track, New Rita, VI 82460",meagan89@example.org,2018-07-12,batch_001,2026-07-31T00:00:00
CUST00007,Kimberly Osborne,1951-12-24,"570 Sarah Wells, Johnbury, FM 74865",millertodd@example.org,2022-12-10,batch_001,2026-07-31T00:00:00
CUST00008,Betty Alvarez,2008-02-17,"963 Jennifer Locks Suite 787, East Jeffreymouth, AK 77611",briannasmith@example.net,2025-08-23,batch_001,2026-07-31T00:00:00
CUST00009,Taylor Heath,1984-07-11,"7382 Sanchez Mountains, Leeville, TN 56999",rodney70@example.net,2017-07-31,batch_001,2026-07-31T00:00:00
CUST00010,Nicholas Mcbride,1986-01-17,"87262 Ford Well, South Lindseyside, CT 07131",novaksara@example.org,2018-04-03,batch_001,2026-07-31T00:00:00
CUST00011,Mr. James Brown,1952-11-23,"7468 Moore Hill Apt. 098, Lake Leeton, OR 62994",brianromero@example.org,2023-06-30,batch_001,2026-07-31T00:00:00
CUST00012,Cynthia Wilson,1946-03-29,"909 Robert Prairie, Sarahborough, TN 94373",john62@example.net,2017-09-26,batch_001,2026-07-31T00:00:00
CUST00013,Timothy Walls,1985-07-04,"83842 Ibarra Gardens, Justinmouth, MP 71701",cheryl80@example.net,2021-09-07,batch_001,2026-07-31T00:00:00
CUST00014,Matthew Mcmillan,1997-03-08,"82449 Jennifer Ford, Williamview, MH 07159",waltersmaria@example.org,2026-01-06,batch_001,2026-07-31T00:00:00
CUST00015,Mandy Green,1941-10-26,"011 Amy Village Suite 982, Andersonport, MN 05730",jason31@example.com,2022-04-03,batch_001,2026-07-31T00:00:00
CUST00016,Jennifer Oliver,1994-08-31,"26025 Pham Way, West Erik, UT 14669",ebrennan@example.org,2026-02-07,batch_001,2026-07-31T00:00:00
CUST00017,Robert Savage,1955-02-28,"5414 May Locks, Sheilaville, FM 34738",beverlyterrell@example.org,2024-05-30,batch_001,2026-07-31T00:00:00
CUST00018,Richard Graham,1948-12-15,"Unit 1693 Box 4060, DPO AP 71076",michaeljones@example.net,2023-12-22,batch_001,2026-07-31T00:00:00
CUST00019,Mary Martinez,2004-03-27,"PSC 8465, Box 6482, APO AE 55609",lbyrd@example.net,2022-03-13,batch_001,2026-07-31T00:00:00
CUST00020,Roy Torres,1980-04-22,"7738 Leon Underpass Apt. 148, Clarencebury, TX 41188",lindsayhernandez@example.org,2021-09-13,batch_001,2026-07-31T00:00:00
CUST00021,Patricia Gibson,1958-03-29,"676 Dylan Spurs, Port Michelleville, WI 56225",gregoryrubio@example.net,2024-08-30,batch_001,2026-07-31T00:00:00
CUST00022,Sylvia Martinez,1973-03-11,"889 Dodson Mills Suite 872, Colebury, MP 84080",katie87@example.net,2017-06-08,batch_001,2026-07-31T00:00:00
CUST00023,Micheal Young,1957-11-10,"23623 Robert Isle, Perryborough, MP 55570",lstein@example.net,2021-04-02,batch_001,2026-07-31T00:00:00
CUST00024,Aaron Bell,1942-11-28,"893 Robinson Mews Suite 065, Ramseymouth, PW 17229",meadowsbrittany@example.net,2026-05-17,batch_001,2026-07-31T00:00:00
CUST00025,Brandy Murray,1943-06-04,"3755 Ramirez Village Suite 417, Lake Amberstad, IN 85716",harringtondenise@example.org,2018-01-03,batch_001,2026-07-31T00:00:00
CUST00026,Alex Hernandez,2006-03-14,"374 Jackson Rest, Port Loriport, CT 76350",hickmanbarbara@example.com,2020-10-14,batch_001,2026-07-31T00:00:00
CUST00027,Michael Burton,1968-07-27,"919 Michael Meadow Suite 185, Port Robertfort, CT 57323",cynthia72@example.com,2019-12-15,batch_001,2026-07-31T00:00:00
CUST00028,Debra Morton,1953-07-25,"6945 Mariah Corners Suite 737, Rogersfort, PR 43101",tonykelly@example.com,2025-06-16,batch_001,2026-07-31T00:00:00
CUST00029,Meredith Hill,1964-09-26,"36783 Brewer Overpass, Mcguireland, LA 29546",tholt@example.net,2021-05-03,batch_001,2026-07-31T00:00:00
CUST00030,Joseph Coleman,1981-02-25,"7444 David Fields Suite 182, East Joanna, KY 95473",tina34@example.org,2022-11-10,batch_001,2026-07-31T00:00:00
CUST00031,Michael Martinez,1966-02-19,"427 Monique Ports, Taylormouth, MA 24665",kingmichelle@example.org,2019-08-20,batch_001,2026-07-31T00:00:00
CUST00032,Benjamin Soto,1997-07-10,"413 Angela Mall, Port Alexandra, NV 58529",michelle64@example.net,2017-09-10,batch_001,2026-07-31T00:00:00
CUST00033,Natalie Meza,1983-11-03,"1232 Eric Lodge, Norrisfort, LA 04779",keithcampbell@example.com,2017-08-09,batch_001,2026-07-31T00:00:00
CUST00034,Rachel Weber,1946-06-03,"1832 Serrano Cliffs, East Laurashire, PW 38329",smartinez@example.com,2020-07-20,batch_001,2026-07-31T00:00:00
CUST00035,Kathryn Snyder,1989-03-12,"5940 Jeremy Spring, Port Emilyview, OK 05774",thomaspearson@example.com,2023-06-06,batch_001,2026-07-31T00:00:00
CUST00036,Robert Costa,1953-12-05,"5125 Steele Heights Suite 807, West Johnnyville, WI 53477",sandovalamy@example.com,2026-07-16,batch_001,2026-07-31T00:00:00
CUST00037,Lisa Jimenez,1945-04-08,"48247 Martinez Roads, Lake Eric, OH 02293",hdavis@example.com,2019-10-09,batch_001,2026-07-31T00:00:00
CUST00038,Brittany Cantu,2006-01-10,"7737 Patrick Rapid Apt. 146, Sarahhaven, KY 00837",jessica99@example.net,2018-07-30,batch_001,2026-07-31T00:00:00
CUST00039,John Cook,1974-11-25,"5339 Hall Trail Suite 057, Hughesberg, NM 05353",waynelawrence@example.org,2019-02-09,batch_001,2026-07-31T00:00:00
CUST00040,Thomas Smith,2001-01-25,"74596 Melissa Walk, Finleyfort, VI 71413",williamsonjimmy@example.net,2024-01-26,batch_001,2026-07-31T00:00:00
CUST00041,Nicole Hamilton MD,2004-03-31,"2400 Flynn Hill, Nicholasberg, IA 70122",yknight@example.org,2021-06-20,batch_001,2026-07-31T00:00:00
CUST00042,Seth Harvey,1953-02-22,"74740 Santana Springs, North Scott, MI 77515",danielle64@example.com,2019-07-23,batch_001,2026-07-31T00:00:00
CUST00043,James Webb,1999-02-07,"440 Hill Port Apt. 974, New Laurie, IN 83943",christinebyrd@example.net,2021-09-20,batch_001,2026-07-31T00:00:00
CUST00044,Stephanie Lucas,1993-10-21,"95214 Burgess Extensions Apt. 285, Mariaview, PW 63657",julie51@example.com,2018-11-27,batch_001,2026-07-31T00:00:00
CUST00045,Vincent Dalton,2007-02-07,"516 Joseph Crossing Suite 549, Carsonstad, CT 88953",thomasharvey@example.net,2017-11-10,batch_001,2026-07-31T00:00:00
CUST00046,Madison Marshall,1963-11-25,"20047 Colton Plain Apt. 675, Matthewsberg, FM 54880",basschristina@example.com,2020-05-06,batch_001,2026-07-31T00:00:00
CUST00047,Jeremy Young,1943-10-21,"506 Lopez Crossing Suite 139, North Kristinbury, DC 74501",caseyhubbard@example.org,2022-11-19,batch_001,2026-07-31T00:00:00
CUST00048,Crystal Schroeder,1981-06-25,"2284 Daniel Way, East Alexisbury, OR 42938",thompsonbrian@example.net,2020-04-02,batch_001,2026-07-31T00:00:00
CUST00049,Arthur West,1970-03-24,"8390 Ellis Burgs, South Melaniechester, TX 14651",cjoseph@example.org,2025-07-12,batch_001,2026-07-31T00:00:00
CUST00050,Charles Martinez,2002-10-10,"9847 Garcia Squares Apt. 836, Beasleychester, MA 59942",gperry@example.com,2017-12-15,batch_001,2026-07-31T00:00:00
CUST00051,Jacqueline Hernandez,1970-08-15,"PSC 1111, Box 6152, APO AP 08362",elizabeth65@example.net,2021-11-23,batch_001,2026-07-31T00:00:00
CUST00052,Michelle Schmitt,2005-08-15,"98327 Melanie Keys Suite 149, Port Roy, OH 81991",lynchdiane@example.net,2023-10-11,batch_001,2026-07-31T00:00:00
CUST00053,Michael Parker,1959-10-12,"29612 Christopher Pines, South Robert, MA 21132",larry59@example.net,2017-01-26,batch_001,2026-07-31T00:00:00
CUST00054,Paul Williams,1947-05-12,"679 Perry Forge Apt. 561, Erikashire, NM 69567",brandon69@example.org,2017-06-22,batch_001,2026-07-31T00:00:00
CUST00055,Daniel Taylor,1942-02-06,"07622 Patel Forks Suite 160, Smithland, VI 41534",tberry@example.net,2020-01-22,batch_001,2026-07-31T00:00:00
CUST00056,Alex Nguyen,1970-01-01,"516 John Radial Suite 816, Juliebury, MA 22538",dixondaniel@example.net,2021-07-03,batch_001,2026-07-31T00:00:00
CUST00057,Tyler Brewer,1954-10-10,"43292 Gregory Trail, Marshallshire, WV 76453",kmaldonado@example.net,2022-07-10,batch_001,2026-07-31T00:00:00
CUST00058,Lori Hernandez,1984-10-23,"449 Michael Cliffs Suite 770, West Marieland, SD 12336",jford@example.net,2022-01-29,batch_001,2026-07-31T00:00:00
CUST00059,Robert Pearson,2002-07-18,"207 Lisa Villages Suite 182, East Jasminemouth, NC 69018",michaelhardin@example.com,2017-04-11,batch_001,2026-07-31T00:00:00
CUST00060,Amy Mccoy,1969-05-24,"86449 Mathew Prairie Apt. 546, New Jeanne, CO 41078",vschneider@example.org,2022-05-03,batch_001,2026-07-31T00:00:00
CUST00061,Michael Romero,1987-03-07,"35733 Eric Hill Apt. 888, Lake Matthewberg, PA 49878",francisguerra@example.net,2025-07-14,batch_001,2026-07-31T00:00:00
CUST00062,Amanda Diaz,1996-08-19,"473 Kyle Valleys Suite 359, Murrayport, WI 50553",mburch@example.net,2019-05-25,batch_001,2026-07-31T00:00:00
CUST00063,John Watson,1950-12-30,"USS Mitchell, FPO AE 36256",jwhitehead@example.com,2020-10-31,batch_001,2026-07-31T00:00:00
CUST00064,Stacey Arias,1947-10-27,"536 Nicholas Burgs Suite 152, North Justin, MP 62426",katherineharrison@example.net,2020-05-10,batch_001,2026-07-31T00:00:00
CUST00065,Daniel Hernandez,1941-12-08,"USCGC Rodriguez, FPO AA 31648",david36@example.net,2017-12-05,batch_001,2026-07-31T00:00:00
CUST00066,Russell Porter,1995-08-09,"246 Christina Garden, Lopezland, NC 47766",ashleyamy@example.net,2024-05-10,batch_001,2026-07-31T00:00:00
CUST00067,John Reid,1979-04-16,"Unit 4051 Box 5319, DPO AP 99680",dennis58@example.com,2016-12-04,batch_001,2026-07-31T00:00:00
CUST00068,Melinda Pollard,1996-12-08,"17043 Kylie Canyon, Sarahhaven, MO 71677",wking@example.net,2019-07-23,batch_001,2026-07-31T00:00:00
CUST00069,Richard Glenn,1954-08-01,"6676 Beltran Parks, Richardsonhaven, KY 11329",mmiller@example.org,2021-06-12,batch_001,2026-07-31T00:00:00
CUST00070,Bobby Guerrero,1978-09-12,"75705 Hill Turnpike Apt. 165, North Douglas, PA 89379",ejohnson@example.org,2021-07-30,batch_001,2026-07-31T00:00:00
CUST00071,Travis Johnson,1994-07-23,"5719 Alyssa Locks Suite 431, Lake Jacobhaven, MS 74120",greenjorge@example.com,2022-10-24,batch_001,2026-07-31T00:00:00
CUST00072,Yvonne Gonzalez,1956-03-06,"2715 Mckinney Plaza, Patriciaburgh, VT 93504",laurahicks@example.org,2021-06-09,batch_001,2026-07-31T00:00:00
CUST00073,Johnny Ward,1955-04-04,"291 Kyle Stravenue Suite 866, East Teresaland, NV 61558",david89@example.org,2018-12-10,batch_001,2026-07-31T00:00:00
CUST00074,Thomas Brown,1993-10-29,"2253 Meza Path, Meghanview, ID 83739",david49@example.net,2018-10-10,batch_001,2026-07-31T00:00:00
CUST00075,Leslie Carpenter,1947-12-08,"001 Stacy Trail Suite 396, South Pamelaside, LA 84637",timothy64@example.com,2025-02-16,batch_001,2026-07-31T00:00:00
CUST00076,Jason Marshall,1946-07-18,"5562 Robertson Coves, Johnville, KY 59430",donaldwilliams@example.com,2017-08-07,batch_001,2026-07-31T00:00:00
CUST00077,Sean Moore,2000-05-20,"27877 Jimenez Course Suite 873, New Michael, AR 37378",pharper@example.net,2023-09-11,batch_001,2026-07-31T00:00:00
CUST00078,Sarah Jordan,1973-08-08,"5060 Michael Heights Apt. 687, Marciaville, DC 13173",vbrooks@example.net,2021-06-10,batch_001,2026-07-31T00:00:00
CUST00079,Christina Hicks,2005-06-22,"25787 Catherine Passage, West Sarah, MD 21800",vewing@example.com,2022-10-19,batch_001,2026-07-31T00:00:00
CUST00080,Katrina Burns,1981-12-25,"55169 Robles Stream Apt. 974, Lake Brett, NJ 22850",rhernandez@example.org,2022-04-21,batch_001,2026-07-31T00:00:00
CUST00081,Ashley Smith,1943-09-23,"3689 Salas Street, Lake Devinborough, OH 43105",ufox@example.org,2026-04-27,batch_001,2026-07-31T00:00:00
CUST00082,Hector Ingram,1972-11-09,"733 Grant Fork Suite 437, Timothyside, WY 95090",keith98@example.com,2025-08-25,batch_001,2026-07-31T00:00:00
CUST00083,Tina Ballard,2002-07-15,"157 Burgess Forest Apt. 848, Derrickshire, IA 32280",santiagoamanda@example.net,2023-04-17,batch_001,2026-07-31T00:00:00
CUST00084,Gary Kennedy,1957-06-03,"82677 Katelyn Heights, Justinton, PW 12226",amandasharp@example.org,2017-06-22,batch_001,2026-07-31T00:00:00
CUST00085,Ryan Peck,2003-09-22,"2400 Bradley Coves Suite 478, Smallberg, PR 66589",znelson@example.org,2019-07-23,batch_001,2026-07-31T00:00:00
CUST00086,Mariah Higgins,1964-01-30,"9329 Wilcox Passage Suite 161, East Thomas, IA 01396",patrick74@example.com,2019-05-06,batch_001,2026-07-31T00:00:00
CUST00087,Alexandra Valdez,1962-02-15,"174 Richard Parkway, Hannahport, MN 81061",jeffreyanderson@example.org,2026-06-28,batch_001,2026-07-31T00:00:00
CUST00088,Joshua Ruiz,1972-07-16,"91878 Miller Port, North Mariahaven, ID 75566",franklinbond@example.com,2022-12-08,batch_001,2026-07-31T00:00:00
CUST00089,Katherine Nolan,1949-06-27,"2867 Angelica Spring, Jenniferfurt, KS 00896",bethwilliams@example.com,2020-01-28,batch_001,2026-07-31T00:00:00
CUST00090,Amy Shannon,1989-03-29,"Unit 7046 Box 2265, DPO AA 59291",rbennett@example.net,2017-08-31,batch_001,2026-07-31T00:00:00
CUST00091,Scott Wilson,2001-02-03,"Unit 6823 Box 0047, DPO AP 94754",opatel@example.org,2025-10-03,batch_001,2026-07-31T00:00:00
CUST00092,Colin Golden,1972-12-03,"690 Jamie Courts, South Carlaton, IA 97565",moralesjimmy@example.org,2022-06-20,batch_001,2026-07-31T00:00:00
CUST00093,Wyatt Young,1992-11-30,"PSC 9599, Box 5342, APO AP 68822",roberthill@example.net,2017-07-16,batch_001,2026-07-31T00:00:00
CUST00094,Jessica Simpson,2006-02-15,"Unit 6856 Box 6246, DPO AE 99383",oallen@example.com,2019-07-24,batch_001,2026-07-31T00:00:00
CUST00095,Suzanne Hart,1999-12-08,"Unit 8826 Box 3435, DPO AP 10864",fboone@example.net,2019-01-13,batch_001,2026-07-31T00:00:00
CUST00096,James Jacobs,1990-11-20,"98373 Turner Bridge, East Suzanne, DE 98395",srocha@example.net,2019-10-27,batch_001,2026-07-31T00:00:00
CUST00097,David Morris,1989-06-21,"544 Hunt Parks Suite 175, West Lawrence, AZ 74232",joycesmith@example.net,2020-01-22,batch_001,2026-07-31T00:00:00
CUST00098,Jennifer Hernandez,2005-03-10,"378 Scott View Suite 772, Garyside, NM 24624",warrenmary@example.org,2026-07-08,batch_001,2026-07-31T00:00:00
CUST00099,Jennifer Kirby,2005-11-24,"38750 Hopkins Brook, New Andreatown, AK 69892",amanda40@example.net,2017-05-28,batch_001,2026-07-31T00:00:00
CUST00100,Susan Rodriguez,1996-11-30,"39845 Norton Common, Susanmouth, OK 32378",kevinclayton@example.org,2023-11-27,batch_001,2026-07-31T00:00:00
CUST00101,James Tran,1986-01-24,"217 Newman Isle, New Samanthabury, IL 91240",enelson@example.net,2017-02-12,batch_001,2026-07-31T00:00:00
CUST00102,Kristy Johnson,2004-07-25,"USNV Smith, FPO AE 77444",karenmarquez@example.com,2021-05-08,batch_001,2026-07-31T00:00:00
CUST00103,Justin Knight,2004-10-15,"2185 Connor Fort Apt. 599, Novakmouth, AK 83616",kristen77@example.org,2017-11-21,batch_001,2026-07-31T00:00:00
CUST00104,Jessica Frazier,1965-10-16,"431 Joseph Light, Lake Peter, MN 14466",smithkyle@example.com,2025-12-27,batch_001,2026-07-31T00:00:00
CUST00105,Brandon Jordan,1993-05-22,"01581 Shields Bridge Suite 661, New Adriana, TX 50404",dominicturner@example.com,2021-03-03,batch_001,2026-07-31T00:00:00
CUST00106,Donald Evans,1951-07-06,"3799 Stephen Dale Suite 065, Brockmouth, NV 44375",pochoa@example.net,2017-08-28,batch_001,2026-07-31T00:00:00
CUST00107,Travis Harris,1950-11-04,"4793 Bennett Viaduct Suite 519, New Wendy, HI 89854",bentonsteven@example.net,2021-09-09,batch_001,2026-07-31T00:00:00
CUST00108,Sandra Jones,1955-11-05,"724 Johnny Drives Suite 617, Aguilarside, NY 91164",ystephens@example.com,2024-01-15,batch_001,2026-07-31T00:00:00
CUST00109,Suzanne Rodriguez,1989-04-29,"90965 Rodriguez Courts Suite 388, South Neil, NH 89571",michaeljohnson@example.org,2025-09-18,batch_001,2026-07-31T00:00:00
CUST00110,Angelica Guerra,1961-09-06,"5738 Bailey Court Suite 751, Bradleyville, AK 45468",byrdfrank@example.net,2023-08-28,batch_001,2026-07-31T00:00:00
CUST00111,Christopher Castro,1958-03-06,"USNS Salinas, FPO AP 24677",daniellereynolds@example.org,2025-05-11,batch_001,2026-07-31T00:00:00
CUST00112,Jeffrey Smith,1991-10-04,"191 Michael Flat Suite 147, Candicefurt, OR 15473",michael79@example.org,2019-12-09,batch_001,2026-07-31T00:00:00
CUST00113,Leslie Powers,1996-12-14,"1252 Barnes Dam, Hendersonfort, SC 70936",angelaburns@example.org,2021-08-22,batch_001,2026-07-31T00:00:00
CUST00114,Lisa Glenn,1954-04-24,"USCGC Taylor, FPO AA 74108",fortiz@example.com,2021-12-06,batch_001,2026-07-31T00:00:00
CUST00115,Bradley Johnson DDS,1989-11-26,"84279 Dunn Creek Apt. 485, Port Jenniferside, IL 56226",fitzgeralddesiree@example.org,2024-02-17,batch_001,2026-07-31T00:00:00
CUST00116,Gregory Montoya,1961-11-02,"39596 Christina Tunnel, Port Jamie, AR 75221",amanda98@example.org,2017-02-16,batch_001,2026-07-31T00:00:00
CUST00117,Derek Hodge,1963-08-09,"Unit 1260 Box 4223, DPO AE 93744",maria67@example.org,2021-07-23,batch_001,2026-07-31T00:00:00
CUST00118,Jaime Jones,1980-11-14,"8457 Murphy Alley, Lake Teresastad, PR 08801",brobinson@example.org,2021-02-24,batch_001,2026-07-31T00:00:00
CUST00119,Drew Kelley,1975-03-31,"0017 David Walks Apt. 770, Harrisberg, FM 85697",erik41@example.net,2021-02-23,batch_001,2026-07-31T00:00:00
CUST00120,Matthew Banks,1966-02-08,"361 Aaron Neck Apt. 293, Smithmouth, GU 16307",ebenson@example.org,2020-11-02,batch_001,2026-07-31T00:00:00
CUST00121,Robert Garcia,1957-02-27,"62218 Chelsey Expressway Suite 532, Jensenmouth, VI 28975",mosleydonald@example.org,2023-02-05,batch_001,2026-07-31T00:00:00
CUST00122,Jeffrey Moody,1981-09-12,"89994 Melanie Shoals, Jamiehaven, ID 98522",dphillips@example.org,2023-02-11,batch_001,2026-07-31T00:00:00
CUST00123,Jonathan Wheeler,1975-04-04,"5269 Diaz Springs, Port Thomas, WI 10068",matthewsalexander@example.org,2023-02-22,batch_001,2026-07-31T00:00:00
CUST00124,Jennifer Mitchell,1944-04-15,"6188 Joshua Inlet Apt. 832, Peterland, ME 92077",pblair@example.org,2017-08-10,batch_001,2026-07-31T00:00:00
CUST00125,Audrey Salazar,1958-03-20,"02027 Mills Tunnel, Garyberg, WA 35728",wiseanthony@example.com,2018-01-17,batch_001,2026-07-31T00:00:00
CUST00126,Michael Ray,1960-02-01,"507 Michael Glens Apt. 913, North Micheletown, IA 06527",jcox@example.org,2025-06-29,batch_001,2026-07-31T00:00:00
CUST00127,Suzanne Yang,2004-12-11,"65419 Wilson Spring Apt. 238, South Caseymouth, VI 37503",mark87@example.org,2017-03-07,batch_001,2026-07-31T00:00:00
CUST00128,Richard Stevenson,1966-09-07,"738 Edward Lodge Apt. 385, West Aaronfurt, PR 97242",dalton83@example.com,2019-12-29,batch_001,2026-07-31T00:00:00
CUST00129,Brenda Ramirez,1975-01-23,"657 Beverly Parkways, Lake Lori, CA 78081",grahamtamara@example.org,2017-08-07,batch_001,2026-07-31T00:00:00
CUST00130,Tammy Long,1961-06-05,"7431 Derek Trail Apt. 212, Owenschester, DE 70745",tami37@example.com,2021-01-07,batch_001,2026-07-31T00:00:00
CUST00131,Ann Aguirre,1973-02-09,"52135 Palmer Springs, Jorgeburgh, AK 53505",jhawkins@example.org,2021-02-01,batch_001,2026-07-31T00:00:00
CUST00132,Riley Martinez,1948-01-10,"36519 Lowery Club, North Jamesmouth, AS 17381",steinmaria@example.com,2024-06-10,batch_001,2026-07-31T00:00:00
CUST00133,Amber Glass,1949-12-01,"0662 Lewis Ferry Suite 472, New Christinebury, SD 39181",jjenkins@example.com,2017-04-22,batch_001,2026-07-31T00:00:00
CUST00134,Chad Gonzalez,1945-09-23,"806 Castillo Tunnel, Coopershire, NY 42654",bnelson@example.com,2018-01-27,batch_001,2026-07-31T00:00:00
CUST00135,Robert Campbell,1982-03-19,"593 Craig Shoals Apt. 480, New Meghan, AS 51412",savannah22@example.org,2020-04-21,batch_001,2026-07-31T00:00:00
CUST00136,Melissa Sloan,1981-11-25,"929 Mary Valleys Suite 842, Johnsonton, IN 79362",andrewwoods@example.com,2021-12-28,batch_001,2026-07-31T00:00:00
CUST00137,Gina Thompson,2004-01-16,"02921 Yu Landing Suite 915, Marcusburgh, VA 57762",lbanks@example.net,2020-01-03,batch_001,2026-07-31T00:00:00
CUST00138,Tanya Buchanan,2007-07-03,"4422 Stacy Ports, Rosalesshire, AZ 24366",samantha93@example.net,2026-02-21,batch_001,2026-07-31T00:00:00
CUST00139,Brenda Mcgee,1980-01-24,"15704 John Cliff Suite 410, South Samuelchester, GA 54767",wmacias@example.net,2018-05-08,batch_001,2026-07-31T00:00:00
CUST00140,Rachel Lane,1967-02-14,"71040 Green Cove, West Georgefurt, GA 96443",paynerachael@example.org,2018-04-22,batch_001,2026-07-31T00:00:00
CUST00141,Jessica Valdez,1964-07-29,"01533 Terry Stravenue Suite 443, North Philipside, MP 64850",briansmith@example.org,2024-10-16,batch_001,2026-07-31T00:00:00
CUST00142,Alexander Jackson,1961-08-15,"1467 Jacobson Greens, Lake Amyburgh, MN 50497",jacob04@example.com,2024-10-01,batch_001,2026-07-31T00:00:00
CUST00143,Derrick Brown,1973-03-24,"58693 Mary Viaduct, Sheppardfort, OK 31387",zevans@example.net,2021-01-22,batch_001,2026-07-31T00:00:00
CUST00144,Kellie Duncan,1943-12-10,"Unit 2172 Box 2332, DPO AE 55993",mcneilryan@example.net,2025-02-13,batch_001,2026-07-31T00:00:00
CUST00145,Nicholas Aguirre,1951-08-23,"548 Stark Bridge Suite 162, New Brianna, WV 13634",hartcraig@example.com,2020-12-19,batch_001,2026-07-31T00:00:00
CUST00146,Sherry Baker,2000-08-11,"24629 Williams Isle Apt. 074, Andrewport, ME 37246",rgarrison@example.org,2025-09-10,batch_001,2026-07-31T00:00:00
CUST00147,William Ramos,2007-10-04,"691 Scott View Suite 785, New Laceyland, ME 93505",htaylor@example.net,2020-06-16,batch_001,2026-07-31T00:00:00
CUST00148,Ross Hood,1943-07-20,"53457 Reid Crossing Apt. 357, Thompsonfort, OR 72765",max41@example.com,2019-07-15,batch_001,2026-07-31T00:00:00
CUST00149,Scott Chan,1943-06-13,"334 Palmer Way, South Rhondaburgh, PA 01610",johnnytrujillo@example.com,2023-02-27,batch_001,2026-07-31T00:00:00
CUST00150,James Bailey,1990-01-30,"8969 Adrian Shore Suite 899, Kennethville, NJ 08868",vanessa54@example.com,2021-04-07,batch_001,2026-07-31T00:00:00
CUST00151,Joseph Allen,1986-03-24,"520 Bright Green Suite 660, West Jessica, IN 90458",qknox@example.com,2021-08-30,batch_001,2026-07-31T00:00:00
CUST00152,Sara Walter,1976-02-07,"2482 Pena Forges, Jeffreyport, MT 43927",jorge47@example.org,2021-09-08,batch_001,2026-07-31T00:00:00
CUST00153,Lauren Blackburn,1973-08-07,"168 Gutierrez Ways, East Victoria, MA 54134",tthomas@example.org,2017-06-29,batch_001,2026-07-31T00:00:00
CUST00154,Mr. Christopher Walters,1994-08-02,"29271 Christina Roads Suite 667, Smithside, ID 96269",stephanie58@example.org,2017-12-15,batch_001,2026-07-31T00:00:00
CUST00155,Danielle Steele,1942-10-19,"68942 Madison Hills, Stephenhaven, PA 69198",ryan25@example.com,2016-08-25,batch_001,2026-07-31T00:00:00
CUST00156,Terry Burnett,1966-01-09,"230 David Station, South Nancyview, WI 70589",wheelerbrandon@example.org,2019-10-14,batch_001,2026-07-31T00:00:00
CUST00157,Brian Wallace,1986-01-20,"2304 Stanley Shore Suite 992, Rivasville, NY 94711",campbellkristen@example.com,2016-11-30,batch_001,2026-07-31T00:00:00
CUST00158,Sandra Dudley,1955-02-05,"2087 Haley Orchard Suite 300, North Maryfort, FL 12308",cummingscraig@example.com,2019-12-24,batch_001,2026-07-31T00:00:00
CUST00159,William Baker,1985-06-05,"45561 Melissa Cape, Port Devonburgh, MA 47362",rfriedman@example.net,2020-07-06,batch_001,2026-07-31T00:00:00
CUST00160,Catherine Morales,1947-11-27,"USNV Houston, FPO AP 63185",zbanks@example.org,2022-12-02,batch_001,2026-07-31T00:00:00
CUST00161,Amy Dunlap,1949-04-09,"797 Cheryl Tunnel Suite 902, Knappville, FM 54408",qwilliams@example.net,2018-11-01,batch_001,2026-07-31T00:00:00
CUST00162,Megan Saunders,1962-12-18,"588 Ryan Stream, South Michael, TX 84571",jhernandez@example.net,2016-10-15,batch_001,2026-07-31T00:00:00
CUST00163,Brooke Allison,1945-04-17,"75354 William Plaza, Powellbury, CO 60675",csolis@example.org,2016-10-11,batch_001,2026-07-31T00:00:00
CUST00164,Bryan Jimenez,1999-11-14,"6088 Margaret Turnpike, Pamelaside, IL 86300",xclements@example.org,2025-01-22,batch_001,2026-07-31T00:00:00
CUST00165,Evelyn Saunders,1997-02-23,"711 Aaron Knoll Suite 885, North Pennyfort, DC 94460",nrodriguez@example.org,2020-05-16,batch_001,2026-07-31T00:00:00
CUST00166,Jenna Bryant,1954-05-05,"60917 Barrett Parkways Apt. 708, New Savannahshire, NJ 67129",heatherthompson@example.org,2018-08-20,batch_001,2026-07-31T00:00:00
CUST00167,Lisa Morris,1948-08-16,"346 Waller Mission Apt. 269, Meganside, VI 41645",jamesweber@example.com,2023-03-04,batch_001,2026-07-31T00:00:00
CUST00168,Brandi Page,1988-04-20,"Unit 2885 Box 1587, DPO AP 75295",icraig@example.com,2022-06-15,batch_001,2026-07-31T00:00:00
CUST00169,Kelly Johnson,2001-04-16,"42442 Hannah Hill, Port Amber, MI 59823",jensenemma@example.net,2023-10-07,batch_001,2026-07-31T00:00:00
CUST00170,Kristina Young,2000-06-06,"066 Frye Spur Suite 800, Jamesmouth, MP 30064",kari89@example.org,2020-05-24,batch_001,2026-07-31T00:00:00
CUST00171,Christopher Fleming,1994-05-25,"816 Roy Point, Davidshire, PR 33926",riverajenna@example.org,2019-11-15,batch_001,2026-07-31T00:00:00
CUST00172,Linda Ayala,1944-04-18,"9851 Fox Ferry Apt. 826, Davisbury, FM 28465",mark43@example.net,2019-03-13,batch_001,2026-07-31T00:00:00
CUST00173,Samantha Zavala MD,1977-09-05,"99305 Moon Crescent Suite 484, New Lynnstad, NY 67181",stucker@example.net,2024-08-28,batch_001,2026-07-31T00:00:00
CUST00174,Tiffany Jackson,1954-09-05,"USS Sims, FPO AE 88363",michellecoleman@example.org,2022-01-11,batch_001,2026-07-31T00:00:00
CUST00175,Sherry Figueroa,1955-07-27,"207 Johnson Cliffs, East Lauraside, CA 75862",rhondarussell@example.com,2025-09-23,batch_001,2026-07-31T00:00:00
CUST00176,Alan Nunez,1984-06-19,"901 Reilly Coves, Kristinport, PA 11839",kathy76@example.com,2023-06-18,batch_001,2026-07-31T00:00:00
CUST00177,Joseph Taylor,1997-07-10,"245 Angela Point Apt. 100, Medinaland, ME 28033",jason82@example.org,2017-02-07,batch_001,2026-07-31T00:00:00
CUST00178,Dawn Wilson,1954-02-05,"781 Powers Glen, East Jessicafort, MA 47311",emilyyoung@example.com,2020-05-02,batch_001,2026-07-31T00:00:00
CUST00179,Emily Hayes,1983-09-27,"929 Aguirre Meadow Apt. 053, Lake Jodi, NE 36765",dennis57@example.com,2017-10-07,batch_001,2026-07-31T00:00:00
CUST00180,Katelyn Rodriguez,1971-11-20,"2834 Jessica Brook, Port Bonniefurt, WI 77838",rebeccaarnold@example.net,2022-09-07,batch_001,2026-07-31T00:00:00
CUST00181,Reginald Diaz,2002-06-01,"78816 Shaw Shore Apt. 928, South Erik, OK 74663",jillwebb@example.com,2025-10-05,batch_001,2026-07-31T00:00:00
CUST00182,Crystal Baker,1944-04-30,"567 Keith Canyon, Dakotahaven, SC 36348",beth92@example.com,2020-04-20,batch_001,2026-07-31T00:00:00
CUST00183,Matthew Houston,1986-01-23,"86557 Eaton Avenue Apt. 723, New Dawnborough, FL 24999",michaellove@example.org,2023-01-08,batch_001,2026-07-31T00:00:00
CUST00184,Gary Wilson,1986-07-26,"92603 David Ramp Apt. 280, North Gabriel, HI 68218",kgreene@example.net,2020-07-01,batch_001,2026-07-31T00:00:00
CUST00185,Claire Obrien,1942-11-05,"36929 Cindy Pass Suite 257, East Nicholasberg, CT 02671",alexandrablankenship@example.net,2021-05-27,batch_001,2026-07-31T00:00:00
CUST00186,Cassandra Valenzuela,1970-02-23,"72980 Boyd Land, Lake Alyssabury, AS 63693",zbell@example.net,2019-02-15,batch_001,2026-07-31T00:00:00
CUST00187,Cesar Woods,2003-05-11,"9864 Adam Summit, New Alexandrahaven, AL 49656",gwendolynstewart@example.com,2026-05-19,batch_001,2026-07-31T00:00:00
CUST00188,Kevin Green,1948-10-30,"463 Arnold Point Suite 258, Kingport, OK 45636",qfitzgerald@example.org,2019-03-19,batch_001,2026-07-31T00:00:00
CUST00189,Michael Martin,1992-06-20,"8902 Oconnell Avenue Apt. 279, Davisview, IN 49107",lynchjenny@example.com,2020-06-27,batch_001,2026-07-31T00:00:00
CUST00190,Victor Brown,1983-05-12,"770 Melissa Unions, Jameshaven, NC 92048",christinacraig@example.com,2025-06-11,batch_001,2026-07-31T00:00:00
CUST00191,Angie Hill,1957-11-10,"9380 Samantha Plaza Suite 895, Sylviaview, IN 79978",shawnpowell@example.org,2016-08-01,batch_001,2026-07-31T00:00:00
CUST00192,Brian Jones,1959-05-07,"489 Benson Lane, Carrillomouth, WI 60643",bmosley@example.com,2019-07-23,batch_001,2026-07-31T00:00:00
CUST00193,Mark Gamble,1949-06-28,"6588 Jaclyn Greens, West Christopher, TX 98646",charles27@example.com,2020-12-19,batch_001,2026-07-31T00:00:00
CUST00194,Debra Valentine,1965-08-21,"3334 Jermaine Village, Port Christine, FL 14484",moraemma@example.net,2020-04-19,batch_001,2026-07-31T00:00:00
CUST00195,Kimberly Williams,1975-02-08,"9472 Sanders Terrace Apt. 086, Ayerston, NY 46020",xdalton@example.org,2016-09-10,batch_001,2026-07-31T00:00:00
CUST00196,Julia Norris,1972-09-09,"9155 Lopez Greens, West Thomas, RI 45471",ivan63@example.com,2018-08-17,batch_001,2026-07-31T00:00:00
CUST00197,James Hayes,1989-04-06,"43866 Dustin Streets, South Linda, HI 55750",otaylor@example.net,2022-11-30,batch_001,2026-07-31T00:00:00
CUST00198,Elizabeth Hart,1977-12-01,"20347 Shannon Isle Suite 558, Mauricechester, DE 46519",barbarasantos@example.net,2021-12-13,batch_001,2026-07-31T00:00:00
CUST00199,Michael Freeman,1953-06-15,"9472 Danielle Junction, Welchshire, MO 09852",martinjeremy@example.com,2021-06-03,batch_001,2026-07-31T00:00:00
CUST00200,Lisa Foster,1986-01-06,"987 Jackson Walk Apt. 234, East Garrettville, CT 08862",bkelley@example.com,2021-07-15,batch_001,2026-07-31T00:00:00
CUST00201,Luke Miller,1977-03-27,"USCGC Parker, FPO AE 97178",scott22@example.net,2017-12-30,batch_001,2026-07-31T00:00:00
CUST00202,Matthew Dalton,1998-08-22,"8487 Tara Square Apt. 997, Millsside, ME 46005",zfernandez@example.org,2019-06-26,batch_001,2026-07-31T00:00:00
CUST00203,David Torres,1971-08-25,"4780 Arroyo Neck, Albertchester, AS 38894",laurakelley@example.org,2021-10-26,batch_001,2026-07-31T00:00:00
CUST00204,David Espinoza,1969-08-06,"41638 Mitchell Summit Suite 631, East Keith, SC 60183",nnelson@example.com,2026-02-12,batch_001,2026-07-31T00:00:00
CUST00205,Anthony Nichols,1954-05-11,"4270 Christopher Bridge, Robinsonchester, ME 65826",steven05@example.org,2022-01-13,batch_001,2026-07-31T00:00:00
CUST00206,Reginald Jones,1998-12-25,"6013 Wise Mills, Lake Virginia, ID 60903",boydtina@example.com,2019-01-24,batch_001,2026-07-31T00:00:00
CUST00207,Caitlin Chandler,1968-01-22,"7435 Michelle Forge, East Cynthiamouth, AL 22437",brenda63@example.org,2021-11-21,batch_001,2026-07-31T00:00:00
CUST00208,Melissa Barker,2007-07-05,"27195 Brian Rue, Lake Amanda, CT 16993",jhall@example.net,2017-04-17,batch_001,2026-07-31T00:00:00
CUST00209,Jessica Lee,1993-01-26,"240 Mann Points Suite 873, New Michael, VA 61894",mikayla98@example.org,2022-06-28,batch_001,2026-07-31T00:00:00
CUST00210,Edward Baker,1946-04-07,"862 Christine Lakes, West Jennifer, TN 71143",rlee@example.com,2025-08-13,batch_001,2026-07-31T00:00:00
CUST00211,Douglas Ortiz,1993-09-08,"102 Morgan Flats, South Jameston, OK 84616",hbarrett@example.net,2025-12-17,batch_001,2026-07-31T00:00:00
CUST00212,Daniel Robbins,1989-04-21,"717 Michael Summit, Shortton, GU 81363",allison14@example.org,2020-12-07,batch_001,2026-07-31T00:00:00
CUST00213,Anne Hardy,2005-11-10,"83928 Reese Trafficway, Emilychester, FM 14145",laurapierce@example.net,2020-04-02,batch_001,2026-07-31T00:00:00
CUST00214,Lindsay Mahoney,1964-07-18,"PSC 8556, Box 6593, APO AP 72017",nicholaspierce@example.net,2019-04-09,batch_001,2026-07-31T00:00:00
CUST00215,Jillian Sanders,1958-11-14,"082 Smith Forges Apt. 504, North Benjamin, MI 20962",josephpreston@example.org,2022-09-15,batch_001,2026-07-31T00:00:00
CUST00216,Anna Ross,1957-06-07,"PSC 1572, Box 7919, APO AP 39874",crossbarbara@example.org,2020-12-09,batch_001,2026-07-31T00:00:00
CUST00217,Felicia Hobbs,1994-09-01,"90604 Luis Port, West Wayne, IN 20580",nunezwendy@example.com,2017-07-13,batch_001,2026-07-31T00:00:00
CUST00218,Courtney Roberts,1992-10-22,"1790 Baker Locks, Ayalaberg, WV 18178",fhansen@example.com,2026-05-14,batch_001,2026-07-31T00:00:00
CUST00219,Luis Fitzgerald,1985-12-18,"6591 Emily Manors, Michaelmouth, MI 78341",carrillogary@example.com,2026-04-20,batch_001,2026-07-31T00:00:00
CUST00220,Jessica Glass,1983-07-07,"11039 Misty Viaduct Suite 051, Shannontown, MA 27896",jamesmills@example.com,2024-02-07,batch_001,2026-07-31T00:00:00
CUST00221,Wendy Neal,1978-12-04,"804 Brian Flats Suite 070, South Donnastad, VI 14642",carternicole@example.com,2024-10-18,batch_001,2026-07-31T00:00:00
CUST00222,Michelle Mckee,1957-04-23,"38780 John Pines, Matthewfurt, WA 21079",reedmichael@example.net,2023-01-21,batch_001,2026-07-31T00:00:00
CUST00223,Veronica Hill MD,1962-02-25,"84325 Sandoval Corners Suite 893, Allenberg, NE 41445",shane23@example.net,2020-08-06,batch_001,2026-07-31T00:00:00
CUST00224,Rebecca Huffman,1951-01-04,"2925 Angela Stravenue, East Lonnieberg, VA 04365",nicole66@example.com,2026-06-19,batch_001,2026-07-31T00:00:00
CUST00225,Cole Anderson,1971-09-22,"993 Jerry Burg Suite 172, Josephstad, HI 51286",kwells@example.org,2021-03-28,batch_001,2026-07-31T00:00:00
CUST00226,Wayne Schaefer,1956-12-22,"USNS Newton, FPO AE 99824",carlho@example.com,2017-02-16,batch_001,2026-07-31T00:00:00
CUST00227,Sharon Clay,2000-08-02,"656 Abigail Mission, Wilcoxton, FM 32708",cterrell@example.net,2024-11-30,batch_001,2026-07-31T00:00:00
CUST00228,Tonya Lee,1967-12-10,"7264 Hannah Divide Suite 718, East Kimberlyside, DC 52021",bmorris@example.org,2025-05-12,batch_001,2026-07-31T00:00:00
CUST00229,Ann Nguyen,1972-06-14,"111 Walters Corner, Acostahaven, RI 21459",cpierce@example.org,2020-01-06,batch_001,2026-07-31T00:00:00
CUST00230,Mary Hernandez,2003-08-29,"064 Cross Mission, Courtneyville, MH 17746",adamcannon@example.org,2022-04-13,batch_001,2026-07-31T00:00:00
CUST00231,Kimberly Smith,1972-10-15,"97767 Carolyn Avenue, New Joshua, SC 73580",brandonhernandez@example.net,2025-01-17,batch_001,2026-07-31T00:00:00
CUST00232,Andrew Lane,1965-04-30,"01622 Carr Square Apt. 795, North Kaylamouth, MN 50169",changmegan@example.org,2017-03-16,batch_001,2026-07-31T00:00:00
CUST00233,Michael Hill,1961-07-04,"390 Ashley Roads, South Jenniferport, NE 80303",jordan99@example.com,2024-08-03,batch_001,2026-07-31T00:00:00
CUST00234,Kathleen Daniel,2004-09-01,"343 David Mountain, Lake Melaniechester, MT 06463",michael30@example.net,2018-10-15,batch_001,2026-07-31T00:00:00
CUST00235,Barry Evans,1955-04-09,"55699 Marilyn Fields, Marthafort, PW 62694",brewertimothy@example.net,2021-05-15,batch_001,2026-07-31T00:00:00
CUST00236,Julia Olsen,1972-12-03,"PSC 0849, Box 5880, APO AE 76181",lauren51@example.org,2025-09-18,batch_001,2026-07-31T00:00:00
CUST00237,James Ferguson,1960-08-30,"91450 Gutierrez Parks Apt. 574, New Kevin, DE 49550",stricklandrobin@example.com,2017-02-09,batch_001,2026-07-31T00:00:00
CUST00238,Susan Moore,1976-01-05,"845 Kayla Courts Apt. 307, Reeveshaven, DE 01039",sarah91@example.com,2017-01-01,batch_001,2026-07-31T00:00:00
CUST00239,Ralph Reese,1973-05-08,"353 Justin Place Suite 714, East Joshua, AL 82151",clarkmichael@example.com,2017-05-13,batch_001,2026-07-31T00:00:00
CUST00240,Regina Andrews,1960-01-09,"587 David Mountains Apt. 160, South Philipshire, SC 90957",tjensen@example.com,2018-12-27,batch_001,2026-07-31T00:00:00
CUST00241,Megan Ferguson,1997-03-16,"Unit 7921 Box 7174, DPO AP 84966",oruiz@example.org,2019-12-14,batch_001,2026-07-31T00:00:00
CUST00242,Jenna Lyons,2000-03-05,"7017 Michael Mountain Apt. 459, New Dakota, GU 94122",nguyendebra@example.com,2020-12-20,batch_001,2026-07-31T00:00:00
CUST00243,Jason Oliver,1977-10-31,"1539 Mueller Mews Suite 832, Lake Sarahshire, MP 64284",vargassteven@example.net,2024-06-03,batch_001,2026-07-31T00:00:00
CUST00244,Tyler Jones,1948-03-22,"7013 Paige Throughway Apt. 227, Petershire, NV 26147",erinstewart@example.net,2024-02-26,batch_001,2026-07-31T00:00:00
CUST00245,Taylor Robbins,1995-08-20,"PSC 1909, Box 8624, APO AE 48895",smithann@example.com,2021-10-05,batch_001,2026-07-31T00:00:00
CUST00246,Cynthia Park,1949-01-16,"666 Gardner Shore Apt. 723, Bridgesstad, MP 55188",keithsalas@example.org,2021-05-19,batch_001,2026-07-31T00:00:00
CUST00247,Alan Griffith,1950-09-19,"12679 Hanson Motorway Suite 876, Jeremiahchester, PA 01474",pbradford@example.net,2016-10-11,batch_001,2026-07-31T00:00:00
CUST00248,Joshua Richardson,1975-09-21,"Unit 9751 Box 9712, DPO AP 96353",steven18@example.net,2021-02-28,batch_001,2026-07-31T00:00:00
CUST00249,Patrick Horne,1947-08-07,"058 Taylor Passage Suite 956, Susanport, LA 22456",nealcarla@example.com,2020-10-01,batch_001,2026-07-31T00:00:00
CUST00250,Mark Lane,1991-01-18,"904 Miller Parkways Apt. 442, Joshuaview, AL 97681",munozrenee@example.net,2026-03-03,batch_001,2026-07-31T00:00:00
CUST00251,Christopher Patton,1951-11-12,"051 Caitlin View, Port Tyler, MT 50723",donnabarber@example.org,2024-03-06,batch_001,2026-07-31T00:00:00
CUST00252,Haley May,1955-12-05,"27674 Reese Terrace, South Frances, MS 62706",dustin60@example.com,2026-05-30,batch_001,2026-07-31T00:00:00
CUST00253,Ethan Moreno,2004-09-04,"USS Hardin, FPO AP 46877",pbishop@example.com,2024-03-19,batch_001,2026-07-31T00:00:00
CUST00254,Brett Pena,1964-05-16,"938 Byrd Falls, Amytown, MP 09407",jenkinsalicia@example.net,2021-03-06,batch_001,2026-07-31T00:00:00
CUST00255,Douglas Lee,1971-12-04,"93911 Melissa Curve, Douglasshire, AS 24718",dominguezjon@example.com,2022-07-24,batch_001,2026-07-31T00:00:00
CUST00256,Tammy Hill,1986-07-11,"2140 Price Circle Suite 427, South Tiffanyborough, RI 51964",debbierodriguez@example.net,2017-11-13,batch_001,2026-07-31T00:00:00
CUST00257,Mason Gaines,1993-11-21,"11947 Peggy Drive, North Elizabethview, FL 92258",rebecca90@example.net,2023-12-01,batch_001,2026-07-31T00:00:00
CUST00258,Jared Luna,1989-09-24,"306 Martinez Plain, Mathewport, MO 07735",diazmelissa@example.com,2024-12-04,batch_001,2026-07-31T00:00:00
CUST00259,Donna Harris,1947-01-20,"346 Crystal Knolls Suite 173, North James, VA 78219",tracybrown@example.net,2024-05-26,batch_001,2026-07-31T00:00:00
CUST00260,Dr. Robert Levy Jr.,1985-05-12,"061 Lindsay Shores Suite 829, North Benjamin, FL 64581",ruizsamantha@example.org,2021-10-25,batch_001,2026-07-31T00:00:00
CUST00261,Mark Conway,1958-02-03,"9291 Danny Ranch, North Linda, NE 44717",rnguyen@example.net,2018-10-20,batch_001,2026-07-31T00:00:00
CUST00262,Vincent Lewis,1978-09-23,"1142 Jackson Land, South John, OR 05835",craigboone@example.net,2018-12-01,batch_001,2026-07-31T00:00:00
CUST00263,John Smith,1967-03-05,"946 Schwartz Ford, Lake Joseph, NV 54506",sharonbishop@example.org,2019-04-07,batch_001,2026-07-31T00:00:00
CUST00264,Lisa Miller,1982-02-26,"6083 David Pines Apt. 958, South Kaylee, TN 27778",brian12@example.net,2019-08-23,batch_001,2026-07-31T00:00:00
CUST00265,Christopher Livingston Jr.,1998-12-31,"4597 Dan Center, East Kristen, NM 67990",jonesjoe@example.com,2024-08-25,batch_001,2026-07-31T00:00:00
CUST00266,Cristian Rhodes,1981-11-29,"3136 Nicholas Forges, South Brendaton, FM 57630",javierlynch@example.org,2026-06-11,batch_001,2026-07-31T00:00:00
CUST00267,Nathan Chen,1967-12-08,"Unit 3520 Box 9042, DPO AE 61519",wbarnes@example.com,2022-12-07,batch_001,2026-07-31T00:00:00
CUST00268,Rachel Little,1956-07-16,"831 Vincent Overpass, New Thomas, NH 37092",blairjill@example.org,2021-08-08,batch_001,2026-07-31T00:00:00
CUST00269,Daniel Pennington,1958-06-11,"USS Butler, FPO AE 05751",gquinn@example.org,2022-02-23,batch_001,2026-07-31T00:00:00
CUST00270,Robert Horton,1970-07-19,"18063 Michael Garden Apt. 074, Lake Stephen, OK 98449",braysteven@example.org,2025-08-13,batch_001,2026-07-31T00:00:00
CUST00271,Seth Sims,2001-01-25,"165 Kenneth Terrace, Helenside, OK 27652",olivermatthew@example.org,2023-06-23,batch_001,2026-07-31T00:00:00
CUST00272,Ashley Diaz,1976-08-09,"2818 Devon Isle Apt. 817, Port Julie, IN 42504",rachael86@example.com,2022-10-09,batch_001,2026-07-31T00:00:00
CUST00273,Jesse Mason,1945-04-14,"884 Oliver Union Apt. 371, South Rachaelport, CA 14835",joshuaterry@example.com,2017-08-28,batch_001,2026-07-31T00:00:00
CUST00274,Lori Carter,1951-10-27,"Unit 8275 Box 6704, DPO AE 08751",wigginsjesse@example.net,2020-01-21,batch_001,2026-07-31T00:00:00
CUST00275,Grant Lucas,1985-06-13,"4924 Kristina Forks Suite 540, West Justin, GA 81586",jennifermitchell@example.org,2022-04-18,batch_001,2026-07-31T00:00:00
CUST00276,Bruce Chaney,1998-09-11,"5238 Elizabeth Key Apt. 578, New Kevin, PW 03767",xvelazquez@example.org,2019-03-11,batch_001,2026-07-31T00:00:00
CUST00277,Brittney Cordova,2006-01-28,"474 Lauren Stream Suite 517, East Ericaville, ME 03751",owilliamson@example.com,2024-05-16,batch_001,2026-07-31T00:00:00
CUST00278,Lee Lee,1965-11-24,"01871 Lee Island Apt. 562, Woodstad, AL 37810",michael78@example.org,2018-02-25,batch_001,2026-07-31T00:00:00
CUST00279,Jennifer Ramos,1956-04-03,"629 Douglas Hollow Suite 851, Davischester, SC 36326",dthompson@example.net,2024-02-20,batch_001,2026-07-31T00:00:00
CUST00280,Ronnie Roberts,1980-03-23,"478 Walker Turnpike Apt. 244, Martinezport, MT 24011",pknox@example.org,2018-11-28,batch_001,2026-07-31T00:00:00
CUST00281,Katherine Arellano,1943-07-07,"796 Burton Mountains Apt. 589, Port Jordanshire, AR 19655",steven25@example.org,2018-08-11,batch_001,2026-07-31T00:00:00
CUST00282,Mark Friedman,1945-03-06,"183 Kathy Rapid Apt. 855, Josephstad, CT 70548",madeline02@example.net,2021-03-21,batch_001,2026-07-31T00:00:00
CUST00283,Jennifer Mccall,1960-09-23,"83389 Robert Club, Port Davidtown, NJ 46141",hannah27@example.net,2022-12-04,batch_001,2026-07-31T00:00:00
CUST00284,Eric Garner,1977-03-06,"234 Jason Common, Vazquezville, CA 02965",ctodd@example.org,2022-05-26,batch_001,2026-07-31T00:00:00
CUST00285,Kayla Brown,1948-11-30,"14011 Briana Flats Apt. 501, Port Julie, KY 76490",michael89@example.org,2017-02-19,batch_001,2026-07-31T00:00:00
CUST00286,Robert Hines,1975-12-09,"2801 Samantha Vista, Richardsonshire, HI 58128",whitemichael@example.com,2026-04-13,batch_001,2026-07-31T00:00:00
CUST00287,Jennifer Juarez,1970-06-09,"82754 Christopher Park Apt. 647, Gloriamouth, IN 73103",broberts@example.org,2020-03-23,batch_001,2026-07-31T00:00:00
CUST00288,Rebekah Crosby,1999-11-19,"716 Mills Springs, North Douglasfurt, UT 77906",figueroapatricia@example.org,2017-10-06,batch_001,2026-07-31T00:00:00
CUST00289,Gina Larson,1945-12-25,"Unit 1367 Box 4994, DPO AP 52960",thomas96@example.com,2022-10-08,batch_001,2026-07-31T00:00:00
CUST00290,Jesse Martinez,1976-05-19,"201 Maria Parks, East Patrickmouth, FL 40183",wolfdonna@example.net,2021-04-28,batch_001,2026-07-31T00:00:00
CUST00291,Christina Bates,1993-10-24,"588 Stephanie Bypass Suite 167, Melissamouth, NH 05217",thompsondonna@example.com,2024-12-14,batch_001,2026-07-31T00:00:00
CUST00292,Chad Baldwin MD,2001-10-13,"889 Alvarez Walk Apt. 806, Troyfurt, RI 89169",katie45@example.org,2019-05-16,batch_001,2026-07-31T00:00:00
CUST00293,Jacob Pacheco,1943-06-30,"1655 Bell Shore Apt. 334, Lake Cameronport, DE 44750",andrewnguyen@example.com,2017-05-07,batch_001,2026-07-31T00:00:00
CUST00294,Stephanie Adams,1986-05-04,"6965 Lindsey Courts, West Tyler, AS 87976",garrett45@example.com,2023-10-08,batch_001,2026-07-31T00:00:00
CUST00295,Valerie Jones,1955-04-23,"4049 Ballard Road, Lake Meganville, OR 44651",carlos87@example.com,2025-01-12,batch_001,2026-07-31T00:00:00
CUST00296,Marisa Turner,1955-11-07,"853 Morales Road Suite 820, New Victor, TN 97783",oadams@example.net,2022-06-28,batch_001,2026-07-31T00:00:00
CUST00297,Molly Brown,1996-08-17,"32466 Dalton Circles Apt. 644, West Gloria, IA 53698",daniellee@example.org,2023-12-17,batch_001,2026-07-31T00:00:00
CUST00298,Justin Graham,1995-10-26,"24204 Hopkins Fall, Lake Toddtown, AR 11501",carolyn16@example.com,2021-11-11,batch_001,2026-07-31T00:00:00
CUST00299,Ryan Cameron,1987-04-15,"984 Wilkerson Freeway, Port Lindsaymouth, MP 77089",vshaffer@example.org,2018-02-12,batch_001,2026-07-31T00:00:00
CUST00300,Brian Lewis,2005-03-28,"9078 Lyons Creek Suite 867, West Natasha, FL 48079",tbaldwin@example.org,2023-10-10,batch_001,2026-07-31T00:00:00
CUST00301,Mary Everett,1985-07-01,"8645 Amanda Freeway, Pricefurt, PW 33994",christopher34@example.org,2017-03-04,batch_001,2026-07-31T00:00:00
CUST00302,Lynn Suarez,2000-01-23,"41776 Love Wells Apt. 248, West Robertside, WA 43331",wneal@example.org,2019-04-22,batch_001,2026-07-31T00:00:00
CUST00303,Rachel Taylor,1985-03-23,"9112 Zachary Trafficway Apt. 965, Mendozaberg, KS 23239",lauren31@example.com,2019-09-15,batch_001,2026-07-31T00:00:00
CUST00304,James Davenport,1966-08-05,"89317 Jose Walk, North Richard, NE 79195",edward52@example.net,2019-09-04,batch_001,2026-07-31T00:00:00
CUST00305,Jessica Mora,1949-07-25,"33344 Reyes Meadows Apt. 934, South Henry, WY 19630",robertsjose@example.net,2016-10-26,batch_001,2026-07-31T00:00:00
CUST00306,Michael Ellis,1972-04-08,"6366 Jones Point, North Marvinbury, NJ 46940",smithwilliam@example.com,2020-10-20,batch_001,2026-07-31T00:00:00
CUST00307,Brandi Mcclain,1962-03-01,"2875 Anderson Island, Thomasville, MD 06289",victormcpherson@example.com,2023-04-18,batch_001,2026-07-31T00:00:00
CUST00308,Diane Mcdowell,1992-06-20,"562 Doyle Overpass Apt. 870, East Brian, HI 05201",tgreen@example.com,2022-09-18,batch_001,2026-07-31T00:00:00
CUST00309,Tammy Williams MD,1971-04-12,"7121 Davis Ways Suite 228, Annashire, IL 76987",foxashley@example.com,2018-07-21,batch_001,2026-07-31T00:00:00
CUST00310,Jonathan Davis,2004-03-18,"165 Mary Drives Apt. 177, Fullerview, PA 86747",riverabradley@example.net,2017-11-20,batch_001,2026-07-31T00:00:00
CUST00311,Nicholas Navarro,2006-04-15,"USNS Lewis, FPO AE 84864",marcus01@example.net,2024-04-15,batch_001,2026-07-31T00:00:00
CUST00312,David Allen,2006-05-10,"03266 Holland Shoal Apt. 147, Fitzgeraldport, MH 90280",michaeldavis@example.com,2023-01-25,batch_001,2026-07-31T00:00:00
CUST00313,Stephen Alvarez MD,1976-06-19,"9266 Billy Junctions Suite 327, West Taylorland, PW 63102",edgar24@example.org,2019-12-24,batch_001,2026-07-31T00:00:00
CUST00314,Anthony Jones,1977-03-05,"661 Guerrero Port, Michaelshire, CO 66488",wilsondorothy@example.org,2023-11-09,batch_001,2026-07-31T00:00:00
CUST00315,Amber Butler,1995-01-29,"779 Peterson Well Apt. 321, Monicaville, NE 70542",smithdarryl@example.org,2019-09-06,batch_001,2026-07-31T00:00:00
CUST00316,Jared Sandoval,1986-03-17,"9956 Miller Dale Apt. 310, Port Anthony, NJ 85517",debragraham@example.net,2024-09-11,batch_001,2026-07-31T00:00:00
CUST00317,Eric Ford,1999-12-24,"22777 Michelle Prairie, East Kenneth, MP 51846",cookcurtis@example.net,2025-09-28,batch_001,2026-07-31T00:00:00
CUST00318,Nancy Larson,1970-12-18,"76789 Hall Circle Apt. 695, West Patriciachester, FM 62542",simpsonsheila@example.com,2023-08-26,batch_001,2026-07-31T00:00:00
CUST00319,Dwayne Lee,1972-02-02,"395 Anderson Hill, Moyerstad, WY 62409",christycampbell@example.net,2024-01-01,batch_001,2026-07-31T00:00:00
CUST00320,Curtis Obrien,1947-06-12,"4338 Yvette Knolls Suite 522, Port Brycechester, DE 81446",davidwalker@example.com,2024-10-17,batch_001,2026-07-31T00:00:00
CUST00321,Patricia Hawkins,1964-09-26,"PSC 8910, Box 7711, APO AP 80409",colonbobby@example.org,2022-08-16,batch_001,2026-07-31T00:00:00
CUST00322,Susan Moore,1952-12-11,"712 Cook Dam Apt. 376, East Maryfort, MA 38086",christopherwatson@example.com,2018-08-03,batch_001,2026-07-31T00:00:00
CUST00323,Paul Fisher,1966-02-13,"6785 Scott Trail Apt. 811, Leroyburgh, NE 08557",qmalone@example.net,2020-10-03,batch_001,2026-07-31T00:00:00
CUST00324,Mark Reeves,1951-11-07,"6845 Smith Harbors Apt. 673, Terryfurt, WI 26360",christopher85@example.com,2026-05-10,batch_001,2026-07-31T00:00:00
CUST00325,Kimberly Lewis,1990-12-03,"520 Pamela Plains Suite 346, Lake Brianstad, KS 82681",david17@example.com,2018-09-21,batch_001,2026-07-31T00:00:00
CUST00326,William Trujillo,1980-07-13,"Unit 9893 Box 5449, DPO AP 18847",pstone@example.org,2016-09-01,batch_001,2026-07-31T00:00:00
CUST00327,Samantha Ward,1963-11-21,"1106 Thomas Mission Apt. 586, Wigginsshire, NM 83923",sbarajas@example.com,2025-05-14,batch_001,2026-07-31T00:00:00
CUST00328,Brianna Martinez,1991-05-16,"881 Stanley Bypass, New Mike, DE 79353",xrodriguez@example.net,2023-09-03,batch_001,2026-07-31T00:00:00
CUST00329,Autumn Torres,1961-04-14,"0229 Williams Inlet Suite 327, North Amyland, VI 06357",tolson@example.net,2017-04-07,batch_001,2026-07-31T00:00:00
CUST00330,Karen Cortez,1972-05-12,"777 Michelle Islands, Port Colleenchester, MS 31017",cmorgan@example.net,2022-04-30,batch_001,2026-07-31T00:00:00
CUST00331,Maria Cline,2002-02-23,"181 Stephanie Plains Apt. 983, Shawtown, DE 86779",suzannehill@example.org,2024-02-13,batch_001,2026-07-31T00:00:00
CUST00332,Robert Lawson,1958-04-09,"0562 Johnson Pines, Patrickland, DE 13520",justinwhite@example.org,2026-06-10,batch_001,2026-07-31T00:00:00
CUST00333,Meghan Brown,1952-01-28,"USNS Johnson, FPO AE 39563",jgarcia@example.com,2021-10-19,batch_001,2026-07-31T00:00:00
CUST00334,Todd Lam,2002-05-07,"937 Avery Grove, West Stevenchester, CA 63962",russelljesus@example.org,2022-02-04,batch_001,2026-07-31T00:00:00
CUST00335,Megan Sanchez,1959-11-23,"9671 Krista Divide, Amberburgh, WY 32634",jali@example.com,2026-01-02,batch_001,2026-07-31T00:00:00
CUST00336,Tonya Oliver,1944-06-03,"07494 Kidd Ville, New Mary, LA 06462",jocelynhart@example.com,2016-08-06,batch_001,2026-07-31T00:00:00
CUST00337,Sandra Hardy,1947-09-07,"Unit 6398 Box 5547, DPO AA 32735",matthew79@example.com,2023-04-22,batch_001,2026-07-31T00:00:00
CUST00338,April Alvarez,1942-08-29,"PSC 2687, Box 6811, APO AP 04557",wchambers@example.com,2018-11-08,batch_001,2026-07-31T00:00:00
CUST00339,Ryan Cain,1997-11-20,"Unit 1753 Box 7030, DPO AA 89702",james94@example.net,2022-09-02,batch_001,2026-07-31T00:00:00
CUST00340,Tracy Johnson,1956-08-17,"36149 Jackson Fields, North Brianna, WA 09027",jordanhudson@example.org,2020-07-25,batch_001,2026-07-31T00:00:00
CUST00341,Denise Abbott,2001-07-13,"870 Davidson Run Apt. 566, Davidhaven, NH 65456",zachary03@example.org,2025-06-24,batch_001,2026-07-31T00:00:00
CUST00342,Emily Myers,1960-06-28,"361 James Isle, Bryanville, AK 63411",lmorton@example.net,2023-09-23,batch_001,2026-07-31T00:00:00
CUST00343,Danielle Wells,2005-03-18,"USS Underwood, FPO AP 31531",parsonschristine@example.org,2022-04-08,batch_001,2026-07-31T00:00:00
CUST00344,Angela Brown,1984-02-19,"120 Brown Ridge Suite 110, West Melissafurt, CT 81412",mhall@example.net,2024-03-05,batch_001,2026-07-31T00:00:00
CUST00345,John Patterson,1984-01-16,"0785 Daniel Bridge, New Kristineborough, MH 75633",danascott@example.com,2016-10-04,batch_001,2026-07-31T00:00:00
CUST00346,Chad Williams,1974-05-04,"549 Dylan Inlet Suite 450, North John, GU 73829",hendersonjames@example.org,2024-02-22,batch_001,2026-07-31T00:00:00
CUST00347,Gloria Contreras,1985-03-03,"599 Jensen Manor Suite 217, South Jeffreytown, SC 29733",stevenlewis@example.com,2020-01-02,batch_001,2026-07-31T00:00:00
CUST00348,Jamie Ross,1991-07-27,"0150 Douglas Mill, Lake Brenda, WV 47675",hesterjames@example.com,2022-03-21,batch_001,2026-07-31T00:00:00
CUST00349,Michelle Morgan,1953-06-06,"02410 Nicholas Turnpike, West Sharonport, NH 31977",lisa28@example.net,2020-04-21,batch_001,2026-07-31T00:00:00
CUST00350,Ana Thomas,2001-07-29,"PSC 3386, Box 5596, APO AP 32554",hinesbrenda@example.net,2023-12-17,batch_001,2026-07-31T00:00:00
CUST00351,Anthony Flynn,1961-08-06,"17912 Potter Rue Suite 787, West Jennifer, NC 91531",fbaldwin@example.com,2019-02-09,batch_001,2026-07-31T00:00:00
CUST00352,Thomas Silva,1959-11-03,"73634 Oneal Ports, Port Neil, OH 11610",karenphillips@example.net,2026-06-20,batch_001,2026-07-31T00:00:00
CUST00353,Julie Oliver,1965-07-03,"6575 Reyes Fall Suite 341, Rachelport, MP 66268",hartmansara@example.org,2020-06-30,batch_001,2026-07-31T00:00:00
CUST00354,Joshua Cook,1949-08-25,"4392 Smith Hills Suite 566, South Destinyberg, VI 52602",jeremycurry@example.com,2017-10-17,batch_001,2026-07-31T00:00:00
CUST00355,Kristen Harrison,1957-06-25,"53663 Cole Point Apt. 529, West Sherry, AL 66010",matthew66@example.net,2025-05-10,batch_001,2026-07-31T00:00:00
CUST00356,Melissa Evans,1992-10-17,"25999 Baird Ford, Brownfurt, ID 62731",murphysuzanne@example.net,2023-06-11,batch_001,2026-07-31T00:00:00
CUST00357,Brian Tran,2002-06-19,"23164 Jesse Shoals Apt. 705, East Markchester, MO 21083",andersonrobert@example.net,2021-10-06,batch_001,2026-07-31T00:00:00
CUST00358,Sharon Anderson,1946-04-04,"729 Matthews Parkway Suite 430, South Caleb, MO 79779",aliciakent@example.com,2023-03-14,batch_001,2026-07-31T00:00:00
CUST00359,Nancy Roberts,1972-11-23,"4692 Wright River Suite 762, South Hollyton, IA 21201",nicole84@example.net,2024-06-14,batch_001,2026-07-31T00:00:00
CUST00360,Miranda Robinson,2003-12-07,"1185 Hayes Glen, New Bradley, AK 10094",vjames@example.com,2017-09-18,batch_001,2026-07-31T00:00:00
CUST00361,Adam Wilson,1999-10-25,"PSC 5777, Box 1183, APO AP 57874",thomasramirez@example.org,2019-11-20,batch_001,2026-07-31T00:00:00
CUST00362,Cassandra Martinez,1953-03-09,"04275 Jay Bypass, South Heather, MP 83704",myerskyle@example.org,2016-11-20,batch_001,2026-07-31T00:00:00
CUST00363,James Harris,1982-04-15,"10600 Hoover Springs, East Susanville, AS 87547",jenniferwilliams@example.net,2016-08-28,batch_001,2026-07-31T00:00:00
CUST00364,Mark Weber,1948-11-27,"USCGC Mcmillan, FPO AE 30963",danielmorris@example.org,2022-02-22,batch_001,2026-07-31T00:00:00
CUST00365,Daniel Robinson,1968-12-11,"950 Nicole Loop Suite 971, West Susan, PA 43014",xgregory@example.net,2021-12-17,batch_001,2026-07-31T00:00:00
CUST00366,Philip Watts,1950-08-16,"Unit 7150 Box 9976, DPO AP 84464",wesleybush@example.org,2022-03-25,batch_001,2026-07-31T00:00:00
CUST00367,Stephanie Parker,1957-05-29,"102 Jimenez Flats, South James, AZ 31704",vstevenson@example.org,2016-12-09,batch_001,2026-07-31T00:00:00
CUST00368,Paige Meyer,1960-07-03,"Unit 4035 Box 5338, DPO AE 87664",lauriehorton@example.org,2021-12-25,batch_001,2026-07-31T00:00:00
CUST00369,Catherine Soto,1982-12-16,"30232 Glenn Plaza Apt. 381, Hardyport, GA 95092",johnthompson@example.org,2023-01-26,batch_001,2026-07-31T00:00:00
CUST00370,Tracy Harris,1962-03-16,"56627 Henderson Ridge Suite 270, Simmonsland, WV 39852",angelathompson@example.com,2021-06-08,batch_001,2026-07-31T00:00:00
CUST00371,James Obrien,1973-02-17,"732 Adam Wall, Travischester, MO 97781",patrick49@example.org,2021-10-13,batch_001,2026-07-31T00:00:00
CUST00372,Belinda Frederick MD,1969-05-25,"587 Horton Run Suite 633, Johnsonstad, SC 93111",terrydeanna@example.com,2017-03-29,batch_001,2026-07-31T00:00:00
CUST00373,Brittany Wright,1982-10-12,"11669 April Field, Martinchester, KS 91181",vincent86@example.net,2024-04-30,batch_001,2026-07-31T00:00:00
CUST00374,Tammy Booth,1962-07-15,"43640 Lisa Alley Apt. 168, Penachester, GA 23622",jacob23@example.com,2023-08-01,batch_001,2026-07-31T00:00:00
CUST00375,Joanne Olsen,1953-12-18,"234 Alexander Road, Port Danaland, LA 11734",emartinez@example.com,2025-02-17,batch_001,2026-07-31T00:00:00
CUST00376,John Hodges,1943-08-07,"90138 Nicholas Pike Suite 775, Rogersmouth, MD 31905",elizabeth69@example.org,2026-07-18,batch_001,2026-07-31T00:00:00
CUST00377,Renee Smith,2007-12-13,"209 Misty Harbors Apt. 579, Robertsonborough, AL 84134",allen50@example.net,2022-08-21,batch_001,2026-07-31T00:00:00
CUST00378,John Stevenson,1963-09-24,"7164 Jennifer Ways Apt. 271, Marisaside, VI 61685",peggyfriedman@example.com,2024-02-20,batch_001,2026-07-31T00:00:00
CUST00379,Daniel Mullins,1986-09-03,"60256 Robinson Glens, Lynnville, TN 18294",sdavis@example.com,2025-10-11,batch_001,2026-07-31T00:00:00
CUST00380,Pamela Burke,2000-11-30,"686 Jeffrey Crescent Suite 111, Joyborough, WA 15719",david56@example.net,2020-05-21,batch_001,2026-07-31T00:00:00
CUST00381,Kevin Lee,1991-09-23,"5289 Daniel Branch Suite 524, South Erin, FL 79336",dustin09@example.com,2016-08-10,batch_001,2026-07-31T00:00:00
CUST00382,Becky Shea DDS,1962-08-07,"4605 Maria Fords, Lake Jill, VI 23965",tluna@example.net,2025-02-15,batch_001,2026-07-31T00:00:00
CUST00383,Kimberly Rogers DDS,2003-09-01,"Unit 6618 Box 4438, DPO AA 13256",marcusmoody@example.org,2019-04-16,batch_001,2026-07-31T00:00:00
CUST00384,Christopher Taylor,1999-05-30,"33305 Erika Walks Apt. 662, North Michaelfort, HI 07378",bairddebra@example.net,2021-10-02,batch_001,2026-07-31T00:00:00
CUST00385,Jennifer Johnson,1971-02-06,"9261 Hancock Run Suite 475, North Darrylville, NM 84571",andrewberry@example.net,2019-02-09,batch_001,2026-07-31T00:00:00
CUST00386,Anna Watkins,1974-03-17,"9215 Jennifer Wall Apt. 606, Brownshire, ND 94053",molinajared@example.net,2021-03-27,batch_001,2026-07-31T00:00:00
CUST00387,Kyle White,2002-08-30,"02932 Anna Vista Apt. 118, Michaelside, GA 55951",wrightbrandon@example.net,2018-07-30,batch_001,2026-07-31T00:00:00
CUST00388,Jill Ray,2003-02-20,"883 Elaine Cape Apt. 032, Melissaborough, DC 79425",brittanyramirez@example.net,2021-07-28,batch_001,2026-07-31T00:00:00
CUST00389,David James,1983-12-05,"PSC 6714, Box 6283, APO AE 83019",wanda35@example.net,2023-10-05,batch_001,2026-07-31T00:00:00
CUST00390,Jennifer Hernandez,1986-04-23,"Unit 6609 Box 3141, DPO AP 14917",ojones@example.org,2025-04-12,batch_001,2026-07-31T00:00:00
CUST00391,Brianna Yates,1966-04-08,"3611 Alisha Wells, Briannafort, CT 69832",jackie48@example.com,2022-04-03,batch_001,2026-07-31T00:00:00
CUST00392,Carolyn Potts,1982-12-01,"889 Woods Crossroad Suite 082, East Nicholas, WA 35545",sellersdanielle@example.com,2018-04-07,batch_001,2026-07-31T00:00:00
CUST00393,Jennifer Ellis,1989-09-22,"8446 Kevin Walks Apt. 465, Lake Christopherbury, CO 22142",millerjustin@example.com,2020-10-25,batch_001,2026-07-31T00:00:00
CUST00394,Jessica Romero,1996-08-02,"8816 Christina Village Apt. 685, Lake Donna, PW 69721",lawsontami@example.net,2016-10-05,batch_001,2026-07-31T00:00:00
CUST00395,Carrie Richardson,2004-11-16,"67625 Matthew Springs Apt. 814, Timothyview, IL 00793",trobinson@example.net,2025-06-27,batch_001,2026-07-31T00:00:00
CUST00396,Stephanie Charles,1976-08-29,"754 Rodriguez Keys, South Michael, CT 56967",hgonzalez@example.net,2017-03-08,batch_001,2026-07-31T00:00:00
CUST00397,Thomas Smith,2002-09-21,"76545 Mcclain Plain Suite 177, East Michael, NE 01262",nicole31@example.org,2019-03-13,batch_001,2026-07-31T00:00:00
CUST00398,Jason Rivera,1960-12-18,"4167 Marsh Station, West Karen, WI 52913",ganderson@example.org,2017-04-07,batch_001,2026-07-31T00:00:00
CUST00399,Adam Cohen,1950-02-28,"9067 Campbell Corner Suite 392, East Juan, DE 35042",elizabethpatterson@example.com,2019-03-24,batch_001,2026-07-31T00:00:00
CUST00400,Kathryn White,1989-08-27,"Unit 9231 Box 2604, DPO AE 19664",msmith@example.org,2018-05-02,batch_001,2026-07-31T00:00:00
CUST00401,Joseph Graves,2000-05-25,"Unit 3567 Box 0860, DPO AA 14926",michael56@example.org,2017-06-12,batch_001,2026-07-31T00:00:00
CUST00402,Aaron Guerrero,1963-05-06,"4916 Johnny Overpass Suite 541, Lake Alexanderside, WI 17580",michael59@example.net,2017-05-22,batch_001,2026-07-31T00:00:00
CUST00403,Donald Silva,1982-09-24,"91093 Janet Courts, New Christineport, VA 62655",amandahernandez@example.org,2022-11-25,batch_001,2026-07-31T00:00:00
CUST00404,Dawn Wiley,1954-08-16,"7161 Barnes Parkway Apt. 294, West Brandon, OK 08469",joysanders@example.net,2023-09-11,batch_001,2026-07-31T00:00:00
CUST00405,Carol Christensen,1977-10-24,"9432 Ernest Forge Apt. 878, Kevinbury, LA 93333",andrea23@example.org,2025-04-25,batch_001,2026-07-31T00:00:00
CUST00406,Mark Mcmahon,1977-11-20,"0338 Aaron Key, Markside, KS 95145",rickycarr@example.com,2020-08-19,batch_001,2026-07-31T00:00:00
CUST00407,Colleen Sanford,1945-06-23,"916 Berg Roads, Port Scott, MD 35732",bonniemorton@example.com,2016-10-03,batch_001,2026-07-31T00:00:00
CUST00408,Nicholas Richardson,1952-03-03,"PSC 1727, Box 2239, APO AA 96115",deborahsmith@example.org,2024-03-02,batch_001,2026-07-31T00:00:00
CUST00409,Melissa Lopez,2001-10-27,"76182 Carrie Lane Suite 010, East Johnland, KY 19196",sparksalbert@example.org,2019-08-09,batch_001,2026-07-31T00:00:00
CUST00410,Angela Taylor,1978-06-27,"45723 Amy Grove Apt. 001, Curtischester, FL 00659",andrewsimmons@example.org,2022-05-03,batch_001,2026-07-31T00:00:00
CUST00411,Shawn Cruz,1965-08-15,"2131 Howard Ridges, Davidland, MH 06182",gregorymoreno@example.net,2021-06-17,batch_001,2026-07-31T00:00:00
CUST00412,Michael Turner,1953-12-02,"47541 Michelle Drive Apt. 526, Griffithfort, GU 09323",lanesusan@example.com,2023-10-25,batch_001,2026-07-31T00:00:00
CUST00413,Cameron Saunders,1951-06-04,"7695 Leah Shoal Apt. 668, Ryanfort, ND 70783",patrickcarpenter@example.com,2018-02-13,batch_001,2026-07-31T00:00:00
CUST00414,Roberta Robinson,1977-06-09,"30587 Samantha Circle Suite 524, Thomasside, PW 55692",jasonwalker@example.net,2026-05-30,batch_001,2026-07-31T00:00:00
CUST00415,Michele Bennett,1950-12-15,"0191 Monroe Ways Apt. 025, North John, AL 75104",lhernandez@example.com,2018-07-29,batch_001,2026-07-31T00:00:00
CUST00416,Melissa Evans,1992-03-06,"0412 Nicole Bypass Apt. 820, Wallmouth, OH 93746",samantha84@example.net,2018-12-18,batch_001,2026-07-31T00:00:00
CUST00417,Denise Davis,1957-01-17,"369 Jeffery Ferry, Port Heatherfort, MD 86051",kwilcox@example.org,2023-10-15,batch_001,2026-07-31T00:00:00
CUST00418,Chloe Rodriguez,1996-03-31,"34281 Jason Branch Suite 383, East Josephshire, OK 06382",uwilliams@example.org,2022-11-25,batch_001,2026-07-31T00:00:00
CUST00419,Howard Campbell,2005-10-14,"6521 Russell Streets, New Lindseyberg, AK 77463",cwoods@example.com,2021-10-30,batch_001,2026-07-31T00:00:00
CUST00420,Angela Garrett,1952-07-19,"USNS Wilkerson, FPO AP 86250",kaylamartin@example.net,2019-02-27,batch_001,2026-07-31T00:00:00
CUST00421,Gloria Floyd,1976-09-17,"606 Jason Ridge Apt. 297, Port Alexisport, OH 11926",udavis@example.org,2025-06-25,batch_001,2026-07-31T00:00:00
CUST00422,Douglas Cox,2005-02-21,"747 Hines Mills, North Teresa, NM 05690",michele66@example.net,2021-08-10,batch_001,2026-07-31T00:00:00
CUST00423,Jose Weber,2003-12-28,"687 Rich Springs, New Tiffanyton, WA 32589",mooredaniel@example.com,2018-10-10,batch_001,2026-07-31T00:00:00
CUST00424,Benjamin Price,1952-05-05,"7787 Christopher Street, South Kaylaborough, MO 43587",stewartwendy@example.com,2026-04-12,batch_001,2026-07-31T00:00:00
CUST00425,Jesse Gardner,1956-01-18,"USNS Bowman, FPO AA 74976",huertakim@example.org,2024-09-06,batch_001,2026-07-31T00:00:00
CUST00426,Veronica Lewis,2005-04-21,"644 Christopher Cliff, Richardport, VI 93851",hsavage@example.org,2022-09-24,batch_001,2026-07-31T00:00:00
CUST00427,Anthony Jacobson,1987-02-24,"35677 Tammy Mews Suite 960, North Jennifer, OR 81308",mariodowns@example.net,2020-12-29,batch_001,2026-07-31T00:00:00
CUST00428,Steven Peck,1992-02-17,"64807 Cynthia Route Apt. 033, Hortonburgh, PA 49988",michaelfarley@example.net,2021-12-18,batch_001,2026-07-31T00:00:00
CUST00429,Jack Turner,1980-10-31,"776 Bell Village, Millsmouth, DE 23545",lpatterson@example.net,2016-10-28,batch_001,2026-07-31T00:00:00
CUST00430,Jane Bruce,1982-01-23,"491 Linda Cove Apt. 096, South Karenside, CT 83538",zgordon@example.org,2019-05-07,batch_001,2026-07-31T00:00:00
CUST00431,Christy Frank,1987-01-07,"71576 Smith Landing, New Justin, FM 86835",kyle63@example.org,2021-07-06,batch_001,2026-07-31T00:00:00
CUST00432,Alexander Gibbs,2002-11-02,"2963 Lee Row Suite 096, Lake Peter, VA 23270",hstrong@example.org,2023-08-19,batch_001,2026-07-31T00:00:00
CUST00433,Robert Gordon,1971-05-06,"482 Harris Course Apt. 609, North Christine, ND 10825",ujohnson@example.org,2020-07-05,batch_001,2026-07-31T00:00:00
CUST00434,Paula Lopez,2008-07-01,"3836 Hopkins Harbor, East Courtneyshire, VI 14056",stevenscaitlin@example.org,2024-04-19,batch_001,2026-07-31T00:00:00
CUST00435,Christopher Jones,1951-03-26,"1706 Tommy Road, East Gracefurt, FM 41603",lstokes@example.com,2021-05-21,batch_001,2026-07-31T00:00:00
CUST00436,Lynn Bond,1942-04-08,"7998 Eric Streets Suite 139, New Andrewhaven, WV 20469",michellewilson@example.org,2019-08-15,batch_001,2026-07-31T00:00:00
CUST00437,Bradley Holt,1943-08-02,"3158 Owens Valleys Suite 686, West Gerald, TX 94531",suzanne19@example.net,2022-02-25,batch_001,2026-07-31T00:00:00
CUST00438,Tiffany Freeman,1962-10-13,"459 Catherine Meadow Apt. 955, South Garyton, NY 33670",pcarter@example.net,2019-05-26,batch_001,2026-07-31T00:00:00
CUST00439,Christopher Morris,1965-07-20,"13552 Martinez Island Apt. 537, Rachelside, CA 51041",carolyn83@example.org,2023-05-10,batch_001,2026-07-31T00:00:00
CUST00440,Theresa Aguirre,1979-10-02,"655 James Unions Suite 704, Wilsonmouth, GA 79331",brittany39@example.org,2021-04-23,batch_001,2026-07-31T00:00:00
CUST00441,Savannah Travis,1960-12-22,"PSC 4260, Box 8805, APO AP 02633",harrisonmaria@example.com,2016-11-18,batch_001,2026-07-31T00:00:00
CUST00442,Paul Ross,1990-10-18,"9064 Snyder Row Apt. 591, East Brandontown, DC 14281",michelle63@example.org,2021-09-13,batch_001,2026-07-31T00:00:00
CUST00443,Robin Cabrera,1947-07-27,"040 Brandon Hollow, West Markfurt, KY 92076",sarasilva@example.org,2019-10-31,batch_001,2026-07-31T00:00:00
CUST00444,Nicole Barron,1950-03-04,"Unit 6718 Box 8397, DPO AP 64739",marc73@example.org,2022-01-05,batch_001,2026-07-31T00:00:00
CUST00445,Heather Houston,1959-07-13,"117 Jason Skyway, South Lori, ID 64417",petersonlisa@example.net,2021-08-14,batch_001,2026-07-31T00:00:00
CUST00446,Emily Gibson,1976-07-20,"35679 Kimberly Field, West Rodneyport, VI 76161",thomasnancy@example.net,2021-11-29,batch_001,2026-07-31T00:00:00
CUST00447,Joel Adams,1949-01-28,"4181 Reynolds Drive Suite 868, Brianview, MN 13321",wongjessica@example.com,2020-09-02,batch_001,2026-07-31T00:00:00
CUST00448,Christopher Hill,1954-10-10,"03131 Patty Ports Suite 318, West Jeremyfurt, MO 51997",robinsonmadison@example.net,2021-07-31,batch_001,2026-07-31T00:00:00
CUST00449,Richard Bailey,1959-11-01,"012 Stevenson Walk Apt. 251, East Martin, NH 19091",waderonnie@example.org,2025-01-01,batch_001,2026-07-31T00:00:00
CUST00450,Carolyn Wolf,1953-08-28,"9073 Rodriguez Viaduct Apt. 943, Port Dwayne, CT 13607",linda57@example.com,2021-01-25,batch_001,2026-07-31T00:00:00
CUST00451,Dawn Tucker MD,1991-08-01,"5897 Joseph Path Apt. 263, West Tyler, IA 76206",vhoward@example.org,2022-07-19,batch_001,2026-07-31T00:00:00
CUST00452,Tracie Wiley,1954-10-08,"245 Myers Mall Suite 430, Maryville, NE 60142",keith07@example.net,2023-01-03,batch_001,2026-07-31T00:00:00
CUST00453,Kelly Roberts,1951-08-04,"7414 Shawn Forge, Margaretville, AR 64512",adam50@example.org,2024-07-06,batch_001,2026-07-31T00:00:00
CUST00454,Douglas Trevino,1958-09-09,"42369 Kelly Bypass, Fitzpatrickbury, AS 89433",ghenderson@example.com,2018-12-03,batch_001,2026-07-31T00:00:00
CUST00455,Carrie Graham,2004-03-13,"342 Spencer Hollow, Christophershire, SC 60945",nicholasliu@example.com,2021-09-19,batch_001,2026-07-31T00:00:00
CUST00456,Melissa Gordon,1948-02-11,"5676 Murray Points Apt. 612, Kristinshire, NY 49405",christineyoder@example.com,2018-12-09,batch_001,2026-07-31T00:00:00
CUST00457,Michael Ford,1945-03-22,"10415 Lynn Port Suite 501, Lake Jamieberg, OH 97549",rtaylor@example.net,2023-04-05,batch_001,2026-07-31T00:00:00
CUST00458,Eric Hays,1999-07-29,"311 Eric Crest Apt. 331, Johnsonhaven, NV 51712",howekevin@example.com,2019-03-19,batch_001,2026-07-31T00:00:00
CUST00459,Sarah Payne,2008-06-14,"916 Daisy Ferry Apt. 328, South Timothy, LA 87996",haleytrevor@example.net,2019-09-17,batch_001,2026-07-31T00:00:00
CUST00460,Robert Marshall,1960-04-21,"47196 Beverly Bypass, Williamsstad, DC 61830",khill@example.com,2023-03-27,batch_001,2026-07-31T00:00:00
CUST00461,Steven Warren,1975-08-25,"259 Stevens Walks, West Kristen, TN 40206",pjones@example.com,2025-02-20,batch_001,2026-07-31T00:00:00
CUST00462,Catherine Erickson,1967-03-15,"59959 Jones Burgs Apt. 311, Villafort, MD 30848",danielgilmore@example.net,2024-08-09,batch_001,2026-07-31T00:00:00
CUST00463,Jennifer Brown,2002-04-24,"17590 Manuel Square, Grayshire, OH 26680",johnnykim@example.com,2023-02-11,batch_001,2026-07-31T00:00:00
CUST00464,Jessica Rice,1956-12-03,"013 Lisa Avenue, Kimshire, ND 09933",jacob87@example.org,2020-01-02,batch_001,2026-07-31T00:00:00
CUST00465,Kara Bell,1998-03-23,"76619 David Path, Craigfort, IN 07248",andrew44@example.com,2020-02-10,batch_001,2026-07-31T00:00:00
CUST00466,Seth Donaldson,1989-06-08,"984 Montgomery Plains, New Thomasview, SD 04430",morganjose@example.com,2022-09-01,batch_001,2026-07-31T00:00:00
CUST00467,Joshua Gross,2002-01-04,"PSC 0371, Box 9905, APO AE 55058",claytimothy@example.org,2017-08-04,batch_001,2026-07-31T00:00:00
CUST00468,Jonathan Perez,1959-12-27,"3000 Amanda Wall Suite 087, South Katieberg, NE 92426",hdunn@example.com,2017-04-16,batch_001,2026-07-31T00:00:00
CUST00469,Greg Hull,1949-08-10,"036 Vicki Bridge, Port Brian, AR 17109",cwhite@example.com,2022-11-01,batch_001,2026-07-31T00:00:00
CUST00470,Mrs. Jennifer Sandoval DDS,1965-05-16,"5374 Deleon Highway, New Patricia, MD 91959",brownrachel@example.net,2020-09-25,batch_001,2026-07-31T00:00:00
CUST00471,Dalton Taylor,2006-04-07,"Unit 3483 Box 1520, DPO AE 92034",dsantos@example.org,2024-11-07,batch_001,2026-07-31T00:00:00
CUST00472,Debra Chapman,1943-01-10,"49670 Cruz Cape, East Nicolas, TN 57004",guerreroanthony@example.com,2025-01-25,batch_001,2026-07-31T00:00:00
CUST00473,Nicole Rogers,2005-05-10,"305 Glenn Tunnel Apt. 186, Micheleside, NH 56053",francisco67@example.net,2017-01-08,batch_001,2026-07-31T00:00:00
CUST00474,Adrian Marsh,2004-07-02,"USS Lutz, FPO AP 39275",ashley09@example.com,2020-08-19,batch_001,2026-07-31T00:00:00
CUST00475,Rachel Patrick,1966-03-11,"9542 Ford Mill, South Benjaminstad, NJ 84091",rickyriley@example.org,2021-02-24,batch_001,2026-07-31T00:00:00
CUST00476,Austin White,1960-05-22,"7232 Monica Shoal Apt. 310, Lake William, NV 76508",bobby30@example.net,2025-12-17,batch_001,2026-07-31T00:00:00
CUST00477,Ryan Atkinson,1959-03-17,"351 William Creek, East Jamesshire, MN 89763",bjones@example.com,2020-12-16,batch_001,2026-07-31T00:00:00
CUST00478,Richard Rogers,1951-04-26,"4902 Williams Drive Apt. 193, Williamhaven, WY 76717",shelby69@example.org,2016-12-31,batch_001,2026-07-31T00:00:00
CUST00479,Zachary Miller,1986-04-17,"898 Ryan Crossing, New Thomashaven, NC 58306",joseph94@example.org,2019-02-18,batch_001,2026-07-31T00:00:00
CUST00480,Vanessa Hall,1963-12-12,"376 Miller Points, West Denisebury, NV 55400",ashleyserrano@example.org,2020-09-18,batch_001,2026-07-31T00:00:00
CUST00481,Terry Craig,2004-07-28,"5511 Fisher Drive Suite 327, East Davidview, WV 73190",inewton@example.org,2025-09-22,batch_001,2026-07-31T00:00:00
CUST00482,Christopher Jones,1998-04-28,"5268 Jennifer Crest Suite 599, Lake Brandonstad, NV 54093",byang@example.com,2023-12-02,batch_001,2026-07-31T00:00:00
CUST00483,Morgan Cummings,1993-02-19,"09957 Flores Fall, Shirleyville, IN 39475",kpeterson@example.net,2024-09-11,batch_001,2026-07-31T00:00:00
CUST00484,Sarah Simmons,2002-08-22,"20368 Andrews Ridges Suite 154, North Keith, NM 58030",nicoleroberts@example.com,2025-07-07,batch_001,2026-07-31T00:00:00
CUST00485,Mary Thomas,1982-10-30,"90883 Tracy View, West Jamesshire, NE 96457",dmeyer@example.com,2018-05-21,batch_001,2026-07-31T00:00:00
CUST00486,Tamara Wilson,2004-01-18,"1241 Lara Summit Apt. 152, Joshuahaven, TX 10211",patricia06@example.org,2018-06-12,batch_001,2026-07-31T00:00:00
CUST00487,Ryan Guerrero,2005-01-10,"032 Wiggins Forges, West Theodore, NM 25025",mcampbell@example.net,2025-06-13,batch_001,2026-07-31T00:00:00
CUST00488,Shannon Curry,2001-03-07,"8932 Robert Greens, Welchbury, SC 46206",lmoreno@example.com,2018-02-02,batch_001,2026-07-31T00:00:00
CUST00489,Mary Henry,1998-10-15,"741 Daniel Throughway Suite 675, Lake Roger, HI 61414",donna56@example.net,2020-07-10,batch_001,2026-07-31T00:00:00
CUST00490,Sharon Burke,1950-04-17,"4836 Anna Islands, Emilychester, MO 58428",dross@example.com,2024-10-22,batch_001,2026-07-31T00:00:00
CUST00491,Robert Parker,1974-08-14,"319 Anderson Plains, Lake Andrewfurt, CO 92871",rhonda81@example.net,2020-04-21,batch_001,2026-07-31T00:00:00
CUST00492,Joseph Galloway,1944-12-05,"342 Rivera Forge Apt. 000, New Raymondfort, AZ 21072",kevin33@example.org,2025-05-27,batch_001,2026-07-31T00:00:00
CUST00493,Jamie Morales,1960-02-13,"11860 Julia Plains Apt. 196, Port Catherine, ME 42932",bhunt@example.com,2018-09-07,batch_001,2026-07-31T00:00:00
CUST00494,Dennis Douglas,1960-03-24,"1368 Webb Squares Apt. 607, Beanside, VT 14696",bwalker@example.com,2024-05-21,batch_001,2026-07-31T00:00:00
CUST00495,John Rodriguez,1994-01-22,"118 Jared Overpass, North Donald, RI 62565",briansnyder@example.com,2020-07-12,batch_001,2026-07-31T00:00:00
CUST00496,Amanda Barker,1962-10-10,"3878 Edwards Run, West Steven, NJ 67928",morseronald@example.org,2022-04-30,batch_001,2026-07-31T00:00:00
CUST00497,Carla Goodman,1967-02-22,"06728 Taylor Well Suite 604, South Wendyview, NC 42756",anne22@example.com,2018-09-29,batch_001,2026-07-31T00:00:00
CUST00498,Tiffany Watson,1977-03-09,"3522 Smith Mall Apt. 271, West Jacquelineborough, UT 12801",drivera@example.net,2020-01-22,batch_001,2026-07-31T00:00:00
CUST00499,Mark Ware,1973-06-22,"44694 Weber Lodge, Annborough, CA 78179",dakotarobinson@example.org,2019-03-30,batch_001,2026-07-31T00:00:00
CUST00500,Robert Matthews,1959-06-22,"994 Clark Alley Apt. 319, East Fred, VI 00533",christian02@example.net,2026-03-03,batch_001,2026-07-31T00:00:00
CUST00501,John Turner,1996-07-05,"666 Kelly Villages, Alyssaborough, GA 83570",jennifer68@example.com,2024-01-23,batch_001,2026-07-31T00:00:00
CUST00502,Kristin Graham,1974-12-06,"7563 Patrick Fall, East Scotthaven, ID 01236",mark54@example.net,2020-11-03,batch_001,2026-07-31T00:00:00
CUST00503,Amanda Hill,2004-04-16,"440 Michelle Mountains, Henryfort, WA 85376",johnsonanthony@example.net,2016-10-19,batch_001,2026-07-31T00:00:00
CUST00504,Bonnie Barnes,1952-01-02,"0518 Lucero Fields, West Marymouth, MH 93471",rebeccamatthews@example.com,2019-08-04,batch_001,2026-07-31T00:00:00
CUST00505,Jennifer Monroe,1976-09-18,"82412 Williams Rest, Lake William, HI 83771",collinsann@example.org,2016-10-27,batch_001,2026-07-31T00:00:00
CUST00506,Melissa Knight,1964-10-24,"21259 Katie Turnpike, East Danamouth, CO 95433",kylebecker@example.org,2024-07-06,batch_001,2026-07-31T00:00:00
CUST00507,James Mitchell,1992-06-09,"3343 Tiffany Green Suite 417, Bethstad, WI 84626",rgallegos@example.org,2018-11-02,batch_001,2026-07-31T00:00:00
CUST00508,Joshua Clark,1944-01-29,"435 Davis Trail Apt. 437, Anthonyville, NC 86789",thomasmcdonald@example.com,2026-07-15,batch_001,2026-07-31T00:00:00
CUST00509,Kevin Johnson,1966-11-29,"26755 Jacob Knolls Suite 278, Port Andrew, AS 81321",swatkins@example.com,2026-03-04,batch_001,2026-07-31T00:00:00
CUST00510,David Cummings,1991-04-27,"640 Kathryn Parkways Apt. 664, Watkinsburgh, NY 22309",olivia83@example.net,2023-05-17,batch_001,2026-07-31T00:00:00
CUST00511,Gary Choi,1992-09-28,"Unit 4257 Box 6270, DPO AP 19832",nicoleturner@example.org,2018-12-15,batch_001,2026-07-31T00:00:00
CUST00512,Jessica Ramsey,1954-02-20,"72517 Hale Mountains Suite 731, Andersonberg, MO 43376",lori69@example.com,2020-08-06,batch_001,2026-07-31T00:00:00
CUST00513,Michael Cordova,1977-12-04,"55580 Melendez Rue, East Vincent, AZ 28187",ryan56@example.net,2017-10-19,batch_001,2026-07-31T00:00:00
CUST00514,Eric Leonard,1953-10-26,"2268 Steven Corner Suite 160, West David, NY 50831",psmith@example.net,2023-10-28,batch_001,2026-07-31T00:00:00
CUST00515,Elizabeth Green,1968-11-30,"575 Rodriguez Fall Suite 861, North Matthew, VT 77853",james97@example.com,2023-10-08,batch_001,2026-07-31T00:00:00
CUST00516,Bryan Burns,1944-11-18,"6540 White Knolls Suite 075, Cynthiaville, MI 96433",schmidtrandy@example.org,2024-06-26,batch_001,2026-07-31T00:00:00
CUST00517,Nicholas Schultz,1947-04-19,"7938 Williams Islands Suite 029, South Williamland, MA 83959",roberto02@example.net,2025-09-06,batch_001,2026-07-31T00:00:00
CUST00518,Jessica Wilson,1959-01-22,"9883 Nicholas Mountains Apt. 642, Walterton, PA 52755",erikanelson@example.com,2017-12-05,batch_001,2026-07-31T00:00:00
CUST00519,Mary Hill,1955-09-04,"33053 Cheryl Stream Suite 969, Amberfort, OH 02148",matthew57@example.org,2016-11-24,batch_001,2026-07-31T00:00:00
CUST00520,Michael Chambers,1973-01-05,"917 Miller Summit, Kevinmouth, NV 88909",njohnson@example.net,2025-01-25,batch_001,2026-07-31T00:00:00
CUST00521,Jennifer Hubbard,1952-12-03,"736 Nicholas Vista Apt. 163, North Ashley, HI 21356",wpierce@example.org,2022-07-24,batch_001,2026-07-31T00:00:00
CUST00522,Jack Garcia,1970-01-13,"886 Michele Park Suite 472, South Keith, ND 44286",rdouglas@example.org,2021-04-28,batch_001,2026-07-31T00:00:00
CUST00523,Valerie Jenkins,1967-09-01,"99819 Dougherty Islands, East Ashley, NJ 90201",craneandrew@example.net,2026-06-13,batch_001,2026-07-31T00:00:00
CUST00524,Sharon Jefferson,2001-09-13,"327 Marcus Hill Apt. 039, Stevensmouth, IA 23684",hporter@example.net,2023-03-16,batch_001,2026-07-31T00:00:00
CUST00525,Susan Sanchez,1998-08-06,"06876 Krista Green, Lake Kimberlyside, VT 03610",ucastillo@example.org,2022-03-20,batch_001,2026-07-31T00:00:00
CUST00526,Molly Williams,1961-07-07,"1124 Jennifer Lakes Suite 523, Clarkville, MA 84653",ellisjenna@example.org,2023-05-11,batch_001,2026-07-31T00:00:00
CUST00527,Michael Rivera,1993-02-02,"490 Earl Heights Apt. 359, Jenniferport, VT 21250",thomas74@example.org,2021-01-01,batch_001,2026-07-31T00:00:00
CUST00528,Eduardo Cruz,1992-03-10,"94290 Diaz Pass, Woodsburgh, MI 84891",brendamason@example.net,2018-10-07,batch_001,2026-07-31T00:00:00
CUST00529,Karina Jackson,1967-01-20,"6015 Kyle Fork, West Charlotte, VA 16176",michaelstevens@example.net,2023-01-04,batch_001,2026-07-31T00:00:00
CUST00530,Sarah Logan,2003-04-03,"350 Sims Isle, West Angelaside, PR 97659",wallerbrian@example.net,2016-10-14,batch_001,2026-07-31T00:00:00
CUST00531,Robert White,1977-03-01,"USNS Perez, FPO AP 60278",billylynch@example.net,2020-10-18,batch_001,2026-07-31T00:00:00
CUST00532,Morgan Lowery,1960-06-17,"PSC 2840, Box 3339, APO AP 63059",ygarcia@example.org,2018-02-18,batch_001,2026-07-31T00:00:00
CUST00533,Bruce Miller,1963-04-12,"749 Bonnie Wall, Lake Oliviaborough, OR 83722",qgay@example.com,2017-10-27,batch_001,2026-07-31T00:00:00
CUST00534,Christopher Hunter MD,1982-07-02,"USNV Baker, FPO AP 33140",joshua88@example.com,2021-03-09,batch_001,2026-07-31T00:00:00
CUST00535,Peter White,1984-03-04,"2216 Davis Wall Suite 582, Port Daniel, IN 28447",warren58@example.com,2024-01-25,batch_001,2026-07-31T00:00:00
CUST00536,Christine Powers,1948-07-31,"2292 Frye Mountains, Chanview, IN 34953",tmichael@example.com,2021-09-07,batch_001,2026-07-31T00:00:00
CUST00537,Hector Mcgee,1951-06-12,"660 Brown Lodge Suite 274, Port Janetborough, TN 94436",kenneth50@example.com,2021-10-15,batch_001,2026-07-31T00:00:00
CUST00538,Justin Gonzalez,1970-09-02,"1132 Sharp Stravenue Suite 067, West Valerie, OR 49655",garciadanielle@example.com,2023-02-01,batch_001,2026-07-31T00:00:00
CUST00539,Duane Ruiz,1978-03-08,"6229 Andrews Points, South Johnshire, ND 87099",angela40@example.org,2022-11-12,batch_001,2026-07-31T00:00:00
CUST00540,Melissa Stevenson,1994-02-13,"USNV Stein, FPO AA 98447",jackmcdonald@example.com,2017-09-26,batch_001,2026-07-31T00:00:00
CUST00541,Wesley Green,1966-03-24,"16667 Marie Circle, Allenchester, AZ 66589",kristy74@example.net,2022-03-31,batch_001,2026-07-31T00:00:00
CUST00542,Krystal Mccann,1964-04-16,"197 Karen Trafficway, Meyersmouth, NV 97354",debrajones@example.net,2017-09-21,batch_001,2026-07-31T00:00:00
CUST00543,Richard Stevenson,1980-09-21,"USS Morales, FPO AA 01333",osmith@example.com,2022-05-12,batch_001,2026-07-31T00:00:00
CUST00544,Daniel Craig,1970-08-24,"395 Jacob Drive Apt. 421, New Carolynton, WI 17189",stephanie55@example.org,2019-02-21,batch_001,2026-07-31T00:00:00
CUST00545,Christopher Ritter,1986-05-14,"0271 Johnson Ways, South Brandon, NV 52822",jamiejames@example.org,2020-02-18,batch_001,2026-07-31T00:00:00
CUST00546,Laura Black,1947-11-24,"79556 Jason Course, Timothyhaven, DE 60394",smithlinda@example.com,2019-07-24,batch_001,2026-07-31T00:00:00
CUST00547,Tracy Copeland,2007-01-05,"16704 Williams Vista Apt. 290, New Eric, UT 62080",brownleah@example.net,2018-04-13,batch_001,2026-07-31T00:00:00
CUST00548,Jason Moore,1986-07-23,"251 Anthony Ford, Richardstad, PW 35258",anthony05@example.org,2021-07-26,batch_001,2026-07-31T00:00:00
CUST00549,Shane Mcintyre,2002-01-23,"822 Alexis Fork Apt. 611, Marshallchester, PR 70850",mtaylor@example.net,2024-08-01,batch_001,2026-07-31T00:00:00
CUST00550,Steven Scott,1941-08-17,"177 David Passage Apt. 231, Lake Richardville, IA 30152",jack45@example.net,2021-11-17,batch_001,2026-07-31T00:00:00
CUST00551,Kelly Ray,2007-11-09,"6529 Julie Union, Welchborough, HI 02378",cynthiaconley@example.org,2024-06-10,batch_001,2026-07-31T00:00:00
CUST00552,Kenneth Webb,1952-08-05,"3794 Wilson Harbors Suite 524, Lindsayfort, WI 72446",qalvarado@example.com,2023-05-01,batch_001,2026-07-31T00:00:00
CUST00553,Richard Simmons,1993-07-09,"37118 Martinez Key, Shaunside, CO 66656",raymondpugh@example.net,2025-05-30,batch_001,2026-07-31T00:00:00
CUST00554,Courtney Smith,1954-11-03,"929 Lauren Lake Apt. 825, North Erin, SC 83641",meganpotter@example.org,2018-12-28,batch_001,2026-07-31T00:00:00
CUST00555,Diana Haley,1978-05-20,"USNV Price, FPO AP 55716",imcdonald@example.net,2023-10-17,batch_001,2026-07-31T00:00:00
CUST00556,David Peters,2005-06-02,"62272 Peter Estate, Myersborough, IA 46429",perezstacy@example.org,2021-09-07,batch_001,2026-07-31T00:00:00
CUST00557,Patrick Blackburn,2002-04-28,"45018 Warren Trail Suite 374, New Juliamouth, FL 09728",nancy06@example.com,2023-05-30,batch_001,2026-07-31T00:00:00
CUST00558,Christopher Mckinney,1949-04-04,"3811 Allen Vista Suite 660, Port Kaylaview, MH 33487",robert45@example.org,2024-07-07,batch_001,2026-07-31T00:00:00
CUST00559,Karla Willis,1942-06-17,"417 Obrien Ways Suite 091, New Codybury, MN 76538",tochoa@example.net,2018-04-20,batch_001,2026-07-31T00:00:00
CUST00560,Jessica Murray,1944-04-16,"6039 Andrew Isle, West Samanthatown, VA 60351",michael55@example.org,2022-06-28,batch_001,2026-07-31T00:00:00
CUST00561,Erika Lyons,1960-05-27,"88565 Megan Walks, West Michaelside, WA 30329",maria11@example.net,2024-03-02,batch_001,2026-07-31T00:00:00
CUST00562,Margaret Sherman,1969-03-18,"5752 Marcus Creek Apt. 948, Katherineside, HI 52663",gonzalezchristopher@example.net,2021-11-26,batch_001,2026-07-31T00:00:00
CUST00563,Brianna Peterson,2003-10-28,"1499 Mario Fork, Mckenziebury, OH 20818",anthony33@example.org,2023-06-19,batch_001,2026-07-31T00:00:00
CUST00564,Robert Thomas,2001-02-17,"776 Robert Vista, Burtonfurt, WA 34775",linda46@example.com,2020-06-03,batch_001,2026-07-31T00:00:00
CUST00565,Howard Rubio,1966-05-20,"921 Nichols Cove, Lake Michael, UT 85037",stevenandrews@example.org,2020-07-28,batch_001,2026-07-31T00:00:00
CUST00566,Jeffrey Benton Jr.,1972-11-24,"7215 Stephanie Harbor, Staceytown, VT 78847",wjordan@example.org,2024-01-11,batch_001,2026-07-31T00:00:00
CUST00567,Emily Terry,1968-07-17,"862 Huffman Ridge, Lake Karenshire, DE 09808",morenojessica@example.net,2020-03-29,batch_001,2026-07-31T00:00:00
CUST00568,Patricia Mayo,1954-10-28,"715 Clinton Lodge, Ballardfurt, UT 62682",melaniewhite@example.com,2020-10-23,batch_001,2026-07-31T00:00:00
CUST00569,Sherry Porter,1965-09-30,"35157 Alexandria Brooks Apt. 805, East Aaronhaven, AL 01111",paul09@example.net,2019-08-07,batch_001,2026-07-31T00:00:00
CUST00570,Chelsea Oliver,1967-02-01,"1295 Patricia Squares, New Eduardo, GU 58841",howellsavannah@example.org,2017-10-05,batch_001,2026-07-31T00:00:00
CUST00571,Ashley Vega,1996-07-05,"73929 Pace Shoals, Bowersville, TN 73175",morganmichael@example.org,2021-11-18,batch_001,2026-07-31T00:00:00
CUST00572,Jared Howard,2006-12-07,"PSC 7918, Box 1589, APO AP 92540",psherman@example.org,2024-12-05,batch_001,2026-07-31T00:00:00
CUST00573,Phillip Carter,1960-10-21,"6170 Garcia Points Suite 964, Gayport, WI 90161",rosebobby@example.org,2022-01-11,batch_001,2026-07-31T00:00:00
CUST00574,Laura Thompson,1962-06-24,"004 Lopez Plain, Port Marciachester, WA 67134",williammaldonado@example.org,2026-07-29,batch_001,2026-07-31T00:00:00
CUST00575,Travis Stafford,2003-07-20,"373 Brandon Light, Lake Darren, LA 01122",donnaherman@example.com,2020-03-24,batch_001,2026-07-31T00:00:00
CUST00576,Dr. Jacqueline Monroe,2008-07-26,"394 Becker Station, Jamieview, MT 90977",perryrobert@example.com,2019-08-05,batch_001,2026-07-31T00:00:00
CUST00577,Katherine Greene,1998-12-02,"72311 Erik Turnpike Suite 128, Garyview, TX 94220",smitchell@example.com,2019-10-21,batch_001,2026-07-31T00:00:00
CUST00578,Philip Foster,1999-10-18,"87328 Taylor Coves, East Benjaminfurt, HI 11459",allenchristina@example.com,2026-04-12,batch_001,2026-07-31T00:00:00
CUST00579,Randy Bates,1991-10-28,"50902 Villarreal Glen, West Steven, MH 84929",myerseric@example.com,2019-01-04,batch_001,2026-07-31T00:00:00
CUST00580,Mark Rogers,1975-12-26,"1398 Hawkins Divide, Brianland, MT 68402",montgomerygeoffrey@example.com,2017-08-30,batch_001,2026-07-31T00:00:00
CUST00581,Brian Hall,1966-10-13,"9130 Andrew View, Pinedafurt, LA 90365",vcole@example.org,2017-03-26,batch_001,2026-07-31T00:00:00
CUST00582,Haley Travis,1988-01-19,"8532 Walsh Extensions, Kiddburgh, MN 97495",reynoldskevin@example.org,2024-12-04,batch_001,2026-07-31T00:00:00
CUST00583,Kimberly Perez,1972-11-16,"66677 Farley Mountain Suite 556, Lake Alyssa, IA 28938",ashleygould@example.net,2023-07-24,batch_001,2026-07-31T00:00:00
CUST00584,Kimberly Gallagher,1986-06-12,"62718 Evans Village Suite 033, Andreaburgh, TN 50870",cwhite@example.org,2022-10-06,batch_001,2026-07-31T00:00:00
CUST00585,Michael Nelson,1988-10-20,"693 Robert Mountain, Port Joanna, WV 64291",cheryl98@example.net,2020-02-03,batch_001,2026-07-31T00:00:00
CUST00586,Rachel Miller,1984-04-27,"1553 Susan Inlet, West Cindymouth, OR 59039",lmorgan@example.com,2017-03-07,batch_001,2026-07-31T00:00:00
CUST00587,Caitlin Gilmore,1962-03-19,"962 Graves Harbors, North Elizabeth, FL 58815",camposderek@example.com,2018-04-22,batch_001,2026-07-31T00:00:00
CUST00588,Randall Willis,1973-10-02,"Unit 5799 Box 2707, DPO AP 74790",nicole15@example.org,2023-01-13,batch_001,2026-07-31T00:00:00
CUST00589,Megan Rangel,1953-08-21,"541 Morrison Union, Smithshire, MT 22660",melissa38@example.com,2018-11-16,batch_001,2026-07-31T00:00:00
CUST00590,Allison Flores,2008-05-28,"447 Morgan Groves, Hopkinsmouth, OH 04613",monicahouse@example.org,2025-06-07,batch_001,2026-07-31T00:00:00
CUST00591,James Conway,1991-07-28,"465 Pratt Walk, Russellmouth, DC 45883",andrea74@example.com,2026-05-04,batch_001,2026-07-31T00:00:00
CUST00592,Angela Wade,1947-04-01,"21312 Brown Ports, Port Christopher, CA 01765",doylematthew@example.net,2024-03-26,batch_001,2026-07-31T00:00:00
CUST00593,Tracie Costa,1946-05-15,"191 Janet Flats Apt. 211, South Latashabury, IL 07054",hughescolleen@example.org,2019-03-28,batch_001,2026-07-31T00:00:00
CUST00594,Kathleen Mccarthy,1973-12-22,"2801 Terri Greens, New Barbara, ID 92247",warnercharles@example.org,2019-12-08,batch_001,2026-07-31T00:00:00
CUST00595,Crystal Foster,1999-04-30,"684 Ronald Views Suite 380, Juanburgh, CA 08577",snyderraven@example.org,2022-01-18,batch_001,2026-07-31T00:00:00
CUST00596,Phillip Moran,1983-10-05,"9591 Acosta Island, Howardfort, MN 65997",kathryn58@example.net,2023-11-24,batch_001,2026-07-31T00:00:00
CUST00597,Amanda Gomez,1954-07-12,"6777 Douglas Terrace Suite 602, Patrickberg, MO 48435",hamiltonlisa@example.org,2020-06-17,batch_001,2026-07-31T00:00:00
CUST00598,Alan Kennedy,1951-11-09,"76248 Perez Oval, Reynoldsburgh, NM 87767",gomezdaniel@example.com,2019-09-16,batch_001,2026-07-31T00:00:00
CUST00599,Brenda Stone,1989-08-16,"7042 Mccoy Spur, Carrberg, NC 37449",jenny25@example.net,2024-09-09,batch_001,2026-07-31T00:00:00
CUST00600,Jeremy Butler,2007-08-14,"357 Peters Ports Suite 325, Lake Brittany, IA 33150",belliott@example.com,2024-08-20,batch_001,2026-07-31T00:00:00
CUST00601,Charles Morris,1976-05-07,"417 Waters Turnpike Suite 250, Wrighttown, MD 47184",yhoffman@example.com,2018-03-16,batch_001,2026-07-31T00:00:00
CUST00602,Mr. Stephen Gonzalez,2006-09-06,"914 Jill Fields, Johnfurt, NE 92336",evansjames@example.com,2022-01-09,batch_001,2026-07-31T00:00:00
CUST00603,Pamela Miller,1943-04-20,"6829 Blake Coves, Stephenborough, VT 80001",lmitchell@example.org,2017-01-26,batch_001,2026-07-31T00:00:00
CUST00604,Sean Tran,1963-07-19,"680 Lucas Locks Apt. 590, Marioshire, AZ 67571",sharpjennifer@example.com,2016-11-13,batch_001,2026-07-31T00:00:00
CUST00605,Brian Martin,1945-12-04,"5516 Potter Park, Gardnerhaven, MT 84625",jneal@example.org,2017-09-25,batch_001,2026-07-31T00:00:00
CUST00606,Brian Pruitt,1996-12-30,"80037 Bobby Trace, East Stephanie, DC 66113",marcus60@example.net,2020-02-08,batch_001,2026-07-31T00:00:00
CUST00607,Michael Terry MD,1993-09-03,"39705 Bonnie Land, South Jason, ND 01464",joseph58@example.com,2021-07-04,batch_001,2026-07-31T00:00:00
CUST00608,Dawn Gonzalez,1952-06-16,"PSC 6147, Box 0798, APO AA 27317",danielhughes@example.org,2020-01-04,batch_001,2026-07-31T00:00:00
CUST00609,Kelly Burgess,1992-02-16,"457 Deborah Forks, Jaytown, ME 02121",mariadalton@example.org,2020-01-29,batch_001,2026-07-31T00:00:00
CUST00610,Judith Myers,1975-07-30,"8943 Christina Alley Apt. 900, Sarahport, NV 50494",coltonrichardson@example.net,2023-03-11,batch_001,2026-07-31T00:00:00
CUST00611,Jacqueline Ramirez,1954-07-24,"14247 David Roads Apt. 720, North Jennymouth, VI 76493",joseph97@example.org,2023-10-12,batch_001,2026-07-31T00:00:00
CUST00612,James Bennett,1991-05-09,"6209 Diane Trail Suite 473, Andrewview, VI 25151",hannahpatrick@example.net,2019-03-10,batch_001,2026-07-31T00:00:00
CUST00613,Jessica Crane,1944-07-31,"045 Carly Motorway, Stephensstad, TN 49164",malikfowler@example.com,2026-02-28,batch_001,2026-07-31T00:00:00
CUST00614,John Reed,1953-06-01,"865 Miller Glen Apt. 557, Molinaburgh, FM 06105",william29@example.com,2026-06-14,batch_001,2026-07-31T00:00:00
CUST00615,Laura Rowland,1978-05-05,"61880 Barbara Glens Apt. 357, West Jessicastad, OH 52269",wrobinson@example.net,2019-04-17,batch_001,2026-07-31T00:00:00
CUST00616,Mathew Moore,1969-05-05,"081 Thomas Cliffs, Johnfurt, ME 27927",lynnjames@example.org,2018-05-23,batch_001,2026-07-31T00:00:00
CUST00617,Cody Parsons,1943-09-11,"1656 Heidi Hills Suite 653, Royshire, PW 63211",sheltontiffany@example.com,2021-08-11,batch_001,2026-07-31T00:00:00
CUST00618,Michael Callahan,1963-05-01,"9957 Norman Oval, South Johnnyland, CO 32664",gibsonkaitlyn@example.org,2022-07-24,batch_001,2026-07-31T00:00:00
CUST00619,Eric Waters,1982-08-27,"610 Brittney Spring, New Seanhaven, HI 61210",heidi68@example.net,2024-07-25,batch_001,2026-07-31T00:00:00
CUST00620,Bruce Black,1990-11-14,"2049 Simmons Spur Apt. 137, Wrightfurt, WI 98088",kelseywilliams@example.org,2017-05-29,batch_001,2026-07-31T00:00:00
CUST00621,Lauren Snyder,1956-10-12,"22299 Samuel Lakes, Smithhaven, MH 91440",cynthia16@example.com,2022-05-14,batch_001,2026-07-31T00:00:00
CUST00622,Michael Jones,1943-11-11,"6832 Andrew Corners Apt. 378, Angelafort, CA 86518",brandiwilson@example.org,2021-04-29,batch_001,2026-07-31T00:00:00
CUST00623,Casey Miles,1957-05-20,"018 Richards Branch, Nicoleberg, MD 32440",msolis@example.net,2020-01-09,batch_001,2026-07-31T00:00:00
CUST00624,Brett Hughes,1973-11-20,"28217 Ashlee Gateway, Francostad, IN 34903",bbrown@example.org,2024-09-18,batch_001,2026-07-31T00:00:00
CUST00625,Alyssa Powers,2000-10-29,"USCGC Cole, FPO AE 98622",timothyavery@example.net,2022-01-12,batch_001,2026-07-31T00:00:00
CUST00626,Nicole Moore,2002-01-21,"1690 Jones Corner Apt. 054, Campbellmouth, ME 70662",samantha78@example.com,2023-07-01,batch_001,2026-07-31T00:00:00
CUST00627,Lisa Guerrero,1967-11-08,"1758 John Grove Suite 498, West Sara, MD 31881",michaeltorres@example.com,2026-02-09,batch_001,2026-07-31T00:00:00
CUST00628,Kyle Santiago,1976-10-21,"435 Harris Mountain, North Jenny, FM 38703",jamietyler@example.com,2023-08-01,batch_001,2026-07-31T00:00:00
CUST00629,James Love,1954-01-14,"USCGC Medina, FPO AE 33888",kingtammy@example.net,2025-01-12,batch_001,2026-07-31T00:00:00
CUST00630,Colin Villa,2008-07-13,"PSC 7894, Box 8963, APO AA 07184",ffuller@example.net,2023-04-08,batch_001,2026-07-31T00:00:00
CUST00631,Erik Taylor,1948-12-07,"14188 Anderson Court, Harrisshire, AR 01792",morganclaudia@example.com,2024-09-07,batch_001,2026-07-31T00:00:00
CUST00632,Daniel Munoz,1960-12-01,"20895 George Views Suite 389, East Christopherview, AS 64235",davismegan@example.org,2023-11-22,batch_001,2026-07-31T00:00:00
CUST00633,Stephanie Lowery,1958-01-18,"46996 Lewis Courts, South Jennifermouth, FL 97384",wjefferson@example.com,2024-05-25,batch_001,2026-07-31T00:00:00
CUST00634,Christine Nunez,1943-02-23,"0789 Massey Rest Apt. 521, Jacksonfurt, IL 29065",michael43@example.net,2025-10-15,batch_001,2026-07-31T00:00:00
CUST00635,Shawn Yu,1961-05-11,"170 Armstrong Lake, Smithchester, VA 58870",qdavis@example.com,2020-07-04,batch_001,2026-07-31T00:00:00
CUST00636,Zachary Mendoza,1957-02-17,"65031 Christopher Square, West Christianview, NV 20034",donald64@example.org,2021-02-27,batch_001,2026-07-31T00:00:00
CUST00637,Joseph Hall,1957-03-02,"248 Mcmahon Expressway, North Lindsey, ID 79489",jonescraig@example.org,2023-07-19,batch_001,2026-07-31T00:00:00
CUST00638,Kristen Wood,1977-11-30,"05248 Vincent Centers, Taylorton, NJ 20936",johnlynch@example.com,2018-09-10,batch_001,2026-07-31T00:00:00
CUST00639,Jesse Mckinney,1980-08-18,"901 Taylor Heights, Ricefort, TX 99363",upierce@example.com,2021-05-01,batch_001,2026-07-31T00:00:00
CUST00640,Matthew Stone,2002-01-23,"8628 Martinez Camp Apt. 195, Darrellchester, MS 49776",nathaniel57@example.org,2025-07-06,batch_001,2026-07-31T00:00:00
CUST00641,Reginald Christensen,1992-08-21,"463 Allen Forks, Kingfurt, NH 93940",nwatson@example.com,2016-11-07,batch_001,2026-07-31T00:00:00
CUST00642,Danielle Thomas,1950-06-15,"5057 Eaton Well, Millerport, MI 67683",ewilliams@example.org,2023-08-27,batch_001,2026-07-31T00:00:00
CUST00643,Thomas Martin,1965-07-25,"Unit 2840 Box 0838, DPO AA 03665",zpowell@example.net,2022-03-21,batch_001,2026-07-31T00:00:00
CUST00644,Dominique Williams,1972-11-25,"7680 Yolanda Drives, Riveramouth, VA 95206",douglas31@example.net,2022-06-25,batch_001,2026-07-31T00:00:00
CUST00645,Andrew Turner,1967-09-14,"USNS Barnes, FPO AE 55235",ronaldcarroll@example.org,2021-04-09,batch_001,2026-07-31T00:00:00
CUST00646,Andrew Acosta,1941-08-13,"2711 Cain Junctions, Melissaview, OK 73713",crystal58@example.org,2017-09-15,batch_001,2026-07-31T00:00:00
CUST00647,Renee Osborne,1987-01-08,"7458 Porter Stream, Williamsshire, ME 34270",hollowayangela@example.org,2025-06-05,batch_001,2026-07-31T00:00:00
CUST00648,Christian Garcia,2001-07-07,"6695 Miller Estates Suite 150, Sullivanchester, FL 54794",vgood@example.com,2020-10-23,batch_001,2026-07-31T00:00:00
CUST00649,Shawn Vasquez,1949-08-16,"USNS Sullivan, FPO AE 38048",cherylmartin@example.org,2021-10-26,batch_001,2026-07-31T00:00:00
CUST00650,Sarah Garcia,1982-04-09,"86712 Aaron Fall, East Kellystad, TX 90372",elizabeth10@example.org,2022-02-22,batch_001,2026-07-31T00:00:00
CUST00651,Andrew Aguilar,2002-05-04,"Unit 9032 Box 6714, DPO AP 38699",deckerjustin@example.org,2021-11-06,batch_001,2026-07-31T00:00:00
CUST00652,Ricardo Robertson,1973-01-15,"406 Ortega Square, Patrickstad, NY 40661",desiree66@example.org,2021-01-01,batch_001,2026-07-31T00:00:00
CUST00653,Christine Murray,1995-08-18,"09121 Martinez Stream, West Kayleemouth, OR 31860",hgraham@example.net,2021-11-04,batch_001,2026-07-31T00:00:00
CUST00654,Elizabeth Fletcher,1987-01-20,"PSC 0526, Box 3510, APO AE 33554",flopez@example.com,2025-12-21,batch_001,2026-07-31T00:00:00
CUST00655,Shari Cole,1986-05-18,"592 Misty Expressway Suite 617, Eddieberg, IA 67712",mkrueger@example.net,2023-05-05,batch_001,2026-07-31T00:00:00
CUST00656,Adam Ward,1953-11-11,"0178 Jason Isle Suite 868, South Kayla, VA 05668",lmaynard@example.net,2023-09-09,batch_001,2026-07-31T00:00:00
CUST00657,Joyce Mitchell MD,1961-04-29,"6799 Sandra Village, South Joseph, MH 85967",montoyaelizabeth@example.net,2025-09-29,batch_001,2026-07-31T00:00:00
CUST00658,Joseph Williams,1958-11-15,"USCGC Allen, FPO AE 56863",benjaminleah@example.com,2023-04-19,batch_001,2026-07-31T00:00:00
CUST00659,Alexis Oneill,1978-01-01,"079 Amanda Plaza Suite 136, Gregoryborough, AL 90296",pmiller@example.org,2025-11-17,batch_001,2026-07-31T00:00:00
CUST00660,Carlos Curry,2005-12-29,"462 Harris Estates Suite 144, North Tonyaville, PR 00937",camerontownsend@example.com,2024-09-28,batch_001,2026-07-31T00:00:00
CUST00661,Jerry Martinez,2007-04-04,"179 Floyd Knolls Apt. 526, New Sierra, VA 02890",gayfrancis@example.com,2019-08-17,batch_001,2026-07-31T00:00:00
CUST00662,Kimberly Mendoza,1952-06-28,"PSC 5056, Box 6186, APO AE 22458",christinewebb@example.net,2025-06-18,batch_001,2026-07-31T00:00:00
CUST00663,Natasha Davenport,1992-06-18,"USCGC Grant, FPO AA 51261",dawn30@example.org,2017-09-19,batch_001,2026-07-31T00:00:00
CUST00664,Henry Huerta,1972-05-26,"USNV Perry, FPO AE 41810",gmiller@example.net,2019-10-12,batch_001,2026-07-31T00:00:00
CUST00665,Leslie Kennedy,1976-12-31,"90534 Carter Walks Apt. 042, Lisaberg, KY 45057",hzavala@example.com,2026-02-17,batch_001,2026-07-31T00:00:00
CUST00666,Elijah Johnson,1946-09-09,"Unit 5212 Box 8991, DPO AA 15361",villegaskatrina@example.com,2025-01-21,batch_001,2026-07-31T00:00:00
CUST00667,Daniel Mcbride,2002-01-13,"8818 Escobar Shoals Suite 160, Samanthachester, CO 86732",joseph02@example.org,2018-09-07,batch_001,2026-07-31T00:00:00
CUST00668,John Harrison,1947-12-30,"2983 Matthew Ferry, Lake Lisafort, IL 96019",garybernard@example.net,2016-08-24,batch_001,2026-07-31T00:00:00
CUST00669,Abigail Mills MD,1976-04-06,"8306 Christina Loaf, Port Allison, MI 18354",abeltran@example.net,2020-08-21,batch_001,2026-07-31T00:00:00
CUST00670,Scott Martinez,1961-02-25,"16934 Barbara Via Apt. 320, East Julie, VA 09964",nanderson@example.com,2021-02-28,batch_001,2026-07-31T00:00:00
CUST00671,Marissa Love,2006-11-13,"1537 Dylan Rue, Port Miguelchester, MS 86945",scott32@example.org,2018-06-30,batch_001,2026-07-31T00:00:00
CUST00672,Maxwell Arroyo,1968-01-24,"6040 Ford Circle Apt. 784, South Daniel, LA 18942",joshua60@example.com,2022-08-03,batch_001,2026-07-31T00:00:00
CUST00673,Jesse Turner,1995-01-17,"476 Martin Forges, Conwaytown, WI 31227",jcruz@example.net,2025-08-03,batch_001,2026-07-31T00:00:00
CUST00674,Nathan Boyd,1985-04-05,"846 Bryan Coves Apt. 443, Lake Tyler, NC 00942",susanmurphy@example.net,2019-01-16,batch_001,2026-07-31T00:00:00
CUST00675,Glenn Castillo,1993-12-15,"644 Courtney Skyway Suite 167, East Mark, PR 44560",thomas38@example.com,2026-01-01,batch_001,2026-07-31T00:00:00
CUST00676,Justin Norris,1975-02-20,"60376 Curtis Plaza, Higginsbury, WA 28620",nathanjohnson@example.org,2020-06-14,batch_001,2026-07-31T00:00:00
CUST00677,William Day,2004-01-24,"53911 Moody Plain, North Thomas, KY 71420",dianedominguez@example.org,2026-07-29,batch_001,2026-07-31T00:00:00
CUST00678,Cindy Jenkins,2004-08-10,"939 Smith Square, Sarahmouth, OH 91719",anthonydavis@example.net,2024-11-27,batch_001,2026-07-31T00:00:00
CUST00679,Cheryl Short,1980-06-25,"233 David Mount, Lake Shannonberg, AZ 15951",michaelsherman@example.com,2016-12-10,batch_001,2026-07-31T00:00:00
CUST00680,Arthur Santana,1998-05-20,"50826 Christopher Estate, North Eric, CT 57467",hollymartin@example.net,2023-12-05,batch_001,2026-07-31T00:00:00
CUST00681,Kiara Santana,1976-12-25,"2989 Stephanie Manors Apt. 974, Jorgeborough, VA 03126",richardbennett@example.net,2026-01-08,batch_001,2026-07-31T00:00:00
CUST00682,Ashley Neal,1973-03-19,"PSC 3818, Box 7692, APO AE 68390",amberhall@example.org,2018-02-16,batch_001,2026-07-31T00:00:00
CUST00683,Lisa Wilkerson,1957-12-11,"8814 Rivera Dale, North Ronald, PR 27410",leahwalker@example.net,2017-06-11,batch_001,2026-07-31T00:00:00
CUST00684,Jeremy Henderson,1947-08-30,"572 Haney Junction, North Kathytown, WI 87648",royjennifer@example.org,2025-05-23,batch_001,2026-07-31T00:00:00
CUST00685,Rhonda Willis,1963-07-11,"1785 Kristin Summit, Lake Edwardstad, MD 50183",nortonwilliam@example.com,2019-05-21,batch_001,2026-07-31T00:00:00
CUST00686,Bradley Hess,1992-10-15,"7812 Madison Heights Apt. 567, New Ryantown, AZ 79040",smithjose@example.org,2021-07-20,batch_001,2026-07-31T00:00:00
CUST00687,Ann Ramsey,1967-04-18,"6913 Hernandez Grove, West Mike, AR 48500",lorraine96@example.net,2022-06-15,batch_001,2026-07-31T00:00:00
CUST00688,Lori Brown,1944-06-05,"987 Buchanan Brook Apt. 210, Laurieville, VI 51838",mary18@example.net,2025-12-24,batch_001,2026-07-31T00:00:00
CUST00689,Nicholas Hayden,1991-11-01,"3836 Allison Circles Suite 432, East Heatherport, VA 22897",rickey20@example.org,2016-08-30,batch_001,2026-07-31T00:00:00
CUST00690,Bianca Bowen,2001-06-04,"14417 Lynn Highway Suite 255, Michelleton, HI 53359",jenniferwood@example.net,2023-09-21,batch_001,2026-07-31T00:00:00
CUST00691,Tyler Pruitt,1988-01-26,"6464 Palmer Via, Port Jeremiahville, MN 32147",mariahill@example.net,2019-10-05,batch_001,2026-07-31T00:00:00
CUST00692,Ronald Brown,2007-10-04,"0433 Jason Track, Jameshaven, KS 77456",nicole16@example.net,2018-11-12,batch_001,2026-07-31T00:00:00
CUST00693,Ann Dawson,1956-09-04,"180 John Course Apt. 732, Schneiderbury, AZ 53801",cummingsstephanie@example.net,2018-12-26,batch_001,2026-07-31T00:00:00
CUST00694,Vernon Esparza Jr.,1993-05-22,"USCGC Maxwell, FPO AP 69244",smithjack@example.org,2025-03-03,batch_001,2026-07-31T00:00:00
CUST00695,Felicia Perry,1996-09-29,"65774 Morrow Ranch, Lake Rebeccatown, FM 81904",peterlynch@example.com,2017-01-29,batch_001,2026-07-31T00:00:00
CUST00696,Larry Stokes,1950-09-10,"84336 Cooper Burg Apt. 632, East Catherine, NY 19884",allenjoshua@example.com,2017-07-26,batch_001,2026-07-31T00:00:00
CUST00697,Timothy Dominguez,1970-01-16,"88605 Kimberly Junction Apt. 766, Burchton, NC 91423",wilsondavid@example.org,2017-11-19,batch_001,2026-07-31T00:00:00
CUST00698,Shelly Brown,2005-06-20,"6910 Moore Motorway Apt. 531, Port Jeffery, MH 45135",brett68@example.net,2017-04-18,batch_001,2026-07-31T00:00:00
CUST00699,Karina Boone,1954-01-22,"384 Brady Canyon, East Kevinside, AL 69682",vdeleon@example.com,2024-01-01,batch_001,2026-07-31T00:00:00
CUST00700,Susan Doyle,1957-09-26,"33591 Curtis Land Suite 090, Victoriashire, VT 08999",justin20@example.net,2024-09-10,batch_001,2026-07-31T00:00:00
CUST00701,Carol Avila,1972-05-31,"964 Davis Pike Suite 285, Walshshire, IA 19759",annette40@example.net,2020-12-03,batch_001,2026-07-31T00:00:00
CUST00702,Rebecca Vincent,2001-12-17,"USNS Rodriguez, FPO AE 39092",kimberlyjordan@example.net,2021-11-05,batch_001,2026-07-31T00:00:00
CUST00703,Michael Branch,1979-09-05,"176 Dawn Extensions Apt. 483, West Elizabeth, PA 47923",rachelmeyer@example.net,2017-07-06,batch_001,2026-07-31T00:00:00
CUST00704,Sara Pollard,2002-08-16,"1299 Peterson Plaza Apt. 695, South Donna, CO 72671",wberry@example.com,2026-02-15,batch_001,2026-07-31T00:00:00
CUST00705,Claire Hoffman,1984-06-22,"238 Duncan Terrace, West Meganview, MO 71472",johnhogan@example.com,2017-10-26,batch_001,2026-07-31T00:00:00
CUST00706,Steven Bond,1999-05-28,"3008 Burke Loaf, North Darrylfurt, NY 26985",millerjames@example.net,2025-03-29,batch_001,2026-07-31T00:00:00
CUST00707,Austin Rose,1964-05-13,"49150 Russell Fall Apt. 976, North Jessica, IN 84059",joseph77@example.com,2017-01-05,batch_001,2026-07-31T00:00:00
CUST00708,Anthony Hahn,1982-05-01,"2925 Angela Course Suite 760, New Holly, PA 09255",andrew88@example.com,2021-05-15,batch_001,2026-07-31T00:00:00
CUST00709,Jesse Davis,1946-02-23,"2356 Tanner Common Suite 032, North Carrietown, MS 15262",karenyoung@example.net,2019-11-26,batch_001,2026-07-31T00:00:00
CUST00710,Jon Berry,2008-03-27,"37184 Baker Causeway, Port Beth, AR 18962",ccarter@example.org,2021-12-26,batch_001,2026-07-31T00:00:00
CUST00711,Anthony Hayes,1970-12-02,"7812 Figueroa Parks, East Charles, MP 21666",humphreypatricia@example.net,2021-04-07,batch_001,2026-07-31T00:00:00
CUST00712,Corey Stone,1978-01-26,"Unit 2985 Box 7973, DPO AA 30861",nancycharles@example.org,2019-09-07,batch_001,2026-07-31T00:00:00
CUST00713,George Armstrong,1978-07-26,"9866 Shawn Squares, South Michellefort, IA 53596",michellesmith@example.org,2021-12-30,batch_001,2026-07-31T00:00:00
CUST00714,Matthew Jackson,1967-03-05,"2165 Kimberly Plains Suite 146, Lake Charles, SD 23335",holdendominic@example.net,2025-10-11,batch_001,2026-07-31T00:00:00
CUST00715,Tina Grant,1968-08-28,"69984 Stephanie Crossroad Apt. 509, Lake Meagan, NE 94766",william42@example.com,2024-05-07,batch_001,2026-07-31T00:00:00
CUST00716,Lisa Spencer,2001-08-19,"5788 Rivers Terrace, Lake Dianaland, MI 23968",paulamorales@example.com,2022-04-29,batch_001,2026-07-31T00:00:00
CUST00717,Valerie Lopez,1974-01-29,"USCGC Hill, FPO AE 80982",ballelizabeth@example.com,2019-11-30,batch_001,2026-07-31T00:00:00
CUST00718,Joshua Vincent MD,1975-04-04,"225 Troy Summit Apt. 858, South Dawnbury, MN 07299",nicole56@example.com,2025-08-19,batch_001,2026-07-31T00:00:00
CUST00719,Laura Johnson,1991-02-05,"255 King Pine Suite 796, East Michael, GU 80636",jacob32@example.net,2022-03-24,batch_001,2026-07-31T00:00:00
CUST00720,Rachel Greer,1977-10-30,"915 Martin Common, Jacobmouth, VA 63848",robincooper@example.org,2026-05-19,batch_001,2026-07-31T00:00:00
CUST00721,Tracy Walker,2007-06-30,"951 Michelle Parkways Apt. 865, Anthonyfort, NC 34953",jherring@example.com,2026-05-15,batch_001,2026-07-31T00:00:00
CUST00722,Patricia Mitchell,1942-08-23,"49189 Sara Creek, Georgeburgh, AR 26603",brandi40@example.org,2022-01-12,batch_001,2026-07-31T00:00:00
CUST00723,Eric Nguyen,1998-08-23,"3132 Harvey Forest Suite 781, Port Ronald, PR 42092",smithchristine@example.org,2022-10-11,batch_001,2026-07-31T00:00:00
CUST00724,Randy Miller,1989-01-07,"6981 Hoffman Rapids, Port Timothy, KY 47816",jimmypalmer@example.net,2018-06-08,batch_001,2026-07-31T00:00:00
CUST00725,Steve Mcconnell,1999-11-11,"0598 Sparks Mission Suite 442, South Janice, NY 44709",amber59@example.com,2022-07-04,batch_001,2026-07-31T00:00:00
CUST00726,Emily Marquez,2007-03-20,"249 Tammy Valleys, Duketown, DC 01321",williamslaurie@example.com,2022-10-08,batch_001,2026-07-31T00:00:00
CUST00727,Sherry Jones,1985-01-27,"5130 Morgan Bypass, Lake Cynthia, OH 97252",evelyncampbell@example.com,2020-06-26,batch_001,2026-07-31T00:00:00
CUST00728,Janet Willis,1999-07-01,"Unit 7273 Box 6774, DPO AP 54670",julieanderson@example.net,2025-06-03,batch_001,2026-07-31T00:00:00
CUST00729,Donna Herring,1991-11-07,"81231 James Divide, Lake Kevinland, AR 49935",mcclureapril@example.com,2019-06-08,batch_001,2026-07-31T00:00:00
CUST00730,Mitchell Ford,1959-06-08,"6817 Kristin Keys, Marshallview, WA 48104",timothy62@example.net,2024-11-27,batch_001,2026-07-31T00:00:00
CUST00731,Luke Dixon,2005-09-09,"8316 Andrea Falls Suite 172, South Graceborough, NV 94505",sararios@example.org,2017-02-19,batch_001,2026-07-31T00:00:00
CUST00732,Christopher Ray,2006-09-06,"621 Lloyd Shoals, Lake Kevinside, OH 19358",peggynguyen@example.com,2017-01-28,batch_001,2026-07-31T00:00:00
CUST00733,Savannah Fernandez,1989-05-19,"6177 Robinson Valley Suite 430, Joseview, OK 65790",whitesean@example.net,2020-09-27,batch_001,2026-07-31T00:00:00
CUST00734,Christopher Jones,1971-06-10,"978 Higgins Forest, Zimmermanmouth, DC 76467",davidjohnson@example.net,2016-08-16,batch_001,2026-07-31T00:00:00
CUST00735,Jackson Daniel,1992-10-20,"320 Joseph Plaza, Obrienmouth, NC 66490",nbailey@example.net,2018-04-04,batch_001,2026-07-31T00:00:00
CUST00736,Heather Young,1991-12-08,"30443 Brewer Via, Danielland, MI 21866",monicaduncan@example.org,2022-11-29,batch_001,2026-07-31T00:00:00
CUST00737,Carol Mcintosh,1943-02-18,"USNV Beck, FPO AE 40188",timothyvaldez@example.net,2019-02-13,batch_001,2026-07-31T00:00:00
CUST00738,Rodney Buck,1976-05-18,"39719 Dustin Causeway Apt. 213, North Michelle, UT 60839",qowens@example.org,2019-11-11,batch_001,2026-07-31T00:00:00
CUST00739,Nichole Davis,1945-03-21,"22019 Sean Stream Suite 873, New Julie, IL 05353",ashley66@example.com,2018-07-16,batch_001,2026-07-31T00:00:00
CUST00740,Christopher Curtis,1955-10-05,"124 Craig Haven Apt. 868, West Michelle, OK 87653",tina29@example.com,2025-09-13,batch_001,2026-07-31T00:00:00
CUST00741,Rodney Lee,1967-02-19,"610 Jennifer Port Suite 297, Port Coltonmouth, DE 19097",james58@example.com,2018-10-09,batch_001,2026-07-31T00:00:00
CUST00742,Phillip Anderson,1978-04-20,"20270 Martinez Ridges Apt. 738, Ramirezburgh, PA 81690",ramosjennifer@example.org,2022-10-26,batch_001,2026-07-31T00:00:00
CUST00743,Alison Perez,1970-12-04,"155 Benton Estate Apt. 340, North David, RI 48104",kfrye@example.net,2023-10-31,batch_001,2026-07-31T00:00:00
CUST00744,Richard Dean,1972-04-20,"4623 Mendoza Coves Apt. 476, North Bradleyton, WI 16034",williamsanthony@example.net,2022-11-07,batch_001,2026-07-31T00:00:00
CUST00745,Ashlee Ross,1995-07-06,"2680 Zachary Valleys, Sethberg, OR 04496",mccannjanet@example.com,2023-08-07,batch_001,2026-07-31T00:00:00
CUST00746,Jennifer Garcia,1947-04-29,"1045 Vasquez Flats, Thompsonborough, AK 02785",iwhite@example.net,2019-11-27,batch_001,2026-07-31T00:00:00
CUST00747,Michael Carlson,1987-08-10,"80533 Moore Valleys, Weekschester, FM 52094",fmorrow@example.com,2022-08-16,batch_001,2026-07-31T00:00:00
CUST00748,Sandra Lyons,1981-05-25,"46661 Hanna Road, Port Carlosville, AR 59081",hestrada@example.com,2017-09-02,batch_001,2026-07-31T00:00:00
CUST00749,Deborah Young,1944-02-14,"949 Leslie Shores, West Kristenton, KS 80528",mortonkenneth@example.net,2016-11-30,batch_001,2026-07-31T00:00:00
CUST00750,Jennifer Obrien,1997-06-30,"Unit 3137 Box 9716, DPO AA 79535",curtis61@example.org,2025-01-12,batch_001,2026-07-31T00:00:00
CUST00751,Anthony Castillo,1956-04-18,"56238 Aguilar Crescent, Romanland, VT 35118",nicolecharles@example.net,2024-10-30,batch_001,2026-07-31T00:00:00
CUST00752,Anthony Murray,1951-01-28,"PSC 2116, Box 0204, APO AE 72033",younggabrielle@example.net,2017-01-10,batch_001,2026-07-31T00:00:00
CUST00753,Stacey Deleon,1980-06-22,"17088 Reilly Pass, Port Loriland, ND 52798",kevin22@example.org,2025-04-22,batch_001,2026-07-31T00:00:00
CUST00754,Nancy Hall,1972-04-15,"Unit 8570 Box 8200, DPO AA 71292",barnesluke@example.net,2022-08-21,batch_001,2026-07-31T00:00:00
CUST00755,Jamie Miller,1947-12-15,"128 Craig Ramp, Laceychester, OH 66651",stevengoodwin@example.net,2019-08-22,batch_001,2026-07-31T00:00:00
CUST00756,Amber Williams,2005-10-08,"1961 Simmons Park, East Tony, TX 91062",mathewbennett@example.org,2024-09-11,batch_001,2026-07-31T00:00:00
CUST00757,Shannon Hopkins,1994-08-04,"0964 Reyes Gateway, Selenachester, AK 35319",jhunt@example.org,2024-05-29,batch_001,2026-07-31T00:00:00
CUST00758,George Cruz,1971-10-16,"364 Aaron Ports Apt. 486, New Blake, NE 18518",randall28@example.com,2016-10-11,batch_001,2026-07-31T00:00:00
CUST00759,Alex Whitaker,1982-07-17,"19359 Yolanda Well, Lake Richard, IN 28464",acortez@example.com,2026-05-17,batch_001,2026-07-31T00:00:00
CUST00760,David Hawkins,1954-04-11,"025 Christensen Park Apt. 419, South Louiston, VI 25830",joshua96@example.com,2020-10-22,batch_001,2026-07-31T00:00:00
CUST00761,Patrick Mosley,1999-02-02,"USS Barton, FPO AE 92276",brooke98@example.net,2017-08-27,batch_001,2026-07-31T00:00:00
CUST00762,Susan Smith,1944-06-04,"41746 Kristin Villages, Cindyfurt, SC 49853",amy98@example.net,2025-11-18,batch_001,2026-07-31T00:00:00
CUST00763,Lauren Horton,1996-05-05,"694 Mark Radial Suite 501, New Dennisburgh, AR 90606",pvang@example.net,2020-10-25,batch_001,2026-07-31T00:00:00
CUST00764,Amanda Wilson,2004-10-12,"039 Clark Island Apt. 621, Markton, MS 64137",williamsbrooke@example.net,2023-01-26,batch_001,2026-07-31T00:00:00
CUST00765,Elizabeth Mata,1980-07-13,"6648 Reynolds Loop, West Kristinaview, GA 02382",leroy57@example.com,2021-09-14,batch_001,2026-07-31T00:00:00
CUST00766,Laura Patton,1964-09-16,"38906 John Tunnel Suite 466, Port Cynthia, WI 55385",jackie01@example.com,2025-09-22,batch_001,2026-07-31T00:00:00
CUST00767,Hannah Schaefer,1984-08-17,"21224 Sylvia Union Suite 677, Richardmouth, RI 09326",fjohnson@example.org,2022-04-06,batch_001,2026-07-31T00:00:00
CUST00768,Thomas Christian,1960-09-11,"860 Kathleen Plain Apt. 179, Olsonfort, OH 17258",nancythompson@example.net,2018-04-12,batch_001,2026-07-31T00:00:00
CUST00769,Richard Smith,2001-08-19,"64261 Jessica Expressway Apt. 384, Lake Kathleen, NJ 45347",russellhorton@example.net,2022-09-04,batch_001,2026-07-31T00:00:00
CUST00770,Julian Beltran,1967-11-02,"8242 Emily Square Apt. 854, Lauraview, AR 04621",pscott@example.com,2025-08-20,batch_001,2026-07-31T00:00:00
CUST00771,Charles Gonzalez,1960-12-26,"32748 Fleming River, South Samuelfurt, WV 27538",elizabethnewman@example.net,2024-07-12,batch_001,2026-07-31T00:00:00
CUST00772,Andre Dillon MD,1992-02-03,"75080 Catherine Loaf, Port Bobby, MA 94185",arthurlynch@example.org,2019-05-30,batch_001,2026-07-31T00:00:00
CUST00773,Brianna Hanson,1963-09-11,"0018 Jennifer Locks, Wellsport, NY 09277",lreed@example.com,2025-11-09,batch_001,2026-07-31T00:00:00
CUST00774,Tina Green,1958-11-14,"517 Shannon Tunnel, North Darlenemouth, IA 84865",thomasstephen@example.net,2020-11-27,batch_001,2026-07-31T00:00:00
CUST00775,Nancy Lara,1976-06-15,"882 Kevin Island Suite 927, West Maryberg, KS 49894",benjamindavis@example.net,2020-12-04,batch_001,2026-07-31T00:00:00
CUST00776,Jane King,1982-04-15,"397 Adrienne Freeway, East Theresaside, NM 04444",kmora@example.net,2025-10-10,batch_001,2026-07-31T00:00:00
CUST00777,Kayla Williams,1955-11-16,"21010 Jerry Alley, North Heatherfurt, NH 57382",bwilson@example.net,2019-07-07,batch_001,2026-07-31T00:00:00
CUST00778,Megan Espinoza,1998-10-30,"3561 Brown Stream, New Keith, MD 85681",daniellemiller@example.net,2026-01-27,batch_001,2026-07-31T00:00:00
CUST00779,Desiree Logan,1992-12-18,"54695 Austin Flat, South Maryfurt, PW 24405",woodlisa@example.com,2017-05-21,batch_001,2026-07-31T00:00:00
CUST00780,Benjamin Smith,2006-05-25,"6641 Alexander Rue Suite 541, Lake Marybury, LA 00708",gweaver@example.com,2023-01-12,batch_001,2026-07-31T00:00:00
CUST00781,Julie Mills,1983-05-15,"6834 Nicholas Stream, Mooremouth, WY 02522",ambergrant@example.net,2021-02-25,batch_001,2026-07-31T00:00:00
CUST00782,Joseph Fleming,2002-09-01,"0596 Michael Vista, New Shawnfurt, AK 91361",davidharding@example.org,2026-03-16,batch_001,2026-07-31T00:00:00
CUST00783,Victor Boyd,1970-12-13,"0418 Kathleen Ports, Sarahland, WY 60923",matthew51@example.com,2022-09-05,batch_001,2026-07-31T00:00:00
CUST00784,Brandon Adkins,1974-09-11,"211 Juan Rest Suite 264, East Donald, NJ 44314",colelisa@example.com,2024-05-09,batch_001,2026-07-31T00:00:00
CUST00785,Carlos Morrow,1990-08-23,"7056 Aaron Ports Apt. 257, Lake Autumnton, CA 83354",trobinson@example.com,2022-10-24,batch_001,2026-07-31T00:00:00
CUST00786,Julia Lewis,1969-06-24,"82895 Smith Corners Suite 882, Lake Jose, NV 32006",taylorrobert@example.com,2021-04-05,batch_001,2026-07-31T00:00:00
CUST00787,Rebecca Brooks,2005-08-27,"8011 Villegas Ridge, Port Steven, AS 14815",edwardsronald@example.net,2025-10-21,batch_001,2026-07-31T00:00:00
CUST00788,Crystal Montoya,2001-06-21,"230 Steven Valleys, Wheelertown, AL 63922",rebecca18@example.net,2017-04-28,batch_001,2026-07-31T00:00:00
CUST00789,Erin Carter,1995-01-05,"876 Michelle Loop, Davidview, KY 62395",gutierrezjessica@example.net,2021-11-22,batch_001,2026-07-31T00:00:00
CUST00790,Vanessa Harris,1995-07-18,"10450 Michael Points, Walkerburgh, CA 61878",jason57@example.com,2025-05-03,batch_001,2026-07-31T00:00:00
CUST00791,Thomas Fisher,1977-03-28,"606 Lee Plaza Apt. 448, New Kevin, HI 42171",patrickjarvis@example.net,2020-09-11,batch_001,2026-07-31T00:00:00
CUST00792,Chad Williams,2007-07-10,"4065 Harvey Knoll Apt. 562, New Ian, GU 01776",fernandezmathew@example.com,2021-08-25,batch_001,2026-07-31T00:00:00
CUST00793,Michael Cross DDS,1948-11-13,"11786 Carolyn Spur, East Markport, VT 58852",sbrown@example.org,2017-04-21,batch_001,2026-07-31T00:00:00
CUST00794,Marc Calhoun,1953-01-09,"120 Elizabeth Falls Suite 595, North Ericchester, WV 92203",millerdaniel@example.org,2016-12-25,batch_001,2026-07-31T00:00:00
CUST00795,Hannah Yates,2000-04-17,"9507 Williams Village Suite 173, South Brooke, AR 46882",dawn31@example.org,2019-09-11,batch_001,2026-07-31T00:00:00
CUST00796,Michael Robinson,1942-03-29,"91045 Sharon Wells, South Brandon, RI 92084",caleb84@example.net,2023-04-05,batch_001,2026-07-31T00:00:00
CUST00797,Wanda Rogers,1983-04-28,"553 Parks Junctions, North Michael, CA 04860",russelltommy@example.net,2018-03-05,batch_001,2026-07-31T00:00:00
CUST00798,Jeffrey Sloan,1942-06-20,"86774 Kimberly Garden, Masonberg, VT 29049",ashleyroberts@example.net,2016-11-27,batch_001,2026-07-31T00:00:00
CUST00799,Alicia Long,1989-02-19,"5032 Poole Cliffs, Lewisfurt, MD 33937",rachelwhite@example.org,2022-12-16,batch_001,2026-07-31T00:00:00
CUST00800,Kevin Burton,1972-11-02,"34511 Jo Bypass, Lake Pattychester, MP 89206",kellyadam@example.net,2025-09-20,batch_001,2026-07-31T00:00:00
CUST00801,Dana Hernandez,1979-05-27,"PSC 1667, Box 3290, APO AA 89412",susan75@example.net,2023-08-16,batch_001,2026-07-31T00:00:00
CUST00802,Scott Valencia,1979-06-13,"2603 Robert Unions Apt. 027, Michaelburgh, CA 34033",blucero@example.net,2025-10-26,batch_001,2026-07-31T00:00:00
CUST00803,Jeremy Davis,1982-02-15,"80236 Corey Underpass, North Michael, PW 69239",boydrenee@example.net,2018-09-22,batch_001,2026-07-31T00:00:00
CUST00804,Jessica Mejia,1941-11-14,"558 Jessica Island, Vaughnfort, GA 92772",jameszachary@example.net,2022-10-22,batch_001,2026-07-31T00:00:00
CUST00805,Karen Cannon,1945-01-02,"86928 Nolan Unions, Martinport, VI 07502",cowandevin@example.net,2022-05-11,batch_001,2026-07-31T00:00:00
CUST00806,Anthony Arnold,1992-11-20,"322 Johnathan Harbors, Tonyview, SD 28212",sandradalton@example.net,2024-09-09,batch_001,2026-07-31T00:00:00
CUST00807,Troy Ward,1949-01-16,"020 Barry Fords, West Sharonberg, IN 17697",jenniferjimenez@example.org,2017-09-14,batch_001,2026-07-31T00:00:00
CUST00808,Mitchell Williams,1988-11-26,"165 Richard Locks, North Evelyn, GU 08029",jennifer93@example.com,2018-05-03,batch_001,2026-07-31T00:00:00
CUST00809,Steven Davis,1972-09-02,"02916 Terry Lane, Port Shirleyshire, WA 70085",davidglover@example.com,2024-05-25,batch_001,2026-07-31T00:00:00
CUST00810,Andrea Hughes,1958-06-14,"16708 Michael Point, Tanyachester, MP 52045",cfinley@example.com,2025-10-14,batch_001,2026-07-31T00:00:00
CUST00811,Angela Hunt,1957-06-29,"49444 Scott Meadows Suite 349, Lake Jeffrey, MT 45562",turnercassandra@example.org,2023-04-14,batch_001,2026-07-31T00:00:00
CUST00812,Christopher Taylor,1972-06-12,"42436 Samantha Streets, Shelleyside, UT 42517",emily18@example.net,2019-10-23,batch_001,2026-07-31T00:00:00
CUST00813,Katherine Downs,1984-11-15,"USS Singh, FPO AA 19836",jennifersolomon@example.net,2017-04-01,batch_001,2026-07-31T00:00:00
CUST00814,Deborah Harris,1947-05-04,"47250 Schmidt Fork, West Stacy, GU 05053",chrismccarthy@example.com,2026-04-17,batch_001,2026-07-31T00:00:00
CUST00815,Mr. William Adams PhD,1999-04-23,"947 Flynn Locks Suite 535, South Nathan, NJ 36002",uhughes@example.net,2025-07-31,batch_001,2026-07-31T00:00:00
CUST00816,Robert Jordan,1994-06-13,"PSC 2125, Box 4508, APO AP 01539",sara94@example.net,2025-02-18,batch_001,2026-07-31T00:00:00
CUST00817,James Thomas,1947-07-15,"664 White Walk Apt. 074, East Micheal, VT 77637",bakerpaul@example.com,2022-05-24,batch_001,2026-07-31T00:00:00
CUST00818,Lauren Wright,1945-02-28,"PSC 6145, Box 4307, APO AP 54587",dianeellis@example.org,2021-01-31,batch_001,2026-07-31T00:00:00
CUST00819,Matthew Simon,2006-12-24,"21158 Davis Point Suite 523, Lisaview, WA 23598",gsmall@example.com,2016-11-20,batch_001,2026-07-31T00:00:00
CUST00820,Marie Shelton,1959-04-04,"20865 Jeffrey Mills Suite 729, Rossmouth, MT 25181",taylorrodriguez@example.org,2021-02-14,batch_001,2026-07-31T00:00:00
CUST00821,Lori Howard,1985-07-09,"105 Banks Shoals Apt. 002, Gatesburgh, VA 17281",parkerluis@example.net,2017-05-16,batch_001,2026-07-31T00:00:00
CUST00822,Alexander Turner,1999-03-13,"Unit 1368 Box 1720, DPO AE 16442",nicholasreed@example.net,2019-11-23,batch_001,2026-07-31T00:00:00
CUST00823,Casey Le,1952-01-26,"735 Jennifer Ridges, Margaretborough, PW 31254",garybowman@example.com,2025-05-24,batch_001,2026-07-31T00:00:00
CUST00824,Lindsey Thompson,1957-01-05,"353 Jeremy Meadow Apt. 850, Sanderston, OH 60678",dixonpaul@example.com,2019-10-25,batch_001,2026-07-31T00:00:00
CUST00825,Renee Gallegos,1995-03-13,"07126 Michael Vista, New Erica, SC 24472",stuarttrevor@example.net,2018-08-20,batch_001,2026-07-31T00:00:00
CUST00826,Deanna Powell,1971-03-01,"2233 Donald Estates Apt. 194, Wendystad, OH 88365",jenniferortega@example.net,2021-01-14,batch_001,2026-07-31T00:00:00
CUST00827,Tyler Sullivan,1984-07-16,"50637 Carl Rue Apt. 804, Suttonfort, KY 14203",adamcaldwell@example.org,2019-09-18,batch_001,2026-07-31T00:00:00
CUST00828,Patricia Delgado,1999-11-19,"136 Richard Centers, Elizabethbury, OK 94885",ysandoval@example.org,2026-02-01,batch_001,2026-07-31T00:00:00
CUST00829,Amanda Flores,1962-12-08,"151 Madden Grove, North Ashleemouth, MA 56634",andre19@example.net,2021-04-16,batch_001,2026-07-31T00:00:00
CUST00830,Joanne Crawford,1967-03-01,"0204 Ryan Estate, North Cindyfort, CT 18320",hernandezcharles@example.org,2020-03-06,batch_001,2026-07-31T00:00:00
CUST00831,Jessica Potts,1980-06-22,"0987 Charles Meadow Suite 731, East Samuel, MS 88968",stevensmatthew@example.net,2020-09-21,batch_001,2026-07-31T00:00:00
CUST00832,Karen Stephens,2007-03-03,"943 Carrie Roads, Murphyborough, AK 67674",hunter12@example.org,2025-08-08,batch_001,2026-07-31T00:00:00
CUST00833,Heather Johnson,1952-05-14,"4974 Smith Causeway Apt. 268, Fosterport, ND 87713",tcrawford@example.net,2018-08-22,batch_001,2026-07-31T00:00:00
CUST00834,Stacey Davis,1972-01-20,"6045 Andrew Gardens Suite 537, North Brianna, MS 36204",djensen@example.com,2024-03-28,batch_001,2026-07-31T00:00:00
CUST00835,Krystal Howard,1946-12-17,"53059 Ball Fall Suite 512, South Robert, IL 56411",jimmy15@example.net,2018-06-13,batch_001,2026-07-31T00:00:00
CUST00836,Kristin Hudson,1961-04-24,"4663 Compton Terrace Suite 434, Kristenport, RI 16401",mhudson@example.net,2025-07-03,batch_001,2026-07-31T00:00:00
CUST00837,Theresa Green,1958-03-23,"94640 Dustin Causeway Suite 862, Cummingsborough, OK 88189",cory21@example.org,2020-09-14,batch_001,2026-07-31T00:00:00
CUST00838,Antonio Thompson,2002-06-06,"5485 Justin Station, Woodfort, AS 77257",michelemartinez@example.org,2026-04-18,batch_001,2026-07-31T00:00:00
CUST00839,Keith Charles,1942-04-09,"93900 Phyllis Well, Danielville, IL 96686",zcook@example.com,2017-04-23,batch_001,2026-07-31T00:00:00
CUST00840,Kevin Burton,1977-07-24,"619 Sheryl Green, Angelaborough, KS 91696",randy31@example.org,2023-03-30,batch_001,2026-07-31T00:00:00
CUST00841,Amber Harris,1956-09-28,"2203 Kyle Highway, West Richard, SD 14628",turnerelizabeth@example.net,2025-10-20,batch_001,2026-07-31T00:00:00
CUST00842,Melissa Owen,1981-01-04,"85294 Mullins Causeway, Port Desiree, SD 87357",skim@example.org,2023-08-26,batch_001,2026-07-31T00:00:00
CUST00843,Andrew Clark,1973-04-11,"85022 Henderson Junction, South Karen, VA 99315",jamesanderson@example.org,2021-01-23,batch_001,2026-07-31T00:00:00
CUST00844,Alan Rivera,1984-01-06,"30303 Jon Mountain, Jonesville, TN 56570",adiaz@example.com,2020-07-22,batch_001,2026-07-31T00:00:00
CUST00845,John Bishop,1999-10-28,"02453 Christian Extensions Apt. 984, Jacksontown, IL 36002",brandonfernandez@example.com,2023-11-04,batch_001,2026-07-31T00:00:00
CUST00846,Rebecca Lowery,1946-03-19,"222 Williams Landing Apt. 764, Blairville, MP 62928",qmorris@example.com,2026-06-22,batch_001,2026-07-31T00:00:00
CUST00847,Amber Ward,1948-10-13,"72581 Eric Rapid Apt. 956, Changport, VT 33887",staceywashington@example.net,2019-09-10,batch_001,2026-07-31T00:00:00
CUST00848,Teresa Bauer,1954-05-07,"01878 Joe Key, Aguirreton, TN 10191",fwyatt@example.com,2024-04-04,batch_001,2026-07-31T00:00:00
CUST00849,Tara George,1988-10-11,"529 Moss Track Apt. 712, East Rebecca, MS 98600",john87@example.org,2017-03-12,batch_001,2026-07-31T00:00:00
CUST00850,Dylan Thomas,1952-09-15,"549 Horn Fields Apt. 083, West Kelly, NV 02928",wayne87@example.net,2016-12-11,batch_001,2026-07-31T00:00:00
CUST00851,Alexandra Marshall,1982-05-10,"9685 Cheryl Well, Jakemouth, NM 34236",raywalters@example.org,2026-06-13,batch_001,2026-07-31T00:00:00
CUST00852,Derrick Chavez,1952-06-18,"25920 Miller Locks Suite 812, North Destiny, OK 95544",edwardmitchell@example.org,2021-12-18,batch_001,2026-07-31T00:00:00
CUST00853,Christian Stewart,1963-07-13,"63726 Margaret Stream Suite 206, Jonesview, RI 67920",lucasandrea@example.org,2023-07-25,batch_001,2026-07-31T00:00:00
CUST00854,Courtney Medina,1954-10-25,"9832 Lori Corner, Port Edwin, MP 23162",watsonkenneth@example.net,2020-01-24,batch_001,2026-07-31T00:00:00
CUST00855,Kimberly Kane,2003-08-15,"4019 Alyssa Greens Apt. 644, Port Mary, AL 06082",gthompson@example.com,2018-06-30,batch_001,2026-07-31T00:00:00
CUST00856,Dr. Joseph Parsons,1971-09-04,"USCGC Campbell, FPO AA 98665",kimberly19@example.com,2025-07-02,batch_001,2026-07-31T00:00:00
CUST00857,Matthew Rodriguez,1990-11-11,"21320 Vaughn Cape Suite 294, Port Teresa, LA 96542",kpace@example.net,2018-10-12,batch_001,2026-07-31T00:00:00
CUST00858,Scott Griffin,2000-07-01,"999 Johnston Pine Apt. 283, Lake Andreaton, IN 57122",vortiz@example.net,2018-06-26,batch_001,2026-07-31T00:00:00
CUST00859,Amy Bailey,1992-04-14,"538 Lopez Court, West Crystalmouth, AS 24023",john83@example.net,2019-06-10,batch_001,2026-07-31T00:00:00
CUST00860,Kristen Martin,1989-11-17,"990 Shannon Place, Martinmouth, WV 57667",michaelathompson@example.net,2016-08-11,batch_001,2026-07-31T00:00:00
CUST00861,Kathryn Orozco,2002-02-10,"76185 Nicole Plains, Thompsonmouth, CT 32984",xarnold@example.org,2020-02-06,batch_001,2026-07-31T00:00:00
CUST00862,Matthew Moody,1941-08-20,"921 Michael Ferry, Mclaughlinland, NC 63005",jeanette06@example.com,2017-11-05,batch_001,2026-07-31T00:00:00
CUST00863,Andrew Campos,1975-02-16,"88143 Christine Mountain, Huberville, NH 66452",gomezbrittney@example.net,2023-02-21,batch_001,2026-07-31T00:00:00
CUST00864,Kimberly Evans,1999-08-23,"026 Richardson View, Fergusonburgh, RI 46887",taylorshane@example.com,2025-08-26,batch_001,2026-07-31T00:00:00
CUST00865,Stephanie Martin,1983-07-20,"607 Tanner Prairie Apt. 747, Port Christina, NE 77868",bryan79@example.net,2025-03-17,batch_001,2026-07-31T00:00:00
CUST00866,Aaron Casey,1968-07-20,"8599 Sullivan Club Apt. 984, South Stevenport, MP 60575",jamie98@example.net,2024-10-27,batch_001,2026-07-31T00:00:00
CUST00867,Kevin Johnson,1948-11-05,"286 Mark Extension, Port Pamton, GA 52729",susanwilliams@example.com,2023-01-22,batch_001,2026-07-31T00:00:00
CUST00868,Amy Larsen,1961-04-21,"8130 Nancy Unions Apt. 574, New Brooke, NJ 34830",tranrobert@example.org,2025-12-26,batch_001,2026-07-31T00:00:00
CUST00869,Jillian Wood,1942-07-27,"05661 Newman Brook, Paulville, OH 34718",margaretirwin@example.net,2019-02-14,batch_001,2026-07-31T00:00:00
CUST00870,Keith Shaw,1999-01-22,"187 Robert Row, North Danielborough, NE 49307",williamsjoseph@example.com,2021-08-02,batch_001,2026-07-31T00:00:00
CUST00871,Kurt Williams,1962-03-14,"8652 Case Lane Apt. 215, Cherylchester, VI 63112",lesliecoleman@example.org,2020-11-13,batch_001,2026-07-31T00:00:00
CUST00872,Adam Young,1954-02-12,"USNV Gonzales, FPO AE 34398",yparker@example.com,2019-08-28,batch_001,2026-07-31T00:00:00
CUST00873,Erika Harper,1978-05-29,"13835 Tracy Common Apt. 455, North Gabriel, MP 78611",smithjohn@example.org,2021-06-28,batch_001,2026-07-31T00:00:00
CUST00874,Tara Jones,1986-05-20,"27726 Herrera Plains Apt. 958, Jennifermouth, OH 43063",henrybarnett@example.org,2019-09-22,batch_001,2026-07-31T00:00:00
CUST00875,Scott Garcia,1987-12-10,"5917 Brian Center Apt. 549, West Shaneport, KY 62316",kathyfowler@example.com,2022-06-21,batch_001,2026-07-31T00:00:00
CUST00876,Shane Dennis,1994-02-20,"71594 Gonzalez Highway Apt. 053, Dixontown, IN 26090",morenorobert@example.org,2018-12-25,batch_001,2026-07-31T00:00:00
CUST00877,Matthew Sellers,1988-06-03,"Unit 6087 Box 8828, DPO AE 46720",timothyalvarez@example.org,2020-01-01,batch_001,2026-07-31T00:00:00
CUST00878,Eugene Brown,1960-12-27,"465 Sara Stream Apt. 780, New Anneville, MI 56187",rlopez@example.com,2026-01-07,batch_001,2026-07-31T00:00:00
CUST00879,Jessica Gray,1975-05-16,"143 Lisa Dale Suite 664, Brianshire, OK 77287",norrisdaniel@example.net,2018-01-26,batch_001,2026-07-31T00:00:00
CUST00880,Darren Smith,1982-02-09,"PSC 5211, Box 8968, APO AA 38182",debraprice@example.net,2026-01-03,batch_001,2026-07-31T00:00:00
CUST00881,Elizabeth Potter,2005-05-27,"PSC 9795, Box 7285, APO AA 43570",karen28@example.net,2025-05-02,batch_001,2026-07-31T00:00:00
CUST00882,Benjamin Mcgee,1949-02-21,"48839 Roach Mountain, West Karenhaven, ME 34932",lisa43@example.com,2017-06-15,batch_001,2026-07-31T00:00:00
CUST00883,Jeanne Mills,1975-05-10,"038 Walton Vista, Port Christopherbury, RI 64947",hillsabrina@example.net,2019-04-20,batch_001,2026-07-31T00:00:00
CUST00884,Lisa Stark,1942-05-09,"Unit 9217 Box 7905, DPO AA 19874",lmiddleton@example.org,2016-12-18,batch_001,2026-07-31T00:00:00
CUST00885,Ronald Edwards,1956-08-14,"705 David Locks, Lake Julieville, OK 32106",smithsusan@example.net,2022-12-08,batch_001,2026-07-31T00:00:00
CUST00886,Mrs. Maria Edwards,1950-02-16,"90858 Melissa Stravenue Apt. 045, East Kevinmouth, IL 52990",bullocksarah@example.net,2026-05-03,batch_001,2026-07-31T00:00:00
CUST00887,James Herman,1975-05-06,"969 Jason Garden Apt. 058, Theresachester, CO 48567",shannon31@example.net,2020-01-29,batch_001,2026-07-31T00:00:00
CUST00888,Cynthia Freeman,1964-04-30,"16436 Donna Villages Apt. 772, Johnsonburgh, ND 78423",pbarajas@example.com,2023-02-22,batch_001,2026-07-31T00:00:00
CUST00889,David Thompson,1969-06-20,"1610 Cindy Square Suite 535, Robertview, AZ 49430",johnsonelizabeth@example.net,2016-08-29,batch_001,2026-07-31T00:00:00
CUST00890,Daniel Baker MD,1941-08-30,"144 Chavez Pines, New Logan, IL 03333",candrews@example.com,2018-11-19,batch_001,2026-07-31T00:00:00
CUST00891,Peter Lowery,1975-04-14,"228 Mays Pass, Hubbardmouth, WV 46455",foleyjoel@example.com,2023-06-03,batch_001,2026-07-31T00:00:00
CUST00892,John Chavez,1978-03-02,"688 Kristina Throughway, Combsview, WI 94983",harrisstacey@example.net,2024-04-19,batch_001,2026-07-31T00:00:00
CUST00893,Katie Harris,1975-11-13,"333 Campbell Mountains Suite 041, Lake Alan, AL 82118",mcmahonmichael@example.net,2025-06-22,batch_001,2026-07-31T00:00:00
CUST00894,Charlotte Anderson,1997-10-12,"04123 Cheryl Stream Suite 772, West Katherineland, AK 07919",tnorris@example.com,2023-09-17,batch_001,2026-07-31T00:00:00
CUST00895,Devin Cuevas,1948-05-12,"97941 Douglas Harbor, Johnsonside, NJ 20295",kbird@example.com,2026-03-11,batch_001,2026-07-31T00:00:00
CUST00896,Blake Crawford,1955-07-05,"40432 Garcia Place, North Jamesfurt, NC 57074",wattsjason@example.com,2019-09-13,batch_001,2026-07-31T00:00:00
CUST00897,Joan Delgado,1942-05-25,"09536 Griffith Cliff, Jamesside, OR 04587",morganthomas@example.com,2019-02-13,batch_001,2026-07-31T00:00:00
CUST00898,David Cook,1943-08-16,"73971 Karen Bypass, Jacksonland, CT 27265",vknight@example.net,2017-08-07,batch_001,2026-07-31T00:00:00
CUST00899,Kathleen Lopez,1973-09-27,"4617 Ashley Plaza Apt. 707, Kirkchester, AR 19467",katherinecarter@example.org,2017-11-12,batch_001,2026-07-31T00:00:00
CUST00900,Matthew Smith,1954-01-28,"412 Brandy Inlet, Salinasfort, FM 24132",njensen@example.net,2022-09-18,batch_001,2026-07-31T00:00:00
CUST00901,Heather Davis,1954-01-03,"PSC 7617, Box 9480, APO AP 18056",stacy59@example.net,2023-09-26,batch_001,2026-07-31T00:00:00
CUST00902,Carlos Rodriguez,1965-06-12,"912 Fernandez Lodge Suite 986, Timothychester, WY 67832",dmartinez@example.com,2018-06-26,batch_001,2026-07-31T00:00:00
CUST00903,Debra Bryant,1945-07-30,"8191 Travis River, North Samuel, AZ 07100",uduncan@example.net,2016-09-29,batch_001,2026-07-31T00:00:00
CUST00904,Victor Garrett,2005-02-02,"48486 Cole Canyon Apt. 139, Floreschester, HI 19904",jacksonwhitney@example.org,2020-01-04,batch_001,2026-07-31T00:00:00
CUST00905,Natalie Cline,1992-03-04,"33000 Amy Lane Apt. 467, New Daniel, AL 00941",martinezdavid@example.org,2024-12-11,batch_001,2026-07-31T00:00:00
CUST00906,Sarah Cruz,1943-02-25,"27379 Singh River, South Alanmouth, ME 71715",bendermichelle@example.net,2026-06-10,batch_001,2026-07-31T00:00:00
CUST00907,Mrs. Amanda Johnson DDS,1970-07-08,"336 Pamela Stream Apt. 711, West Christopherside, SD 48916",mark29@example.com,2024-09-29,batch_001,2026-07-31T00:00:00
CUST00908,David Abbott,1951-10-17,"53466 Sean Lane Suite 494, Reynoldsberg, VT 07535",browndevin@example.net,2016-11-20,batch_001,2026-07-31T00:00:00
CUST00909,Michelle Ryan,1990-08-23,"38794 Edward Lock, North Alyssa, NY 09679",ubaker@example.org,2016-11-07,batch_001,2026-07-31T00:00:00
CUST00910,Heather Maddox,1973-05-25,"57004 Erik Court, New Jacqueline, CT 72453",parksshawna@example.net,2020-06-13,batch_001,2026-07-31T00:00:00
CUST00911,Albert Wade,1953-08-08,"07923 Joseph Lodge, North Christopherside, IA 68969",stephenjohnson@example.net,2022-02-24,batch_001,2026-07-31T00:00:00
CUST00912,Stuart Bradley,2001-05-24,"Unit 6151 Box 2048, DPO AP 49556",jimenezruben@example.com,2019-07-28,batch_001,2026-07-31T00:00:00
CUST00913,Nicholas Arellano,1956-11-05,"76346 Daniel Corners, Joelstad, NM 94765",tamaraparker@example.org,2020-12-23,batch_001,2026-07-31T00:00:00
CUST00914,Tyrone Miller,1959-03-28,"Unit 8225 Box 1272, DPO AA 59884",hicksmelanie@example.net,2020-07-29,batch_001,2026-07-31T00:00:00
CUST00915,Tara Logan,1996-08-24,"USNS Hill, FPO AE 81949",ahenson@example.net,2023-03-04,batch_001,2026-07-31T00:00:00
CUST00916,Debra Hanson,1971-08-28,"290 Michael Camp, Proctorville, AS 67381",vincent74@example.org,2025-04-07,batch_001,2026-07-31T00:00:00
CUST00917,Dillon Clark,1950-02-14,"682 Edward Junction Suite 495, West Jonathan, WY 23054",bookerdonna@example.com,2020-08-01,batch_001,2026-07-31T00:00:00
CUST00918,Anita Martinez,1996-02-02,"88182 Wright Walks Suite 343, Ericaport, NY 66389",jenniferrice@example.com,2021-05-24,batch_001,2026-07-31T00:00:00
CUST00919,Wendy Sullivan,1981-07-03,"1102 Eugene Wells, Larryview, CO 95686",johnjohnson@example.net,2023-09-21,batch_001,2026-07-31T00:00:00
CUST00920,Patrick Rice,1968-11-23,"2186 Vanessa Flats, North Yvonne, ID 14268",lpierce@example.net,2017-06-12,batch_001,2026-07-31T00:00:00
CUST00921,Robert Johnson,1982-09-16,"1317 Brittany Mountain Suite 016, Port Vanessa, MI 90120",bowenjonathan@example.net,2017-06-03,batch_001,2026-07-31T00:00:00
CUST00922,Makayla Underwood,1985-09-04,"11375 Matthew Expressway Apt. 072, Millstown, NJ 18536",dgeorge@example.net,2021-06-05,batch_001,2026-07-31T00:00:00
CUST00923,Jason Simmons,1957-01-02,"722 Erica Trace, Kingfort, WI 16310",toddmonroe@example.org,2024-07-16,batch_001,2026-07-31T00:00:00
CUST00924,Ashley Leach,1972-01-10,"085 Owens Parkway Apt. 024, Jamesberg, IL 52308",francisholloway@example.com,2023-09-17,batch_001,2026-07-31T00:00:00
CUST00925,Janice Caldwell,1981-05-24,"4670 Owen Springs Suite 169, East Belindastad, UT 98617",christopherbrown@example.org,2017-03-24,batch_001,2026-07-31T00:00:00
CUST00926,Samantha Price,1998-08-27,"35084 Julian Forest, New Amandabury, OK 18451",amber48@example.org,2023-07-01,batch_001,2026-07-31T00:00:00
CUST00927,Thomas Rodgers,1956-07-29,"53021 Buck Lane, Cortezside, MS 92026",richard33@example.net,2016-12-24,batch_001,2026-07-31T00:00:00
CUST00928,Joshua Davis,2000-08-17,"7642 Wagner Valley, Foleyville, MD 62427",andreaflores@example.org,2022-03-12,batch_001,2026-07-31T00:00:00
CUST00929,Susan Velez,1950-11-21,"39597 Matthew Green, South Melissa, SC 06479",umartin@example.com,2025-11-13,batch_001,2026-07-31T00:00:00
CUST00930,Edward Chang,1942-11-11,"6772 Michael Mills Apt. 073, Port Vincentville, MN 50868",karen78@example.net,2019-03-11,batch_001,2026-07-31T00:00:00
CUST00931,Dr. Daniel Tucker,1992-10-17,"027 Nicholson Ville, Wesleymouth, VT 60665",patrickmartin@example.org,2020-06-28,batch_001,2026-07-31T00:00:00
CUST00932,Jennifer Rice,1964-03-11,"Unit 7288 Box 4076, DPO AA 33357",alexdelgado@example.com,2020-12-29,batch_001,2026-07-31T00:00:00
CUST00933,Tracy Heath,1988-01-26,"86762 Munoz Forge Suite 879, South Paulatown, AS 35005",ogarza@example.org,2020-02-06,batch_001,2026-07-31T00:00:00
CUST00934,Paula Green,1945-06-29,"892 Gonzalez Manor, West Caitlynmouth, NE 34235",edwardserin@example.net,2022-04-10,batch_001,2026-07-31T00:00:00
CUST00935,Norman Porter,1963-06-20,"554 Samuel Club Apt. 384, Port Henry, IL 53249",stanleyclark@example.org,2023-07-31,batch_001,2026-07-31T00:00:00
CUST00936,Mason Olson,1989-08-19,"5769 Tanya Coves, Martinport, GA 81344",daniel48@example.com,2019-07-30,batch_001,2026-07-31T00:00:00
CUST00937,James Case,1980-11-07,"92202 Cooley Port, North Wendyview, HI 89447",eadams@example.org,2025-12-30,batch_001,2026-07-31T00:00:00
CUST00938,Benjamin Marshall,1970-04-26,"16370 Jennings Bypass, Brandyborough, HI 54668",rwhite@example.com,2025-11-16,batch_001,2026-07-31T00:00:00
CUST00939,Sharon Alexander,1980-11-18,"3808 Susan Bypass Suite 540, West Christina, RI 72596",daniel93@example.net,2020-05-22,batch_001,2026-07-31T00:00:00
CUST00940,Michael Esparza,1982-09-24,"91635 Kenneth Trail, Brownchester, VT 55522",vfoster@example.org,2020-05-28,batch_001,2026-07-31T00:00:00
CUST00941,Elizabeth Rowland,1972-06-12,"950 Sharp Parkways Suite 406, Chaneychester, PR 03345",bradleysmith@example.net,2019-05-29,batch_001,2026-07-31T00:00:00
CUST00942,Sarah Jackson,2004-05-06,"54390 Green Ports, New Jeffreyburgh, MI 25722",jamiesmith@example.org,2018-05-03,batch_001,2026-07-31T00:00:00
CUST00943,Christian Brooks,1958-03-25,"0193 Campbell Underpass Apt. 369, Heatherborough, RI 25881",jamesmartin@example.org,2022-08-30,batch_001,2026-07-31T00:00:00
CUST00944,Brandi Cain,1968-05-25,"24412 Sean Isle, Edwardsberg, AR 15954",johncrawford@example.org,2019-05-11,batch_001,2026-07-31T00:00:00
CUST00945,Kevin Ramirez,1946-09-13,"2941 Rachel Junctions, New Davidfurt, NV 10464",corywatson@example.net,2024-10-06,batch_001,2026-07-31T00:00:00
CUST00946,Sarah Hill,1968-11-07,"6120 Martinez Valleys Apt. 009, Lake Judy, ND 35704",nancy40@example.org,2018-10-05,batch_001,2026-07-31T00:00:00
CUST00947,Michael Dalton,1952-11-21,"43219 Kevin Shores Apt. 877, Littleview, NH 79860",nicholasfigueroa@example.org,2018-05-20,batch_001,2026-07-31T00:00:00
CUST00948,Cynthia Cardenas,1952-01-05,"819 Jill Avenue Suite 877, South Trevorfurt, MP 75812",suzannegilmore@example.org,2018-03-03,batch_001,2026-07-31T00:00:00
CUST00949,Brandon Salas,1981-08-27,"USNS Peterson, FPO AP 71660",susan40@example.net,2026-01-28,batch_001,2026-07-31T00:00:00
CUST00950,Heather Rose,1964-04-11,"6726 Andrew Pass, Raymondberg, TN 77112",michaelbradshaw@example.net,2025-02-22,batch_001,2026-07-31T00:00:00
CUST00951,Angela Richards,2001-02-11,"25018 Michael Underpass, Jacksonport, NV 23058",wlopez@example.com,2022-01-02,batch_001,2026-07-31T00:00:00
CUST00952,Ann Bautista,2001-07-08,"1499 Brooke Turnpike, New Jacquelinechester, MO 22814",awilliams@example.com,2019-08-25,batch_001,2026-07-31T00:00:00
CUST00953,Stephanie Clayton,1941-08-05,"3217 Holland Brook Apt. 910, New Jeffreystad, WV 26819",dennisevans@example.com,2021-01-15,batch_001,2026-07-31T00:00:00
CUST00954,Courtney Phelps,1947-12-14,"82770 Ross Locks Apt. 607, Bergfurt, LA 29125",alex95@example.org,2018-01-21,batch_001,2026-07-31T00:00:00
CUST00955,Jeff Wallace,1973-02-01,"13361 Dawn Turnpike, Justinland, NE 39779",sheilabaldwin@example.com,2019-07-13,batch_001,2026-07-31T00:00:00
CUST00956,Donna Sexton,1965-04-29,"7685 Tapia Terrace, South Micheleborough, WY 33401",hector04@example.com,2021-04-11,batch_001,2026-07-31T00:00:00
CUST00957,Scott Garcia,1996-08-15,"79993 Kevin Falls, East Justinbury, NV 40825",kelsey17@example.org,2017-10-05,batch_001,2026-07-31T00:00:00
CUST00958,Richard Flynn,1956-06-25,"479 Gabriel Well Suite 853, Wilkinsonberg, MT 73824",campbelltaylor@example.org,2021-02-24,batch_001,2026-07-31T00:00:00
CUST00959,Deborah Delgado,1976-09-03,"Unit 0953 Box 8557, DPO AP 35617",christopherbarber@example.org,2023-12-17,batch_001,2026-07-31T00:00:00
CUST00960,Amanda Norman,1963-06-11,"6047 Mclaughlin Hill, South William, PW 68992",joshua70@example.com,2016-11-07,batch_001,2026-07-31T00:00:00
CUST00961,Paul Bridges,1991-02-07,"USNV Johns, FPO AA 54777",yanderson@example.org,2022-12-18,batch_001,2026-07-31T00:00:00
CUST00962,Stephanie Casey,1969-01-29,"185 Shawna Drive Suite 729, North Kimberlyport, MA 05876",jsantos@example.com,2025-12-30,batch_001,2026-07-31T00:00:00
CUST00963,Heidi Mullins,1942-12-20,"33746 Jason Locks Suite 730, Ruizville, OH 18279",jessicafisher@example.com,2021-07-07,batch_001,2026-07-31T00:00:00
CUST00964,Patty Mendez,2003-08-03,"865 Wayne Isle Apt. 673, Harrisburgh, UT 68007",barcher@example.net,2026-05-10,batch_001,2026-07-31T00:00:00
CUST00965,Marcia Charles,1999-01-01,"221 Brown Rue Suite 186, Johnsonfurt, IL 24987",farmerrichard@example.org,2021-12-08,batch_001,2026-07-31T00:00:00
CUST00966,Tony Carpenter,1980-11-26,"982 Wilson Drives, Parkborough, WI 31090",vdavis@example.org,2016-10-31,batch_001,2026-07-31T00:00:00
CUST00967,Elizabeth Baker,1977-11-28,"03983 Emily Freeway Suite 490, West Michaelshire, RI 55360",yjohnson@example.net,2023-10-10,batch_001,2026-07-31T00:00:00
CUST00968,Sabrina Gonzales,1953-10-20,"824 Anna Passage Suite 302, South Jennyville, MT 62298",hughesnicholas@example.net,2017-08-29,batch_001,2026-07-31T00:00:00
CUST00969,Hailey Brewer,1960-01-10,"64928 Mark Flats, Hamptonville, NJ 07631",robertevans@example.com,2020-05-09,batch_001,2026-07-31T00:00:00
CUST00970,Jose Ryan,2001-06-14,"2628 Caroline Mall, Lake Molly, LA 39710",karen00@example.com,2017-05-24,batch_001,2026-07-31T00:00:00
CUST00971,Lauren Morgan,1951-08-09,"411 Fernandez Manors Apt. 961, Port Thomas, MO 17859",grantalyssa@example.org,2025-05-13,batch_001,2026-07-31T00:00:00
CUST00972,Mark Brock,1957-12-01,"Unit 6344 Box 4359, DPO AA 83104",dawncook@example.net,2018-08-15,batch_001,2026-07-31T00:00:00
CUST00973,Angela Smith,1987-11-20,"2536 Brenda Drives, South Michael, AL 24439",ashley60@example.org,2024-10-27,batch_001,2026-07-31T00:00:00
CUST00974,Joann Anderson,1983-02-03,"5240 Kelly Square, Scottland, UT 70334",xclarke@example.com,2022-12-27,batch_001,2026-07-31T00:00:00
CUST00975,Shelly Wilcox,1987-10-31,"59773 Hill Station, Jenkinsborough, DC 30755",zjohnson@example.com,2016-11-09,batch_001,2026-07-31T00:00:00
CUST00976,Kevin Anderson,1982-09-14,"220 Lopez Pine Suite 226, North Patrick, MO 10026",kfry@example.net,2025-07-30,batch_001,2026-07-31T00:00:00
CUST00977,Gregory Bishop,1969-05-10,"983 Malik Plaza, Grimesfurt, OH 67972",cmckinney@example.net,2019-08-04,batch_001,2026-07-31T00:00:00
CUST00978,Jessica Turner,1954-04-28,"84931 Gonzalez Pines, Port Carol, FL 17023",asmith@example.org,2022-11-29,batch_001,2026-07-31T00:00:00
CUST00979,William Hale,1961-04-14,"USNS Larsen, FPO AP 98410",fryekevin@example.net,2021-08-22,batch_001,2026-07-31T00:00:00
CUST00980,Shelby Simon,1986-08-01,"1038 Morris Roads, Andersonshire, RI 71299",qnewman@example.com,2020-06-09,batch_001,2026-07-31T00:00:00
CUST00981,Mary Terry,1961-10-18,"9208 Jesus Village, North Ashley, NM 56419",zfranklin@example.org,2019-04-19,batch_001,2026-07-31T00:00:00
CUST00982,Lisa Martinez,1983-12-07,"USS Banks, FPO AA 53231",natashamiller@example.net,2021-01-07,batch_001,2026-07-31T00:00:00
CUST00983,April Gilbert,1966-05-20,"572 Atkinson Avenue Suite 347, Davidburgh, MD 30062",douglastimothy@example.net,2020-10-06,batch_001,2026-07-31T00:00:00
CUST00984,Anthony Henry,1963-01-24,"75036 Katherine Track, North Dwayne, MA 82029",garzazachary@example.org,2023-06-19,batch_001,2026-07-31T00:00:00
CUST00985,Edward White,1955-11-13,"7489 Kimberly Park Suite 078, Clinebury, MD 09110",holtthomas@example.com,2024-05-25,batch_001,2026-07-31T00:00:00
CUST00986,Lori Madden,1946-10-07,"73289 Miller Knoll Suite 340, New Laurahaven, AL 45630",amy11@example.com,2017-10-16,batch_001,2026-07-31T00:00:00
CUST00987,Nathan Harvey,2002-07-01,"160 Nicholson Alley, West Alexbury, MH 02152",luis41@example.net,2024-04-07,batch_001,2026-07-31T00:00:00
CUST00988,Danielle Leblanc DDS,1960-05-19,"039 Long Estates, East Willieside, OH 52843",courtney07@example.net,2016-11-22,batch_001,2026-07-31T00:00:00
CUST00989,Frank Franklin,1978-05-11,"6933 Matthew Mall Apt. 303, Evanstown, NY 66984",gillmary@example.com,2016-10-16,batch_001,2026-07-31T00:00:00
CUST00990,Lisa Webb,1944-06-22,"Unit 9201 Box 9918, DPO AP 91301",michelle11@example.org,2025-03-07,batch_001,2026-07-31T00:00:00
CUST00991,Jamie Davis,1987-11-27,"052 Allen Shoals Apt. 196, West Virginiaburgh, FL 02872",jeremiah70@example.com,2019-01-19,batch_001,2026-07-31T00:00:00
CUST00992,Donald Castillo,1974-01-25,"231 Christensen Highway, Reeseshire, MA 96078",barbarafisher@example.com,2021-03-21,batch_001,2026-07-31T00:00:00
CUST00993,Mrs. Jennifer Wright DDS,1996-04-14,"3026 Jodi Hollow, East Nathanielside, PW 59276",robinsonpaul@example.com,2023-03-04,batch_001,2026-07-31T00:00:00
CUST00994,Amber Young,1944-11-15,"0502 Deborah Meadow, Maryside, OR 16319",heathbrenda@example.net,2022-03-16,batch_001,2026-07-31T00:00:00
CUST00995,Patrick Fowler,1949-08-17,"94523 Sherman Port, Hortonstad, IN 15195",tanyawilliams@example.net,2019-05-21,batch_001,2026-07-31T00:00:00
CUST00996,Casey Rasmussen,1990-05-06,"5449 Bradley Heights Suite 453, North Angelaside, DE 94658",wbailey@example.net,2025-08-27,batch_001,2026-07-31T00:00:00
CUST00997,Sarah Gill,1955-12-18,"29521 Jensen Center Suite 660, Port Ricky, AS 55551",kylehenderson@example.com,2021-05-26,batch_001,2026-07-31T00:00:00
CUST00998,Martin Todd,1942-04-17,"PSC 6023, Box 5158, APO AA 04062",brooksjames@example.org,2021-08-15,batch_001,2026-07-31T00:00:00
CUST00999,Nicholas Tapia,1946-03-13,"6058 Armstrong Landing, East Jonathan, CA 27919",brittanyparker@example.net,2024-02-01,batch_001,2026-07-31T00:00:00
CUST01000,Tracy Dennis,1959-08-21,"579 Luis Mount, New Sarahland, WV 84778",vgraham@example.com,2017-07-17,batch_001,2026-07-31T00:00:00
CUST01001,Jessica Price,1999-04-05,"59748 Foster Avenue, Gloriaton, WI 24845",victoriabenson@example.com,2023-06-19,batch_001,2026-07-31T00:00:00
CUST01002,Dana Smith,1996-02-09,"09567 Jay Vista, Lake Jasmine, UT 63292",kristianderson@example.net,2018-02-02,batch_001,2026-07-31T00:00:00
CUST01003,Andrew Oneill,2000-02-22,"PSC 5326, Box 7699, APO AP 24989",frederick73@example.net,2023-06-20,batch_001,2026-07-31T00:00:00
CUST01004,Joseph Morgan,2005-01-27,"20914 Cameron Ridges, East Kathleen, HI 68168",kelly34@example.com,2019-04-17,batch_001,2026-07-31T00:00:00
CUST01005,Kelly Preston,1986-06-25,"5154 Martinez Loaf Apt. 756, East Andreabury, DE 04361",moranphillip@example.com,2017-10-12,batch_001,2026-07-31T00:00:00
CUST01006,Cathy Chang,1958-04-23,"Unit 2277 Box 7733, DPO AE 54786",friedmanrichard@example.com,2020-03-18,batch_001,2026-07-31T00:00:00
CUST01007,Robert Smith,1991-04-07,"60595 Claire Underpass, Derekport, CO 95911",bowmankylie@example.com,2024-09-18,batch_001,2026-07-31T00:00:00
CUST01008,Jon Smith,1991-02-11,"5826 Fisher Landing Apt. 620, East Jasmineborough, AS 67132",cynthia64@example.com,2017-06-29,batch_001,2026-07-31T00:00:00
CUST01009,Jerome Edwards,1991-03-08,"83997 Wilkinson Rapid, West Carolhaven, NE 05007",lisa04@example.net,2017-10-15,batch_001,2026-07-31T00:00:00
CUST01010,Jason Brennan,1989-05-13,"39461 Craig Stravenue, Lake Michelleville, MA 81230",anna53@example.com,2020-02-10,batch_001,2026-07-31T00:00:00
CUST01011,Catherine Cole,1942-09-08,"39847 Thompson Route, West Raymond, NH 98349",gbrown@example.net,2016-08-25,batch_001,2026-07-31T00:00:00
CUST01012,Betty Cole,1977-05-25,"58416 Patrick Club Apt. 495, Torresshire, PA 70818",peter58@example.com,2018-12-26,batch_001,2026-07-31T00:00:00
CUST01013,Latoya Robles,1988-04-22,"97236 Brent Plains, New Nicolechester, CO 50857",ganderson@example.com,2024-02-17,batch_001,2026-07-31T00:00:00
CUST01014,Morgan Cohen,1963-07-15,"7865 Walton Knolls Suite 512, Thomasview, AL 01398",hughessean@example.net,2022-08-23,batch_001,2026-07-31T00:00:00
CUST01015,Savannah Carter,1995-02-16,"6545 Eric Glens, Jordanhaven, OR 80667",afitzpatrick@example.org,2023-08-22,batch_001,2026-07-31T00:00:00
CUST01016,Jason Ferguson,1996-02-18,"7017 Susan Lodge, North Nicole, ME 35599",sabrinahunt@example.com,2020-01-05,batch_001,2026-07-31T00:00:00
CUST01017,Michael Simon,1945-09-18,"94134 Brandy Meadows, Port Catherinefort, VI 75979",rtaylor@example.com,2019-07-13,batch_001,2026-07-31T00:00:00
CUST01018,Daniel Price,1951-12-25,"5073 Molina Lane, Evanshaven, AL 75610",tyrone39@example.com,2026-01-10,batch_001,2026-07-31T00:00:00
CUST01019,Lauren Burton,1987-08-21,"602 Nelson Run, Port Jesusland, MI 70027",martinramirez@example.org,2016-11-25,batch_001,2026-07-31T00:00:00
CUST01020,Brittany Perez,1973-06-21,"774 Stevens Ridge Suite 141, Rojashaven, VA 21337",adamboyd@example.net,2019-11-01,batch_001,2026-07-31T00:00:00
CUST01021,Kelly Sanders,1950-05-14,"96233 Tasha Meadow Apt. 586, Gabrielchester, MP 63489",sarah31@example.com,2022-01-09,batch_001,2026-07-31T00:00:00
CUST01022,Christopher Garza,1954-09-04,"1817 Kenneth Drive, Morrowmouth, OK 41449",ldean@example.org,2016-08-15,batch_001,2026-07-31T00:00:00
CUST01023,Cynthia Stevens,2005-02-08,"79890 Nicole Forks Suite 900, Stewartview, VI 94147",jbrown@example.com,2023-09-25,batch_001,2026-07-31T00:00:00
CUST01024,Ms. Michele Jones,1996-09-10,"5539 Vanessa Wells Apt. 737, West Brandymouth, NM 79475",grantkevin@example.net,2024-07-04,batch_001,2026-07-31T00:00:00
CUST01025,Ronald Clark,1982-12-27,"3802 Gina Locks Apt. 239, Maldonadoburgh, DE 83285",chenmatthew@example.org,2023-03-24,batch_001,2026-07-31T00:00:00
CUST01026,Timothy Holland,1978-10-25,"182 Deborah Overpass Apt. 669, Port Davidmouth, OR 17796",timothythomas@example.net,2025-11-18,batch_001,2026-07-31T00:00:00
CUST01027,Stephanie Walker,1951-05-18,"PSC 8649, Box 7035, APO AE 55646",gmurphy@example.net,2023-03-05,batch_001,2026-07-31T00:00:00
CUST01028,Sharon Barajas,1969-09-25,"707 Young Courts Apt. 315, Matthewton, TX 42220",clowe@example.com,2025-05-27,batch_001,2026-07-31T00:00:00
CUST01029,Lisa Lowe,1950-03-21,"440 Richardson Pass Apt. 114, West Pamton, SD 92455",goodwinsharon@example.net,2018-03-04,batch_001,2026-07-31T00:00:00
CUST01030,Christina Nichols,1995-07-25,"689 Julia Prairie Suite 797, Port Nicolebury, SC 40157",michael84@example.com,2022-01-26,batch_001,2026-07-31T00:00:00
CUST01031,Elaine Herman,1969-08-13,"Unit 6640 Box 1632, DPO AP 42352",frobinson@example.net,2024-08-17,batch_001,2026-07-31T00:00:00
CUST01032,Heather Duffy,1986-08-15,"273 William Points, Lake Benjamin, OK 12130",angie42@example.org,2020-02-15,batch_001,2026-07-31T00:00:00
CUST01033,James Haney,1956-12-31,"483 Robles Burg Suite 344, Bradfordview, MS 23659",reedcrystal@example.com,2019-07-23,batch_001,2026-07-31T00:00:00
CUST01034,Tammy Tucker,1978-08-26,"1705 Stacy Expressway, New Elizabethfurt, OK 72828",brewersherri@example.org,2021-05-27,batch_001,2026-07-31T00:00:00
CUST01035,Mary Hughes,1957-02-01,"377 Johnson Crossroad Apt. 864, East Kelli, AK 20366",onixon@example.com,2021-09-06,batch_001,2026-07-31T00:00:00
CUST01036,Maria Cruz,2007-07-15,"366 Stevens Rapid, Fritzchester, NE 10719",taylorlawrence@example.com,2017-01-30,batch_001,2026-07-31T00:00:00
CUST01037,Robert Dorsey,2003-11-12,"34998 Charles Fords, Stantonside, IN 55679",wellsshaun@example.org,2020-09-02,batch_001,2026-07-31T00:00:00
CUST01038,Desiree Powell,1963-11-10,"233 Brown Hollow, Velezchester, FM 40762",mistybennett@example.org,2019-02-16,batch_001,2026-07-31T00:00:00
CUST01039,John Anderson,1949-01-24,"695 Aguilar Estate Apt. 776, Lisaport, PA 06396",robinsonmichele@example.net,2025-12-06,batch_001,2026-07-31T00:00:00
CUST01040,Natalie Cook,1963-08-02,"4486 Taylor Place, New Aaron, NJ 99464",suejones@example.com,2016-08-15,batch_001,2026-07-31T00:00:00
CUST01041,Melissa Brooks,1960-05-11,"51149 Fox Mountain, Jasonberg, VI 90705",robertsbrandy@example.com,2023-01-04,batch_001,2026-07-31T00:00:00
CUST01042,Jeffrey Davis Jr.,1958-03-04,"001 Hanna Corner Suite 391, Christopherland, KS 30495",aolson@example.org,2024-01-30,batch_001,2026-07-31T00:00:00
CUST01043,Alexis Lindsey,1984-07-16,"09685 Turner Isle Suite 068, East Michelleshire, TN 26443",sandragriffith@example.com,2018-05-07,batch_001,2026-07-31T00:00:00
CUST01044,Patrick Smith,2005-09-08,"02865 Kent Brook, Ruthberg, GA 38289",daviskristina@example.org,2021-01-21,batch_001,2026-07-31T00:00:00
CUST01045,Mr. Bernard Flores,1969-01-19,"16633 David Walk, West Benjamin, MD 30923",jackthompson@example.com,2023-07-15,batch_001,2026-07-31T00:00:00
CUST01046,Anna Alvarado,1967-04-15,"13484 Jeffrey Courts, East Darlene, MN 24295",hmoses@example.org,2018-12-16,batch_001,2026-07-31T00:00:00
CUST01047,Dawn Collier,1952-05-08,"2342 Evans Unions Suite 976, East Josephhaven, NE 56783",josephmcgee@example.net,2020-09-19,batch_001,2026-07-31T00:00:00
CUST01048,Danielle Christensen,1996-09-18,"349 Thompson Mountains Apt. 561, Haleyfurt, MO 49119",anna14@example.com,2026-07-03,batch_001,2026-07-31T00:00:00
CUST01049,Jacqueline Sanchez,1993-07-28,"664 Joseph Tunnel, Jeffreyfurt, PR 76733",erik74@example.com,2023-03-20,batch_001,2026-07-31T00:00:00
CUST01050,Gina Hoffman,1971-02-18,"98532 Harris Station Suite 792, Dakotafort, CO 21033",sboyer@example.com,2021-12-26,batch_001,2026-07-31T00:00:00
CUST01051,Kimberly Walker,2006-04-15,"8586 Elizabeth Burg Suite 168, West Ariana, OR 84244",christinagoodwin@example.net,2019-12-04,batch_001,2026-07-31T00:00:00
CUST01052,Henry Walker,1995-02-27,"USS Garcia, FPO AP 86455",heatherdavis@example.org,2017-11-22,batch_001,2026-07-31T00:00:00
CUST01053,Kara Gray,1943-02-25,"14896 Haley Station, New Paulafurt, VA 36558",davidkrause@example.com,2025-01-13,batch_001,2026-07-31T00:00:00
CUST01054,Elizabeth Mejia,1968-09-04,"429 Paul Squares Suite 563, New Daniel, DC 98549",alexander69@example.com,2019-12-03,batch_001,2026-07-31T00:00:00
CUST01055,Ashley May DDS,1975-12-27,"719 Hayes Spring Apt. 683, West Jeffrey, DE 04808",blancharddaniel@example.com,2017-12-09,batch_001,2026-07-31T00:00:00
CUST01056,James Higgins,1995-01-06,"901 Jeremy Groves Suite 376, Douglasborough, TX 36366",campbellmargaret@example.net,2026-04-19,batch_001,2026-07-31T00:00:00
CUST01057,Antonio Jones,1995-10-29,"14811 Smith Haven, Port Angelport, SD 21675",hernandezanna@example.com,2021-02-03,batch_001,2026-07-31T00:00:00
CUST01058,Jennifer Stephens,1999-08-22,"903 Thomas Vista, West Wayne, WA 43640",angela20@example.org,2023-09-04,batch_001,2026-07-31T00:00:00
CUST01059,Antonio Woods,1963-04-21,"Unit 1791 Box 3860, DPO AE 42958",sgarcia@example.org,2019-12-10,batch_001,2026-07-31T00:00:00
CUST01060,Shawn Patton,1995-05-22,"24702 Keith Crest Apt. 874, Derrickfort, UT 10342",taraalvarez@example.net,2025-01-04,batch_001,2026-07-31T00:00:00
CUST01061,Scott Lopez,1966-08-27,"74916 Kimberly Heights, East Darlene, DE 46160",natalie13@example.org,2024-12-06,batch_001,2026-07-31T00:00:00
CUST01062,Anthony Carlson,2004-03-10,"1684 Rogers Islands, Port Diana, WA 41380",smithcynthia@example.com,2022-04-15,batch_001,2026-07-31T00:00:00
CUST01063,Julie Daniels,1974-09-09,"856 Munoz Parkways Apt. 005, New Veronicamouth, NE 59669",sheila63@example.com,2017-09-07,batch_001,2026-07-31T00:00:00
CUST01064,Charles Mooney,1966-05-09,"2662 Sullivan Burg, Patricktown, NJ 03457",millermichele@example.net,2025-03-03,batch_001,2026-07-31T00:00:00
CUST01065,Daniel Hatfield,2004-04-02,"40871 Adam Route Suite 689, Lake Josephville, NM 18271",adrianrussell@example.org,2021-04-01,batch_001,2026-07-31T00:00:00
CUST01066,Seth Keller,1975-09-15,"222 Justin Plain, Thomasberg, NC 25746",zoe99@example.com,2018-06-22,batch_001,2026-07-31T00:00:00
CUST01067,Andrew Potter,1943-10-02,"51135 Margaret Trail, Jamesmouth, FL 22092",sandrasmith@example.com,2016-08-08,batch_001,2026-07-31T00:00:00
CUST01068,Taylor Howard,1961-04-06,"783 David Plains, Port Charlesport, CT 82035",renee53@example.com,2018-08-01,batch_001,2026-07-31T00:00:00
CUST01069,Beth Gill,1946-10-31,"447 Marsh Heights, New Benjamin, CO 84591",andrewwalker@example.com,2022-03-30,batch_001,2026-07-31T00:00:00
CUST01070,Tracy Nunez,1975-06-13,"213 King Garden, Carlsontown, MD 44008",heidi08@example.com,2026-02-04,batch_001,2026-07-31T00:00:00
CUST01071,April Barnes,1954-04-11,"Unit 9045 Box 2898, DPO AA 02437",djones@example.com,2026-05-18,batch_001,2026-07-31T00:00:00
CUST01072,David Avila,1964-02-21,"65276 Sara Manor, West Brianaside, AR 18852",jeffrey08@example.com,2023-09-25,batch_001,2026-07-31T00:00:00
CUST01073,Lisa Martin,1954-10-23,"4477 Marcus Wells Apt. 842, Lake Donald, KS 23321",kevinsmith@example.org,2024-09-22,batch_001,2026-07-31T00:00:00
CUST01074,Cameron Rodriguez,1960-03-20,"9158 Stewart Haven, South Grantfort, OK 50154",martinfranklin@example.com,2017-12-10,batch_001,2026-07-31T00:00:00
CUST01075,Christy Sandoval DDS,1945-10-04,"2315 Alicia Fork Apt. 402, Longland, NV 21201",washingtonstephanie@example.net,2020-08-25,batch_001,2026-07-31T00:00:00
CUST01076,Brandon Marshall,1951-01-10,"PSC 2153, Box 9266, APO AP 28015",agarrison@example.com,2018-10-23,batch_001,2026-07-31T00:00:00
CUST01077,Nicole Maddox,1956-08-20,"280 Schmidt View, Adrianberg, AZ 55287",powersbrandon@example.net,2018-09-23,batch_001,2026-07-31T00:00:00
CUST01078,Malik Burns,1957-11-13,"00295 Garcia Drive, Port Matthew, VT 94603",holly18@example.net,2020-09-21,batch_001,2026-07-31T00:00:00
CUST01079,Ellen Acosta,1966-08-27,"04532 Christopher Lights, Owensside, WI 10392",martin47@example.net,2022-08-08,batch_001,2026-07-31T00:00:00
CUST01080,Richard Wilson,1961-03-04,"91177 Costa Station Suite 505, Lake Thomas, MH 55300",martinezkristen@example.org,2020-09-30,batch_001,2026-07-31T00:00:00
CUST01081,Maria Woods,1979-04-07,"902 John Spring, South Timothyside, TX 58408",hughesmargaret@example.net,2018-01-19,batch_001,2026-07-31T00:00:00
CUST01082,Chad Gonzalez,1970-09-04,"212 Cardenas Path Suite 856, South Christopher, LA 20453",james00@example.net,2020-01-22,batch_001,2026-07-31T00:00:00
CUST01083,Patricia Sanchez,1958-03-29,"13246 Greene Road, Jamesborough, DC 63251",dakota83@example.net,2024-04-18,batch_001,2026-07-31T00:00:00
CUST01084,Benjamin Duke,1975-05-25,"PSC 8201, Box 1406, APO AA 21953",llong@example.com,2023-08-08,batch_001,2026-07-31T00:00:00
CUST01085,Jackie Trujillo,1971-11-14,"5337 Chambers Island Suite 976, Allisonhaven, LA 77660",rmoore@example.net,2020-04-30,batch_001,2026-07-31T00:00:00
CUST01086,Alison Russell,1961-03-05,"9296 Reyes Isle, East Lorettaton, VI 55774",karenliu@example.net,2022-11-01,batch_001,2026-07-31T00:00:00
CUST01087,Crystal Flores,1975-01-27,"344 Charles Ports Apt. 465, East Dylanborough, LA 65175",spierce@example.net,2019-08-19,batch_001,2026-07-31T00:00:00
CUST01088,Gregory Vasquez,1987-01-17,"1840 Johnson Forks, North Kelly, OH 89713",kimlee@example.net,2016-09-07,batch_001,2026-07-31T00:00:00
CUST01089,Tammy Hale,1991-05-02,"676 Smith Flat, Mccoyberg, PR 68687",hgonzalez@example.org,2019-03-27,batch_001,2026-07-31T00:00:00
CUST01090,Travis Williams,1950-12-28,"426 Mejia Ways Apt. 336, Lowefurt, AK 67283",sheenavazquez@example.net,2019-02-27,batch_001,2026-07-31T00:00:00
CUST01091,Margaret Terry,1969-03-03,"494 Mcdowell Rapid Apt. 085, Ramirezton, DE 25115",josewood@example.org,2025-01-24,batch_001,2026-07-31T00:00:00
CUST01092,Jacqueline Summers,2003-05-17,"Unit 0115 Box 4617, DPO AA 70047",fernandezbrandon@example.net,2026-03-05,batch_001,2026-07-31T00:00:00
CUST01093,Nicole Moss,1991-07-06,"40431 Sullivan Pass, Charlesborough, MP 43777",alexandrapena@example.com,2025-04-01,batch_001,2026-07-31T00:00:00
CUST01094,Jimmy Bell,1976-08-17,"016 James Mission, South Marymouth, OH 34876",davissara@example.org,2020-04-10,batch_001,2026-07-31T00:00:00
CUST01095,Mary Sullivan,1952-02-10,"1611 Black Loaf, Pollardhaven, NE 15288",carrolltheodore@example.com,2024-06-13,batch_001,2026-07-31T00:00:00
CUST01096,Michelle Harris,1971-06-03,"70505 Nicholas Glens Suite 819, Robertmouth, VT 20155",john33@example.net,2022-08-22,batch_001,2026-07-31T00:00:00
CUST01097,Christopher Ross,1986-03-25,"758 Carl Isle Suite 668, Jacobsborough, AL 27029",hernandezzachary@example.org,2025-03-29,batch_001,2026-07-31T00:00:00
CUST01098,Paul Jordan,1952-04-20,"5150 Luis Well, Sherrychester, CT 31768",laratanner@example.org,2024-06-09,batch_001,2026-07-31T00:00:00
CUST01099,Kristy Kennedy,2005-08-22,"738 Stephanie Underpass, Harrisonville, DE 66202",donald27@example.net,2016-09-16,batch_001,2026-07-31T00:00:00
CUST01100,Richard Brown,1975-11-15,"10242 Kenneth Highway, Robinsonton, MI 97344",sallison@example.net,2023-03-19,batch_001,2026-07-31T00:00:00
CUST01101,Manuel Reilly,1972-01-01,"99716 Mckinney Mews Suite 667, Phillipsfurt, NC 31241",keithadams@example.org,2024-07-27,batch_001,2026-07-31T00:00:00
CUST01102,Timothy Franco,1983-06-06,"USCGC Fleming, FPO AA 26227",sweber@example.org,2022-10-26,batch_001,2026-07-31T00:00:00
CUST01103,Paige Sanchez,1950-03-26,"0547 Robert Track, West Trevorshire, DE 11329",benjamin10@example.org,2018-01-30,batch_001,2026-07-31T00:00:00
CUST01104,Andre Johnson,1968-08-04,"475 Boyer Walk, East Lucas, NY 66088",michaelkline@example.net,2019-02-26,batch_001,2026-07-31T00:00:00
CUST01105,Jamie Hudson,1954-04-18,"86643 Andrew Fords Apt. 726, Diazhaven, FL 41182",qryan@example.net,2018-05-31,batch_001,2026-07-31T00:00:00
CUST01106,Kathleen Anderson MD,2002-12-08,"86014 Tyler Island, New Andrewmouth, KY 27825",tylerwilson@example.net,2019-05-31,batch_001,2026-07-31T00:00:00
CUST01107,Melissa Gonzalez,1955-05-22,"369 Lisa Corners Apt. 009, New Lorishire, IA 09147",umeyer@example.org,2017-07-20,batch_001,2026-07-31T00:00:00
CUST01108,Kim Williams,1996-09-01,"4158 Colleen Causeway, North Sandra, VT 29418",fbutler@example.org,2021-11-06,batch_001,2026-07-31T00:00:00
CUST01109,Joseph Day,1993-12-31,"26815 Chan Square, Kaylatown, VI 46046",charlesclayton@example.org,2023-09-07,batch_001,2026-07-31T00:00:00
CUST01110,Theresa Craig,1944-01-19,"673 Montgomery Highway, North Angela, DE 98411",donald69@example.org,2022-07-07,batch_001,2026-07-31T00:00:00
CUST01111,Heather Johnson,1973-11-10,"6718 Mendoza Ways Apt. 883, Mcintoshchester, ND 69440",angel62@example.com,2023-07-11,batch_001,2026-07-31T00:00:00
CUST01112,Christopher Coleman,2004-06-24,"376 Stefanie Viaduct, Garyside, PW 84495",fordbeverly@example.org,2023-05-30,batch_001,2026-07-31T00:00:00
CUST01113,Ashley Morris,1996-08-04,"2659 James Burg Apt. 858, West Anthonyland, PW 93638",david71@example.com,2021-12-27,batch_001,2026-07-31T00:00:00
CUST01114,Chelsea Jones,1964-01-05,"5188 Miller Crescent Suite 860, Port Deniseton, AL 94663",josewheeler@example.net,2024-10-17,batch_001,2026-07-31T00:00:00
CUST01115,Kristina Small,1953-11-22,"30293 David Street Apt. 501, Houstonton, NM 36576",ashleycosta@example.com,2025-06-22,batch_001,2026-07-31T00:00:00
CUST01116,Christopher Perez,1986-08-07,"80620 Kimberly Parks, North Shelby, AS 34799",rebeccacurtis@example.com,2022-06-11,batch_001,2026-07-31T00:00:00
CUST01117,Laura Cox,1951-01-11,"57144 Shah Ranch Suite 674, Lake Omarfort, WY 27800",debbie45@example.org,2020-12-29,batch_001,2026-07-31T00:00:00
CUST01118,Diana Rios,1958-11-21,"PSC 8658, Box 3483, APO AA 74106",donnamcintosh@example.net,2022-03-14,batch_001,2026-07-31T00:00:00
CUST01119,Sarah Collier,1978-10-21,"8532 Michelle Valleys Suite 758, Smithhaven, MH 80317",john69@example.net,2023-11-17,batch_001,2026-07-31T00:00:00
CUST01120,Seth Daniel,1956-06-11,"Unit 5805 Box 0450, DPO AA 94968",carlsonamanda@example.com,2020-11-11,batch_001,2026-07-31T00:00:00
CUST01121,Alejandra Ellis,1973-02-12,"077 Robin Overpass, Port Teresa, MD 35843",elizabeth03@example.net,2019-05-23,batch_001,2026-07-31T00:00:00
CUST01122,Chad Hansen,2004-07-20,"20450 Susan Court Suite 353, East Reginaview, WI 90125",madisonchristensen@example.net,2017-01-24,batch_001,2026-07-31T00:00:00
CUST01123,Robert Hardy,1999-12-31,"59042 Howard Mount, Edwardchester, MP 89059",zescobar@example.net,2022-03-16,batch_001,2026-07-31T00:00:00
CUST01124,Kelly Crawford,1964-12-25,"4514 Davila Union Apt. 935, North Thomasport, MI 47356",katelyn37@example.net,2018-06-20,batch_001,2026-07-31T00:00:00
CUST01125,Cody Bruce,1943-09-15,"74612 Elizabeth Village, Brookschester, VA 95123",kathleenscott@example.org,2023-09-09,batch_001,2026-07-31T00:00:00
CUST01126,David Wilson,1953-05-28,"Unit 7620 Box 9906, DPO AP 31177",munozryan@example.org,2023-10-19,batch_001,2026-07-31T00:00:00
CUST01127,Linda Dodson,1995-05-07,"45059 Samantha Crossroad Suite 731, Port Jason, WY 30536",parkermax@example.org,2020-07-29,batch_001,2026-07-31T00:00:00
CUST01128,Amy Wood,1986-04-30,"5028 Kristen Freeway Apt. 342, Coxstad, NV 50124",nlopez@example.org,2021-07-17,batch_001,2026-07-31T00:00:00
CUST01129,Alexander Mitchell,1949-01-28,"343 Andrade Landing, Port Christopher, AZ 90373",elizabethrichards@example.com,2022-03-20,batch_001,2026-07-31T00:00:00
CUST01130,Jason Vega,1949-08-28,"265 Renee Forest Apt. 816, Lake Christina, WA 07523",nperez@example.org,2018-05-28,batch_001,2026-07-31T00:00:00
CUST01131,Danielle Bradley,1952-03-30,"3767 Kendra Knolls Apt. 987, Smithport, MI 78470",brooksjames@example.com,2018-03-31,batch_001,2026-07-31T00:00:00
CUST01132,Robert Thompson,1960-03-27,"838 Peters Bypass Apt. 450, New Leslie, MO 59822",pwilliams@example.org,2021-12-26,batch_001,2026-07-31T00:00:00
CUST01133,Michelle Harris,1960-02-07,"541 John Manors Apt. 013, South Gerald, AR 98849",craig34@example.com,2016-09-21,batch_001,2026-07-31T00:00:00
CUST01134,Caitlin Smith,1945-09-01,"3208 Gina Club, Millschester, IN 54939",youngannette@example.net,2018-04-16,batch_001,2026-07-31T00:00:00
CUST01135,Meredith Mooney,1987-11-13,"8947 Olson Cape, North Michaelland, KS 92087",deleontammy@example.org,2018-01-16,batch_001,2026-07-31T00:00:00
CUST01136,Derrick Diaz,1972-08-29,"23708 Miller Creek Apt. 944, Jordanstad, MT 79866",zthomas@example.com,2018-07-10,batch_001,2026-07-31T00:00:00
CUST01137,Lindsay Chavez,1964-08-10,"7188 Brady Vista, Allenstad, MO 14466",judyhubbard@example.com,2023-03-17,batch_001,2026-07-31T00:00:00
CUST01138,Teresa Watson,2004-06-07,"38874 Gabriel Dam Apt. 461, Kennethfurt, FM 50473",troyharris@example.org,2024-01-28,batch_001,2026-07-31T00:00:00
CUST01139,Ashley Trujillo,1941-08-20,"421 Lopez Pass, North Carolyn, ND 97117",aclark@example.com,2021-08-18,batch_001,2026-07-31T00:00:00
CUST01140,Jasmine Bennett,1974-03-10,"Unit 6987 Box 0368, DPO AP 30821",johnsonamber@example.com,2017-01-16,batch_001,2026-07-31T00:00:00
CUST01141,Darrell Cameron,1988-01-19,"291 Timothy Centers, Riverabury, KY 08943",velezbrendan@example.net,2020-06-15,batch_001,2026-07-31T00:00:00
CUST01142,Angela Hayes,2005-04-26,"7183 Christopher Crescent, Hortonfurt, SD 07503",ccook@example.net,2019-01-18,batch_001,2026-07-31T00:00:00
CUST01143,Sandra Woods,1983-04-13,"905 Sarah Dale Apt. 711, Amychester, WY 44508",vkelly@example.org,2025-06-09,batch_001,2026-07-31T00:00:00
CUST01144,Wendy Vance,1979-03-16,"3563 Victoria Flats, East Candacestad, MP 46690",vmeyers@example.com,2025-09-03,batch_001,2026-07-31T00:00:00
CUST01145,Lisa Robinson,1948-08-11,"PSC 8119, Box 3899, APO AP 07520",kmoreno@example.net,2023-09-13,batch_001,2026-07-31T00:00:00
CUST01146,Maria Smith,1944-10-19,"3216 Leah Spurs Apt. 613, South Christinahaven, MA 35596",websterbrandon@example.net,2018-07-08,batch_001,2026-07-31T00:00:00
CUST01147,Michael Guzman,1982-07-20,"583 Neal View Apt. 998, East Timothyview, VA 29052",dustinmorris@example.com,2017-07-15,batch_001,2026-07-31T00:00:00
CUST01148,Andrea Greene,1948-10-12,"147 Villanueva Coves Apt. 360, Lake Amberbury, OK 78912",michael13@example.net,2024-01-12,batch_001,2026-07-31T00:00:00
CUST01149,David Edwards,1994-02-25,"307 Boyd Street, Kimberlyton, SD 77459",tdominguez@example.com,2026-01-07,batch_001,2026-07-31T00:00:00
CUST01150,Brandy Ramirez,2001-08-05,"177 Mark Trace, South Richardland, CA 27527",sydneyruiz@example.com,2026-06-08,batch_001,2026-07-31T00:00:00
CUST01151,Chad Mendoza,1972-05-23,"24222 Davis Ridges Apt. 063, Lake Jimmy, MD 40942",davisamy@example.net,2017-01-25,batch_001,2026-07-31T00:00:00
CUST01152,Christopher Hodges,1995-05-26,"02435 Heidi Inlet Suite 651, Lake Jillchester, TN 09037",robert40@example.net,2021-11-08,batch_001,2026-07-31T00:00:00
CUST01153,Eric Bell,1996-03-15,"70542 Roberson Course, New Reginaburgh, MS 10474",johnsonjames@example.com,2026-05-18,batch_001,2026-07-31T00:00:00
CUST01154,Kenneth Branch,1963-04-28,"76669 Greene Trail, New Michael, IN 70920",qdavis@example.org,2021-02-15,batch_001,2026-07-31T00:00:00
CUST01155,Kimberly Webster,1998-05-21,"342 Valdez Walks, West Aaron, NE 88758",williamlopez@example.com,2017-09-10,batch_001,2026-07-31T00:00:00
CUST01156,Megan Ryan,1954-08-06,"3751 Graham Ridge, Jessicahaven, NE 47945",gregory38@example.org,2020-01-04,batch_001,2026-07-31T00:00:00
CUST01157,Gwendolyn Cole,1967-09-10,"528 Lynch Neck, East Ashleychester, LA 43329",marcusdavis@example.com,2018-11-07,batch_001,2026-07-31T00:00:00
CUST01158,Jimmy Lang,1969-02-16,"99542 Lewis Harbor, Jodifurt, TN 49953",ljordan@example.net,2022-02-28,batch_001,2026-07-31T00:00:00
CUST01159,Alan Haynes,1983-03-06,"9014 Odonnell Common, Port Jasonhaven, KS 94325",zgarcia@example.com,2026-06-09,batch_001,2026-07-31T00:00:00
CUST01160,Nicholas Smith,1998-01-04,"16744 James Square Apt. 596, Andrewview, MD 02681",kimberly69@example.org,2022-09-05,batch_001,2026-07-31T00:00:00
CUST01161,Chad Joseph,1974-07-19,"PSC 2861, Box 7892, APO AA 58920",turnerarthur@example.org,2022-06-02,batch_001,2026-07-31T00:00:00
CUST01162,Miss Cynthia Morris,1964-01-24,"2648 Crystal Trace Apt. 849, Port Kaitlyn, VI 73807",lambertjames@example.net,2017-07-12,batch_001,2026-07-31T00:00:00
CUST01163,Ryan Johnson,1965-06-13,"8969 Miller Valley, North Katherine, SD 66523",dylan77@example.com,2020-05-02,batch_001,2026-07-31T00:00:00
CUST01164,Amber Robinson,1977-04-01,"36344 Lewis Ranch, Richardfurt, WA 97330",jessemedina@example.net,2022-12-23,batch_001,2026-07-31T00:00:00
CUST01165,Jacob Frazier,2007-02-10,"3174 Delacruz Mountain, Mercadoburgh, TX 54696",paulhahn@example.com,2019-02-21,batch_001,2026-07-31T00:00:00
CUST01166,Katrina Winters,1978-03-15,"4759 Sutton Run Apt. 485, New Michael, ID 58975",bcobb@example.org,2021-11-27,batch_001,2026-07-31T00:00:00
CUST01167,Justin Campbell,1973-12-25,"76751 Carlson Keys, West Christopher, MD 99379",pmiranda@example.org,2023-03-15,batch_001,2026-07-31T00:00:00
CUST01168,Maria Williams,1945-08-15,"5658 John Highway, Matthewhaven, AS 44217",vdiaz@example.org,2017-07-27,batch_001,2026-07-31T00:00:00
CUST01169,Beverly Jenkins,2003-10-06,"Unit 0047 Box 0911, DPO AE 96919",lisarichards@example.net,2019-12-27,batch_001,2026-07-31T00:00:00
CUST01170,Kyle Cannon,1966-03-11,"1181 Shaw Summit Suite 466, West Jessicafort, NV 56213",dixonkathryn@example.com,2023-10-01,batch_001,2026-07-31T00:00:00
CUST01171,Diana Murray,1976-05-11,"682 Joy Station Apt. 565, Alvinland, KY 94653",jacquelineholt@example.org,2024-11-11,batch_001,2026-07-31T00:00:00
CUST01172,Charlene Henderson,1991-04-04,"4739 Thompson Drives, West Brianland, IL 12066",tbennett@example.com,2019-08-26,batch_001,2026-07-31T00:00:00
CUST01173,Cindy Garza,1962-07-04,"852 Gibson Way Suite 203, Catherineport, CT 02688",sabrinaperez@example.net,2024-04-02,batch_001,2026-07-31T00:00:00
CUST01174,Wendy Medina,1974-04-20,"4774 James Ford Suite 183, East Michaelstad, ID 35567",ibarton@example.org,2020-06-02,batch_001,2026-07-31T00:00:00
CUST01175,Taylor Parsons,1965-05-06,"178 Cooper Road, Port Barbaraport, VT 89291",rangelteresa@example.net,2020-02-26,batch_001,2026-07-31T00:00:00
CUST01176,Robert Franco,2008-03-19,"Unit 1675 Box 9238, DPO AE 13228",larrygill@example.net,2022-12-17,batch_001,2026-07-31T00:00:00
CUST01177,Pamela Oconnor,1947-10-26,"Unit 8146 Box 3429, DPO AE 41363",curtisfranklin@example.com,2025-11-24,batch_001,2026-07-31T00:00:00
CUST01178,Dana Hines,1980-08-27,"18527 Kenneth Corners, Jenniferland, ID 33198",cookdanielle@example.com,2024-06-17,batch_001,2026-07-31T00:00:00
CUST01179,Erica Williams,1954-11-25,"0778 Emily Courts Apt. 965, Elizabethmouth, MD 60350",tfigueroa@example.com,2017-07-01,batch_001,2026-07-31T00:00:00
CUST01180,Stephen Wilson,1957-09-24,"912 Mcmillan Walks, Matthewton, MT 40712",donovansamantha@example.org,2021-10-10,batch_001,2026-07-31T00:00:00
CUST01181,Tabitha Goodman,1943-02-20,"Unit 6910 Box 0822, DPO AP 33276",laurenmartinez@example.net,2023-09-18,batch_001,2026-07-31T00:00:00
CUST01182,Tammy Hernandez,1951-03-15,"6269 Blevins Burgs Apt. 479, Lake Adamstad, OK 30699",ebonywalters@example.net,2023-09-06,batch_001,2026-07-31T00:00:00
CUST01183,Casey Burton,1965-07-06,"20074 Gilbert Street, West Linda, OH 61197",thomasmichael@example.com,2024-12-14,batch_001,2026-07-31T00:00:00
CUST01184,Roberta Rivera,1964-05-09,"Unit 0286 Box 0604, DPO AP 04260",laceydecker@example.com,2019-10-01,batch_001,2026-07-31T00:00:00
CUST01185,Sarah Tanner,1942-06-13,"950 Jonathan Corner Suite 664, North Clayton, MS 43653",ryan23@example.net,2023-09-13,batch_001,2026-07-31T00:00:00
CUST01186,Tammy Ramos,1979-08-11,"9931 Pedro Center Suite 229, North Victoriaborough, OH 50595",weekstimothy@example.net,2024-12-14,batch_001,2026-07-31T00:00:00
CUST01187,Angela Ray,1960-06-07,"51489 Blair Points, Lake Ashley, ME 10124",greenlisa@example.net,2024-03-09,batch_001,2026-07-31T00:00:00
CUST01188,Jeremiah Castro,1944-10-30,"673 Lori Isle, East Diane, MO 65175",mortonjonathan@example.net,2022-09-25,batch_001,2026-07-31T00:00:00
CUST01189,Mark Goodman,1993-03-28,"2925 Monique Estate Apt. 801, East John, IL 05971",gvillanueva@example.com,2025-05-17,batch_001,2026-07-31T00:00:00
CUST01190,Melanie Decker,1970-08-23,"780 Ramirez Unions Apt. 744, Mariahfort, MA 19710",halldaisy@example.org,2025-09-07,batch_001,2026-07-31T00:00:00
CUST01191,Gregory Cobb,2005-05-20,"974 Sanford Corners, Lake Daisyhaven, MS 90141",roymorris@example.org,2024-09-14,batch_001,2026-07-31T00:00:00
CUST01192,Lisa Coleman,1998-09-04,"655 Katrina Tunnel Suite 419, Alexanderchester, IA 95216",mcintyrebrendan@example.org,2018-08-02,batch_001,2026-07-31T00:00:00
CUST01193,Amy Rodriguez,1965-06-17,"59722 Thomas Pine, Katherineborough, ME 87377",timothyortiz@example.org,2025-02-27,batch_001,2026-07-31T00:00:00
CUST01194,Jessica Benson,1980-03-18,"USS Hill, FPO AE 26261",angela15@example.org,2025-06-04,batch_001,2026-07-31T00:00:00
CUST01195,Stanley Ross,1971-06-06,"Unit 7155 Box 4460, DPO AA 32619",patriciawilliams@example.com,2020-09-11,batch_001,2026-07-31T00:00:00
CUST01196,Samantha Powell,1974-07-21,"05364 Daniel Spurs Apt. 856, Rodgersberg, AS 66208",joann21@example.com,2021-02-16,batch_001,2026-07-31T00:00:00
CUST01197,Sarah Banks,2007-07-30,"77558 Christopher Estate, Whiteview, IL 80106",raymond84@example.com,2022-01-15,batch_001,2026-07-31T00:00:00
CUST01198,Justin Frank,1992-07-04,"1991 Stephen Landing Suite 129, Kerryport, PA 22155",jamie16@example.com,2023-04-23,batch_001,2026-07-31T00:00:00
CUST01199,Peter Wolf,1983-10-07,"974 Wallace Keys Suite 590, Smithmouth, ME 95565",deborah34@example.org,2025-10-16,batch_001,2026-07-31T00:00:00
CUST01200,Mary Garcia,2008-07-16,"09490 Sullivan Square, West Michelle, MI 28092",brittney71@example.org,2023-12-05,batch_001,2026-07-31T00:00:00
CUST01201,Travis Schneider,1986-10-06,"9431 Benson Orchard, East Michael, MN 61881",richard13@example.com,2017-05-23,batch_001,2026-07-31T00:00:00
CUST01202,James Murphy,1959-12-23,"95232 Levy Keys Apt. 957, Marissastad, NY 13309",jpowell@example.net,2024-11-17,batch_001,2026-07-31T00:00:00
CUST01203,Autumn Lee,1994-03-18,"470 Smith Cove, Richardshire, NV 83548",scotttiffany@example.net,2021-01-17,batch_001,2026-07-31T00:00:00
CUST01204,Renee Steele,1981-09-20,"Unit 1855 Box 9508, DPO AP 28911",xmcmillan@example.net,2024-11-25,batch_001,2026-07-31T00:00:00
CUST01205,Joel Lee,1993-09-29,"17590 Katherine Mill, South Steveview, OK 04884",sdaniels@example.net,2023-06-05,batch_001,2026-07-31T00:00:00
CUST01206,Michael Sanders,1953-09-12,"593 Wallace Springs, West Whitney, WY 56657",xcooke@example.net,2025-07-31,batch_001,2026-07-31T00:00:00
CUST01207,Linda Williams,1995-09-20,"88341 Jerry Key, Port Jamestown, CA 36166",brandonmcdonald@example.com,2022-08-21,batch_001,2026-07-31T00:00:00
CUST01208,Vanessa Perez,1952-10-21,"7967 Stephanie Grove, East Janetown, TN 07257",onunez@example.com,2024-12-16,batch_001,2026-07-31T00:00:00
CUST01209,Kristina Hernandez,1994-04-06,"2637 Zimmerman Union, East Oliviahaven, MS 56752",davisdavid@example.org,2024-01-06,batch_001,2026-07-31T00:00:00
CUST01210,Carol Baker,2006-09-12,"61197 Megan Valleys Suite 657, Crystalview, MS 49299",henryparks@example.com,2019-12-01,batch_001,2026-07-31T00:00:00
CUST01211,Ashley Davis,1960-08-23,"36738 Gloria Divide Apt. 388, Lake Brittanymouth, MP 95171",xpalmer@example.org,2021-06-14,batch_001,2026-07-31T00:00:00
CUST01212,Teresa Green,1978-02-15,"14833 Mario Circle, North Jackburgh, ND 27640",asmith@example.net,2021-05-02,batch_001,2026-07-31T00:00:00
CUST01213,Julie Webb,1974-05-11,"7618 Kimberly Lane, Lake Cassandra, AL 63832",spena@example.org,2023-04-19,batch_001,2026-07-31T00:00:00
CUST01214,Brandon Thomas,1984-11-22,"041 Cervantes Forges Apt. 326, Destinyfurt, KS 81078",gmcdonald@example.net,2023-08-29,batch_001,2026-07-31T00:00:00
CUST01215,Frank Escobar,1983-04-15,"4909 Brewer Forks, Davidville, VT 78643",hfleming@example.net,2017-12-30,batch_001,2026-07-31T00:00:00
CUST01216,Ariel Sanders,1946-04-14,"0742 Susan Gateway Apt. 936, Port Nancy, GA 53130",taylordaniel@example.net,2022-12-09,batch_001,2026-07-31T00:00:00
CUST01217,Katrina Richardson,1991-08-05,"93358 Katelyn Views, Jamesland, AL 54011",shane51@example.com,2017-01-02,batch_001,2026-07-31T00:00:00
CUST01218,Jamie Robinson,1962-10-11,"02140 Edward Plains Apt. 319, Michaelshire, VT 63702",huynhmatthew@example.net,2022-05-01,batch_001,2026-07-31T00:00:00
CUST01219,Johnny Vincent DDS,1972-06-17,"8709 Jones Glen Suite 051, Kingbury, WV 83678",darius87@example.com,2018-04-13,batch_001,2026-07-31T00:00:00
CUST01220,Jessica Brown,1972-09-17,"5973 Danielle Mountains, North Jeremy, HI 35129",ugoodman@example.net,2024-06-27,batch_001,2026-07-31T00:00:00
CUST01221,Victoria Kemp,1972-04-13,"04848 Brenda Squares Suite 318, West Paulmouth, PR 38447",timothygibson@example.net,2022-04-02,batch_001,2026-07-31T00:00:00
CUST01222,Michelle Evans,2002-03-18,"10797 Parker Mission, Kellystad, MT 45251",khernandez@example.com,2022-09-14,batch_001,2026-07-31T00:00:00
CUST01223,Kenneth Phillips,1951-11-26,"90984 Rice Keys, Smithchester, MS 95340",sandrafinley@example.net,2019-05-31,batch_001,2026-07-31T00:00:00
CUST01224,Joseph Huynh,2000-04-19,"97777 Mcdonald Throughway Apt. 996, South Jeffrey, NH 77736",natashamorton@example.com,2023-07-08,batch_001,2026-07-31T00:00:00
CUST01225,Jeffrey Allen,1946-04-29,"962 Donna Bypass, Fernandezburgh, LA 26940",jessecohen@example.org,2018-01-12,batch_001,2026-07-31T00:00:00
CUST01226,Kevin Hall,1945-02-09,"0694 Erin Alley, Salazarberg, ID 45199",zmedina@example.com,2019-01-06,batch_001,2026-07-31T00:00:00
CUST01227,Ann Wagner,1994-07-23,"64488 Mitchell Neck, Johnville, OR 83305",scottmichael@example.com,2018-12-21,batch_001,2026-07-31T00:00:00
CUST01228,Abigail Wright,2003-02-17,"55078 Pierce Route Suite 860, North Jeremy, OR 17548",davidbarron@example.com,2019-01-06,batch_001,2026-07-31T00:00:00
CUST01229,Michelle Nguyen,1943-11-27,"99287 Moore Path Suite 314, Port Kyle, MN 54069",barbarawilson@example.net,2018-03-01,batch_001,2026-07-31T00:00:00
CUST01230,Brian Smith,1980-11-15,"880 Smith Islands, Lake Blakehaven, NM 41424",gail20@example.org,2023-04-03,batch_001,2026-07-31T00:00:00
CUST01231,Mary Smith,1987-12-05,"4541 Hill Parks Apt. 104, Perrymouth, MD 85728",chanmichael@example.com,2019-04-16,batch_001,2026-07-31T00:00:00
CUST01232,Donald Bryan,1987-12-02,"78548 James Ports Suite 872, Lake Angela, MO 70612",simmonslaura@example.com,2026-04-19,batch_001,2026-07-31T00:00:00
CUST01233,Brittany Taylor,1964-05-31,"858 Christine Mount Apt. 150, New Ryanfort, TN 17833",williamsonmichael@example.net,2024-02-27,batch_001,2026-07-31T00:00:00
CUST01234,Justin Dunn,1950-06-22,"32970 Johnston Vista, Port Thomas, MA 66760",brittneygarcia@example.net,2017-05-14,batch_001,2026-07-31T00:00:00
CUST01235,Rita Jones,2007-03-23,"49207 Rivas Mount Suite 142, Annamouth, GU 31725",imoore@example.com,2022-11-28,batch_001,2026-07-31T00:00:00
CUST01236,Kimberly Steele,1982-07-01,"736 Castillo Terrace Suite 434, Lake Nicole, VI 40386",kstone@example.net,2017-12-08,batch_001,2026-07-31T00:00:00
CUST01237,Brian Mckee,2007-11-22,"80299 Kathryn Fork Suite 804, West Thomas, VI 55388",simsjennifer@example.net,2022-12-25,batch_001,2026-07-31T00:00:00
CUST01238,Jennifer Gomez,1961-02-11,"42662 Michael Ranch Apt. 036, North Caitlin, CO 94588",sandra01@example.net,2016-09-27,batch_001,2026-07-31T00:00:00
CUST01239,Brian Page,1964-03-05,"64147 Fisher Turnpike, North Cynthiahaven, KY 16999",jeffrivera@example.net,2019-02-07,batch_001,2026-07-31T00:00:00
CUST01240,Eric Moore,1991-09-24,"596 Buck Orchard, Roblesland, MI 33163",clarkegabriel@example.org,2021-03-22,batch_001,2026-07-31T00:00:00
CUST01241,Richard Powell,1992-01-21,"99090 Ryan Ville, Russellport, ME 19591",pgordon@example.net,2021-09-14,batch_001,2026-07-31T00:00:00
CUST01242,Matthew Williams,1989-08-07,"PSC 2316, Box 9792, APO AP 92949",navarroscott@example.com,2022-02-08,batch_001,2026-07-31T00:00:00
CUST01243,Courtney Gonzalez,1996-10-18,"USCGC Matthews, FPO AA 42373",jodipowers@example.org,2021-02-18,batch_001,2026-07-31T00:00:00
CUST01244,John Benson,1995-06-02,"81330 Hall Junctions, Lake Rachael, TX 27789",whitejerry@example.com,2022-06-24,batch_001,2026-07-31T00:00:00
CUST01245,Peter Mahoney,1948-06-25,"72033 Williams Cliffs Suite 023, West Cody, AK 64395",diazmichael@example.net,2019-08-15,batch_001,2026-07-31T00:00:00
CUST01246,Kevin Burch,2000-01-18,"2245 Torres Common, West Lisa, PR 11983",malikdixon@example.org,2025-01-23,batch_001,2026-07-31T00:00:00
CUST01247,Angela Davis,2005-08-22,"53494 Christina Well Suite 157, Michaelville, MH 51924",lsalinas@example.net,2024-11-07,batch_001,2026-07-31T00:00:00
CUST01248,Mrs. Alicia Bowers,1984-07-28,"18563 Anderson Well Apt. 761, Bobberg, AR 41709",wmason@example.net,2018-10-25,batch_001,2026-07-31T00:00:00
CUST01249,Julia Jones,1985-12-15,"608 Julie Ramp, North Bradleyport, WV 99369",doconnor@example.net,2023-09-22,batch_001,2026-07-31T00:00:00
CUST01250,Mr. Jonathan Garcia,1956-04-25,"6163 Rickey Pass, Zimmermanstad, CO 69633",sarah90@example.com,2019-02-10,batch_001,2026-07-31T00:00:00
CUST01251,Janet Holder,1984-04-17,"7280 Timothy Drives, Mooretown, VA 84166",nunezsherry@example.com,2017-03-06,batch_001,2026-07-31T00:00:00
CUST01252,Judith Bell,1972-01-10,"308 Brandon Locks Suite 899, Dakotaview, MI 37732",robertsnow@example.com,2019-03-17,batch_001,2026-07-31T00:00:00
CUST01253,Andrew Graham,1967-12-13,"5185 Barry Corner Suite 456, West Elizabethstad, GU 53214",wendywright@example.org,2024-10-04,batch_001,2026-07-31T00:00:00
CUST01254,Mary Clark,1975-11-11,"USS Cortez, FPO AE 46309",roy33@example.com,2017-05-30,batch_001,2026-07-31T00:00:00
CUST01255,Mr. Michael Garcia,1989-06-14,"92615 Kelley Spring Apt. 012, Elizabethberg, MN 38521",manuel05@example.com,2024-09-09,batch_001,2026-07-31T00:00:00
CUST01256,Natasha Johnson,1981-09-19,"767 Abigail Neck, West Nicholas, MO 28623",harrislaura@example.com,2017-02-10,batch_001,2026-07-31T00:00:00
CUST01257,Michael Johnson,1958-07-04,"52949 Valerie Overpass Suite 179, Edwardsview, MT 99407",nhernandez@example.com,2025-07-13,batch_001,2026-07-31T00:00:00
CUST01258,Joseph Lindsey,1988-10-01,"75600 David Camp Apt. 340, Patrickmouth, NV 13881",michaelhopkins@example.net,2019-11-22,batch_001,2026-07-31T00:00:00
CUST01259,Ashley Black,1979-12-13,"1666 Jenna Unions, Port Hectorshire, DC 64437",kelsey79@example.org,2017-04-27,batch_001,2026-07-31T00:00:00
CUST01260,Cory Miller,1981-04-20,"584 Turner Bridge Apt. 248, West Amanda, MP 51997",jennifersanchez@example.com,2026-01-20,batch_001,2026-07-31T00:00:00
CUST01261,Jacob Perez,1957-07-20,"026 Welch Valleys, West Kristinbury, TN 75703",fsmith@example.org,2024-06-09,batch_001,2026-07-31T00:00:00
CUST01262,Rachel Marks,1959-07-10,"99256 Pamela Stream, Ortizside, TN 28212",bryan03@example.com,2024-04-22,batch_001,2026-07-31T00:00:00
CUST01263,Perry Black,1946-12-02,"0513 Leslie Crescent, Russotown, ME 41371",xjohnson@example.com,2021-05-11,batch_001,2026-07-31T00:00:00
CUST01264,Rebecca Roman,1941-09-02,"PSC 7148, Box 7831, APO AE 26444",bakerlindsay@example.com,2026-04-27,batch_001,2026-07-31T00:00:00
CUST01265,Travis Hernandez,1960-01-27,"407 Johnson Forest Suite 449, Smithbury, IA 80252",ericksonphillip@example.net,2021-12-07,batch_001,2026-07-31T00:00:00
CUST01266,Mark Richmond,1961-03-29,"32675 Shelby Squares Apt. 576, North Gina, AZ 11145",daviescarrie@example.net,2018-02-03,batch_001,2026-07-31T00:00:00
CUST01267,Brandon Morris,1964-03-10,"0047 Sampson Locks Suite 948, Hamptonshire, GU 68504",william81@example.com,2021-08-09,batch_001,2026-07-31T00:00:00
CUST01268,Brian Mcneil,1942-05-27,"PSC 7701, Box 7737, APO AA 75752",caitlin30@example.com,2020-10-09,batch_001,2026-07-31T00:00:00
CUST01269,Stephen Ramos,1977-06-30,"04902 Joseph Hill Apt. 559, Westbury, IN 31079",elizabeth65@example.com,2018-05-03,batch_001,2026-07-31T00:00:00
CUST01270,William Castillo,2005-07-21,"353 Nancy Throughway, West Christinashire, OR 24108",wsims@example.org,2019-05-02,batch_001,2026-07-31T00:00:00
CUST01271,Tina Austin,1990-07-13,"17394 Benson Drives Suite 872, Port Julie, OH 46244",qhodge@example.org,2023-02-23,batch_001,2026-07-31T00:00:00
CUST01272,Mary Hughes,1998-06-10,"1349 Kylie Track, Loweryfurt, NV 04875",xsmith@example.net,2019-03-11,batch_001,2026-07-31T00:00:00
CUST01273,Daryl Flores,1985-03-16,"162 Johnson Square, West Karen, MO 40118",lclark@example.net,2018-04-21,batch_001,2026-07-31T00:00:00
CUST01274,Todd Bates,1988-10-20,"7039 John Curve Suite 186, Mckayshire, FL 47964",david05@example.org,2024-03-13,batch_001,2026-07-31T00:00:00
CUST01275,Anthony Williams,1983-11-06,"015 Jones Cliffs, Leeview, WY 33580",taylorchristopher@example.org,2019-07-14,batch_001,2026-07-31T00:00:00
CUST01276,Kristi Taylor,1941-08-29,"699 Kathryn Spur Suite 723, North Bryan, TN 34894",snyderpamela@example.com,2017-05-18,batch_001,2026-07-31T00:00:00
CUST01277,Jennifer Santana,2006-02-19,"619 David Cliffs Apt. 206, Port Christopher, VA 52619",david61@example.net,2020-09-30,batch_001,2026-07-31T00:00:00
CUST01278,Brittney Gutierrez,1984-06-06,"368 Logan Road Apt. 676, Alexisbury, FL 30035",marquezjessica@example.net,2020-05-18,batch_001,2026-07-31T00:00:00
CUST01279,Steven Hernandez,1953-10-21,"1269 Steven Green Suite 225, New Robert, KS 34335",gabriela43@example.net,2022-06-03,batch_001,2026-07-31T00:00:00
CUST01280,Monica Graham,1984-06-08,"43306 Johnson Station, West Annafort, CO 44271",jacqueline90@example.net,2023-11-18,batch_001,2026-07-31T00:00:00
CUST01281,Carol Olson,2003-06-30,"59120 Blevins Freeway, Jacksonchester, HI 95459",bfoster@example.org,2023-03-12,batch_001,2026-07-31T00:00:00
CUST01282,Edward Nichols,1951-07-01,"9997 Hammond Stravenue Suite 939, Tiffanyshire, MD 45885",elliottdawn@example.org,2019-10-26,batch_001,2026-07-31T00:00:00
CUST01283,Bradley Brown,1958-12-03,"0386 Susan Lock Suite 611, West Stacy, LA 96220",jamiejohnson@example.org,2024-04-05,batch_001,2026-07-31T00:00:00
CUST01284,Tyler Johnson,1978-07-14,"USNS Lane, FPO AE 82850",virginia82@example.net,2017-04-23,batch_001,2026-07-31T00:00:00
CUST01285,Sara Jackson,1973-04-24,"883 George Mill Apt. 654, Edwardtown, NJ 18029",brownshane@example.org,2020-05-17,batch_001,2026-07-31T00:00:00
CUST01286,John Gallegos,1979-01-13,"9636 Jones Road, Michaelland, TX 93480",smithmichael@example.org,2021-08-06,batch_001,2026-07-31T00:00:00
CUST01287,Eric Medina,1943-10-13,"62300 Robert Mission, East John, AZ 20625",aaronstrong@example.net,2025-04-24,batch_001,2026-07-31T00:00:00
CUST01288,Margaret Gonzalez,1960-01-26,"169 Melissa Points, Port Catherinechester, VT 52457",davidlarsen@example.com,2019-01-01,batch_001,2026-07-31T00:00:00
CUST01289,Kaitlin Lowe,1983-03-29,"45441 Perry Mews, Bakermouth, AL 04515",kelly58@example.org,2023-02-20,batch_001,2026-07-31T00:00:00
CUST01290,Anna Russell,1948-05-16,"280 Kenneth Crest Suite 050, Gilbertchester, CT 96289",davidcopeland@example.net,2022-03-07,batch_001,2026-07-31T00:00:00
CUST01291,David Martin,1964-02-18,"8837 Fields Freeway, Samanthaton, UT 93969",tyler62@example.com,2022-12-01,batch_001,2026-07-31T00:00:00
CUST01292,Amber Rodriguez,1992-05-09,"55862 Griffin Plains Apt. 603, South Joshuashire, AK 31690",scotttamara@example.net,2019-12-16,batch_001,2026-07-31T00:00:00
CUST01293,Peter Ruiz,2002-03-16,"42293 Bernard Isle Suite 592, West Jillstad, OK 53816",fmorris@example.net,2025-03-19,batch_001,2026-07-31T00:00:00
CUST01294,Colin Cole,1982-11-26,"45762 Sawyer Islands, North Wendytown, OH 75210",tammy97@example.org,2018-01-30,batch_001,2026-07-31T00:00:00
CUST01295,Mary Brandt,1995-11-19,"68960 Rose Flat, Stephenland, DC 88531",adrianmcneil@example.com,2018-06-08,batch_001,2026-07-31T00:00:00
CUST01296,Natalie Adkins,1960-09-07,"927 Cynthia Isle Suite 033, Goodmanhaven, TX 46738",williamgross@example.net,2023-03-22,batch_001,2026-07-31T00:00:00
CUST01297,Matthew Payne,2000-02-26,"763 Jennifer Port, Lake Adambury, NM 77490",christina94@example.com,2025-04-17,batch_001,2026-07-31T00:00:00
CUST01298,Maria King,1962-11-08,"07692 Taylor Route Suite 434, Greershire, CT 90858",zjohnson@example.net,2024-06-13,batch_001,2026-07-31T00:00:00
CUST01299,Matthew Robertson,1959-03-19,"PSC 8590, Box 7996, APO AA 66860",shannon37@example.com,2020-10-28,batch_001,2026-07-31T00:00:00
CUST01300,John Parker,1969-12-06,"073 Wendy Run Apt. 776, Lake Danaborough, MD 86692",mayaaron@example.net,2025-12-22,batch_001,2026-07-31T00:00:00
CUST01301,Christopher Lee,1977-12-16,"0336 Anderson Plaza Suite 023, Port Yvonneberg, GU 90072",kedwards@example.com,2020-04-15,batch_001,2026-07-31T00:00:00
CUST01302,Michelle Lamb,1957-10-07,"49032 John Orchard Suite 146, Oliviashire, IA 93609",lee57@example.org,2021-11-30,batch_001,2026-07-31T00:00:00
CUST01303,Jason Ruiz,2003-09-22,"4594 Lloyd Creek Apt. 189, Lake Carla, SC 19830",wrhodes@example.org,2019-02-10,batch_001,2026-07-31T00:00:00
CUST01304,Jeffrey Sullivan,1998-12-05,"PSC 2283, Box 0564, APO AA 55452",john04@example.com,2023-09-13,batch_001,2026-07-31T00:00:00
CUST01305,Gina Cook,1966-09-27,"56077 Tate Rest Suite 332, Ortizborough, OK 95288",bakermadison@example.org,2022-02-02,batch_001,2026-07-31T00:00:00
CUST01306,Patrick Sanchez,1943-07-27,"9022 Bryan Mills, Stacytown, MO 14156",cmejia@example.com,2025-06-02,batch_001,2026-07-31T00:00:00
CUST01307,Nathan Blanchard,1985-05-10,"03934 Carr Mount, Greeneburgh, PW 15509",ewhite@example.net,2024-06-11,batch_001,2026-07-31T00:00:00
CUST01308,Nicole Meyers,1985-09-30,"929 Logan Ridge, North Aaron, MA 29904",castilloerik@example.com,2019-11-16,batch_001,2026-07-31T00:00:00
CUST01309,Beth Thomas,1944-06-11,"4270 Mitchell Points Suite 788, Mccormickside, FL 08645",klee@example.net,2017-07-11,batch_001,2026-07-31T00:00:00
CUST01310,Nicole Johnson,1986-07-05,"9804 Perry Manor, Wesleymouth, DC 97579",travis09@example.com,2025-05-27,batch_001,2026-07-31T00:00:00
CUST01311,Stacey Tapia,1997-04-11,"2573 Pierce Square Suite 778, Alexistown, AS 91842",robert77@example.com,2016-11-28,batch_001,2026-07-31T00:00:00
CUST01312,Angelica Stein DDS,1994-05-07,"426 Laura Dale, South Gloria, CA 93227",cscott@example.org,2017-06-24,batch_001,2026-07-31T00:00:00
CUST01313,Johnathan Brewer,1941-09-01,"USS Cook, FPO AP 94510",adaniels@example.org,2022-05-23,batch_001,2026-07-31T00:00:00
CUST01314,Zachary Montes,1946-08-19,"127 Priscilla Extensions Suite 285, West Emily, KY 11406",fconner@example.net,2023-05-30,batch_001,2026-07-31T00:00:00
CUST01315,Kristie Green,1982-09-04,"17086 Brennan Cove Suite 207, Bankston, NJ 37886",mitchelljeffrey@example.net,2018-01-13,batch_001,2026-07-31T00:00:00
CUST01316,Linda Chavez,1980-12-23,"1051 Austin Village Apt. 070, South Angelastad, AK 95726",alexanderwilliams@example.com,2022-12-04,batch_001,2026-07-31T00:00:00
CUST01317,Carla Farmer,1986-11-03,"10297 Conway Turnpike, Adamsmouth, TX 91310",danielle96@example.com,2021-07-01,batch_001,2026-07-31T00:00:00
CUST01318,Dawn Wolf,1982-01-25,"942 Juan Lodge Suite 153, Carterstad, CO 25097",stephennorman@example.net,2024-04-04,batch_001,2026-07-31T00:00:00
CUST01319,Rachel Hogan,1993-10-18,"8160 Cooper Trafficway Apt. 749, Port Michaelport, RI 95343",fblack@example.com,2020-06-27,batch_001,2026-07-31T00:00:00
CUST01320,Christine Weiss,1960-02-23,"40574 Rivera Port Suite 324, Kathymouth, FL 58352",davisdarryl@example.net,2017-03-04,batch_001,2026-07-31T00:00:00
CUST01321,Kelly Owen,2007-02-05,"6898 Carlson Viaduct Apt. 135, Wilsonborough, AR 86887",mcummings@example.net,2017-07-18,batch_001,2026-07-31T00:00:00
CUST01322,Peter Dyer,1960-04-16,"2597 Alan Vista Suite 482, Morseside, VI 13867",tanyanash@example.com,2025-08-17,batch_001,2026-07-31T00:00:00
CUST01323,Kimberly Griffin,1973-08-05,"93717 Fleming Underpass Apt. 146, South Isaacmouth, ND 06716",maurice29@example.org,2020-12-03,batch_001,2026-07-31T00:00:00
CUST01324,Sara Harvey,1970-06-03,"887 Rivera Harbors Suite 847, Tammybury, KY 01060",hullsara@example.org,2024-03-02,batch_001,2026-07-31T00:00:00
CUST01325,Victoria Perry DVM,1990-09-18,"627 Alvarado Circles Apt. 463, North Ericview, MP 69705",kristin79@example.org,2026-06-20,batch_001,2026-07-31T00:00:00
CUST01326,Thomas Jones,1970-04-17,"23070 Rogers Glen Apt. 531, Johnsonberg, NV 83818",john03@example.com,2022-07-11,batch_001,2026-07-31T00:00:00
CUST01327,Susan Baldwin,2006-12-03,"PSC 1862, Box 4475, APO AA 25149",marshdaniel@example.net,2019-07-31,batch_001,2026-07-31T00:00:00
CUST01328,Alexis Stephens,1946-10-14,"066 Luis Hills Suite 985, Bennettstad, NE 43244",christopher02@example.net,2020-02-24,batch_001,2026-07-31T00:00:00
CUST01329,Casey Taylor,1999-09-24,"USCGC Reynolds, FPO AE 41932",peter98@example.com,2025-12-14,batch_001,2026-07-31T00:00:00
CUST01330,Brooke Schwartz,1953-07-12,"0520 Christian Forges Apt. 988, Davisburgh, IL 98253",samanthaclark@example.com,2025-09-17,batch_001,2026-07-31T00:00:00
CUST01331,Veronica Martinez,2005-11-11,"626 Lopez Divide Suite 603, North William, PW 63824",rhoffman@example.com,2023-01-27,batch_001,2026-07-31T00:00:00
CUST01332,Adrienne White,2007-08-02,"5573 Macdonald Extensions, Lake David, AS 59865",xnewman@example.org,2017-12-10,batch_001,2026-07-31T00:00:00
CUST01333,Gerald Kelly,1945-05-21,"27322 Cabrera Valleys, Livingstontown, ME 93455",kristinawilliams@example.net,2020-11-29,batch_001,2026-07-31T00:00:00
CUST01334,George Odonnell,2007-08-27,"770 Garcia Mall, Maddoxside, PR 09564",kristina64@example.com,2019-03-04,batch_001,2026-07-31T00:00:00
CUST01335,James Buchanan,2000-09-29,"044 Reese Meadows Suite 332, New Melanie, UT 21870",amy55@example.net,2024-05-29,batch_001,2026-07-31T00:00:00
CUST01336,Matthew Henderson,1973-03-28,"9942 Hill Oval Suite 089, Jamieland, DC 94664",perezstephanie@example.net,2024-01-10,batch_001,2026-07-31T00:00:00
CUST01337,Daisy Dougherty,1976-05-25,"83356 Luke Plaza Apt. 080, West Loriborough, NH 37227",markellis@example.org,2017-01-26,batch_001,2026-07-31T00:00:00
CUST01338,Jorge Murray DVM,1984-11-07,"PSC 5969, Box 5794, APO AA 65334",ashley99@example.com,2024-03-26,batch_001,2026-07-31T00:00:00
CUST01339,Grant Mosley,2008-01-06,"91714 Hutchinson Villages Suite 183, Sherimouth, DC 97372",douglas07@example.net,2022-11-02,batch_001,2026-07-31T00:00:00
CUST01340,Kathryn Hampton,1994-03-23,"19214 Henry Station Suite 520, North Kristine, TN 18262",wmccoy@example.net,2025-08-03,batch_001,2026-07-31T00:00:00
CUST01341,Alexander Cross,2001-07-30,"35321 Joann Haven Suite 029, Port Samuel, LA 84909",johnstonchristopher@example.net,2021-01-14,batch_001,2026-07-31T00:00:00
CUST01342,Heidi Rivas,1947-08-09,"599 Jasmine Haven Suite 941, Port Rhonda, IA 20668",kevin01@example.net,2025-12-19,batch_001,2026-07-31T00:00:00
CUST01343,Rachael Harris,2002-10-29,"8571 Jason Trafficway, Holtmouth, NE 72179",fmiller@example.org,2018-01-22,batch_001,2026-07-31T00:00:00
CUST01344,Bruce Johnson,1961-05-03,"381 Benjamin Highway, Annburgh, RI 69398",hawkinsdeanna@example.net,2018-10-06,batch_001,2026-07-31T00:00:00
CUST01345,Jason Pacheco,1946-05-11,"199 William Cliff, East Manuel, OH 95798",clintonhaley@example.org,2026-06-03,batch_001,2026-07-31T00:00:00
CUST01346,Lori Burns,1993-04-28,"Unit 1710 Box 3891, DPO AP 15594",uroberts@example.org,2023-11-30,batch_001,2026-07-31T00:00:00
CUST01347,Rachael Johnson,1949-03-14,"4956 Susan Club, Patriciafort, WI 51729",brian77@example.com,2020-08-25,batch_001,2026-07-31T00:00:00
CUST01348,Scott Stevens,1992-09-10,"316 Mary Shore Suite 811, West Kayleemouth, PR 04561",kathleenberry@example.com,2019-03-11,batch_001,2026-07-31T00:00:00
CUST01349,James Murray,2000-01-31,"9669 Michelle Dam Apt. 370, South Danielmouth, NC 01667",carpentermichelle@example.org,2020-01-30,batch_001,2026-07-31T00:00:00
CUST01350,Christina White,1960-03-31,"5874 Keith Plains, New Nancy, GA 32404",urogers@example.org,2017-05-28,batch_001,2026-07-31T00:00:00
CUST01351,Charles Rosales MD,1998-10-16,"585 Kelly Ways, East Christineville, MH 76012",nharrington@example.com,2026-05-30,batch_001,2026-07-31T00:00:00
CUST01352,Cynthia Simpson,1976-12-03,"736 Dustin Garden, North Jonathanbury, MT 33968",tdiaz@example.com,2019-05-22,batch_001,2026-07-31T00:00:00
CUST01353,Nancy Acevedo,1970-03-27,"71206 Daniel Isle Suite 297, Rossville, KS 47470",adam11@example.net,2021-03-26,batch_001,2026-07-31T00:00:00
CUST01354,Bobby Gonzales,1994-05-27,"361 Robert Light Apt. 146, Port Jamesfurt, CA 12209",reginaldgoodman@example.com,2021-02-28,batch_001,2026-07-31T00:00:00
CUST01355,Debra Mata,1964-10-30,"PSC 2683, Box 6843, APO AA 59755",hintonlindsay@example.org,2022-05-12,batch_001,2026-07-31T00:00:00
CUST01356,Emily Braun,1961-04-26,"660 Jerry Avenue Apt. 196, East Tyler, FL 29408",emarsh@example.com,2021-03-21,batch_001,2026-07-31T00:00:00
CUST01357,Marissa Acosta,1988-04-30,"8385 Sheri Islands, Smithshire, ID 34401",normancassandra@example.org,2018-09-20,batch_001,2026-07-31T00:00:00
CUST01358,Brian Lopez,1969-03-26,"34848 Lopez Summit Suite 700, Thompsonfort, OK 43849",nancy14@example.org,2022-09-19,batch_001,2026-07-31T00:00:00
CUST01359,Louis Hughes,1981-12-29,"17562 Cooper Parkway Apt. 016, Lake Victoriaborough, KY 40613",ycarpenter@example.com,2022-08-17,batch_001,2026-07-31T00:00:00
CUST01360,Cynthia Craig,1989-01-06,"326 Blankenship Passage, Higginston, AR 12362",jsmith@example.org,2022-01-02,batch_001,2026-07-31T00:00:00
CUST01361,Gail Sullivan,1950-02-11,"49484 Holly Walk, Glennbury, MD 94038",kim83@example.net,2021-05-29,batch_001,2026-07-31T00:00:00
CUST01362,Joseph Kennedy,1956-02-03,"798 Donna Causeway Apt. 656, Danafort, CT 11352",zachary21@example.net,2024-10-20,batch_001,2026-07-31T00:00:00
CUST01363,Megan Boyd,2000-06-18,"079 Darren Mall, North Kevinfurt, KS 33869",fmarquez@example.org,2024-07-21,batch_001,2026-07-31T00:00:00
CUST01364,Peter Ellis,1981-03-21,"473 Cordova Ferry, South Zoe, TN 63789",anita77@example.org,2025-03-02,batch_001,2026-07-31T00:00:00
CUST01365,Stacy Chen,1945-06-04,"1218 Andrea Estates, South Timothy, OR 08418",awade@example.net,2024-07-21,batch_001,2026-07-31T00:00:00
CUST01366,Heather Ball,1942-11-28,"571 Parker Trace, North Kayla, AL 02319",feliciamcgee@example.org,2019-02-08,batch_001,2026-07-31T00:00:00
CUST01367,Robert Freeman,1998-03-12,"693 Benjamin Union Apt. 983, Williamberg, TX 91628",tvasquez@example.net,2016-12-09,batch_001,2026-07-31T00:00:00
CUST01368,Casey Ortiz,1971-07-16,"4565 Anderson Mountains Suite 541, New Dakota, OR 36080",wwoods@example.org,2023-07-18,batch_001,2026-07-31T00:00:00
CUST01369,Gene Anderson,2000-01-16,"2693 Jay Vista, Alvaradoview, MI 23023",stephanie33@example.org,2017-04-07,batch_001,2026-07-31T00:00:00
CUST01370,Mrs. Patricia Scott PhD,1983-03-19,"1685 Deborah Groves, Rossfort, MN 16514",matthewgrant@example.com,2017-02-21,batch_001,2026-07-31T00:00:00
CUST01371,Allison Cortez,1993-04-20,"6933 Travis Fort, West David, ND 47025",xmoore@example.net,2026-05-11,batch_001,2026-07-31T00:00:00
CUST01372,Richard Bond,1957-04-16,"59310 Lisa Stravenue, Summerston, AL 71701",douglas34@example.org,2024-06-30,batch_001,2026-07-31T00:00:00
CUST01373,Craig Hall,1955-06-28,"883 Richardson Roads, East Michaelfort, MH 72253",adamsjeffery@example.org,2024-02-29,batch_001,2026-07-31T00:00:00
CUST01374,Maria Watson,1981-11-23,"USS Woods, FPO AA 75391",pfernandez@example.net,2025-06-28,batch_001,2026-07-31T00:00:00
CUST01375,Michael Parker,1967-11-09,"57837 Ryan Burgs, Jamieberg, SC 59523",deborahewing@example.net,2021-08-11,batch_001,2026-07-31T00:00:00
CUST01376,Lisa Baker,1970-10-01,"USNS Reid, FPO AP 05483",carrieaustin@example.net,2025-06-20,batch_001,2026-07-31T00:00:00
CUST01377,Megan Miller,1973-06-23,"19859 Maynard Union, Kimberlytown, DC 43967",fosterryan@example.net,2025-05-23,batch_001,2026-07-31T00:00:00
CUST01378,Michael Johnson,1985-10-07,"7671 Poole Ports, Wrightside, OR 47473",zamoraaaron@example.net,2025-06-30,batch_001,2026-07-31T00:00:00
CUST01379,Scott James,1964-05-15,"9637 Harris Springs Suite 399, Christinaport, AL 26854",luke46@example.com,2019-09-24,batch_001,2026-07-31T00:00:00
CUST01380,John Palmer,1971-03-19,"10273 Powers Forges, West Jill, TN 60951",jenniferserrano@example.org,2022-11-03,batch_001,2026-07-31T00:00:00
CUST01381,Jonathan Adams,2006-01-10,"6019 Arthur Branch, Anachester, MO 94872",adkinsjared@example.net,2020-01-22,batch_001,2026-07-31T00:00:00
CUST01382,Thomas West,1952-01-28,"785 Mccoy Harbors, South Victoriaton, WY 81288",greenetyler@example.com,2023-08-12,batch_001,2026-07-31T00:00:00
CUST01383,Kristin Smith,1961-06-29,"46694 Sloan Turnpike Apt. 387, Lake Kellimouth, DC 66190",hopkinspaul@example.com,2022-10-20,batch_001,2026-07-31T00:00:00
CUST01384,Jessica Lindsey,2004-01-28,"1988 Tiffany Harbor Apt. 450, Romeroborough, NY 05819",umoore@example.org,2018-01-28,batch_001,2026-07-31T00:00:00
CUST01385,Scott Newman,1951-10-09,"6924 Kenneth Well Apt. 548, Larsonburgh, DE 24967",parkspaul@example.org,2020-08-28,batch_001,2026-07-31T00:00:00
CUST01386,Joseph Williams,1975-11-27,"9466 Rebecca Radial Apt. 376, Scottmouth, NE 96793",sandovalnicole@example.com,2024-04-07,batch_001,2026-07-31T00:00:00
CUST01387,Robert Williams,1947-02-04,"558 Mckinney Station Apt. 900, Davidhaven, PA 29547",jayanderson@example.net,2019-10-01,batch_001,2026-07-31T00:00:00
CUST01388,Robert Robertson,1969-11-20,"29573 Daniel Wells, North Jackport, AS 46876",idavis@example.org,2023-05-28,batch_001,2026-07-31T00:00:00
CUST01389,Janice Rocha,2003-08-03,"991 Robin Road Suite 055, New Codyshire, IN 76049",fpatel@example.net,2022-12-15,batch_001,2026-07-31T00:00:00
CUST01390,Adam Smith,1971-01-19,"328 Smith Squares, New Robertoberg, OR 29337",lisajones@example.org,2024-12-16,batch_001,2026-07-31T00:00:00
CUST01391,Vernon Williams,1960-08-05,"03717 Cox Point Suite 627, Amberfurt, MO 14423",vaughnpaula@example.org,2026-05-22,batch_001,2026-07-31T00:00:00
CUST01392,Natalie Le,2003-03-04,"9516 Henry Course, North David, NE 06801",weaverrachel@example.net,2023-08-19,batch_001,2026-07-31T00:00:00
CUST01393,Michelle Chan,1991-03-31,"02559 Carpenter Dale, South Kristinbury, DE 37789",carol88@example.net,2018-10-27,batch_001,2026-07-31T00:00:00
CUST01394,Sierra Padilla,1982-10-08,"045 Maurice Corners Apt. 203, Smithville, MO 36425",pughpamela@example.org,2018-05-17,batch_001,2026-07-31T00:00:00
CUST01395,Renee Larsen,1958-10-22,"971 Johnson Trail, West Roger, MD 35053",ashlee50@example.com,2020-12-02,batch_001,2026-07-31T00:00:00
CUST01396,Susan Johnson,1942-05-13,"5669 Gabrielle Route Suite 907, Donaldview, CO 40484",elizabethbarrett@example.com,2022-03-27,batch_001,2026-07-31T00:00:00
CUST01397,Scott Santos,1983-10-16,"PSC 2538, Box 4766, APO AP 11717",james16@example.com,2022-09-09,batch_001,2026-07-31T00:00:00
CUST01398,Lorraine Martinez,1975-04-16,"Unit 6859 Box 0262, DPO AP 58957",wmiller@example.com,2018-12-11,batch_001,2026-07-31T00:00:00
CUST01399,Kimberly Graham,1967-11-29,"824 Walter Ranch Suite 701, Woodburgh, MP 65727",sunderwood@example.org,2018-11-29,batch_001,2026-07-31T00:00:00
CUST01400,Samantha Crawford,1952-05-04,"252 White Flats, Edwardfurt, MP 04937",meyerjulie@example.net,2017-08-25,batch_001,2026-07-31T00:00:00
CUST01401,Sherry Chavez,1998-08-01,"2053 Gonzalez Corners, Lake David, KY 49189",nsmith@example.net,2021-11-01,batch_001,2026-07-31T00:00:00
CUST01402,Dana Martinez,1957-03-23,"91294 Small Fork, Port Lisaland, KY 04560",qhunt@example.net,2021-06-25,batch_001,2026-07-31T00:00:00
CUST01403,Madison Liu,2003-04-18,"402 Sarah Meadow, East Christopher, NM 82120",shawdenise@example.org,2019-12-06,batch_001,2026-07-31T00:00:00
CUST01404,Scott Martin,1996-04-16,"963 Ward Mountains Suite 452, Lewisport, NY 69009",jamestodd@example.com,2026-03-23,batch_001,2026-07-31T00:00:00
CUST01405,Edward Lopez,1997-08-25,"1178 Angela Isle, East Johnathanstad, IN 73117",williamruiz@example.org,2019-02-12,batch_001,2026-07-31T00:00:00
CUST01406,Jeffrey Herman,1959-05-29,"874 Mann Views, Millerberg, AR 82521",eedwards@example.net,2024-02-02,batch_001,2026-07-31T00:00:00
CUST01407,Jean Ward,1998-11-17,"262 Diane Bypass Suite 414, Jeffreyville, AL 51316",ramirezjustin@example.org,2020-03-28,batch_001,2026-07-31T00:00:00
CUST01408,Heather Murray,1981-10-15,"19971 Frances Lake, East Lori, FM 36759",bmartin@example.net,2023-01-29,batch_001,2026-07-31T00:00:00
CUST01409,Paul Francis,1973-05-21,"44997 Rodgers Plains Suite 861, Port Sarahhaven, MO 07537",darrellarmstrong@example.org,2017-01-24,batch_001,2026-07-31T00:00:00
CUST01410,Jeffrey Hull,1975-07-19,"9033 Ethan Ferry Apt. 954, South Alexandermouth, IL 90385",hooperjessica@example.net,2020-12-02,batch_001,2026-07-31T00:00:00
CUST01411,James Ford,2001-04-27,"0703 Cruz Wall Suite 600, Grayberg, GA 72541",davidrasmussen@example.net,2025-07-08,batch_001,2026-07-31T00:00:00
CUST01412,Kevin Reilly,1985-06-22,"278 Farmer Dale Suite 439, East Melissa, PW 39739",dawn69@example.org,2025-09-29,batch_001,2026-07-31T00:00:00
CUST01413,Jennifer Levy,1986-08-24,"531 James Shoal Suite 358, Bethside, CO 15242",tina65@example.org,2017-03-15,batch_001,2026-07-31T00:00:00
CUST01414,Allen Price,1952-01-22,"0483 King Pines, North Hannahmouth, OR 46325",joanna85@example.net,2021-01-10,batch_001,2026-07-31T00:00:00
CUST01415,Marcus Porter,2005-01-02,"63659 Thompson Locks, Pattersonfort, NJ 64479",ashley58@example.com,2020-12-20,batch_001,2026-07-31T00:00:00
CUST01416,Elizabeth Washington,1946-06-21,"Unit 1953 Box 8088, DPO AA 23983",ibuchanan@example.org,2020-02-17,batch_001,2026-07-31T00:00:00
CUST01417,Katherine Sullivan,1955-03-22,"11139 Matthew Pine, West Justinborough, MT 33415",wmontgomery@example.org,2016-10-19,batch_001,2026-07-31T00:00:00
CUST01418,Anita Shields,1959-05-18,"64790 Combs Union Apt. 573, South Shawnshire, MS 61028",paulwhite@example.org,2026-07-14,batch_001,2026-07-31T00:00:00
CUST01419,Robert Gill,1981-04-28,"3205 Bradley Mill Apt. 459, Garciastad, MN 89895",kwilliamson@example.com,2023-04-16,batch_001,2026-07-31T00:00:00
CUST01420,Michael Parker,1973-05-08,"732 Smith Radial Suite 856, Websterton, WV 69149",emily73@example.com,2016-09-13,batch_001,2026-07-31T00:00:00
CUST01421,Mrs. Sandra Knapp,1975-09-02,"364 Stephenson Center, South James, NM 52354",zbarrett@example.com,2023-01-07,batch_001,2026-07-31T00:00:00
CUST01422,Rebecca Moss,1982-01-14,"9494 Garner Keys Suite 347, Michelleton, VT 84193",jonhampton@example.org,2023-04-12,batch_001,2026-07-31T00:00:00
CUST01423,Matthew Hansen,1971-09-14,"3945 Joel Valley Suite 480, Warrenstad, IN 70243",jamesferguson@example.com,2025-01-01,batch_001,2026-07-31T00:00:00
CUST01424,Lawrence Wright,1981-01-26,"804 Thomas Mount Apt. 041, Aaronfurt, IL 23658",mary51@example.org,2019-10-15,batch_001,2026-07-31T00:00:00
CUST01425,Jose Booth,1996-03-01,"34674 Adams Turnpike Suite 603, Port Mercedes, DC 64161",lynnhudson@example.com,2018-12-25,batch_001,2026-07-31T00:00:00
CUST01426,Charles Brown,1959-07-29,"USNV Meyers, FPO AE 07496",smithcourtney@example.com,2018-06-23,batch_001,2026-07-31T00:00:00
CUST01427,Ashley Russo,1944-08-20,"8497 Knight Mountains Apt. 833, South Christopherview, IL 42631",xatkins@example.com,2024-10-17,batch_001,2026-07-31T00:00:00
CUST01428,Christine Peterson,1989-08-11,"USNV Barnett, FPO AP 90450",robertlopez@example.com,2024-08-17,batch_001,2026-07-31T00:00:00
CUST01429,Julie Reynolds,1943-07-21,"81292 Nicole Locks Apt. 391, East Travis, KS 48200",susan13@example.org,2023-06-12,batch_001,2026-07-31T00:00:00
CUST01430,Jill Cook,1975-06-26,"9106 Wilson Burgs, Adamsfort, AZ 60147",kathleenbecker@example.com,2023-07-30,batch_001,2026-07-31T00:00:00
CUST01431,Kayla Gonzalez,1971-08-13,"573 Spears Isle Suite 044, South Jack, AR 81023",lopezmichelle@example.net,2025-08-11,batch_001,2026-07-31T00:00:00
CUST01432,Matthew Price,2000-09-21,"Unit 3167 Box 8598, DPO AA 34722",pamela88@example.net,2025-03-10,batch_001,2026-07-31T00:00:00
CUST01433,Laurie Johnson DVM,1980-07-16,"Unit 0756 Box 0526, DPO AP 82420",martinezmichael@example.org,2021-12-12,batch_001,2026-07-31T00:00:00
CUST01434,Lisa George,1998-04-17,"30923 Atkinson Locks Suite 403, South Carlashire, DE 46798",linda02@example.net,2017-03-22,batch_001,2026-07-31T00:00:00
CUST01435,Allison Thomas,1973-01-29,"Unit 9531 Box 8500, DPO AA 17281",christianmeza@example.org,2020-02-16,batch_001,2026-07-31T00:00:00
CUST01436,Melissa Cruz,1989-03-14,"8109 Renee Centers, Kennethport, VT 59258",rosehoward@example.com,2017-03-30,batch_001,2026-07-31T00:00:00
CUST01437,Laurie Fox,1982-05-30,"553 Nicholas Corner Apt. 723, South Sarah, PR 17737",miranda18@example.com,2024-03-09,batch_001,2026-07-31T00:00:00
CUST01438,John Barnes,1954-02-22,"5903 Sharon Crossing, Lunamouth, PR 40259",judy76@example.org,2022-09-29,batch_001,2026-07-31T00:00:00
CUST01439,Michael Phillips,1987-07-12,"508 Destiny Heights, Josephton, IA 44074",wallacemelissa@example.net,2022-05-04,batch_001,2026-07-31T00:00:00
CUST01440,Harold Wolfe,2004-11-19,"5881 William Station, Lake Elijah, NV 43720",sergio77@example.com,2022-09-21,batch_001,2026-07-31T00:00:00
CUST01441,Catherine Campbell,1960-01-21,"87249 Timothy Mountains, North Trevorport, VI 43877",carol48@example.com,2022-11-29,batch_001,2026-07-31T00:00:00
CUST01442,Derek Cortez,1980-04-24,"2395 Hopkins Overpass Apt. 255, West Rachel, GA 59536",ngriffin@example.net,2023-08-29,batch_001,2026-07-31T00:00:00
CUST01443,Caleb Moore,1995-06-04,"2765 Linda Haven, Stacyborough, KY 14030",oescobar@example.org,2016-12-07,batch_001,2026-07-31T00:00:00
CUST01444,Jacob Peters,1945-05-19,"9556 Susan Manors Apt. 357, Perryton, OH 80816",katherine49@example.org,2022-05-07,batch_001,2026-07-31T00:00:00
CUST01445,Mitchell Carter,1943-08-14,"5785 Clayton Stravenue, Aguilarbury, MO 73375",xeaton@example.net,2025-02-17,batch_001,2026-07-31T00:00:00
CUST01446,Mary Fisher,1987-12-19,"010 Watson Track Apt. 911, West Maureenburgh, AZ 21703",cmitchell@example.net,2020-09-15,batch_001,2026-07-31T00:00:00
CUST01447,Morgan Zimmerman,1989-10-08,"USCGC Sanchez, FPO AP 06080",reneewade@example.org,2019-10-23,batch_001,2026-07-31T00:00:00
CUST01448,Kelly Acevedo,1978-07-21,"Unit 1889 Box 3844, DPO AA 68623",mullinsrobert@example.com,2026-02-11,batch_001,2026-07-31T00:00:00
CUST01449,Stephen Gilmore,1970-12-30,"348 Jacob Ferry, Grahamfort, KY 20017",bparker@example.com,2023-06-16,batch_001,2026-07-31T00:00:00
CUST01450,Michael Jackson,1973-02-03,"3795 Felicia Plaza Suite 744, West Paul, NV 87500",torresstephanie@example.com,2026-02-01,batch_001,2026-07-31T00:00:00
CUST01451,Ms. Michele Wright,1997-01-26,"6423 Smith Drives Suite 908, Adamsshire, MS 51681",zcontreras@example.net,2020-04-10,batch_001,2026-07-31T00:00:00
CUST01452,Kimberly Franco,1945-12-04,"24687 Jacob Center, South Jared, NM 93169",brian61@example.org,2018-08-26,batch_001,2026-07-31T00:00:00
CUST01453,Eric Ware MD,1976-08-08,"45596 Lowe Mission, Pearsonstad, GU 60843",ahoffman@example.org,2023-08-14,batch_001,2026-07-31T00:00:00
CUST01454,Samuel Anderson,2001-12-01,"644 Lewis Mall Apt. 270, Robertview, NE 47048",nicolemarsh@example.org,2022-07-30,batch_001,2026-07-31T00:00:00
CUST01455,Brandon Cohen,1944-06-16,"1520 Mark Roads Apt. 985, Port Matthewstad, SC 13776",jeffreykoch@example.net,2017-08-16,batch_001,2026-07-31T00:00:00
CUST01456,Lori Zhang,1963-04-28,"PSC 2987, Box 6632, APO AA 88531",chandavid@example.org,2017-06-04,batch_001,2026-07-31T00:00:00
CUST01457,Andrew Holden,1978-11-13,"700 Hernandez Rapids, New Josephmouth, MH 86263",betty65@example.net,2018-03-18,batch_001,2026-07-31T00:00:00
CUST01458,Casey Smith,1982-04-25,"14358 Bradley Ways Apt. 775, East Billyland, AL 78533",pennygood@example.org,2016-12-08,batch_001,2026-07-31T00:00:00
CUST01459,Donna Lara,1968-11-23,"47320 Sanchez Ridge Apt. 743, East Robertchester, MI 52686",thompsonjames@example.org,2025-12-07,batch_001,2026-07-31T00:00:00
CUST01460,Gina Johnson,2003-02-13,"5552 Bryant Dam Apt. 367, East Shawnmouth, DE 01512",smallmichael@example.net,2023-08-15,batch_001,2026-07-31T00:00:00
CUST01461,Amanda Riley,1999-02-10,"21816 Kane Rapid, Port Henry, IA 48339",autumnhall@example.net,2024-01-04,batch_001,2026-07-31T00:00:00
CUST01462,Sean Nelson,2004-02-13,"65707 Lopez Wall Apt. 830, West Gregory, TX 35243",ybrady@example.com,2020-07-07,batch_001,2026-07-31T00:00:00
CUST01463,Laura Thomas,1984-04-27,"154 Kimberly Courts, New Jeffreyport, MO 48345",jeffreybutler@example.org,2022-03-18,batch_001,2026-07-31T00:00:00
CUST01464,Dr. Michael Lee,1942-01-08,"98416 Hall Mission, Lake Deborahville, WY 61111",poolejulie@example.com,2021-12-13,batch_001,2026-07-31T00:00:00
CUST01465,Glenda Graves,1945-10-06,"97178 James Coves, Graymouth, MN 05325",cassandra73@example.net,2018-06-22,batch_001,2026-07-31T00:00:00
CUST01466,Phillip Jones,1994-04-07,"591 Obrien Plaza Apt. 317, South Karl, NM 04161",jennifer06@example.com,2026-02-26,batch_001,2026-07-31T00:00:00
CUST01467,Sheila Clayton,1989-07-02,"Unit 5935 Box 7076, DPO AA 01380",philip07@example.net,2021-08-13,batch_001,2026-07-31T00:00:00
CUST01468,Matthew Griffith,2001-07-06,"0261 Ann Passage, Lake Davidbury, NE 00924",lawrencemegan@example.org,2022-01-11,batch_001,2026-07-31T00:00:00
CUST01469,John Williams,1997-01-04,"6280 Hickman Unions, Marshallfort, PR 65481",milleremily@example.com,2026-01-13,batch_001,2026-07-31T00:00:00
CUST01470,Shirley Garcia,1950-09-15,"964 Johnson Overpass Suite 359, Petershire, TX 15190",edwardgomez@example.org,2023-02-21,batch_001,2026-07-31T00:00:00
CUST01471,David Pennington,2007-08-26,"8925 Brandon Knolls Apt. 674, Fowlerborough, MN 71455",arnoldjessica@example.com,2020-01-23,batch_001,2026-07-31T00:00:00
CUST01472,Jerry Baird,1991-01-18,"9958 Robinson Freeway, Paulshire, OR 62062",thompsonduane@example.org,2025-01-10,batch_001,2026-07-31T00:00:00
CUST01473,Amy James,1998-11-25,"67191 Hayden Ports, East Mike, TX 05425",courtneysanchez@example.net,2017-12-11,batch_001,2026-07-31T00:00:00
CUST01474,Frank Long,1974-02-18,"3355 Rodney Extension Apt. 294, Kinghaven, DE 15408",angelicapowell@example.net,2026-01-19,batch_001,2026-07-31T00:00:00
CUST01475,Jacob Hayes,1981-09-04,"29317 Dixon Isle, Port Johnview, TX 95032",wbrooks@example.net,2019-12-06,batch_001,2026-07-31T00:00:00
CUST01476,Vincent Schwartz,1985-09-13,"174 Charles Crossroad Suite 345, West John, UT 10526",vaughntroy@example.org,2017-07-10,batch_001,2026-07-31T00:00:00
CUST01477,Julia Williams,1999-11-26,"369 Hayes Knoll, Lopezview, ID 26645",russellnicholas@example.com,2018-12-22,batch_001,2026-07-31T00:00:00
CUST01478,Kimberly Nguyen,2008-01-11,"94410 Alexis Drive Suite 974, West Joshua, OR 20195",mccallaaron@example.net,2016-08-29,batch_001,2026-07-31T00:00:00
CUST01479,Sherry Mendez,1995-12-31,"29357 Clark Inlet, North Christopherfort, AZ 25228",stephen60@example.net,2017-10-15,batch_001,2026-07-31T00:00:00
CUST01480,Timothy Mcdaniel,1947-11-16,"5462 Rhonda Crossing Apt. 546, East Elizabeth, OK 37789",henrymichelle@example.com,2023-08-04,batch_001,2026-07-31T00:00:00
CUST01481,James Gentry,1958-04-30,"PSC 9547, Box 0060, APO AE 75301",williamsbelinda@example.com,2021-08-07,batch_001,2026-07-31T00:00:00
CUST01482,Casey Green,1948-12-13,"202 Kelly Coves, Morganland, MS 67950",whiteheadmatthew@example.com,2023-03-27,batch_001,2026-07-31T00:00:00
CUST01483,Tiffany Rogers,1986-10-18,"366 Simon Bridge, New Matthew, PA 09327",rebecca58@example.org,2018-01-15,batch_001,2026-07-31T00:00:00
CUST01484,Monica Dunn,1971-06-21,"49221 Dawn Cove Suite 299, Williamport, DE 37757",potterjavier@example.net,2018-04-06,batch_001,2026-07-31T00:00:00
CUST01485,Jennifer Ray,2007-01-03,"2652 Rebecca Village, Port Jennifer, CT 59512",pamela20@example.net,2022-09-26,batch_001,2026-07-31T00:00:00
CUST01486,Mia Graham,2002-12-21,"Unit 8866 Box 5948, DPO AE 91075",stevenayers@example.net,2025-03-10,batch_001,2026-07-31T00:00:00
CUST01487,Joyce Barnett,1950-01-22,"USS Gentry, FPO AA 36298",ferrelltammy@example.org,2020-10-14,batch_001,2026-07-31T00:00:00
CUST01488,Kristin Johnson,1995-09-28,"85231 Powell Wells, East Keith, ND 33361",acostadylan@example.net,2019-02-15,batch_001,2026-07-31T00:00:00
CUST01489,Tommy Woods,2001-03-29,"02534 John Manors, Marshmouth, NJ 50946",collinsdennis@example.net,2020-11-11,batch_001,2026-07-31T00:00:00
CUST01490,Michael Yoder DDS,1955-01-17,"PSC 4087, Box 7210, APO AA 85735",gregory40@example.org,2025-09-08,batch_001,2026-07-31T00:00:00
CUST01491,Sonya Wood,1957-12-26,"47254 Ryan Highway Apt. 689, New Gregory, PR 57438",beverlyflores@example.org,2020-04-19,batch_001,2026-07-31T00:00:00
CUST01492,Renee Jackson,1956-07-08,"PSC 9363, Box 2786, APO AP 03298",vwilkerson@example.org,2026-01-12,batch_001,2026-07-31T00:00:00
CUST01493,Crystal Mckee,1960-03-27,"89959 Chad Common, Maldonadoshire, HI 88904",curtislucas@example.com,2019-08-27,batch_001,2026-07-31T00:00:00
CUST01494,Hannah Briggs,1989-09-12,"Unit 0775 Box 0884, DPO AP 37535",wgonzalez@example.com,2024-07-14,batch_001,2026-07-31T00:00:00
CUST01495,Tyler Martinez,1967-04-18,"9519 Tran Streets, Joshuaburgh, GA 49100",matthew33@example.net,2025-03-01,batch_001,2026-07-31T00:00:00
CUST01496,Heather Davis,1943-12-06,"10967 Cooper Spring Apt. 636, Jessicatown, PR 44433",kingtravis@example.com,2022-02-24,batch_001,2026-07-31T00:00:00
CUST01497,Dean Barnes,2001-08-29,"32381 Zachary Mill Apt. 899, West Shirley, ME 88941",vharmon@example.com,2019-01-01,batch_001,2026-07-31T00:00:00
CUST01498,Barbara Leach,2001-04-13,"637 Chad Inlet Apt. 310, Martinbury, AR 57122",kimberly94@example.net,2018-12-11,batch_001,2026-07-31T00:00:00
CUST01499,Robert Patel,1998-02-04,"64851 Samantha Curve, New Ericland, VT 33639",stephensseth@example.org,2017-01-10,batch_001,2026-07-31T00:00:00
CUST01500,Amy Walters,1976-10-24,"321 Bradley Ports Suite 032, West Jacobport, TN 65457",jason34@example.com,2021-01-12,batch_001,2026-07-31T00:00:00
CUST01501,Isaiah Harrell,1950-05-28,"0104 James Freeway Suite 557, Deanfort, WV 19734",erikacarlson@example.com,2018-05-11,batch_001,2026-07-31T00:00:00
CUST01502,Bradley Gray,1970-05-20,"877 Alvarez Mill Suite 138, Marshallland, DC 28430",patelaudrey@example.net,2024-06-23,batch_001,2026-07-31T00:00:00
CUST01503,Jonathon Walker,1972-08-22,"455 Noble Valley, Lake Jillmouth, MP 95422",juanryan@example.net,2019-04-25,batch_001,2026-07-31T00:00:00
CUST01504,Lauren Powell,1943-08-30,"15758 Harvey Port, Port Traceymouth, IA 87228",ccortez@example.com,2025-01-23,batch_001,2026-07-31T00:00:00
CUST01505,Lindsay Saunders,2002-11-10,"95406 Zachary Vista Suite 702, Lake Taylorland, WI 47046",stephendouglas@example.org,2021-04-29,batch_001,2026-07-31T00:00:00
CUST01506,Matthew Ball,1945-05-02,"4078 Bryant Square Apt. 210, South Kimberlytown, KY 03340",troy11@example.org,2022-06-22,batch_001,2026-07-31T00:00:00
CUST01507,Jeremy Barnett,1961-08-28,"1048 Ortiz Common, Scottview, FL 57308",kaylaturner@example.com,2023-06-06,batch_001,2026-07-31T00:00:00
CUST01508,Jennifer Miller,1945-08-12,"770 John Islands, Frankport, TN 39004",kristijohnson@example.org,2020-12-24,batch_001,2026-07-31T00:00:00
CUST01509,Mary Barton,1950-09-27,"490 Danielle Centers Suite 381, Ramoshaven, OR 75659",joseskinner@example.org,2021-10-26,batch_001,2026-07-31T00:00:00
CUST01510,Scott Martinez,1960-11-17,"USNS Brown, FPO AP 56338",john31@example.com,2024-07-11,batch_001,2026-07-31T00:00:00
CUST01511,Robyn Davis,2004-05-05,"5917 Andrew Groves, Port Steven, ID 96031",michaeljames@example.net,2022-08-29,batch_001,2026-07-31T00:00:00
CUST01512,Robert Ponce,1973-06-29,"2512 David View, Jonathanland, DE 78078",bowmananthony@example.org,2021-08-13,batch_001,2026-07-31T00:00:00
CUST01513,James Aguilar,1974-11-04,"2214 Martin Way, Muellermouth, SD 32527",lisa84@example.net,2018-04-28,batch_001,2026-07-31T00:00:00
CUST01514,Barbara Wall,1950-11-03,"999 Nelson Divide Suite 184, Leonardmouth, WV 42015",richardmartinez@example.net,2021-12-15,batch_001,2026-07-31T00:00:00
CUST01515,Brian York,1984-02-07,"23235 Watkins Views Suite 803, Nancyburgh, NY 68379",rogerssara@example.com,2022-11-08,batch_001,2026-07-31T00:00:00
CUST01516,Michelle Romero,1963-02-03,"54425 Juan Squares Suite 777, Justinview, OK 51687",laura30@example.com,2017-05-10,batch_001,2026-07-31T00:00:00
CUST01517,Amber Smith,1970-08-24,"4862 Diaz Lakes, South Steven, IN 74225",rebecca46@example.org,2021-05-20,batch_001,2026-07-31T00:00:00
CUST01518,Alex Mathis,1981-03-28,"4539 Williams Throughway, Brownbury, FL 83369",taylor79@example.org,2018-04-17,batch_001,2026-07-31T00:00:00
CUST01519,Todd Bauer,1968-08-08,"16032 Brown Views Apt. 943, Stacieberg, NH 73483",eric36@example.org,2018-11-23,batch_001,2026-07-31T00:00:00
CUST01520,Deborah Perry,1995-02-03,"595 Quinn Wells Apt. 273, South Jennaport, TX 95905",scottrodriguez@example.org,2025-01-28,batch_001,2026-07-31T00:00:00
CUST01521,Diana Johnson,1950-08-11,"2761 Ortiz Via, Jenniferview, AZ 36960",xrogers@example.org,2019-01-18,batch_001,2026-07-31T00:00:00
CUST01522,Crystal Miller,1947-01-28,"0228 Benjamin Trail, Erinmouth, OR 47229",laurafrederick@example.net,2019-05-12,batch_001,2026-07-31T00:00:00
CUST01523,Timothy Fisher,2006-01-18,"39354 Renee Forks Suite 327, New Robert, WA 76321",christophermullen@example.org,2018-11-15,batch_001,2026-07-31T00:00:00
CUST01524,Aaron Alexander,1944-05-16,"48696 Robinson Parks Apt. 557, North Tara, MI 24292",castroanita@example.org,2016-10-13,batch_001,2026-07-31T00:00:00
CUST01525,Maurice Carroll,1979-06-04,"337 Horn Forks Apt. 297, West Shelly, WA 41309",brett27@example.net,2024-04-15,batch_001,2026-07-31T00:00:00
CUST01526,Sandra Horton,2003-09-03,"009 Thomas Extensions Apt. 871, Port David, OR 99143",michael39@example.net,2022-12-05,batch_001,2026-07-31T00:00:00
CUST01527,Patricia Anderson,1989-03-11,"987 Wilson Lake Suite 903, East Alexander, OH 69415",bauermichelle@example.net,2022-01-30,batch_001,2026-07-31T00:00:00
CUST01528,Adam Blevins,1960-11-02,"00788 Snyder Keys, Nguyenside, MA 01141",bailey14@example.com,2017-09-20,batch_001,2026-07-31T00:00:00
CUST01529,Susan Thompson,1944-07-05,"462 Thompson Meadow Suite 181, Katieberg, AZ 40932",denisenelson@example.net,2021-08-17,batch_001,2026-07-31T00:00:00
CUST01530,Melissa Knox,1963-08-16,"4349 Michele Heights Apt. 667, Tanyamouth, OH 89470",velliott@example.net,2017-05-12,batch_001,2026-07-31T00:00:00
CUST01531,Jill Oliver,2002-09-18,"USS Brown, FPO AP 57747",bdavidson@example.com,2022-09-14,batch_001,2026-07-31T00:00:00
CUST01532,Lori Delgado,2006-03-14,"77012 Andrews Wells Apt. 645, West Tina, NV 72142",nelsonaaron@example.org,2018-02-20,batch_001,2026-07-31T00:00:00
CUST01533,Barry Hicks,1974-05-30,"269 Katherine Village Apt. 273, Kimberlyville, FL 48238",lvance@example.org,2019-12-31,batch_001,2026-07-31T00:00:00
CUST01534,Juan Peterson,1952-01-29,"153 Janice Falls Suite 660, New Ambertown, FM 44232",nshepherd@example.com,2020-10-26,batch_001,2026-07-31T00:00:00
CUST01535,Christine Harris,1986-01-15,"PSC 1365, Box 3298, APO AA 57344",christina97@example.net,2017-05-13,batch_001,2026-07-31T00:00:00
CUST01536,Alyssa Jimenez,1996-03-15,"74614 John Mills, North Kristenshire, CO 96127",sbraun@example.org,2024-02-01,batch_001,2026-07-31T00:00:00
CUST01537,Matthew Walsh,1967-12-13,"87621 Mcclain Station Suite 405, Teresahaven, NE 56741",millskelly@example.net,2026-02-07,batch_001,2026-07-31T00:00:00
CUST01538,Donald Burns,1990-11-16,"141 Thompson Fords, Ginaburgh, CO 83468",derekreeves@example.net,2025-01-28,batch_001,2026-07-31T00:00:00
CUST01539,Kelly Randall,2000-10-01,"PSC 1590, Box 0713, APO AE 87246",robertsjoshua@example.net,2026-07-15,batch_001,2026-07-31T00:00:00
CUST01540,Thomas Webb,1959-03-05,"76604 Butler Radial Apt. 911, Jenningsport, MN 58195",yvasquez@example.net,2022-07-21,batch_001,2026-07-31T00:00:00
CUST01541,Jennifer Watson,2005-12-17,"6476 Anna Crossroad Apt. 852, Collinsmouth, HI 09755",scox@example.net,2024-03-27,batch_001,2026-07-31T00:00:00
CUST01542,Kendra Watkins,1983-12-27,"5442 Adam Club, Heatherchester, FM 80104",brookeherrera@example.net,2025-09-20,batch_001,2026-07-31T00:00:00
CUST01543,Michael Johnson,1957-05-18,"46639 John Union Apt. 430, North Amy, ID 74775",johnsmith@example.org,2025-07-13,batch_001,2026-07-31T00:00:00
CUST01544,Katie Barnett,1948-12-17,"855 Flores Dale Suite 529, Garcialand, KY 25779",qfranklin@example.com,2018-06-27,batch_001,2026-07-31T00:00:00
CUST01545,Benjamin Chavez,1972-07-12,"871 Mark Locks, Sloanchester, FM 32933",lindseydaniels@example.net,2025-06-25,batch_001,2026-07-31T00:00:00
CUST01546,David Marshall,1965-10-06,"6019 Kimberly Street, Andersonchester, PA 40677",kfisher@example.net,2025-09-20,batch_001,2026-07-31T00:00:00
CUST01547,Melinda Herrera,1954-11-29,"79736 Cunningham Villages Apt. 102, Liton, TX 81785",melissa20@example.org,2023-04-10,batch_001,2026-07-31T00:00:00
CUST01548,Thomas Martinez,1978-04-30,"190 Nolan Street Suite 244, Barkerberg, AZ 12802",arogers@example.org,2024-04-22,batch_001,2026-07-31T00:00:00
CUST01549,Victoria Gomez,1984-08-06,"26253 Stephanie Bridge Apt. 075, Sherylhaven, MP 37701",chamberspatricia@example.org,2020-08-04,batch_001,2026-07-31T00:00:00
CUST01550,Chelsey Vaughan,1951-03-08,"0933 Zachary Walk Suite 024, Adamborough, CO 03653",mcdonaldcole@example.net,2021-05-25,batch_001,2026-07-31T00:00:00
CUST01551,Michele Allen,1953-05-30,"USCGC Wells, FPO AP 29417",csanders@example.org,2020-08-03,batch_001,2026-07-31T00:00:00
CUST01552,Danny Flores,1971-10-13,"7126 Patterson Junction, New Jay, WI 76142",catherinewhite@example.net,2022-08-27,batch_001,2026-07-31T00:00:00
CUST01553,Haley Peck,1945-01-18,"39062 Montgomery Streets Suite 824, Kennedyborough, VT 74552",guerracarrie@example.net,2018-12-10,batch_001,2026-07-31T00:00:00
CUST01554,Thomas Barker,2000-05-30,"9395 Murray Corners Suite 211, Shepardburgh, HI 04904",ugates@example.net,2017-04-26,batch_001,2026-07-31T00:00:00
CUST01555,Mitchell Flowers,1963-09-16,"64443 Kaitlyn Port Suite 914, East Hannah, VT 01478",fordedward@example.com,2018-02-03,batch_001,2026-07-31T00:00:00
CUST01556,Christopher Romero,1968-08-29,"571 Carolyn Forge Apt. 853, North Bradleyton, MH 08364",ilewis@example.com,2025-02-02,batch_001,2026-07-31T00:00:00
CUST01557,Karen Griffin,1976-08-03,"8617 Angela Inlet Suite 034, Lindaborough, IN 24593",lori56@example.net,2023-10-18,batch_001,2026-07-31T00:00:00
CUST01558,Paul Navarro,1960-12-22,"7351 Rodriguez Stream Suite 696, Janeshire, MN 76511",amurphy@example.org,2017-09-08,batch_001,2026-07-31T00:00:00
CUST01559,Jo Edwards,1944-06-03,"484 Christopher Port Apt. 225, Lake Josephstad, NJ 77554",mary37@example.net,2020-06-20,batch_001,2026-07-31T00:00:00
CUST01560,Mr. Don Mitchell,1950-06-16,"USNV Lewis, FPO AE 81611",lmoore@example.net,2020-06-28,batch_001,2026-07-31T00:00:00
CUST01561,Richard Ward,1951-04-17,"392 Catherine Land Apt. 149, Hurstside, KS 03853",rtrujillo@example.net,2018-08-27,batch_001,2026-07-31T00:00:00
CUST01562,Anthony Gardner,1987-01-04,"476 Mcdaniel Burg, South Williamport, ME 52830",yhooper@example.net,2022-03-02,batch_001,2026-07-31T00:00:00
CUST01563,Timothy Weiss,1962-07-31,"86825 Alyssa Isle Apt. 562, Sparksfurt, MS 74630",jasongentry@example.org,2026-02-21,batch_001,2026-07-31T00:00:00
CUST01564,Caitlin Sanchez,1963-11-10,"USCGC Weeks, FPO AP 79896",thomasbrown@example.net,2024-03-14,batch_001,2026-07-31T00:00:00
CUST01565,Richard Frazier,1959-12-26,"6610 Garcia Hills Suite 180, Bergfurt, GA 66319",vtodd@example.net,2024-07-14,batch_001,2026-07-31T00:00:00
CUST01566,Terri Jensen,1988-11-25,"403 Miller Meadow Suite 613, Joshuaside, ND 30366",mistystephens@example.net,2025-06-16,batch_001,2026-07-31T00:00:00
CUST01567,Patrick Adams,1943-06-18,"37793 Christopher Spring, East Sarah, AK 10564",glewis@example.com,2018-08-23,batch_001,2026-07-31T00:00:00
CUST01568,Christian Carpenter,1953-11-08,"33631 Tate Ramp, North Gary, AZ 24564",davidlarson@example.com,2017-02-09,batch_001,2026-07-31T00:00:00
CUST01569,Brian Dean,1974-07-05,"77569 Alan Avenue, Lake Bonnieland, NH 49812",megan32@example.com,2019-10-07,batch_001,2026-07-31T00:00:00
CUST01570,Dawn Robinson,1999-06-02,"51547 Graham Crescent Apt. 708, Smithfort, FL 70367",rebeccaanthony@example.org,2021-11-01,batch_001,2026-07-31T00:00:00
CUST01571,Morgan Stone,1944-09-30,"9123 Daniel Shores, North Nicholasborough, HI 35274",paynedominic@example.net,2020-08-14,batch_001,2026-07-31T00:00:00
CUST01572,Jerry Martin,1992-11-24,"13116 Elliott Stream, Gabrielborough, GA 51131",gfrazier@example.net,2022-07-16,batch_001,2026-07-31T00:00:00
CUST01573,Jonathan Rodriguez,1993-02-14,"862 Harry Court Suite 386, Karenchester, NV 31153",jacksonbilly@example.net,2017-12-31,batch_001,2026-07-31T00:00:00
CUST01574,Dr. Tommy Clark,1961-12-01,"053 Charlene Harbors Apt. 050, Morrismouth, AL 69656",warren28@example.com,2018-01-01,batch_001,2026-07-31T00:00:00
CUST01575,David Crawford,1969-09-03,"700 Wendy Run Suite 644, West Sarahbury, MD 43449",millerraven@example.com,2024-11-26,batch_001,2026-07-31T00:00:00
CUST01576,Vicki Sanchez,1952-12-10,"018 David Lake, North Karenland, GU 25834",anthony36@example.net,2024-04-24,batch_001,2026-07-31T00:00:00
CUST01577,Linda Cox,1943-09-10,"5117 Foley Mountains, Lake Christopherton, TN 51996",amber79@example.com,2017-10-27,batch_001,2026-07-31T00:00:00
CUST01578,Tiffany Mccoy,2003-08-31,"79044 Shelby Plains Apt. 901, Port Stacyview, GU 44445",sporter@example.com,2025-04-05,batch_001,2026-07-31T00:00:00
CUST01579,Benjamin Valencia,1973-03-15,"017 Ashley Turnpike Apt. 764, Charlesfort, VI 61672",andersonelijah@example.org,2024-01-18,batch_001,2026-07-31T00:00:00
CUST01580,William Bernard,1979-05-10,"7253 Brian Knoll, New Joseph, OK 73328",xbowers@example.net,2016-08-26,batch_001,2026-07-31T00:00:00
CUST01581,Jimmy Jackson,1975-09-29,"57024 Patricia Ridge, New Wesley, TN 56034",jennifermarsh@example.com,2025-01-24,batch_001,2026-07-31T00:00:00
CUST01582,Dustin Taylor,1993-09-09,"6523 Angela Plaza, Stanleyfurt, GA 20885",owright@example.org,2023-02-11,batch_001,2026-07-31T00:00:00
CUST01583,Teresa Mccoy,1999-11-22,"6334 Darryl Spurs, North Nicholas, UT 26223",nicole52@example.com,2021-11-19,batch_001,2026-07-31T00:00:00
CUST01584,Sean Hawkins,1955-12-28,"57044 Cox Union, Lake Rebeccaport, IL 36007",sarah11@example.org,2023-05-28,batch_001,2026-07-31T00:00:00
CUST01585,Kenneth Carter,1973-05-16,"421 White Road Suite 638, West Charlesville, DE 53961",karen92@example.com,2022-05-10,batch_001,2026-07-31T00:00:00
CUST01586,Kevin Johns,1986-07-14,"Unit 2473 Box 5399, DPO AP 65492",kathy91@example.com,2023-03-04,batch_001,2026-07-31T00:00:00
CUST01587,Eugene Wilson,1957-11-25,"347 Samantha Freeway, West Susanside, GA 34589",jody10@example.net,2016-08-13,batch_001,2026-07-31T00:00:00
CUST01588,Jared Evans,1975-10-27,"USCGC Nichols, FPO AP 50823",kylegarner@example.net,2018-02-21,batch_001,2026-07-31T00:00:00
CUST01589,Alexis Fisher,1946-05-30,"06963 Gentry Rest Apt. 218, Harperton, MS 44825",colemanmelissa@example.com,2021-02-24,batch_001,2026-07-31T00:00:00
CUST01590,Adam Rodriguez,1971-05-15,"31600 Juarez Ferry, Martinside, MT 67536",daniellerodriguez@example.org,2018-01-01,batch_001,2026-07-31T00:00:00
CUST01591,Bobby Adkins,1945-09-01,"50796 Williamson Via Suite 842, North Deborahport, CO 36973",derek60@example.net,2026-01-03,batch_001,2026-07-31T00:00:00
CUST01592,Carolyn Thornton,1973-12-13,"59528 Singh Station Suite 757, Lewisfort, UT 80298",brittanyjohnson@example.com,2020-05-15,batch_001,2026-07-31T00:00:00
CUST01593,Mary Burke,1975-07-13,"7607 Cortez Courts, West Brendaview, VA 88666",stewartkelsey@example.org,2024-09-16,batch_001,2026-07-31T00:00:00
CUST01594,Glenda Stokes,1980-05-09,"586 Coleman Bridge, Lewisport, TX 61843",fsmith@example.com,2017-07-11,batch_001,2026-07-31T00:00:00
CUST01595,Anita Davis,1999-02-06,"26441 Nancy Curve Suite 594, New Michaelbury, MD 53621",john24@example.net,2017-12-21,batch_001,2026-07-31T00:00:00
CUST01596,Pamela Landry,1958-03-12,"655 Kemp Oval Suite 852, Charlesburgh, MA 98080",robert90@example.org,2024-08-02,batch_001,2026-07-31T00:00:00
CUST01597,Patricia Christian,1986-06-21,"496 Wiley Fords, Crawfordshire, OK 81314",thomaslori@example.net,2024-12-11,batch_001,2026-07-31T00:00:00
CUST01598,Jeffrey Brown,1976-10-05,"9124 Robert Streets, Terrymouth, IN 91560",chad39@example.com,2022-05-10,batch_001,2026-07-31T00:00:00
CUST01599,Lucas Butler,1967-02-08,"204 William Divide Apt. 633, Nicoleland, CA 69603",mfox@example.com,2020-10-16,batch_001,2026-07-31T00:00:00
CUST01600,James Bailey,1951-05-16,"380 Garcia Ridge, South Christopherfurt, AR 32641",triciarojas@example.net,2025-06-13,batch_001,2026-07-31T00:00:00
CUST01601,Jacqueline Campbell,1957-04-29,"66020 Christopher Mountains Apt. 210, South Todd, VA 54659",yayers@example.com,2017-08-15,batch_001,2026-07-31T00:00:00
CUST01602,Gloria Finley,1972-07-15,"4590 John Parkways Apt. 954, West Kelsey, VA 15055",wintersdonald@example.net,2020-08-31,batch_001,2026-07-31T00:00:00
CUST01603,Daniel Carson,1955-06-26,"33135 Larry Shoal, Matthewtown, NH 03494",nicholassmith@example.org,2026-05-07,batch_001,2026-07-31T00:00:00
CUST01604,Jeremiah Love,1996-01-15,"448 Kim Coves, Haleyside, IA 96807",donna79@example.com,2023-10-08,batch_001,2026-07-31T00:00:00
CUST01605,Douglas Kim,1958-07-16,"52023 Hunter Ford Suite 712, Amyside, KS 70063",vargaspamela@example.net,2017-07-04,batch_001,2026-07-31T00:00:00
CUST01606,Heather Miller,1981-09-10,"919 Edwards Viaduct Suite 446, Katrinaberg, IA 77070",johnsoncharles@example.com,2021-09-08,batch_001,2026-07-31T00:00:00
CUST01607,Veronica Koch,1953-02-20,"8554 Zamora Turnpike Apt. 897, Georgestad, WV 06406",barrykevin@example.com,2021-09-26,batch_001,2026-07-31T00:00:00
CUST01608,Lisa Molina,2005-06-21,"502 Brian Spurs, Elizabethmouth, NJ 93704",pooletyler@example.com,2017-04-27,batch_001,2026-07-31T00:00:00
CUST01609,David Gutierrez,1989-04-14,"79921 Mcclure Keys Suite 527, Keithburgh, VT 66408",mistywolf@example.com,2023-10-13,batch_001,2026-07-31T00:00:00
CUST01610,Brandon Kelly,1974-12-01,"815 Newton Creek Suite 566, Port Robertside, OR 40021",knightrobert@example.net,2025-02-14,batch_001,2026-07-31T00:00:00
CUST01611,Mark Peterson,1957-11-03,"61133 Perry Field Apt. 245, New Edgarfurt, PA 53465",watkinschristopher@example.org,2023-03-08,batch_001,2026-07-31T00:00:00
CUST01612,Joanne Stevenson,1985-03-20,"784 Duncan Views Suite 319, Spearston, MI 21739",qsims@example.net,2023-11-21,batch_001,2026-07-31T00:00:00
CUST01613,Sandra White,1955-07-09,"4230 Dennis Haven, Willistown, DE 64445",gharris@example.net,2023-03-12,batch_001,2026-07-31T00:00:00
CUST01614,Shannon Sanchez,1947-09-26,"Unit 0855 Box 3606, DPO AE 23278",alexanderlopez@example.com,2026-04-16,batch_001,2026-07-31T00:00:00
CUST01615,Heather Gibson,1973-08-05,"98410 Hobbs Villages Apt. 327, North Jeffery, DC 40941",jennatorres@example.net,2020-02-01,batch_001,2026-07-31T00:00:00
CUST01616,Erika Vega,1967-07-03,"1188 Alexander Gardens Apt. 695, Levyland, OH 44389",samanthafaulkner@example.org,2020-02-07,batch_001,2026-07-31T00:00:00
CUST01617,Timothy Shaw,1989-11-27,"036 Cruz Forks Suite 947, New Charles, IA 21258",ulynn@example.net,2018-05-01,batch_001,2026-07-31T00:00:00
CUST01618,Corey Rowland,1976-08-26,"294 Marissa Overpass, Jefferyborough, TN 97791",kellereric@example.com,2021-05-05,batch_001,2026-07-31T00:00:00
CUST01619,Michael Benton,1991-11-29,"95030 Powell Motorway Apt. 712, Riveraport, PR 82104",laura91@example.net,2022-06-01,batch_001,2026-07-31T00:00:00
CUST01620,Linda Wagner,1965-10-09,"15149 Alexander Loop, Autumnbury, MO 95643",russellmichael@example.com,2019-04-21,batch_001,2026-07-31T00:00:00
CUST01621,Steven Jackson,1998-09-07,"95490 Anna Points Suite 943, Joymouth, NH 63449",eboyer@example.net,2022-06-22,batch_001,2026-07-31T00:00:00
CUST01622,Kimberly Kim,2001-07-23,"091 Wheeler Stravenue, Garnerhaven, ID 19066",annecurtis@example.net,2020-08-16,batch_001,2026-07-31T00:00:00
CUST01623,Nicole Sherman,1994-12-13,"94127 Robert Coves, Emilychester, AZ 92968",cnichols@example.org,2022-10-13,batch_001,2026-07-31T00:00:00
CUST01624,Scott Walker,1941-08-17,"811 Alexander Ports, Fosterfort, NE 29315",bmartin@example.org,2018-12-17,batch_001,2026-07-31T00:00:00
CUST01625,Raymond Gordon,1985-08-06,"Unit 6567 Box 0719, DPO AP 91795",baileydonna@example.com,2024-02-17,batch_001,2026-07-31T00:00:00
CUST01626,Sarah Chapman,1974-12-13,"4673 Charles Glen, New Sophiamouth, KY 56299",pfrancis@example.net,2021-06-18,batch_001,2026-07-31T00:00:00
CUST01627,Kelly Shaw,1986-07-26,"53129 Roberto Manor, West Joseph, NM 67136",parksanna@example.net,2017-06-07,batch_001,2026-07-31T00:00:00
CUST01628,Brandon Carter,1945-02-05,"700 Chad Prairie Apt. 073, Jonathanmouth, PW 99889",crystalchandler@example.com,2021-10-13,batch_001,2026-07-31T00:00:00
CUST01629,Crystal Berry,1958-03-08,"Unit 8941 Box 3198, DPO AA 75898",hjimenez@example.org,2023-06-02,batch_001,2026-07-31T00:00:00
CUST01630,Adam Carter,1951-05-05,"USNV Pena, FPO AP 23457",crystal11@example.net,2018-06-09,batch_001,2026-07-31T00:00:00
CUST01631,Harry Evans,1986-03-27,"94125 Howell Streets Apt. 323, Sheltonmouth, MS 56888",chaneypaul@example.org,2017-04-17,batch_001,2026-07-31T00:00:00
CUST01632,Erica Cowan,1998-11-05,"0399 Pierce Place, Mitchellborough, AK 69713",dixonrick@example.org,2025-06-27,batch_001,2026-07-31T00:00:00
CUST01633,Madeline Salas,1988-07-28,"66382 Thomas Keys, Anitaside, MD 15865",jeffreycamacho@example.org,2026-04-02,batch_001,2026-07-31T00:00:00
CUST01634,Amy Kim,1996-11-18,"1928 Kathryn Well Apt. 028, Floresmouth, KY 04891",wesley23@example.net,2024-07-28,batch_001,2026-07-31T00:00:00
CUST01635,Adam Kim,1998-06-19,"249 Bates Extensions, Morrismouth, CA 25318",acampbell@example.com,2016-10-19,batch_001,2026-07-31T00:00:00
CUST01636,Anna Mcgee,2006-02-03,"2574 Gregory View Apt. 526, Lake Danielhaven, MN 14162",fuentesleonard@example.com,2020-12-24,batch_001,2026-07-31T00:00:00
CUST01637,Kimberly Cooper,1973-12-29,"6705 Donna Terrace Apt. 983, North Michele, IN 34471",dmorris@example.org,2020-10-29,batch_001,2026-07-31T00:00:00
CUST01638,Troy Williams,1993-04-04,"PSC 4563, Box 3389, APO AE 32510",cindy52@example.com,2024-10-29,batch_001,2026-07-31T00:00:00
CUST01639,Gerald Stewart,1993-12-06,"782 Lee Plains Apt. 324, South Christopher, DE 87676",tmejia@example.net,2022-01-15,batch_001,2026-07-31T00:00:00
CUST01640,Julie Fitzgerald,1976-05-15,"70385 Harrison Throughway, Goodwinburgh, MT 69524",duncanmindy@example.org,2023-01-03,batch_001,2026-07-31T00:00:00
CUST01641,Kenneth Ramirez,1995-10-13,"328 Michelle Track, Lopezbury, TX 76492",mikayla18@example.com,2019-03-21,batch_001,2026-07-31T00:00:00
CUST01642,Austin Ryan,1960-04-06,"40035 Walker Flats, New Edward, NJ 25507",elizabeth90@example.com,2022-05-24,batch_001,2026-07-31T00:00:00
CUST01643,Nicole Bean,2008-07-12,"8962 James Tunnel, Brianchester, HI 71266",usolomon@example.com,2024-03-07,batch_001,2026-07-31T00:00:00
CUST01644,James Jennings,1961-06-17,"09258 Thompson Rapid, Randallborough, MO 27939",sandersjohn@example.net,2020-02-27,batch_001,2026-07-31T00:00:00
CUST01645,John Garner,1961-07-21,"Unit 2803 Box 3649, DPO AE 68077",krista74@example.net,2023-03-04,batch_001,2026-07-31T00:00:00
CUST01646,Zachary King,1947-01-27,"031 Jennifer Spurs, South Robertfurt, NE 23952",alexandriacox@example.com,2018-02-12,batch_001,2026-07-31T00:00:00
CUST01647,Aaron Reid,1962-05-28,"29511 William Pine Suite 106, Burgesston, HI 51549",phillipsbrittany@example.net,2017-10-23,batch_001,2026-07-31T00:00:00
CUST01648,Matthew Gonzalez,1948-08-25,"624 Jones Burg, Pricefort, ND 71849",luis73@example.org,2024-02-07,batch_001,2026-07-31T00:00:00
CUST01649,Anthony Thompson,2003-06-13,"89354 Boone Bridge, Jonesland, SD 02507",navila@example.net,2017-11-16,batch_001,2026-07-31T00:00:00
CUST01650,Matthew Johnson,1967-02-02,"6714 Young Forges, Port David, WV 11062",spencer55@example.com,2016-12-26,batch_001,2026-07-31T00:00:00
CUST01651,Thomas Cline,1991-08-20,"220 William Skyway Apt. 520, Dillonmouth, VI 51943",wilsonlisa@example.com,2017-09-14,batch_001,2026-07-31T00:00:00
CUST01652,Vincent Rosales,1982-11-26,"324 Jesse Rapid Suite 303, West Brandon, WV 22571",zking@example.org,2023-11-24,batch_001,2026-07-31T00:00:00
CUST01653,Katie Campbell,1995-03-23,"6543 Moore Street, Jotown, ID 29961",millsdanielle@example.org,2020-08-28,batch_001,2026-07-31T00:00:00
CUST01654,David Anderson,1961-02-21,"50487 Matthew Burgs Suite 182, South Tracy, CT 08280",webbkeith@example.com,2026-01-18,batch_001,2026-07-31T00:00:00
CUST01655,Melissa Ruiz,1980-07-12,"003 Kelly Pines Suite 865, Websterfort, LA 36956",asullivan@example.com,2020-07-08,batch_001,2026-07-31T00:00:00
CUST01656,Nicholas Saunders,1950-10-09,"1208 Amy Fields Suite 893, West Mary, DC 70425",adam39@example.org,2020-04-22,batch_001,2026-07-31T00:00:00
CUST01657,Albert Foster,1994-03-25,"7526 Castro Points Apt. 316, South Terry, CA 60785",edward81@example.org,2022-10-16,batch_001,2026-07-31T00:00:00
CUST01658,Dr. Christopher Greer,1964-08-07,"USNS Campos, FPO AE 01998",stephaniehines@example.com,2020-09-24,batch_001,2026-07-31T00:00:00
CUST01659,Michael Sweeney,1957-12-07,"29873 Bush Burgs Apt. 149, Houstonport, NH 43629",jessica37@example.com,2022-10-26,batch_001,2026-07-31T00:00:00
CUST01660,Tiffany Williams,1944-02-03,"Unit 7819 Box 4565, DPO AP 63320",yhall@example.org,2021-04-07,batch_001,2026-07-31T00:00:00
CUST01661,Patricia King,1994-08-23,"8910 Kelly Creek, Burchmouth, NE 82407",pamela07@example.net,2017-02-10,batch_001,2026-07-31T00:00:00
CUST01662,Stephanie Shaw,2003-08-20,"716 Paul Parkways Suite 236, West Kathryn, DE 04701",amanda57@example.net,2019-04-30,batch_001,2026-07-31T00:00:00
CUST01663,Thomas Everett,2003-12-30,"281 Mary Radial Apt. 278, Rhondaburgh, KS 76188",weberrichard@example.net,2023-09-20,batch_001,2026-07-31T00:00:00
CUST01664,Michael Byrd,1977-08-19,"3730 Lewis Mall Apt. 185, Arianafort, AK 65126",grahamcindy@example.com,2021-07-20,batch_001,2026-07-31T00:00:00
CUST01665,Sarah Nelson,1958-12-13,"40756 Edward Trail, North Jessicaport, WI 05789",mmack@example.com,2025-11-22,batch_001,2026-07-31T00:00:00
CUST01666,Patrick Thompson,1952-05-23,"427 Julia Green Suite 992, Dannyfort, UT 26047",urussell@example.com,2026-07-09,batch_001,2026-07-31T00:00:00
CUST01667,Sara Huff,1971-11-20,"710 Lopez Radial, West Deborah, OR 07728",fsteele@example.com,2022-10-23,batch_001,2026-07-31T00:00:00
CUST01668,Miguel Smith,1949-10-08,"3040 Michael Underpass Apt. 041, North Robert, MO 65277",ebell@example.org,2026-01-28,batch_001,2026-07-31T00:00:00
CUST01669,Sierra Johnston DDS,1971-05-17,"6350 Marks Trace, Gregorymouth, GA 75142",wattsjason@example.net,2018-06-17,batch_001,2026-07-31T00:00:00
CUST01670,Dr. Joel Taylor,1984-05-21,"25431 Bowman Fort Apt. 584, Nelsonfort, DC 44470",sbrown@example.com,2018-04-17,batch_001,2026-07-31T00:00:00
CUST01671,Kayla Zavala MD,1996-06-27,"1550 Philip Circles, West Anthony, RI 62270",claytontaylor@example.net,2024-07-13,batch_001,2026-07-31T00:00:00
CUST01672,Jeffrey Cordova,1945-05-08,"3242 Heather Loop, Jeffreybury, UT 22346",dmcintyre@example.net,2023-12-06,batch_001,2026-07-31T00:00:00
CUST01673,Steve Allen,1986-11-13,"Unit 0573 Box 2136, DPO AA 73628",vphillips@example.com,2016-10-13,batch_001,2026-07-31T00:00:00
CUST01674,Bryan Alexander,1950-08-28,"Unit 5570 Box 5295, DPO AE 74180",zschmidt@example.com,2023-07-14,batch_001,2026-07-31T00:00:00
CUST01675,Connor Hebert,1961-04-07,"258 Carlson Well Suite 356, North Patrickburgh, MA 87730",bryan17@example.net,2018-02-26,batch_001,2026-07-31T00:00:00
CUST01676,Heidi Cline,2000-12-15,"531 Shawn Flat Suite 458, Lake Carlfort, NE 90641",danielhurley@example.com,2024-03-06,batch_001,2026-07-31T00:00:00
CUST01677,Michael Jones,1993-07-09,"3222 Leach Trail Suite 081, North Josephville, GA 76897",jjones@example.net,2018-02-05,batch_001,2026-07-31T00:00:00
CUST01678,Kristi Hobbs,1960-02-14,"4812 Robertson Oval, North Jessica, NC 02875",zachary99@example.org,2017-04-27,batch_001,2026-07-31T00:00:00
CUST01679,Bryan Smith,1964-01-06,"0810 Bennett Station, West Susan, NC 94959",lpatrick@example.net,2025-03-21,batch_001,2026-07-31T00:00:00
CUST01680,Paula Key,1944-03-02,"460 Susan Club Apt. 467, Parsonsberg, NY 15541",janiceramsey@example.com,2019-09-19,batch_001,2026-07-31T00:00:00
CUST01681,Jennifer Moore,1980-02-04,"884 George Vista Apt. 609, North John, CO 95396",julie56@example.net,2025-06-28,batch_001,2026-07-31T00:00:00
CUST01682,Shelby Blake,1965-08-31,"130 Whitney Road Suite 043, Robertsville, MO 35978",benjamin62@example.net,2025-01-03,batch_001,2026-07-31T00:00:00
CUST01683,Cheryl Barron,1989-08-26,"72487 Scott Ferry, Garciaborough, TN 75016",lisa57@example.com,2026-03-02,batch_001,2026-07-31T00:00:00
CUST01684,Jonathan Smith,1963-05-25,"340 Miguel Roads, Maryfort, NY 70021",anne81@example.net,2025-11-01,batch_001,2026-07-31T00:00:00
CUST01685,James James,1953-04-13,"962 Graham Estates Apt. 368, North Linda, NJ 45125",rebeccamartinez@example.org,2016-11-02,batch_001,2026-07-31T00:00:00
CUST01686,Madison Ruiz,1983-04-18,"28017 Miller Burg, Andersonport, MN 02824",kaitlynguerrero@example.net,2022-06-09,batch_001,2026-07-31T00:00:00
CUST01687,Ricardo Estrada,1961-01-21,"391 Julia Ferry Apt. 186, Burchshire, SC 07046",fhenderson@example.net,2021-02-16,batch_001,2026-07-31T00:00:00
CUST01688,Mr. Paul Marquez,1959-01-25,"0838 Wright Mountain, South Andrew, CO 84703",eharrison@example.net,2024-08-02,batch_001,2026-07-31T00:00:00
CUST01689,Chelsea Fitzpatrick,1992-10-25,"USNS Anderson, FPO AE 78026",shelleyanderson@example.com,2022-06-18,batch_001,2026-07-31T00:00:00
CUST01690,Katherine Hayes,1950-04-19,"5750 Wanda Shoals Suite 211, Aliciachester, AZ 30290",olopez@example.net,2022-09-15,batch_001,2026-07-31T00:00:00
CUST01691,Kimberly Weaver,1997-11-11,"04759 Miguel Parkway Suite 770, Johnstonbury, TX 77799",aliciaallen@example.net,2023-04-28,batch_001,2026-07-31T00:00:00
CUST01692,William Stewart,1985-01-22,"794 Reese Mills Suite 818, Lewischester, WA 10780",mollynguyen@example.net,2017-07-05,batch_001,2026-07-31T00:00:00
CUST01693,Laurie Padilla,1961-05-09,"723 Ali Center Apt. 947, South Tony, NE 18541",gleonard@example.net,2022-02-28,batch_001,2026-07-31T00:00:00
CUST01694,Tyler Acevedo,1967-05-17,"178 Lisa Underpass Apt. 008, North Kristinaville, WA 33992",williamrussell@example.com,2022-08-02,batch_001,2026-07-31T00:00:00
CUST01695,Francisco Morris,1982-02-23,"49096 Garcia Square Apt. 800, Crystalstad, NY 91548",rmccullough@example.org,2017-07-24,batch_001,2026-07-31T00:00:00
CUST01696,Mr. Martin Mcdowell,1986-06-03,"5294 Melissa Key Apt. 719, Mooremouth, CA 24099",michellescott@example.org,2019-07-20,batch_001,2026-07-31T00:00:00
CUST01697,Julie Lowe,1963-11-13,"3426 Patel Orchard Suite 031, West Jeanneshire, NV 79047",scottthomas@example.com,2020-07-11,batch_001,2026-07-31T00:00:00
CUST01698,Amanda Kramer,1946-09-07,"4666 Wall Groves, Hernandezland, NH 16191",keithhall@example.com,2019-09-06,batch_001,2026-07-31T00:00:00
CUST01699,Danielle Mayo,1970-05-18,"3695 Nicole Islands, Lunafurt, NM 27617",jessica78@example.org,2025-02-03,batch_001,2026-07-31T00:00:00
CUST01700,Casey Barker,1992-05-08,"6461 Erin Corners Suite 993, Santiagobury, CT 75619",cthompson@example.com,2017-07-10,batch_001,2026-07-31T00:00:00
CUST01701,Kevin Gill,1968-06-03,"956 Robinson Brook, Lake Phillipfurt, FL 93694",sparksbrian@example.net,2021-08-26,batch_001,2026-07-31T00:00:00
CUST01702,Jeremy Ford,1946-11-01,"8113 Hubbard Terrace, Port Sarah, VA 62946",cassandradiaz@example.org,2023-03-13,batch_001,2026-07-31T00:00:00
CUST01703,Linda Carpenter,1974-06-06,"7055 Black Prairie Apt. 712, Lynchville, MD 38831",terrieverett@example.org,2019-05-11,batch_001,2026-07-31T00:00:00
CUST01704,Claire Dominguez,1944-12-15,"8937 Fisher Estate, East Ryanside, PR 70722",charles77@example.org,2018-09-29,batch_001,2026-07-31T00:00:00
CUST01705,Wanda Fox,1988-10-01,"95617 Estrada Lakes Suite 892, East Heather, MN 17493",angela06@example.org,2018-11-19,batch_001,2026-07-31T00:00:00
CUST01706,Kimberly Kane,1941-12-20,"52878 Garcia Stream, West Leah, PA 85556",kevans@example.com,2019-02-26,batch_001,2026-07-31T00:00:00
CUST01707,Kathleen Gutierrez,1977-05-22,"72831 Sandra Crossing Suite 088, New Timothyfurt, WA 41198",karen58@example.org,2021-11-07,batch_001,2026-07-31T00:00:00
CUST01708,Adam Smith,1985-11-05,"PSC 8679, Box 7447, APO AA 10905",seanshepherd@example.net,2016-10-13,batch_001,2026-07-31T00:00:00
CUST01709,Ronald Floyd,1978-11-15,"33477 Manning Lodge Apt. 379, East Laura, UT 56914",waynejensen@example.org,2023-11-03,batch_001,2026-07-31T00:00:00
CUST01710,John Clark,1965-01-19,"45052 Caroline Branch Suite 047, Port Robert, RI 63179",emartin@example.com,2016-08-03,batch_001,2026-07-31T00:00:00
CUST01711,Mr. Wesley Gray,1965-10-06,"198 Scott Hills Suite 366, Jamiemouth, SD 69801",alexandria48@example.net,2026-07-29,batch_001,2026-07-31T00:00:00
CUST01712,Shelby Chavez,1982-02-09,"4961 Sanchez Port Suite 257, Timfort, KY 31565",fbowman@example.org,2022-06-22,batch_001,2026-07-31T00:00:00
CUST01713,Jesse Wood,1956-09-14,"PSC 1918, Box 9875, APO AA 65090",davidlopez@example.net,2025-03-20,batch_001,2026-07-31T00:00:00
CUST01714,Erica Smith,1944-05-02,"3658 Mitchell Islands, New Jeffreyport, HI 38570",qmartinez@example.net,2017-01-23,batch_001,2026-07-31T00:00:00
CUST01715,Chad Bishop,2000-10-06,"5335 Nancy Land, Edwardsshire, TN 71502",hudsonwhitney@example.org,2024-07-25,batch_001,2026-07-31T00:00:00
CUST01716,Barbara Powell,1975-11-11,"757 Kimberly Turnpike Suite 376, North Brianna, NJ 60224",biancahess@example.net,2019-09-29,batch_001,2026-07-31T00:00:00
CUST01717,Jennifer Carroll,1958-05-28,"550 Gina Highway Suite 507, New Ricardo, RI 96096",parksandre@example.com,2024-01-08,batch_001,2026-07-31T00:00:00
CUST01718,Melissa Hernandez,1983-03-28,"254 Young Isle Suite 156, Martinezmouth, NV 42376",brandylarsen@example.net,2020-07-07,batch_001,2026-07-31T00:00:00
CUST01719,Robert Stewart,2005-12-05,"088 Smith Isle Suite 380, Jamesfurt, MA 81580",hthomas@example.org,2024-02-08,batch_001,2026-07-31T00:00:00
CUST01720,Jesse Wolfe,2000-10-23,"06967 Calvin Crossroad, West Paulbury, OH 59470",claytonisaac@example.net,2022-11-22,batch_001,2026-07-31T00:00:00
CUST01721,Keith Olsen,2005-05-02,"9241 Thomas Neck, North Monica, NE 90742",ashleypoole@example.net,2022-04-03,batch_001,2026-07-31T00:00:00
CUST01722,Jason Green,1966-11-22,"PSC 3681, Box 6723, APO AP 52230",xwells@example.com,2025-08-10,batch_001,2026-07-31T00:00:00
CUST01723,David Sloan,1979-12-20,"05772 Rowland Hill Apt. 258, North Courtneymouth, AS 43143",vhernandez@example.com,2022-08-19,batch_001,2026-07-31T00:00:00
CUST01724,Rachel Soto,1975-11-13,"41041 Brown Mountain, Bethanyville, MO 50174",millsdavid@example.net,2021-07-19,batch_001,2026-07-31T00:00:00
CUST01725,Mark Soto,1997-07-11,"Unit 1340 Box 4750, DPO AE 05931",matthew40@example.net,2018-07-12,batch_001,2026-07-31T00:00:00
CUST01726,Mark Johnson,1979-04-06,"649 Hanson Isle, Bankshaven, AZ 89334",kristinalong@example.net,2026-07-27,batch_001,2026-07-31T00:00:00
CUST01727,Charles Martin,1956-05-19,"0833 Brown Track, Monicaburgh, KS 36171",pmorales@example.net,2023-06-11,batch_001,2026-07-31T00:00:00
CUST01728,Monica Green,1982-12-01,"8867 Megan Cove, Alejandroshire, MS 14852",lwilliams@example.net,2017-03-06,batch_001,2026-07-31T00:00:00
CUST01729,Jonathan Smith,2005-11-25,"6881 Patricia Forks, Noahville, TX 24176",diazcraig@example.com,2024-03-13,batch_001,2026-07-31T00:00:00
CUST01730,Janice Hernandez,1963-09-24,"53612 Powell Parkway, Fosterburgh, WY 99580",sarah94@example.com,2021-01-08,batch_001,2026-07-31T00:00:00
CUST01731,Anthony Elliott,1960-08-21,"73315 Davis Manors Apt. 426, West Maryview, NV 11978",qcook@example.com,2022-10-08,batch_001,2026-07-31T00:00:00
CUST01732,Jeffrey Campbell,1993-09-16,"694 Scott Shoals, Port Jeffreymouth, OH 06338",brooke76@example.org,2018-05-13,batch_001,2026-07-31T00:00:00
CUST01733,Rhonda Wallace,1943-01-01,"242 Santiago Alley Suite 414, Greenview, AL 22830",mbenson@example.com,2019-10-20,batch_001,2026-07-31T00:00:00
CUST01734,Harry Cruz,1954-08-06,"2138 Mcmillan Wall, Melvintown, OK 87927",joshua25@example.org,2021-05-20,batch_001,2026-07-31T00:00:00
CUST01735,Jacob Orr,2000-07-12,"482 Samuel Mountains, East Peterborough, ME 04776",dianelewis@example.net,2024-10-07,batch_001,2026-07-31T00:00:00
CUST01736,Danielle Russell,2005-04-17,"26277 Gonzales Mews, Rhondahaven, VI 16704",kathryn87@example.net,2018-05-16,batch_001,2026-07-31T00:00:00
CUST01737,Lauren Hernandez,1989-08-25,"931 Robert Key Suite 266, Jennatown, PW 90514",jerry67@example.net,2024-05-14,batch_001,2026-07-31T00:00:00
CUST01738,Amanda Jones,1975-09-13,"77905 Kevin Fords, East James, SD 42299",huntdaniel@example.com,2020-02-21,batch_001,2026-07-31T00:00:00
CUST01739,Brooke Henderson,1960-08-07,"388 Friedman Cliffs, West Joshuabury, OK 63943",wardjohn@example.org,2025-10-10,batch_001,2026-07-31T00:00:00
CUST01740,Angela Nunez,2000-02-13,"623 Gomez Highway, Johnsonberg, MT 86093",lisacollins@example.com,2021-12-25,batch_001,2026-07-31T00:00:00
CUST01741,Thomas Rogers,1979-02-26,"1350 Martinez Circle, Antoniomouth, VI 63424",bleblanc@example.com,2018-10-28,batch_001,2026-07-31T00:00:00
CUST01742,Justin Carr,1950-10-30,"8665 Tina Forest, Tranfurt, OH 88793",danielwilliams@example.org,2025-06-26,batch_001,2026-07-31T00:00:00
CUST01743,Michael Chavez,1973-08-19,"PSC 3903, Box 9092, APO AE 07323",megan62@example.com,2019-11-30,batch_001,2026-07-31T00:00:00
CUST01744,Mr. William Walls,1995-10-02,"798 Bryan Extension Suite 381, Sheilaberg, PA 27660",derekchavez@example.net,2017-04-02,batch_001,2026-07-31T00:00:00
CUST01745,Brian Watkins,1953-06-18,"475 Young Corner, Cobbstad, PA 35663",dpayne@example.com,2022-02-27,batch_001,2026-07-31T00:00:00
CUST01746,William Molina,1996-12-20,"837 Ward Route Suite 045, New Trevor, AZ 02285",cadkins@example.net,2026-05-06,batch_001,2026-07-31T00:00:00
CUST01747,Ashley Clarke,1981-02-13,"59804 Jason Creek, Emilyshire, MT 35188",wilsonchristopher@example.com,2017-07-02,batch_001,2026-07-31T00:00:00
CUST01748,Megan Zhang,1943-09-09,"PSC 5206, Box 2260, APO AP 74824",chrishughes@example.com,2018-02-14,batch_001,2026-07-31T00:00:00
CUST01749,Timothy Hall,1950-06-16,"82310 Thomas Spurs Suite 199, Leslieview, AZ 44337",munozdana@example.com,2023-02-25,batch_001,2026-07-31T00:00:00
CUST01750,Steven Smith,1943-07-17,"7352 Cuevas Lakes Suite 176, West Ian, DE 31933",hernandezjacob@example.net,2026-01-02,batch_001,2026-07-31T00:00:00
CUST01751,Brent Sanders,1994-11-21,"24923 Stephenson Mill Suite 414, West Thomasfort, MA 25620",davidcrawford@example.net,2022-12-25,batch_001,2026-07-31T00:00:00
CUST01752,Megan Bailey,1984-01-17,"8789 Richard Stream, North Thomas, CT 42083",davisjonathan@example.net,2024-12-20,batch_001,2026-07-31T00:00:00
CUST01753,Michael Mason,1959-06-26,"Unit 4673 Box 1371, DPO AP 62099",christopher06@example.com,2018-07-21,batch_001,2026-07-31T00:00:00
CUST01754,Tony Pena,1982-03-19,"034 Patricia Run Apt. 761, Johnsonville, IL 85730",wilsonemily@example.com,2022-01-16,batch_001,2026-07-31T00:00:00
CUST01755,Brandon Farley,1956-02-02,"2035 Matthews Knolls, Greentown, CA 75177",wademelissa@example.net,2025-08-20,batch_001,2026-07-31T00:00:00
CUST01756,Carlos Ross,2003-07-27,"241 Robert Harbors Apt. 424, Port Davidfort, MD 38727",jbender@example.com,2021-12-22,batch_001,2026-07-31T00:00:00
CUST01757,Darryl Cameron,2003-06-23,"11684 Brown Path Suite 159, East Joshua, UT 55888",eflores@example.com,2025-07-25,batch_001,2026-07-31T00:00:00
CUST01758,Cole Schaefer,1961-01-30,"9506 Kimberly Rue Suite 113, Bairdville, IN 84630",danielle31@example.net,2023-10-21,batch_001,2026-07-31T00:00:00
CUST01759,Sarah Williams,1942-05-22,"576 Daniel Union Apt. 041, Cynthiaview, SC 37657",ftorres@example.org,2025-01-09,batch_001,2026-07-31T00:00:00
CUST01760,Jacqueline Pena,1957-10-13,"69701 Shaw Lake Apt. 531, Roblesmouth, AR 33808",popejason@example.org,2021-02-16,batch_001,2026-07-31T00:00:00
CUST01761,Lisa Hawkins,1947-03-14,"095 Annette Islands Suite 095, Dorseyberg, NY 09337",sergio26@example.com,2018-07-19,batch_001,2026-07-31T00:00:00
CUST01762,Daniel Koch,1975-12-19,"1611 Hensley Camp, Thompsonfort, NY 85184",dixonamanda@example.net,2017-06-04,batch_001,2026-07-31T00:00:00
CUST01763,Robert Davis,1992-04-14,"9592 Kimberly Estates, East Stephanie, HI 43666",itucker@example.com,2017-07-01,batch_001,2026-07-31T00:00:00
CUST01764,Hailey Sherman,1941-09-26,"71413 Moody Parks Suite 323, Debrabury, UT 64736",hector14@example.net,2020-03-22,batch_001,2026-07-31T00:00:00
CUST01765,Cathy Gonzales,1951-11-10,"1587 Christina Ridges Suite 250, Wendyberg, TN 43755",stephaniemckee@example.org,2016-10-12,batch_001,2026-07-31T00:00:00
CUST01766,Michael Stevenson,2000-05-04,"936 Powers Falls Suite 379, Shawnbury, NC 95090",hendersonerin@example.org,2026-05-10,batch_001,2026-07-31T00:00:00
CUST01767,David Garcia,1950-04-07,"30107 Lopez Track, East Mirandafurt, OK 37059",jennifer12@example.org,2026-07-01,batch_001,2026-07-31T00:00:00
CUST01768,Scott Escobar,1951-01-25,"570 Clark Village, East Timothyhaven, MI 74144",nbenjamin@example.com,2018-09-22,batch_001,2026-07-31T00:00:00
CUST01769,Travis Rodriguez,1983-08-19,"60809 Sean Landing, New Jessemouth, MP 71732",joseph98@example.net,2019-06-18,batch_001,2026-07-31T00:00:00
CUST01770,Christina Little,1995-02-12,"Unit 7381 Box 1337, DPO AE 88469",bailey62@example.com,2020-10-08,batch_001,2026-07-31T00:00:00
CUST01771,Andre Chase,1998-11-24,"53558 Melissa Greens, Lake Davidhaven, AK 88024",annettereese@example.net,2022-10-23,batch_001,2026-07-31T00:00:00
CUST01772,Brandy Lozano,1963-06-29,"825 Doyle Forges Suite 156, Craigbury, IL 97953",griffinallen@example.com,2017-07-26,batch_001,2026-07-31T00:00:00
CUST01773,Steve Wolfe,1969-11-22,"19161 Veronica Ramp, Matthewbury, AK 78484",tracybarber@example.org,2024-12-21,batch_001,2026-07-31T00:00:00
CUST01774,Johnny Jones,1958-12-22,"9306 Lisa Prairie, North Paula, LA 49137",brandonthomas@example.org,2017-07-20,batch_001,2026-07-31T00:00:00
CUST01775,Joan Schwartz,1968-03-12,"473 Michael Turnpike Suite 065, New Donna, AK 44447",patrickherman@example.com,2019-09-08,batch_001,2026-07-31T00:00:00
CUST01776,Robert Hatfield,1984-01-23,"PSC 0957, Box 8903, APO AA 91638",alex81@example.net,2018-08-13,batch_001,2026-07-31T00:00:00
CUST01777,Rebecca Villa,1982-09-18,"5781 Baker Ferry Apt. 540, Rebeccastad, UT 87792",brandondaniel@example.net,2023-08-19,batch_001,2026-07-31T00:00:00
CUST01778,Linda Sanchez,1975-07-01,"PSC 0134, Box 1405, APO AP 82964",hughestimothy@example.net,2021-12-15,batch_001,2026-07-31T00:00:00
CUST01779,Denise Hamilton,1946-06-28,"00040 Kelly Loop Suite 549, Cruzborough, LA 96419",xbell@example.com,2020-11-30,batch_001,2026-07-31T00:00:00
CUST01780,Kristen Jacobs DVM,1942-11-13,"7601 Alyssa Square, Morrisonland, CO 66973",jacksonpatricia@example.com,2021-05-18,batch_001,2026-07-31T00:00:00
CUST01781,Jacqueline Hawkins,1965-08-05,"043 Matthew Brooks Suite 174, Lake Ryanview, NJ 63965",xhumphrey@example.org,2019-08-04,batch_001,2026-07-31T00:00:00
CUST01782,Stephanie Frank,1984-03-02,"97670 Michael Lane, South Williamport, KY 50272",wcampbell@example.net,2017-04-04,batch_001,2026-07-31T00:00:00
CUST01783,Eric David,1975-12-13,"113 Chen Groves, Katrinaburgh, WI 76296",robbinsjoseph@example.com,2019-08-23,batch_001,2026-07-31T00:00:00
CUST01784,Laura Torres,2007-09-07,"5846 Nicole Underpass Apt. 488, Castrofort, WV 32470",osanders@example.net,2025-08-07,batch_001,2026-07-31T00:00:00
CUST01785,David Armstrong,1996-05-24,"PSC 7805, Box 3425, APO AE 74281",wyattshawn@example.com,2024-09-13,batch_001,2026-07-31T00:00:00
CUST01786,Elizabeth Graham,1950-03-17,"609 Brianna Rapid Apt. 526, Davidshire, TN 85519",danielgraham@example.net,2025-09-26,batch_001,2026-07-31T00:00:00
CUST01787,Heather Walton,1975-05-07,"56396 Williams Hollow, Kristenfort, NJ 15047",austin77@example.org,2016-11-04,batch_001,2026-07-31T00:00:00
CUST01788,Nicole Terry MD,1950-10-01,"USNV Williamson, FPO AE 84373",stephen52@example.com,2022-10-17,batch_001,2026-07-31T00:00:00
CUST01789,Travis Adams DDS,1968-01-30,"576 Clark Views Suite 420, Anthonyshire, MH 45257",kimberlyjennings@example.org,2020-04-06,batch_001,2026-07-31T00:00:00
CUST01790,Mario Dominguez,1973-08-04,"588 Brown Stravenue Suite 266, East Robertchester, AS 80471",frenchjacob@example.com,2024-07-30,batch_001,2026-07-31T00:00:00
CUST01791,Christopher Conway,1971-03-12,"50079 Pham Meadows Suite 377, Beckerview, DC 36964",srodriguez@example.net,2021-10-15,batch_001,2026-07-31T00:00:00
CUST01792,Corey Becker,1945-12-23,"725 Max Courts, Obrienstad, NE 80854",emoreno@example.net,2026-07-22,batch_001,2026-07-31T00:00:00
CUST01793,John Williams,1976-04-04,"49023 Evans Fall, Andrewsburgh, WV 37031",connor01@example.net,2018-12-29,batch_001,2026-07-31T00:00:00
CUST01794,Susan Austin,1967-05-24,"464 John Coves, New Steven, PA 12878",ryan59@example.com,2026-05-26,batch_001,2026-07-31T00:00:00
CUST01795,Alyssa Lopez,1948-02-08,"9666 Moore Ports, Margaretside, TX 27738",rhoward@example.net,2017-12-23,batch_001,2026-07-31T00:00:00
CUST01796,Kendra Evans,2001-10-24,"48503 Lisa Street Apt. 772, South Barbaraland, MO 21260",brandon55@example.org,2021-06-18,batch_001,2026-07-31T00:00:00
CUST01797,Larry Ramirez,1952-04-29,"837 Ralph Point Suite 793, Michelleland, AS 22975",gramos@example.com,2023-10-20,batch_001,2026-07-31T00:00:00
CUST01798,Mr. Thomas Miller IV,1974-04-02,"696 White Summit, Craigmouth, NM 29389",wadebrent@example.org,2020-12-14,batch_001,2026-07-31T00:00:00
CUST01799,Michael Smith,1961-01-06,"94337 Vanessa Falls, Diazhaven, CT 38656",wwalker@example.com,2016-12-03,batch_001,2026-07-31T00:00:00
CUST01800,Jacqueline Orr,1943-08-14,"58456 Bridges Wells, Port Jefferyton, UT 06572",benitezheather@example.com,2017-12-03,batch_001,2026-07-31T00:00:00
CUST01801,Trevor Ward,1980-03-06,"USCGC Duarte, FPO AE 24734",thorntonisabel@example.com,2019-10-28,batch_001,2026-07-31T00:00:00
CUST01802,Roy Castillo,1956-01-30,"01492 Moore Views, Port Erik, VA 89271",alexis06@example.org,2024-04-15,batch_001,2026-07-31T00:00:00
CUST01803,Devin Schwartz,1955-10-13,"25143 Daniels Canyon Suite 711, Port Antonioport, MA 07394",shannonjulie@example.org,2025-07-01,batch_001,2026-07-31T00:00:00
CUST01804,Erin Rasmussen,1989-09-27,"PSC 6027, Box 6934, APO AA 64036",ubutler@example.com,2018-06-30,batch_001,2026-07-31T00:00:00
CUST01805,Evelyn Hernandez,2003-09-10,"2246 Sherman Loaf, Elizabethhaven, MT 99705",deleonkathleen@example.com,2025-02-15,batch_001,2026-07-31T00:00:00
CUST01806,Nancy Moore,1999-08-10,"48816 Miguel Point, North Ashleymouth, MI 64740",hawkinsrichard@example.net,2020-12-19,batch_001,2026-07-31T00:00:00
CUST01807,Erika Williams,1978-11-24,"44294 Kaitlyn Park Apt. 880, Melanieland, MA 16735",samuelhunt@example.com,2023-01-26,batch_001,2026-07-31T00:00:00
CUST01808,David Williamson,2008-03-25,"Unit 0424 Box 1698, DPO AE 39142",morganmcintosh@example.com,2019-08-03,batch_001,2026-07-31T00:00:00
CUST01809,Angela Valdez,2007-12-26,"3659 Moore Fork, Myersville, TX 06710",john71@example.com,2023-01-30,batch_001,2026-07-31T00:00:00
CUST01810,Jessica Miller,1944-02-24,"1800 Gaines Plaza Suite 284, Michaelchester, CT 69900",emccall@example.org,2017-01-29,batch_001,2026-07-31T00:00:00
CUST01811,Michael Munoz Jr.,1971-01-28,"9143 Stephanie Ramp, North Michael, NV 23662",cindy83@example.org,2023-11-10,batch_001,2026-07-31T00:00:00
CUST01812,Diana Watts,1970-05-09,"PSC 9120, Box 5994, APO AA 90688",xburton@example.com,2024-06-21,batch_001,2026-07-31T00:00:00
CUST01813,Kimberly Davis DDS,1981-10-15,"08361 Michele Plains Apt. 257, Port Chadfurt, VI 85557",jennifermoss@example.com,2025-08-27,batch_001,2026-07-31T00:00:00
CUST01814,Darrell Watson,1990-06-16,"151 Kim Lane Apt. 662, Liustad, ND 52479",paulhatfield@example.org,2020-09-05,batch_001,2026-07-31T00:00:00
CUST01815,Scott Palmer,1994-09-11,"92254 Williams Plaza, South Christinatown, RI 58066",pweiss@example.net,2022-09-13,batch_001,2026-07-31T00:00:00
CUST01816,Kimberly Gonzalez,1975-06-21,"00665 Robertson Garden, North Katherine, KY 56939",perezlisa@example.net,2018-03-25,batch_001,2026-07-31T00:00:00
CUST01817,Joseph Horton,1990-03-16,"USCGC Clay, FPO AA 36666",thomashanson@example.org,2023-08-17,batch_001,2026-07-31T00:00:00
CUST01818,Leroy Williams,1960-12-12,"830 Harrison Crossroad Suite 890, Port Stanley, KS 48778",cuevasadam@example.org,2021-05-22,batch_001,2026-07-31T00:00:00
CUST01819,Bailey Hanson,1963-05-26,"PSC 5754, Box 7388, APO AE 71534",hector40@example.com,2017-06-06,batch_001,2026-07-31T00:00:00
CUST01820,Gabriel Smith,1952-06-17,"20528 Jones Ville Suite 013, Ericmouth, CO 12542",etran@example.net,2025-04-07,batch_001,2026-07-31T00:00:00
CUST01821,Isaiah Clark,1993-05-08,"418 Michael Course, Curtistown, VT 00925",cgreen@example.com,2022-06-17,batch_001,2026-07-31T00:00:00
CUST01822,Jeffrey Munoz,1991-08-05,"76926 West Pass, Hoodborough, AZ 74864",emilythompson@example.org,2022-12-08,batch_001,2026-07-31T00:00:00
CUST01823,Anthony Gutierrez,1982-08-05,"1241 Thomas Ridge, Christinaberg, SD 41518",bradleypatricia@example.com,2017-05-27,batch_001,2026-07-31T00:00:00
CUST01824,Jessica Clark,1980-12-14,"45945 Arnold Crest, Anthonyside, OR 42393",hendrickspatrick@example.org,2021-06-19,batch_001,2026-07-31T00:00:00
CUST01825,Lisa Riley,1995-04-28,"02304 Lisa Fords, Port Jeffrey, NC 69333",dalehudson@example.org,2018-05-31,batch_001,2026-07-31T00:00:00
CUST01826,Leroy Reeves,1993-11-16,"0043 Hickman Meadow, Tannerfort, SD 20532",kwilliams@example.com,2019-01-19,batch_001,2026-07-31T00:00:00
CUST01827,Lisa Farley,1962-12-24,"3738 Megan Trail, East James, PR 06158",mjohnson@example.net,2024-09-08,batch_001,2026-07-31T00:00:00
CUST01828,Jonathan Mccoy,1978-06-18,"621 Anna Shore, Francofurt, NH 69628",williamsantos@example.com,2019-06-20,batch_001,2026-07-31T00:00:00
CUST01829,Adam Hampton,1978-08-18,"PSC 8812, Box 7904, APO AP 21922",george46@example.com,2026-05-06,batch_001,2026-07-31T00:00:00
CUST01830,Ricardo Byrd,1975-11-06,"419 Holder Mills, East Davidside, AR 70122",josephhardy@example.net,2016-12-22,batch_001,2026-07-31T00:00:00
CUST01831,Deanna Odonnell,1978-09-27,"Unit 8904 Box 8334, DPO AA 42223",dhardin@example.net,2022-06-18,batch_001,2026-07-31T00:00:00
CUST01832,Clayton Robinson,1984-10-01,"6640 Weeks Rest, Reidport, IN 84432",schmidtjenny@example.org,2018-11-19,batch_001,2026-07-31T00:00:00
CUST01833,Christopher Cantrell,1998-11-13,"1268 Johnson Common, Kristinmouth, NM 71347",youngjessica@example.org,2020-03-07,batch_001,2026-07-31T00:00:00
CUST01834,Christopher Waller,1990-03-12,"2479 Sheppard Glen Apt. 317, South Jeremy, AS 05615",debra97@example.com,2017-11-26,batch_001,2026-07-31T00:00:00
CUST01835,Eric Smith,1971-02-28,"PSC 8464, Box 0157, APO AA 39075",iwaller@example.org,2018-11-16,batch_001,2026-07-31T00:00:00
CUST01836,Emily Simmons,1982-05-27,"4245 Morales Extensions Apt. 990, Martinchester, NJ 81227",bradley01@example.com,2024-11-04,batch_001,2026-07-31T00:00:00
CUST01837,Jose Gonzales,1994-03-20,"PSC 3868, Box 8339, APO AE 27094",wtaylor@example.net,2020-12-31,batch_001,2026-07-31T00:00:00
CUST01838,Jonathan Fisher,2001-07-17,"03565 Adams Plaza Apt. 843, Pearsonland, VT 40531",robertcastillo@example.net,2020-11-18,batch_001,2026-07-31T00:00:00
CUST01839,Amanda Blair,1966-06-17,"4609 Jones Rapids Apt. 910, New Danielfurt, MI 87795",kyle43@example.org,2016-08-25,batch_001,2026-07-31T00:00:00
CUST01840,Joseph Adams,1945-04-19,"420 White Station Apt. 589, Parksborough, AR 65915",ericjenkins@example.com,2018-03-20,batch_001,2026-07-31T00:00:00
CUST01841,Ashley Brady,1966-12-30,"17134 Danielle Knolls Apt. 064, East Tiffany, MT 34217",kylejohnston@example.com,2023-05-20,batch_001,2026-07-31T00:00:00
CUST01842,Thomas Nunez,1993-06-27,"PSC 0534, Box 7741, APO AE 54404",moorenathaniel@example.net,2023-08-15,batch_001,2026-07-31T00:00:00
CUST01843,Ryan Leach,2001-04-10,"5987 Elliott Streets Apt. 041, Nicoleburgh, WY 69892",kathrynwilliams@example.org,2022-07-29,batch_001,2026-07-31T00:00:00
CUST01844,Alicia Hopkins,1968-10-03,"774 Schneider Heights, East Kimberly, FL 78245",michael78@example.com,2021-03-28,batch_001,2026-07-31T00:00:00
CUST01845,Monique Humphrey,2006-02-20,"2464 Hernandez Ways Apt. 419, South Shannonland, AK 04720",shansen@example.org,2025-01-24,batch_001,2026-07-31T00:00:00
CUST01846,Kelly Jones,1983-05-03,"28265 Horne Mountains, Port Katieport, NC 78113",smithdawn@example.com,2025-03-21,batch_001,2026-07-31T00:00:00
CUST01847,Heidi Allison,1979-12-11,"45651 Victoria Fork Suite 344, Lake Mistytown, NY 03136",ncastaneda@example.org,2026-04-30,batch_001,2026-07-31T00:00:00
CUST01848,Lisa Carter,2005-07-18,"459 Julia Fords Apt. 282, Lake Craigland, HI 52071",dana18@example.org,2020-08-26,batch_001,2026-07-31T00:00:00
CUST01849,Jon Spencer,1963-04-23,"707 Mitchell Burgs Suite 095, Lake Richardberg, MS 88152",jacobsullivan@example.com,2020-12-07,batch_001,2026-07-31T00:00:00
CUST01850,George Hernandez,1990-02-25,"USCGC Obrien, FPO AE 33968",gwilliams@example.net,2020-01-08,batch_001,2026-07-31T00:00:00
CUST01851,Tim Jimenez,1995-06-02,"399 Houston Fields, Knightville, AS 68550",michael41@example.net,2020-09-09,batch_001,2026-07-31T00:00:00
CUST01852,Courtney Hunter,1996-06-17,"262 Craig Unions, Danielshire, MD 22251",cmcfarland@example.net,2026-07-21,batch_001,2026-07-31T00:00:00
CUST01853,Heather Rivera,1998-02-20,"79313 Roth Isle, Hobbschester, WA 12922",ogray@example.org,2024-12-26,batch_001,2026-07-31T00:00:00
CUST01854,Rebecca Hartman,1951-04-11,"9958 Brown Avenue Suite 125, New Priscilla, AR 85653",nlee@example.net,2018-06-30,batch_001,2026-07-31T00:00:00
CUST01855,Stacy Davenport,1941-10-08,"87927 Lowe Underpass, Hamptonburgh, MO 68083",fstewart@example.org,2022-03-18,batch_001,2026-07-31T00:00:00
CUST01856,David Mcguire,1992-05-27,"075 Morrison Street, West Michelleport, KS 86240",lisa19@example.net,2022-07-01,batch_001,2026-07-31T00:00:00
CUST01857,Emily Gregory,1979-12-29,"Unit 6243 Box 8409, DPO AP 18996",qgriffin@example.org,2022-12-20,batch_001,2026-07-31T00:00:00
CUST01858,Thomas Wade,1998-12-31,"70518 Michael Rue Apt. 031, Chaveztown, NJ 47048",hillmaria@example.com,2022-08-13,batch_001,2026-07-31T00:00:00
CUST01859,Angela Russell,1969-10-08,"601 Brown Groves Apt. 401, East Philipstad, MA 59955",dbenson@example.com,2023-11-21,batch_001,2026-07-31T00:00:00
CUST01860,Jimmy Lee,1970-02-09,"4105 Ryan Islands Apt. 233, New Kristachester, WV 92599",davidwarner@example.net,2023-04-19,batch_001,2026-07-31T00:00:00
CUST01861,Sara Sampson,1943-03-05,"05342 Stephanie Station Apt. 629, North Sarah, AS 85611",drodriguez@example.com,2023-09-11,batch_001,2026-07-31T00:00:00
CUST01862,Bryan Munoz,1949-03-03,"59041 Steve Ville Suite 796, North Brooke, LA 54556",njohnson@example.com,2017-06-09,batch_001,2026-07-31T00:00:00
CUST01863,Denise Fisher,1987-05-20,"98308 Weaver Inlet, Chavezshire, ND 67143",jonathanrobinson@example.com,2017-05-29,batch_001,2026-07-31T00:00:00
CUST01864,Dr. Kimberly Jordan,1983-11-20,"230 Ashley Mill Apt. 547, Brittanystad, AK 15660",melissapham@example.org,2023-06-10,batch_001,2026-07-31T00:00:00
CUST01865,Monica Miller,1967-10-03,"8140 Rebecca Falls Suite 649, Lake Johnland, MT 43237",bradleyelizabeth@example.org,2024-04-10,batch_001,2026-07-31T00:00:00
CUST01866,Jacqueline Hudson,1986-10-04,"131 Michael Passage Apt. 369, North Joshuamouth, PA 06813",ryan44@example.net,2020-04-07,batch_001,2026-07-31T00:00:00
CUST01867,Melanie Payne,1959-05-22,"427 Yvonne Squares, New Tiffanyburgh, NE 70612",smithvincent@example.com,2017-08-07,batch_001,2026-07-31T00:00:00
CUST01868,Samantha Mills,2006-09-19,"1666 Curtis Trace Suite 294, North Robert, VI 61946",hawkinsanthony@example.net,2017-06-06,batch_001,2026-07-31T00:00:00
CUST01869,Diana Gregory,1976-11-20,"9572 Murillo Bypass Apt. 031, Calebhaven, VI 54715",westbridget@example.net,2022-06-11,batch_001,2026-07-31T00:00:00
CUST01870,Melissa Bishop,1971-03-13,"4194 Shields Forest Apt. 519, North Alejandrofurt, IN 28321",sarah22@example.com,2019-08-11,batch_001,2026-07-31T00:00:00
CUST01871,Kara Schmidt,2004-02-21,"8239 Figueroa Greens, Lake Joshua, ND 24334",allencynthia@example.org,2024-11-07,batch_001,2026-07-31T00:00:00
CUST01872,Gina Sullivan,1949-10-17,"513 Mcgrath Valley, East Rebecca, IL 62177",alexander39@example.com,2021-11-29,batch_001,2026-07-31T00:00:00
CUST01873,Steven Cabrera,1958-01-23,"43421 Ashley Union, Moodychester, MD 57802",andreahenry@example.org,2018-07-30,batch_001,2026-07-31T00:00:00
CUST01874,Michael Gates,1967-01-06,"804 Christie Highway Apt. 782, Lopezstad, NC 58262",barbaradillon@example.net,2016-11-26,batch_001,2026-07-31T00:00:00
CUST01875,Sherri Moore,1972-04-28,"360 Michael Plain Apt. 262, Lake Elizabeth, MT 60818",melinda11@example.com,2016-12-22,batch_001,2026-07-31T00:00:00
CUST01876,Joann Johnson,1955-01-19,"47756 Lewis Oval Apt. 379, Smithtown, VI 90979",john28@example.net,2018-11-21,batch_001,2026-07-31T00:00:00
CUST01877,Michele Pena,1979-01-22,"7537 Nelson Heights Suite 125, Mooreburgh, FL 02077",kristeningram@example.com,2017-11-10,batch_001,2026-07-31T00:00:00
CUST01878,Bonnie Knight,1987-08-16,"80718 Williams Stream, Hudsonborough, PA 78990",matthew06@example.net,2021-02-25,batch_001,2026-07-31T00:00:00
CUST01879,Nathan Jensen,1999-05-07,"860 Benson Oval, Jacquelineville, WV 08002",robertlee@example.org,2025-08-01,batch_001,2026-07-31T00:00:00
CUST01880,Marisa Santos,1966-02-04,"0969 Jones Forest, Garyhaven, ND 81038",byrdsherry@example.net,2022-12-27,batch_001,2026-07-31T00:00:00
CUST01881,Pamela Fox,1993-04-11,"1492 Jane Burg, Port Teresa, NY 04347",tina84@example.com,2025-05-29,batch_001,2026-07-31T00:00:00
CUST01882,Ronnie Taylor,1994-10-19,"67763 Kimberly Cliffs, Lake Sandraton, AS 40403",williamphillips@example.org,2021-03-17,batch_001,2026-07-31T00:00:00
CUST01883,Katherine Benjamin,1944-10-02,"18180 Lisa Vista Suite 472, Lake Stephaniebury, CT 16628",tamarakelly@example.net,2024-07-23,batch_001,2026-07-31T00:00:00
CUST01884,Daniel Anderson,1971-07-29,"78170 Thompson Gardens, South Melissa, NC 71862",salasamanda@example.net,2021-11-03,batch_001,2026-07-31T00:00:00
CUST01885,Daniel Vincent,1996-10-30,"72618 Alec Key Apt. 100, South Carolynburgh, WV 42949",perezmichelle@example.org,2019-06-02,batch_001,2026-07-31T00:00:00
CUST01886,Alicia Lewis,1952-03-14,"09819 Smith Way, Paulfurt, CO 92843",lisajohnson@example.com,2019-11-24,batch_001,2026-07-31T00:00:00
CUST01887,Brooke Chen,1975-04-15,"980 Fitzgerald Ford, Jeremyborough, MN 04069",blevinsjennifer@example.com,2019-01-04,batch_001,2026-07-31T00:00:00
CUST01888,Amanda Cameron,1950-07-25,"73051 Garcia Forges Apt. 096, Harrisshire, MP 20139",theresa74@example.org,2022-02-12,batch_001,2026-07-31T00:00:00
CUST01889,Mark Barnes,1984-12-22,"036 Donna Path, Timothyborough, IN 79801",chapmanmorgan@example.org,2020-01-04,batch_001,2026-07-31T00:00:00
CUST01890,Juan Garcia,1989-05-22,"5014 Stone Rue Apt. 465, Port Kimberlybury, OK 34012",michelle58@example.net,2016-10-11,batch_001,2026-07-31T00:00:00
CUST01891,Patrick Day,1987-07-20,"902 Gary Court, Maddenville, PA 68960",sullivanalfred@example.net,2021-07-09,batch_001,2026-07-31T00:00:00
CUST01892,Amanda Costa,1949-03-16,"7750 Morales Lock, Lake Dustin, SC 68029",victoria96@example.com,2024-11-09,batch_001,2026-07-31T00:00:00
CUST01893,Sheila Grant,1970-07-01,"02048 Miller Burgs Apt. 653, Tonyport, CO 33599",kristen71@example.net,2025-09-24,batch_001,2026-07-31T00:00:00
CUST01894,Teresa Rogers,2003-04-17,"9550 Brandon Road Apt. 695, Thomasmouth, NE 33829",lisawatts@example.net,2026-06-25,batch_001,2026-07-31T00:00:00
CUST01895,Brandon Finley,1958-11-17,"5081 Mckinney Shores, Scottberg, MP 26467",ssmith@example.org,2020-01-14,batch_001,2026-07-31T00:00:00
CUST01896,Alexandria Thompson,1975-01-22,"13417 Lopez Ferry Apt. 954, South Mitchellton, CT 51405",tiffanycole@example.org,2017-08-03,batch_001,2026-07-31T00:00:00
CUST01897,Christopher Wilson,1965-06-18,"96910 Laurie Manors, Ryanville, DC 08484",rmitchell@example.net,2025-12-04,batch_001,2026-07-31T00:00:00
CUST01898,John Velasquez,1969-05-25,"84501 Wright Village Apt. 570, New Ryan, AL 19408",courtney14@example.org,2024-09-26,batch_001,2026-07-31T00:00:00
CUST01899,Gavin Smith,1977-07-23,"9181 Kimberly Ferry Apt. 905, North Tara, NM 29246",grossamber@example.org,2019-03-09,batch_001,2026-07-31T00:00:00
CUST01900,Donna Garcia,1957-01-09,"6921 Jessica Isle Apt. 719, Johnsonstad, NM 38936",michael40@example.com,2026-02-21,batch_001,2026-07-31T00:00:00
CUST01901,Danielle Gibson,1981-10-20,"431 Mcgee Landing, Simpsonmouth, PA 61035",annawhite@example.com,2018-07-24,batch_001,2026-07-31T00:00:00
CUST01902,Colleen Richmond,1956-12-30,"USCGC Avila, FPO AE 89156",duncanvanessa@example.com,2019-05-16,batch_001,2026-07-31T00:00:00
CUST01903,Melinda Cantrell,1969-06-01,"PSC 4134, Box 3076, APO AP 85943",edwardray@example.net,2023-06-24,batch_001,2026-07-31T00:00:00
CUST01904,Kimberly Davidson,1971-10-16,"1917 Ethan Grove, Port John, WA 31999",qwright@example.org,2023-02-15,batch_001,2026-07-31T00:00:00
CUST01905,Andrea Cordova,1973-01-19,"41357 Linda Summit Apt. 611, Lake Yolandamouth, MS 22858",wallacejonathan@example.net,2020-10-27,batch_001,2026-07-31T00:00:00
CUST01906,Emily Ramirez,1974-05-06,"USNV Leon, FPO AA 40519",morr@example.org,2020-06-22,batch_001,2026-07-31T00:00:00
CUST01907,Kayla Murphy,1985-12-10,"70088 Walker Fields Apt. 148, Thomasville, MO 49459",hsmith@example.org,2018-03-30,batch_001,2026-07-31T00:00:00
CUST01908,Katie Oliver,2002-02-22,"4628 Ryan Mountain, West Heather, AZ 71949",zrobinson@example.com,2021-01-30,batch_001,2026-07-31T00:00:00
CUST01909,Justin Norris,1998-05-14,"2293 Kevin Avenue, North Kimberly, SD 69268",joshuarodriguez@example.org,2020-01-04,batch_001,2026-07-31T00:00:00
CUST01910,David Lopez MD,1968-12-03,"133 Banks Square Apt. 781, West Michaelborough, TN 76475",michaelgordon@example.org,2021-06-13,batch_001,2026-07-31T00:00:00
CUST01911,James Brown,1943-11-27,"84178 Powell Drives, Collinstown, NJ 21454",rgentry@example.com,2019-07-22,batch_001,2026-07-31T00:00:00
CUST01912,George Johnson,1977-09-11,"8128 Sean Roads Apt. 985, Port Wendy, WI 73397",tammymcguire@example.com,2025-03-27,batch_001,2026-07-31T00:00:00
CUST01913,Jeffery Bailey,1985-07-22,"9823 Brad Expressway, Lisachester, CT 89514",petersonlauren@example.net,2025-05-16,batch_001,2026-07-31T00:00:00
CUST01914,Anthony Neal,1998-02-27,"94670 Joshua Club, New Paige, AL 33966",samuel20@example.net,2019-04-16,batch_001,2026-07-31T00:00:00
CUST01915,Joshua Parker,1955-04-18,"78861 Mcintosh Unions, Port Shannon, MT 03821",mmccann@example.net,2023-09-21,batch_001,2026-07-31T00:00:00
CUST01916,Michele Russell,2001-03-11,"5741 Wheeler Glen, South Richard, VT 32441",thomasflowers@example.com,2022-03-23,batch_001,2026-07-31T00:00:00
CUST01917,Katie Gomez,1969-12-02,"7859 Hailey Harbor Suite 836, New Teresahaven, PW 91970",scottcollins@example.net,2018-01-14,batch_001,2026-07-31T00:00:00
CUST01918,Manuel Mayo,2003-02-04,"4502 Wall Loaf, Bowmanberg, DE 63335",christineclarke@example.net,2019-05-29,batch_001,2026-07-31T00:00:00
CUST01919,Susan Blake,1979-05-17,"6329 Smith Village, West Jasonview, CO 82438",samuelmcclain@example.net,2025-11-17,batch_001,2026-07-31T00:00:00
CUST01920,Jaime Flores,2005-05-25,"99707 Colleen Ford Apt. 329, Antoniofort, WY 48623",hunter01@example.com,2016-09-28,batch_001,2026-07-31T00:00:00
CUST01921,Francisco Turner,1966-12-29,"107 Kristen Lock, Port Pamelamouth, NJ 28049",darrell96@example.org,2024-03-16,batch_001,2026-07-31T00:00:00
CUST01922,Tanya Clayton,1994-07-30,"531 Gray Brooks, West Kelly, MN 49863",fpark@example.net,2017-01-25,batch_001,2026-07-31T00:00:00
CUST01923,Peter Kemp,1947-05-04,"7554 Floyd Lights Apt. 426, West Jameshaven, ND 21131",cathy96@example.net,2021-07-27,batch_001,2026-07-31T00:00:00
CUST01924,Kimberly Harrington,1968-10-25,"USS Palmer, FPO AA 68334",robertskeith@example.org,2022-12-30,batch_001,2026-07-31T00:00:00
CUST01925,Dr. Kelsey Green,1954-09-16,"93790 Eric Summit Apt. 094, Jasonland, TX 21908",moodyjoshua@example.net,2023-09-16,batch_001,2026-07-31T00:00:00
CUST01926,Lisa Carlson,1963-08-06,"PSC 7256, Box 6872, APO AE 08024",adavidson@example.com,2022-03-14,batch_001,2026-07-31T00:00:00
CUST01927,Jessica Jones,1971-12-24,"41367 Webb Light, Obrienshire, TN 91360",juliaball@example.org,2025-07-17,batch_001,2026-07-31T00:00:00
CUST01928,John Lawrence,1960-01-16,"9120 Cook Skyway Apt. 289, Rachelborough, OH 97070",nicholaschapman@example.com,2023-02-05,batch_001,2026-07-31T00:00:00
CUST01929,Cynthia Price,1980-06-18,"996 April Neck Suite 391, Davidbury, MD 77058",reeserachel@example.com,2021-04-28,batch_001,2026-07-31T00:00:00
CUST01930,Rachel Green,1983-01-31,"72544 Barber Neck Suite 109, Johnnyburgh, OH 62793",rebecca75@example.org,2017-06-24,batch_001,2026-07-31T00:00:00
CUST01931,Tara Reyes,2000-12-03,"280 Lee Pike Apt. 085, Castillotown, MH 94817",ghoward@example.org,2020-10-04,batch_001,2026-07-31T00:00:00
CUST01932,Lindsay Thompson,1980-10-03,"746 Christopher Neck Suite 186, South Richard, NV 96815",iclark@example.org,2020-03-31,batch_001,2026-07-31T00:00:00
CUST01933,Brenda Lloyd,1958-01-12,"0946 Diaz Views Suite 977, Port Lawrencefurt, ME 35762",lisachurch@example.net,2016-10-03,batch_001,2026-07-31T00:00:00
CUST01934,Brian Marshall,1964-06-23,"28934 Amanda Burg, Port Andrew, IA 51005",anthony56@example.net,2021-06-19,batch_001,2026-07-31T00:00:00
CUST01935,Amanda Miller,1970-08-04,"15240 Stafford Crossing, Danamouth, NY 90876",heather27@example.com,2023-09-15,batch_001,2026-07-31T00:00:00
CUST01936,Anna Cochran,1976-10-11,"33569 Conway Brooks, New Josephmouth, NV 52109",tmiller@example.net,2023-09-05,batch_001,2026-07-31T00:00:00
CUST01937,Sarah Sloan,2005-11-11,"641 Jason Place, Bryanfort, FM 32708",daniellerichardson@example.org,2019-07-24,batch_001,2026-07-31T00:00:00
CUST01938,Jessica Haynes,1956-01-01,"PSC 4612, Box 0384, APO AP 54418",bleonard@example.com,2020-12-05,batch_001,2026-07-31T00:00:00
CUST01939,Lance Short,1962-03-06,"891 Frazier Views, Tinamouth, FM 84468",margaret56@example.org,2017-06-17,batch_001,2026-07-31T00:00:00
CUST01940,Jenny Adkins,1998-01-07,"84751 Joanne Glens, South Emilyland, NY 96869",andrew82@example.net,2025-08-24,batch_001,2026-07-31T00:00:00
CUST01941,Megan Stewart,1959-04-20,"20690 Rodriguez Road Suite 973, Moorebury, WY 00639",davidnichols@example.com,2017-06-17,batch_001,2026-07-31T00:00:00
CUST01942,Linda Wright,1962-08-19,"054 Bruce Expressway, North Bailey, AR 62389",vsanchez@example.net,2020-06-16,batch_001,2026-07-31T00:00:00
CUST01943,Andrew Blake,1954-06-09,"92620 Maldonado Trafficway, Jasminefurt, GU 19856",catherine56@example.com,2026-06-24,batch_001,2026-07-31T00:00:00
CUST01944,Colleen Joyce,1991-06-23,"943 Anthony Springs, Christopherside, NY 67146",kathleen87@example.net,2024-02-10,batch_001,2026-07-31T00:00:00
CUST01945,Kendra Wyatt,2004-04-05,"2839 Stone Bridge Apt. 898, Cervantesshire, PR 89684",richard07@example.com,2019-10-04,batch_001,2026-07-31T00:00:00
CUST01946,Francisco Francis,1964-10-25,"27188 Kelly Mission, Brianshire, OH 04677",austinpeterson@example.net,2023-09-20,batch_001,2026-07-31T00:00:00
CUST01947,James Shannon,2003-04-02,"PSC 7439, Box 0648, APO AA 63416",klee@example.org,2018-09-27,batch_001,2026-07-31T00:00:00
CUST01948,Dawn Kemp,1951-09-21,"19718 David Falls Apt. 367, New Erin, SD 09940",omontgomery@example.com,2021-08-24,batch_001,2026-07-31T00:00:00
CUST01949,Angela Fowler,2004-09-18,"Unit 6647 Box 1079, DPO AE 45926",scottfisher@example.org,2018-09-17,batch_001,2026-07-31T00:00:00
CUST01950,Ashley Cohen,1989-04-13,"PSC 3001, Box 6183, APO AE 12373",eric90@example.org,2017-01-01,batch_001,2026-07-31T00:00:00
CUST01951,Robert Reyes,1998-09-06,"08604 Angela Shore Apt. 167, East David, ME 50568",valerie71@example.org,2024-12-14,batch_001,2026-07-31T00:00:00
CUST01952,Amy Gibson,1967-06-29,"8892 Jonathan Plains Apt. 007, Port Cathy, NY 87100",thomas80@example.net,2017-05-26,batch_001,2026-07-31T00:00:00
CUST01953,Nicholas Saunders,1948-09-14,"585 Avila Mission Apt. 336, Harrellmouth, SC 77711",kayla91@example.org,2018-03-13,batch_001,2026-07-31T00:00:00
CUST01954,Michelle Silva,1997-04-07,"486 Martin Trail Apt. 804, Maryborough, KS 28292",bakerlisa@example.org,2026-07-02,batch_001,2026-07-31T00:00:00
CUST01955,April Moore,1943-05-09,"USCGC Bailey, FPO AA 59047",james96@example.com,2024-06-16,batch_001,2026-07-31T00:00:00
CUST01956,Christine Taylor,1995-05-02,"30358 Christopher Unions Apt. 633, New Katieton, WY 98632",angela08@example.net,2018-02-06,batch_001,2026-07-31T00:00:00
CUST01957,Angela Martin,1976-08-29,"4306 Maldonado Tunnel, Livingstonberg, CO 13598",seanpark@example.net,2023-11-19,batch_001,2026-07-31T00:00:00
CUST01958,Stephanie Oconnell,1948-10-09,"6352 Matthew Manor Suite 371, North Shannontown, MO 70510",bfox@example.com,2016-08-04,batch_001,2026-07-31T00:00:00
CUST01959,John Young,1970-02-07,"8953 Carter Ferry Suite 257, Schaeferside, OR 75165",zlove@example.org,2021-10-21,batch_001,2026-07-31T00:00:00
CUST01960,James Lester,1987-11-21,"370 Joseph Stream, New Michaelton, TX 58158",bellwendy@example.org,2026-04-27,batch_001,2026-07-31T00:00:00
CUST01961,Lynn Walker,1983-11-02,"7259 Jones Course Suite 953, Port Kimberly, WI 38670",longsandra@example.net,2023-01-17,batch_001,2026-07-31T00:00:00
CUST01962,Susan Schroeder,1997-02-16,"6603 Tara Ports, West Shellyhaven, IL 34980",joshuabradley@example.com,2026-06-10,batch_001,2026-07-31T00:00:00
CUST01963,Antonio Davies,1958-07-27,"347 Kenneth Squares Suite 167, Thomasside, NM 98174",john96@example.com,2022-01-20,batch_001,2026-07-31T00:00:00
CUST01964,Mark Taylor,1975-08-04,"709 Brandy Isle Apt. 628, New Larryview, NC 20733",etaylor@example.org,2021-09-15,batch_001,2026-07-31T00:00:00
CUST01965,Chelsea Boyd,1956-10-08,"6340 Salinas Road Suite 447, Petersonburgh, PR 17416",richard96@example.net,2018-04-26,batch_001,2026-07-31T00:00:00
CUST01966,Ashley Watkins,1995-11-26,"71352 Murphy Row Suite 050, West Lindamouth, KS 90016",jenna07@example.com,2022-03-19,batch_001,2026-07-31T00:00:00
CUST01967,Kelly Wilson,1970-02-15,"27607 James Rest, Amberberg, PW 34071",david88@example.org,2021-11-23,batch_001,2026-07-31T00:00:00
CUST01968,Sheryl Roman,1967-11-28,"5461 Garcia Rue Apt. 014, Linshire, SD 87068",sotomaria@example.net,2016-11-04,batch_001,2026-07-31T00:00:00
CUST01969,Emily Wright,1997-05-03,"127 Jones Mills, Terrymouth, MS 85327",james90@example.net,2020-08-01,batch_001,2026-07-31T00:00:00
CUST01970,John Kent,1948-02-13,"308 Garrett Roads, Port Richardville, PA 81466",vnguyen@example.com,2024-04-01,batch_001,2026-07-31T00:00:00
CUST01971,Danielle Fisher,1943-10-27,"587 Alicia Extension Apt. 865, Whitechester, AZ 02254",diazamy@example.net,2019-03-18,batch_001,2026-07-31T00:00:00
CUST01972,Patricia Dixon,2000-09-13,"05378 Amy Locks, Sotoberg, AR 99559",alejandrojones@example.net,2018-08-16,batch_001,2026-07-31T00:00:00
CUST01973,Carolyn Martin,1945-10-31,"6215 Jones Vista Apt. 980, Smithberg, NH 96688",christinejackson@example.net,2023-10-18,batch_001,2026-07-31T00:00:00
CUST01974,Tara Bates,1982-01-09,"349 Jade Loaf Apt. 898, Newmanview, RI 42942",chelsea09@example.org,2021-10-28,batch_001,2026-07-31T00:00:00
CUST01975,Heather Sweeney,1994-01-23,"83463 Paige Common Apt. 558, Diaztown, UT 83894",brendamiller@example.net,2020-06-27,batch_001,2026-07-31T00:00:00
CUST01976,Dr. Shannon Donovan,1981-05-26,"9520 Steven Tunnel Apt. 454, Port Chadville, NJ 82595",williamrogers@example.net,2017-07-20,batch_001,2026-07-31T00:00:00
CUST01977,Debra Scott,1962-01-19,"2886 Moss Ville, South Dianetown, MP 07815",kellyleah@example.org,2025-09-12,batch_001,2026-07-31T00:00:00
CUST01978,Daniel Farmer,1980-05-10,"5292 Cooper Viaduct Suite 680, Rogertown, AL 14124",heather81@example.org,2025-01-17,batch_001,2026-07-31T00:00:00
CUST01979,Christian Padilla,1994-09-07,"0025 Ashley Canyon Suite 724, Kimberlyton, RI 47626",knorris@example.com,2020-03-03,batch_001,2026-07-31T00:00:00
CUST01980,Mr. David Hurst,1977-10-29,"7289 Shirley Court, North Jenniferchester, IA 35501",xparker@example.net,2024-09-24,batch_001,2026-07-31T00:00:00
CUST01981,Dennis Hampton,1947-01-21,"30597 Bryant Forest, Haneyburgh, NY 63438",ccooper@example.com,2025-03-03,batch_001,2026-07-31T00:00:00
CUST01982,Gary Gutierrez,1991-02-05,"506 Adams Parkway Suite 826, Nancyhaven, NJ 15124",bradybrown@example.com,2022-08-28,batch_001,2026-07-31T00:00:00
CUST01983,Derek Allison,1965-07-22,"852 Reid Pass Suite 470, Lorettaport, MN 05118",elizabeth63@example.org,2021-01-09,batch_001,2026-07-31T00:00:00
CUST01984,Theodore Banks,1974-05-28,"613 Foley Lakes, Markview, GA 23853",ortegajohn@example.net,2017-04-07,batch_001,2026-07-31T00:00:00
CUST01985,Michael Stevens,1951-11-27,"USCGC Higgins, FPO AE 68632",valenciajennifer@example.com,2021-06-29,batch_001,2026-07-31T00:00:00
CUST01986,Robert Gray,1971-08-16,"859 Samuel Green, Lake Robert, WI 36061",mking@example.org,2024-06-02,batch_001,2026-07-31T00:00:00
CUST01987,Jeanette Fry,2007-07-16,"861 Welch Course, Trujillofurt, ME 95813",alexandra08@example.com,2021-10-12,batch_001,2026-07-31T00:00:00
CUST01988,Jennifer Stewart,1954-06-11,"005 Elizabeth Dale Suite 055, Evansberg, PW 82842",sara95@example.net,2017-12-18,batch_001,2026-07-31T00:00:00
CUST01989,Frank Cunningham,1993-06-20,"8130 Stone Mission, North Kimberly, UT 90912",michaelsellers@example.org,2024-02-05,batch_001,2026-07-31T00:00:00
CUST01990,Virginia Murphy,1953-03-21,"58024 Flores Parks, North Katieburgh, AS 92179",lozanojustin@example.org,2020-08-05,batch_001,2026-07-31T00:00:00
CUST01991,Jon Brown,1976-07-30,"0281 Suzanne Alley Suite 634, Jaredview, TX 54911",whiteyvonne@example.net,2023-08-01,batch_001,2026-07-31T00:00:00
CUST01992,Jacob Ramirez,1967-02-14,"870 Mark Court, Jenniferland, KY 89369",staceydickerson@example.org,2020-02-13,batch_001,2026-07-31T00:00:00
CUST01993,Mary Leblanc,1973-11-22,"485 Paul Roads Apt. 354, Hernandezburgh, KS 05158",sara53@example.org,2018-10-21,batch_001,2026-07-31T00:00:00
CUST01994,Tonya Holder,1993-07-23,"5892 Cox Roads, East Joseph, NY 64964",waltonrobert@example.net,2023-06-25,batch_001,2026-07-31T00:00:00
CUST01995,Travis Morales,1956-12-02,"284 Cheyenne Tunnel, Phillipsfurt, OR 73972",williamsmichael@example.com,2020-04-21,batch_001,2026-07-31T00:00:00
CUST01996,Sarah Solomon,1974-10-23,"6094 Kevin Motorway, Anthonymouth, AS 41740",cookerin@example.com,2020-02-16,batch_001,2026-07-31T00:00:00
CUST01997,Pamela Schultz,1965-03-11,"8697 Frank Extension Suite 204, North Bryan, IA 90966",andrewsmichelle@example.com,2022-01-29,batch_001,2026-07-31T00:00:00
CUST01998,Ryan Stevenson,1999-08-06,"9114 Martha Villages, New Raymond, DC 19429",ericjenkins@example.org,2026-03-03,batch_001,2026-07-31T00:00:00
CUST01999,Bonnie Roberts,1959-12-03,"49224 Andrew Fort, Port Jacqueline, AL 04070",leeseth@example.net,2016-08-12,batch_001,2026-07-31T00:00:00
CUST02000,Candace Bates,1953-03-27,"135 Katherine Rapids Suite 617, Whiteview, MH 97037",ricky76@example.com,2025-11-04,batch_001,2026-07-31T00:00:00
