claim_id,policy_id,claim_date,claim_amount,claim_status,claim_reason,batch_id,load_timestamp
CLM007001,POL05083,2024-05-03,21475.97,Denied,Fire damage,batch_002,2026-08-02T17:58:20
CLM007002,POL00645,2023-07-05,2880.72,Approved,Theft of vehicle,batch_002,2026-08-02T17:58:20
CLM007003,POL04720,2023-10-18,826.89,Approved,Hit and run,batch_002,2026-08-02T17:58:20
CLM007004,POL02933,2025-05-12,4697.80,Denied,Surgery reimbursement,batch_002,2026-08-02T17:58:20
CLM007005,POL01221,2024-11-20,13828.88,Pending,Terminal illness claim,batch_002,2026-08-02T17:58:20
CLM007006,POL01501,2024-11-22,20172.50,Denied,Water damage,batch_002,2026-08-02T17:58:20
CLM007007,POL00419,2025-06-23,13136.96,Denied,Fire damage,batch_002,2026-08-02T17:58:20
CLM007008,POL04330,2024-10-21,4891.73,Pending,Accidental death claim,batch_002,2026-08-02T17:58:20
CLM007009,POL02868,2026-03-30,8779.18,Denied,Vehicle collision,batch_002,2026-08-02T17:58:20
CLM007010,POL02127,2024-05-06,15834.83,Denied,Death benefit claim,batch_002,2026-08-02T17:58:20
CLM007011,POL04945,2023-02-20,2112.46,Approved,Theft of vehicle,batch_002,2026-08-02T17:58:20
CLM007012,POL00769,2024-01-29,2051.97,Pending,Terminal illness claim,batch_002,2026-08-02T17:58:20
CLM007013,POL02819,2024-02-20,20737.05,Denied,Windshield damage,batch_002,2026-08-02T17:58:20
CLM007014,POL03718,2024-06-10,17493.59,Denied,Fire damage,batch_002,2026-08-02T17:58:20
CLM007015,POL03883,2023-08-05,4743.28,Approved,Burglary,batch_002,2026-08-02T17:58:20
CLM007016,POL03733,2026-03-24,5074.93,Denied,Theft of vehicle,batch_002,2026-08-02T17:58:20
CLM007017,POL03157,2024-08-27,2477.16,Approved,Vehicle collision,batch_002,2026-08-02T17:58:20
CLM007018,POL02601,2023-08-18,20778.34,Denied,Terminal illness claim,batch_002,2026-08-02T17:58:20
CLM007019,POL01367,2025-07-12,19050.16,Denied,Death benefit claim,batch_002,2026-08-02T17:58:20
CLM007020,POL01424,2025-09-11,18856.11,Approved,Hospital stay,batch_002,2026-08-02T17:58:20
CLM007021,POL02110,2025-09-12,13190.40,Pending,Burglary,batch_002,2026-08-02T17:58:20
CLM007022,POL03214,2025-11-21,4078.62,Pending,Fallen tree damage,batch_002,2026-08-02T17:58:20
CLM007023,POL00486,2023-08-08,10655.02,Approved,Death benefit claim,batch_002,2026-08-02T17:58:20
CLM007024,POL04944,2026-03-01,20823.23,Approved,Vehicle collision,batch_002,2026-08-02T17:58:20
CLM007025,POL01925,2025-09-04,23081.38,Pending,Roof damage from storm,batch_002,2026-08-02T17:58:20
CLM007026,POL00605,2024-08-03,10952.08,Denied,Vehicle collision,batch_002,2026-08-02T17:58:20
CLM007027,POL02546,2024-07-01,8456.11,Pending,Roof damage from storm,batch_002,2026-08-02T17:58:20
CLM007028,POL05043,2026-01-30,20555.50,Pending,Death benefit claim,batch_002,2026-08-02T17:58:20
CLM007029,POL01025,2026-05-20,22868.05,Pending,Accidental death claim,batch_002,2026-08-02T17:58:20
CLM007030,POL03431,2025-08-07,11073.76,Pending,Vehicle collision,batch_002,2026-08-02T17:58:20
CLM007031,POL01420,2025-07-04,23811.48,Approved,Terminal illness claim,batch_002,2026-08-02T17:58:20
CLM007032,POL01878,2023-03-17,23001.97,Pending,Death benefit claim,batch_002,2026-08-02T17:58:20
CLM007033,POL02528,2025-04-28,12601.84,Approved,Theft of vehicle,batch_002,2026-08-02T17:58:20
CLM007034,POL01248,2025-06-16,1523.89,Denied,Vandalism damage,batch_002,2026-08-02T17:58:20
CLM007035,POL01985,2023-12-01,10078.37,Denied,Medical procedure,batch_002,2026-08-02T17:58:20
CLM007036,POL01186,2026-02-18,13869.13,Pending,Death benefit claim,batch_002,2026-08-02T17:58:20
CLM007037,POL00878,2026-02-17,6233.28,Approved,Prescription claim,batch_002,2026-08-02T17:58:20
CLM007038,POL02964,2023-08-10,19201.01,Denied,Hit and run,batch_002,2026-08-02T17:58:20
CLM007039,POL03823,2024-08-14,4701.65,Pending,Medical procedure,batch_002,2026-08-02T17:58:20
CLM007040,POL00903,2025-11-27,17986.55,Denied,Fallen tree damage,batch_002,2026-08-02T17:58:20
CLM007041,POL00199,2024-10-05,18737.33,Pending,Terminal illness claim,batch_002,2026-08-02T17:58:20
CLM007042,POL01590,2026-03-19,22392.97,Pending,Accidental death claim,batch_002,2026-08-02T17:58:20
CLM007043,POL01664,2026-04-02,16207.73,Approved,Hit and run,batch_002,2026-08-02T17:58:20
CLM007044,POL05039,2023-04-26,5703.09,Approved,Medical procedure,batch_002,2026-08-02T17:58:20
CLM007045,POL01285,2025-12-13,16645.36,Pending,Hit and run,batch_002,2026-08-02T17:58:20
CLM007046,POL03963,2024-06-17,3055.69,Pending,Death benefit claim,batch_002,2026-08-02T17:58:20
CLM007047,POL02628,2023-10-14,493.41,Approved,Accidental death claim,batch_002,2026-08-02T17:58:20
CLM007048,POL04789,2023-07-01,23723.22,Denied,Vandalism damage,batch_002,2026-08-02T17:58:20
CLM007049,POL01037,2024-05-13,9806.69,Denied,Water damage,batch_002,2026-08-02T17:58:20
CLM007050,POL03703,2023-06-06,21445.10,Pending,Water damage,batch_002,2026-08-02T17:58:20
CLM007051,POL03501,2024-03-17,3617.24,Pending,Death benefit claim,batch_002,2026-08-02T17:58:20
CLM007052,POL00439,2023-03-24,12280.38,Pending,Fire damage,batch_002,2026-08-02T17:58:20
CLM007053,POL01284,2023-10-24,2538.96,Pending,Emergency room visit,batch_002,2026-08-02T17:58:20
CLM007054,POL03253,2026-05-10,14223.28,Approved,Surgery reimbursement,batch_002,2026-08-02T17:58:20
CLM007055,POL03627,2025-01-23,5524.00,Denied,Prescription claim,batch_002,2026-08-02T17:58:20
CLM007056,POL03966,2023-09-26,2936.32,Approved,Terminal illness claim,batch_002,2026-08-02T17:58:20
CLM007057,POL01122,2024-03-12,14165.51,Pending,Burglary,batch_002,2026-08-02T17:58:20
CLM007058,POL03993,2023-09-19,124.37,Pending,Theft of vehicle,batch_002,2026-08-02T17:58:20
CLM007059,POL02837,2023-02-28,18538.08,Pending,Medical procedure,batch_002,2026-08-02T17:58:20
CLM007060,POL03057,2026-06-01,21598.38,Approved,Surgery reimbursement,batch_002,2026-08-02T17:58:20
CLM007061,POL02246,2026-01-14,8013.12,Approved,Death benefit claim,batch_002,2026-08-02T17:58:20
CLM007062,POL00049,2026-02-22,3360.21,Pending,Terminal illness claim,batch_002,2026-08-02T17:58:20
CLM007063,POL04266,2024-11-05,6176.49,Denied,Vandalism damage,batch_002,2026-08-02T17:58:20
CLM007064,POL05022,2024-12-26,951.96,Approved,Accidental death claim,batch_002,2026-08-02T17:58:20
CLM007065,POL02537,2023-12-14,15984.99,Approved,Fire damage,batch_002,2026-08-02T17:58:20
CLM007066,POL04870,2023-05-11,12624.67,Denied,Hit and run,batch_002,2026-08-02T17:58:20
CLM007067,POL00387,2023-05-31,16249.49,Approved,Surgery reimbursement,batch_002,2026-08-02T17:58:20
CLM007068,POL00070,2023-10-15,15154.22,Pending,Windshield damage,batch_002,2026-08-02T17:58:20
CLM007069,POL02238,2024-01-16,10261.36,Pending,Hit and run,batch_002,2026-08-02T17:58:20
CLM007070,POL02851,2025-05-08,7510.18,Approved,Hospital stay,batch_002,2026-08-02T17:58:20
CLM007071,POL01198,2024-05-02,6078.33,Denied,Accidental death claim,batch_002,2026-08-02T17:58:20
CLM007072,POL04137,2023-07-06,1211.87,Approved,Fallen tree damage,batch_002,2026-08-02T17:58:20
CLM007073,POL01083,2024-04-06,11215.54,Approved,Water damage,batch_002,2026-08-02T17:58:20
CLM007074,POL02569,2026-06-09,2593.20,Approved,Surgery reimbursement,batch_002,2026-08-02T17:58:20
CLM007075,POL03075,2024-10-14,1596.65,Pending,Theft of vehicle,batch_002,2026-08-02T17:58:20
CLM007076,POL01309,2023-06-22,172.76,Approved,Hospital stay,batch_002,2026-08-02T17:58:20
CLM007077,POL04481,2026-03-06,4309.57,Approved,Windshield damage,batch_002,2026-08-02T17:58:20
CLM007078,POL00259,2023-03-12,18531.78,Pending,Medical procedure,batch_002,2026-08-02T17:58:20
CLM007079,POL03169,2026-05-22,13122.00,Pending,Hit and run,batch_002,2026-08-02T17:58:20
CLM007080,POL01821,2023-04-15,21043.29,Approved,Accidental death claim,batch_002,2026-08-02T17:58:20
CLM007081,POL04632,2026-07-09,16950.75,Pending,Death benefit claim,batch_002,2026-08-02T17:58:20
CLM007082,POL03924,2026-07-22,24759.89,Pending,Hit and run,batch_002,2026-08-02T17:58:20
CLM007083,POL04918,2023-07-27,11699.83,Pending,Accidental death claim,batch_002,2026-08-02T17:58:20
CLM007084,POL02509,2026-02-09,16235.60,Denied,Hit and run,batch_002,2026-08-02T17:58:20
CLM007085,POL01509,2026-01-05,1249.71,Approved,Terminal illness claim,batch_002,2026-08-02T17:58:20
CLM007086,POL01061,2025-12-20,2111.73,Pending,Vehicle collision,batch_002,2026-08-02T17:58:20
CLM007087,POL00413,2024-05-01,24166.44,Approved,Burglary,batch_002,2026-08-02T17:58:20
CLM007088,POL00936,2025-07-07,10899.17,Denied,Accidental death claim,batch_002,2026-08-02T17:58:20
CLM007089,POL02992,2026-01-15,21796.90,Approved,Hospital stay,batch_002,2026-08-02T17:58:20
CLM007090,POL04970,2025-02-09,8083.96,Approved,Windshield damage,batch_002,2026-08-02T17:58:20
CLM007091,POL03759,2023-07-29,13274.25,Approved,Death benefit claim,batch_002,2026-08-02T17:58:20
CLM007092,POL04786,2023-09-24,18861.52,Pending,Surgery reimbursement,batch_002,2026-08-02T17:58:20
CLM007093,POL02490,2023-04-29,6562.59,Denied,Burglary,batch_002,2026-08-02T17:58:20
CLM007094,POL04961,2023-12-22,11868.01,Pending,Prescription claim,batch_002,2026-08-02T17:58:20
CLM007095,POL02820,2024-11-06,8526.95,Approved,Vandalism damage,batch_002,2026-08-02T17:58:20
CLM007096,POL01525,2024-12-13,11392.64,Denied,Medical procedure,batch_002,2026-08-02T17:58:20
CLM007097,POL01936,2025-02-22,11035.85,Pending,Accidental death claim,batch_002,2026-08-02T17:58:20
CLM007098,POL00953,2025-03-10,17233.65,Pending,Accidental death claim,batch_002,2026-08-02T17:58:20
CLM007099,POL04100,2023-11-13,10440.31,Approved,Hit and run,batch_002,2026-08-02T17:58:20
CLM007100,POL01971,2025-05-24,14657.89,Denied,Water damage,batch_002,2026-08-02T17:58:20
CLM007101,POL01102,2025-12-02,18580.41,Denied,Terminal illness claim,batch_002,2026-08-02T17:58:20
CLM007102,POL04456,2023-11-08,5547.09,Approved,Surgery reimbursement,batch_002,2026-08-02T17:58:20
CLM007103,POL02978,2023-03-26,5266.08,Approved,Emergency room visit,batch_002,2026-08-02T17:58:20
CLM007104,POL04461,2024-10-27,21167.08,Pending,Burglary,batch_002,2026-08-02T17:58:20
CLM007105,POL02347,2023-07-19,4230.24,Approved,Windshield damage,batch_002,2026-08-02T17:58:20
CLM007106,POL02365,2025-07-31,16713.70,Approved,Terminal illness claim,batch_002,2026-08-02T17:58:20
CLM007107,POL02435,2023-04-21,22155.08,Approved,Burglary,batch_002,2026-08-02T17:58:20
CLM007108,POL03476,2024-02-25,5199.36,Approved,Vehicle collision,batch_002,2026-08-02T17:58:20
CLM007109,POL02432,2023-02-06,2850.20,Denied,Hit and run,batch_002,2026-08-02T17:58:20
CLM007110,POL00793,2023-02-05,7524.94,Pending,Accidental death claim,batch_002,2026-08-02T17:58:20
CLM007111,POL00838,2024-02-05,9427.37,Denied,Vandalism damage,batch_002,2026-08-02T17:58:20
CLM007112,POL01858,2026-07-14,2906.10,Denied,Fallen tree damage,batch_002,2026-08-02T17:58:20
CLM007113,POL03453,2023-06-07,22190.66,Denied,Theft of vehicle,batch_002,2026-08-02T17:58:20
CLM007114,POL03926,2024-09-29,777.61,Denied,Hit and run,batch_002,2026-08-02T17:58:20
CLM007115,POL02566,2024-12-23,9489.98,Pending,Prescription claim,batch_002,2026-08-02T17:58:20
CLM007116,POL04860,2025-10-26,12811.79,Denied,Vehicle collision,batch_002,2026-08-02T17:58:20
CLM007117,POL01774,2025-05-03,9497.37,Pending,Emergency room visit,batch_002,2026-08-02T17:58:20
CLM007118,POL00025,2025-10-23,804.84,Pending,Windshield damage,batch_002,2026-08-02T17:58:20
CLM007119,POL03985,2024-06-20,17104.49,Pending,Death benefit claim,batch_002,2026-08-02T17:58:20
CLM007120,POL03290,2026-07-15,18250.52,Pending,Vehicle collision,batch_002,2026-08-02T17:58:20
CLM007121,POL02823,2023-03-05,24390.69,Pending,Death benefit claim,batch_002,2026-08-02T17:58:20
CLM007122,POL04865,2023-07-01,16566.88,Approved,Hit and run,batch_002,2026-08-02T17:58:20
CLM007123,POL00473,2024-06-19,9644.21,Pending,Fire damage,batch_002,2026-08-02T17:58:20
CLM007124,POL02296,2026-03-07,1703.91,Denied,Vehicle collision,batch_002,2026-08-02T17:58:20
CLM007125,POL03090,2023-10-29,18596.39,Pending,Windshield damage,batch_002,2026-08-02T17:58:20
CLM007126,POL04744,2024-01-16,2445.28,Pending,Hit and run,batch_002,2026-08-02T17:58:20
CLM007127,POL01396,2026-01-03,3294.23,Approved,Terminal illness claim,batch_002,2026-08-02T17:58:20
CLM007128,POL03931,2023-06-29,13012.99,Approved,Vehicle collision,batch_002,2026-08-02T17:58:20
CLM007129,POL04395,2026-04-03,2943.90,Pending,Vandalism damage,batch_002,2026-08-02T17:58:20
CLM007130,POL03281,2025-10-29,16334.89,Denied,Theft of vehicle,batch_002,2026-08-02T17:58:20
CLM007131,POL03672,2023-12-14,13192.93,Pending,Accidental death claim,batch_002,2026-08-02T17:58:20
CLM007132,POL04266,2025-08-20,16438.61,Pending,Hit and run,batch_002,2026-08-02T17:58:20
CLM007133,POL02334,2026-07-04,14582.72,Denied,Fallen tree damage,batch_002,2026-08-02T17:58:20
CLM007134,POL04918,2026-02-24,1516.32,Approved,Death benefit claim,batch_002,2026-08-02T17:58:20
CLM007135,POL00873,2023-03-27,3193.55,Denied,Fallen tree damage,batch_002,2026-08-02T17:58:20
CLM007136,POL03353,2024-10-19,19784.13,Denied,Roof damage from storm,batch_002,2026-08-02T17:58:20
CLM007137,POL04234,2025-05-24,18470.46,Pending,Vandalism damage,batch_002,2026-08-02T17:58:20
CLM007138,POL04379,2026-03-02,16606.45,Approved,Prescription claim,batch_002,2026-08-02T17:58:20
CLM007139,POL00631,2024-12-03,12363.65,Pending,Roof damage from storm,batch_002,2026-08-02T17:58:20
CLM007140,POL03330,2023-05-29,2458.35,Denied,Death benefit claim,batch_002,2026-08-02T17:58:20
CLM007141,POL00772,2024-09-06,4287.26,Denied,Roof damage from storm,batch_002,2026-08-02T17:58:20
CLM007142,POL02887,2023-04-07,20467.60,Pending,Burglary,batch_002,2026-08-02T17:58:20
CLM007143,POL00847,2025-10-24,10521.96,Denied,Accidental death claim,batch_002,2026-08-02T17:58:20
CLM007144,POL03363,2026-01-09,5526.17,Pending,Hospital stay,batch_002,2026-08-02T17:58:20
CLM007145,POL00582,2026-03-25,2308.13,Approved,Vandalism damage,batch_002,2026-08-02T17:58:20
CLM007146,POL04834,2025-01-30,16241.93,Pending,Vehicle collision,batch_002,2026-08-02T17:58:20
CLM007147,POL03211,2024-02-17,13306.99,Approved,Accidental death claim,batch_002,2026-08-02T17:58:20
CLM007148,POL00388,2026-03-11,2934.33,Approved,Medical procedure,batch_002,2026-08-02T17:58:20
CLM007149,POL04093,2025-12-21,2013.81,Denied,Roof damage from storm,batch_002,2026-08-02T17:58:20
CLM007150,POL01545,2025-09-09,19904.08,Pending,Fire damage,batch_002,2026-08-02T17:58:20
CLM007151,POL00942,2023-04-22,5622.90,Pending,Emergency room visit,batch_002,2026-08-02T17:58:20
CLM007152,POL03454,2025-10-15,23030.99,Approved,Vehicle collision,batch_002,2026-08-02T17:58:20
CLM007153,POL03852,2026-04-07,15386.61,Pending,Theft of vehicle,batch_002,2026-08-02T17:58:20
CLM007154,POL02194,2025-09-11,14502.05,Approved,Terminal illness claim,batch_002,2026-08-02T17:58:20
CLM007155,POL04933,2025-09-03,20886.37,Approved,Hit and run,batch_002,2026-08-02T17:58:20
CLM007156,POL01339,2024-05-05,15074.28,Pending,Roof damage from storm,batch_002,2026-08-02T17:58:20
CLM007157,POL03044,2026-03-03,12945.62,Denied,Fallen tree damage,batch_002,2026-08-02T17:58:20
CLM007158,POL01843,2024-07-26,8609.48,Denied,Fire damage,batch_002,2026-08-02T17:58:20
CLM007159,POL04897,2024-10-24,22935.02,Pending,Vehicle collision,batch_002,2026-08-02T17:58:20
CLM007160,POL01255,2024-05-26,12097.54,Denied,Accidental death claim,batch_002,2026-08-02T17:58:20
CLM007161,POL01785,2023-08-02,15133.54,Approved,Death benefit claim,batch_002,2026-08-02T17:58:20
CLM007162,POL02640,2024-01-30,19452.17,Denied,Death benefit claim,batch_002,2026-08-02T17:58:20
CLM007163,POL03588,2023-09-06,20237.18,Approved,Fallen tree damage,batch_002,2026-08-02T17:58:20
CLM007164,POL01510,2025-07-22,8134.51,Approved,Roof damage from storm,batch_002,2026-08-02T17:58:20
CLM007165,POL04044,2023-04-14,22460.95,Approved,Fire damage,batch_002,2026-08-02T17:58:20
CLM007166,POL01540,2026-03-28,10204.82,Approved,Medical procedure,batch_002,2026-08-02T17:58:20
CLM007167,POL04441,2023-04-20,5908.45,Pending,Roof damage from storm,batch_002,2026-08-02T17:58:20
CLM007168,POL02933,2024-01-30,6529.38,Approved,Hospital stay,batch_002,2026-08-02T17:58:20
CLM007169,POL02062,2024-06-17,8026.64,Approved,Terminal illness claim,batch_002,2026-08-02T17:58:20
CLM007170,POL03192,2026-03-12,5518.94,Approved,Vandalism damage,batch_002,2026-08-02T17:58:20
CLM007171,POL01986,2025-05-05,316.06,Denied,Accidental death claim,batch_002,2026-08-02T17:58:20
CLM007172,POL03277,2023-03-19,16570.79,Denied,Vandalism damage,batch_002,2026-08-02T17:58:20
CLM007173,POL00378,2025-05-04,16300.24,Denied,Roof damage from storm,batch_002,2026-08-02T17:58:20
CLM007174,POL02969,2023-10-09,22060.04,Pending,Fallen tree damage,batch_002,2026-08-02T17:58:20
CLM007175,POL03808,2024-12-30,3476.72,Denied,Medical procedure,batch_002,2026-08-02T17:58:20
CLM007176,POL04608,2025-01-24,24633.26,Pending,Accidental death claim,batch_002,2026-08-02T17:58:20
CLM007177,POL01441,2025-12-17,17595.19,Denied,Prescription claim,batch_002,2026-08-02T17:58:20
CLM007178,POL01542,2026-04-16,8282.69,Approved,Burglary,batch_002,2026-08-02T17:58:20
CLM007179,POL03281,2024-06-24,12754.73,Approved,Windshield damage,batch_002,2026-08-02T17:58:20
CLM007180,POL01768,2023-08-17,24078.48,Denied,Emergency room visit,batch_002,2026-08-02T17:58:20
CLM007181,POL03513,2026-04-21,11375.25,Denied,Fire damage,batch_002,2026-08-02T17:58:20
CLM007182,POL00992,2023-03-30,16455.87,Pending,Roof damage from storm,batch_002,2026-08-02T17:58:20
CLM007183,POL00092,2023-06-14,7710.18,Pending,Fire damage,batch_002,2026-08-02T17:58:20
CLM007184,POL01399,2024-06-07,18400.88,Denied,Water damage,batch_002,2026-08-02T17:58:20
CLM007185,POL05053,2026-07-06,13177.74,Pending,Death benefit claim,batch_002,2026-08-02T17:58:20
CLM007186,POL00503,2024-10-10,10353.69,Approved,Emergency room visit,batch_002,2026-08-02T17:58:20
CLM007187,POL01923,2023-04-10,7885.51,Approved,Death benefit claim,batch_002,2026-08-02T17:58:20
CLM007188,POL04459,2024-08-29,2586.96,Denied,Roof damage from storm,batch_002,2026-08-02T17:58:20
CLM007189,POL02200,2023-11-13,4288.08,Pending,Theft of vehicle,batch_002,2026-08-02T17:58:20
CLM007190,POL01273,2024-11-20,16768.11,Pending,Vehicle collision,batch_002,2026-08-02T17:58:20
CLM007191,POL01289,2024-11-08,17358.87,Approved,Roof damage from storm,batch_002,2026-08-02T17:58:20
CLM007192,POL00060,2025-09-25,17472.90,Denied,Prescription claim,batch_002,2026-08-02T17:58:20
CLM007193,POL03370,2025-12-01,8840.83,Approved,Water damage,batch_002,2026-08-02T17:58:20
CLM007194,POL04217,2024-12-15,10702.34,Approved,Theft of vehicle,batch_002,2026-08-02T17:58:20
CLM007195,POL03413,2023-08-09,24743.37,Approved,Vandalism damage,batch_002,2026-08-02T17:58:20
CLM007196,POL04719,2024-01-23,7196.68,Denied,Burglary,batch_002,2026-08-02T17:58:20
CLM007197,POL02880,2026-06-30,4890.90,Pending,Fallen tree damage,batch_002,2026-08-02T17:58:20
CLM007198,POL00533,2024-12-29,22441.65,Denied,Vehicle collision,batch_002,2026-08-02T17:58:20
CLM007199,POL02621,2025-01-11,7845.05,Pending,Fire damage,batch_002,2026-08-02T17:58:20
CLM007200,POL02459,2025-04-06,20985.39,Approved,Vandalism damage,batch_002,2026-08-02T17:58:20
CLM007201,POL00458,2025-12-30,12763.41,Approved,Burglary,batch_002,2026-08-02T17:58:20
CLM007202,POL00624,2026-03-13,16718.19,Approved,Water damage,batch_002,2026-08-02T17:58:20
CLM007203,POL01636,2023-09-14,8025.82,Denied,Fallen tree damage,batch_002,2026-08-02T17:58:20
CLM007204,POL02189,2024-04-28,4612.84,Pending,Vandalism damage,batch_002,2026-08-02T17:58:20
CLM007205,POL01438,2024-05-27,977.29,Approved,Fire damage,batch_002,2026-08-02T17:58:20
CLM007206,POL03935,2023-04-24,17807.01,Denied,Fallen tree damage,batch_002,2026-08-02T17:58:20
CLM007207,POL03469,2024-12-25,15038.71,Approved,Hospital stay,batch_002,2026-08-02T17:58:20
CLM007208,POL02843,2025-01-05,5919.82,Pending,Hit and run,batch_002,2026-08-02T17:58:20
CLM007209,POL00765,2026-06-09,14260.16,Approved,Water damage,batch_002,2026-08-02T17:58:20
CLM007210,POL04439,2023-06-11,15259.86,Approved,Fallen tree damage,batch_002,2026-08-02T17:58:20
CLM007211,POL01889,2025-08-13,19607.70,Denied,Fire damage,batch_002,2026-08-02T17:58:20
CLM007212,POL02298,2025-08-06,16377.25,Approved,Terminal illness claim,batch_002,2026-08-02T17:58:20
CLM007213,POL00019,2023-09-24,9525.81,Pending,Fire damage,batch_002,2026-08-02T17:58:20
CLM007214,POL04198,2026-04-28,18642.53,Denied,Terminal illness claim,batch_002,2026-08-02T17:58:20
CLM007215,POL01568,2023-06-09,20168.24,Pending,Fallen tree damage,batch_002,2026-08-02T17:58:20
CLM007216,POL04414,2024-02-26,15152.25,Approved,Terminal illness claim,batch_002,2026-08-02T17:58:20
CLM007217,POL01710,2023-04-01,9336.08,Pending,Accidental death claim,batch_002,2026-08-02T17:58:20
CLM007218,POL03124,2025-08-16,10960.88,Pending,Terminal illness claim,batch_002,2026-08-02T17:58:20
CLM007219,POL00306,2024-03-28,12742.49,Denied,Terminal illness claim,batch_002,2026-08-02T17:58:20
CLM007220,POL01440,2026-03-31,7178.54,Pending,Vandalism damage,batch_002,2026-08-02T17:58:20
CLM007221,POL01447,2023-04-23,23600.04,Approved,Fallen tree damage,batch_002,2026-08-02T17:58:20
CLM007222,POL02702,2025-07-15,8653.78,Denied,Roof damage from storm,batch_002,2026-08-02T17:58:20
CLM007223,POL01673,2025-11-11,8566.64,Approved,Hospital stay,batch_002,2026-08-02T17:58:20
CLM007224,POL02846,2023-06-19,24354.62,Pending,Accidental death claim,batch_002,2026-08-02T17:58:20
CLM007225,POL04285,2023-02-21,24718.54,Pending,Surgery reimbursement,batch_002,2026-08-02T17:58:20
CLM007226,POL03929,2025-01-01,21103.85,Approved,Fire damage,batch_002,2026-08-02T17:58:20
CLM007227,POL04664,2025-07-18,10730.31,Pending,Prescription claim,batch_002,2026-08-02T17:58:20
CLM007228,POL02322,2025-05-04,8236.30,Denied,Fallen tree damage,batch_002,2026-08-02T17:58:20
CLM007229,POL00788,2023-10-26,21003.72,Denied,Hit and run,batch_002,2026-08-02T17:58:20
CLM007230,POL02689,2025-10-17,1215.56,Denied,Vehicle collision,batch_002,2026-08-02T17:58:20
CLM007231,POL04502,2024-11-07,13123.54,Approved,Water damage,batch_002,2026-08-02T17:58:20
CLM007232,POL04849,2025-12-24,19974.43,Denied,Roof damage from storm,batch_002,2026-08-02T17:58:20
CLM007233,POL01118,2026-06-18,13806.92,Denied,Fire damage,batch_002,2026-08-02T17:58:20
CLM007234,POL02251,2024-12-02,24650.28,Pending,Fallen tree damage,batch_002,2026-08-02T17:58:20
CLM007235,POL03293,2025-12-09,16707.35,Pending,Prescription claim,batch_002,2026-08-02T17:58:20
CLM007236,POL03521,2025-11-09,11304.35,Pending,Hospital stay,batch_002,2026-08-02T17:58:20
CLM007237,POL04747,2023-08-29,6529.53,Approved,Hit and run,batch_002,2026-08-02T17:58:20
CLM007238,POL00873,2024-06-18,11493.64,Pending,Water damage,batch_002,2026-08-02T17:58:20
CLM007239,POL03550,2026-01-12,14647.63,Approved,Theft of vehicle,batch_002,2026-08-02T17:58:20
CLM007240,POL05090,2026-06-29,11063.84,Approved,Medical procedure,batch_002,2026-08-02T17:58:20
CLM007241,POL00216,2024-12-27,24088.01,Approved,Hospital stay,batch_002,2026-08-02T17:58:20
CLM007242,POL02136,2025-01-30,19923.33,Pending,Burglary,batch_002,2026-08-02T17:58:20
CLM007243,POL00841,2023-11-10,8484.39,Denied,Roof damage from storm,batch_002,2026-08-02T17:58:20
CLM007244,POL03432,2024-03-18,10860.16,Denied,Medical procedure,batch_002,2026-08-02T17:58:20
CLM007245,POL02775,2023-07-11,13616.21,Pending,Prescription claim,batch_002,2026-08-02T17:58:20
CLM007246,POL00164,2024-10-08,17187.00,Denied,Hit and run,batch_002,2026-08-02T17:58:20
CLM007247,POL02397,2023-09-17,6592.91,Pending,Windshield damage,batch_002,2026-08-02T17:58:20
CLM007248,POL01675,2025-01-07,7173.76,Approved,Terminal illness claim,batch_002,2026-08-02T17:58:20
CLM007249,POL05003,2025-03-04,22201.04,Denied,Fallen tree damage,batch_002,2026-08-02T17:58:20
CLM007250,POL04237,2023-05-08,564.30,Denied,Surgery reimbursement,batch_002,2026-08-02T17:58:20
CLM007251,POL00137,2026-03-30,16178.25,Denied,Burglary,batch_002,2026-08-02T17:58:20
CLM007252,POL04724,2025-11-06,19795.60,Approved,Prescription claim,batch_002,2026-08-02T17:58:20
CLM007253,POL02812,2024-04-13,7840.58,Approved,Theft of vehicle,batch_002,2026-08-02T17:58:20
CLM007254,POL01458,2026-01-02,19905.58,Denied,Water damage,batch_002,2026-08-02T17:58:20
CLM007255,POL03864,2023-02-01,13472.78,Approved,Roof damage from storm,batch_002,2026-08-02T17:58:20
CLM007256,POL03652,2026-02-25,3196.85,Approved,Death benefit claim,batch_002,2026-08-02T17:58:20
CLM007257,POL02707,2023-07-16,24510.41,Pending,Death benefit claim,batch_002,2026-08-02T17:58:20
CLM007258,POL04415,2023-05-09,21795.20,Denied,Prescription claim,batch_002,2026-08-02T17:58:20
CLM007259,POL01413,2025-03-27,18913.69,Denied,Fallen tree damage,batch_002,2026-08-02T17:58:20
CLM007260,POL00585,2024-05-17,15766.71,Approved,Fallen tree damage,batch_002,2026-08-02T17:58:20
CLM007261,POL02356,2026-02-09,14366.96,Pending,Burglary,batch_002,2026-08-02T17:58:20
CLM007262,POL04582,2024-01-28,21717.49,Pending,Burglary,batch_002,2026-08-02T17:58:20
CLM007263,POL01605,2024-11-20,8144.60,Denied,Emergency room visit,batch_002,2026-08-02T17:58:20
CLM007264,POL00156,2026-07-30,18030.25,Approved,Water damage,batch_002,2026-08-02T17:58:20
CLM007265,POL00651,2024-11-30,21268.83,Approved,Burglary,batch_002,2026-08-02T17:58:20
CLM007266,POL04500,2023-09-18,14494.83,Pending,Surgery reimbursement,batch_002,2026-08-02T17:58:20
CLM007267,POL00689,2023-02-24,16248.20,Approved,Theft of vehicle,batch_002,2026-08-02T17:58:20
CLM007268,POL04127,2024-09-24,21505.39,Approved,Accidental death claim,batch_002,2026-08-02T17:58:20
CLM007269,POL04012,2025-05-03,11545.69,Pending,Terminal illness claim,batch_002,2026-08-02T17:58:20
CLM007270,POL03890,2023-12-12,1314.44,Approved,Burglary,batch_002,2026-08-02T17:58:20
CLM007271,POL02684,2025-09-10,10432.35,Approved,Fire damage,batch_002,2026-08-02T17:58:20
CLM007272,POL03461,2024-08-03,5469.24,Denied,Roof damage from storm,batch_002,2026-08-02T17:58:20
CLM007273,POL01731,2025-02-27,15758.81,Denied,Burglary,batch_002,2026-08-02T17:58:20
CLM007274,POL04168,2025-07-02,19543.99,Denied,Windshield damage,batch_002,2026-08-02T17:58:20
CLM007275,POL01906,2024-11-12,2713.29,Approved,Emergency room visit,batch_002,2026-08-02T17:58:20
CLM007276,POL01608,2023-06-04,9332.52,Pending,Hit and run,batch_002,2026-08-02T17:58:20
CLM007277,POL00728,2024-06-30,11971.77,Pending,Vehicle collision,batch_002,2026-08-02T17:58:20
CLM007278,POL03675,2025-10-23,22081.60,Approved,Prescription claim,batch_002,2026-08-02T17:58:20
CLM007279,POL02470,2024-11-11,7070.52,Denied,Hit and run,batch_002,2026-08-02T17:58:20
CLM007280,POL03782,2024-04-27,22164.93,Approved,Prescription claim,batch_002,2026-08-02T17:58:20
CLM007281,POL01114,2024-01-21,9764.29,Denied,Terminal illness claim,batch_002,2026-08-02T17:58:20
CLM007282,POL04409,2025-03-03,7897.73,Approved,Hospital stay,batch_002,2026-08-02T17:58:20
CLM007283,POL05032,2023-09-27,22553.05,Pending,Accidental death claim,batch_002,2026-08-02T17:58:20
CLM007284,POL04001,2024-06-08,20361.56,Denied,Burglary,batch_002,2026-08-02T17:58:20
CLM007285,POL03067,2023-12-21,15370.57,Pending,Theft of vehicle,batch_002,2026-08-02T17:58:20
CLM007286,POL01962,2025-06-19,23529.63,Pending,Accidental death claim,batch_002,2026-08-02T17:58:20
CLM007287,POL02739,2025-09-24,3544.60,Denied,Fire damage,batch_002,2026-08-02T17:58:20
CLM007288,POL03655,2023-09-07,18772.62,Denied,Vehicle collision,batch_002,2026-08-02T17:58:20
CLM007289,POL01967,2025-08-18,11957.34,Denied,Burglary,batch_002,2026-08-02T17:58:20
CLM007290,POL04568,2025-09-14,11935.46,Approved,Surgery reimbursement,batch_002,2026-08-02T17:58:20
CLM007291,POL01232,2024-03-26,660.93,Denied,Prescription claim,batch_002,2026-08-02T17:58:20
CLM007292,POL03828,2024-05-21,8931.82,Denied,Fallen tree damage,batch_002,2026-08-02T17:58:20
CLM007293,POL03647,2025-01-09,8833.23,Denied,Water damage,batch_002,2026-08-02T17:58:20
CLM007294,POL00623,2023-05-10,18884.09,Approved,Fire damage,batch_002,2026-08-02T17:58:20
CLM007295,POL00487,2025-08-20,15587.56,Approved,Vehicle collision,batch_002,2026-08-02T17:58:20
CLM007296,POL00382,2025-10-21,14317.29,Denied,Accidental death claim,batch_002,2026-08-02T17:58:20
CLM007297,POL00275,2024-11-24,19928.09,Denied,Burglary,batch_002,2026-08-02T17:58:20
CLM007298,POL02926,2024-12-20,18176.72,Approved,Fire damage,batch_002,2026-08-02T17:58:20
CLM007299,POL02380,2023-05-24,8650.79,Pending,Surgery reimbursement,batch_002,2026-08-02T17:58:20
CLM007300,POL03463,2024-03-09,9199.88,Denied,Death benefit claim,batch_002,2026-08-02T17:58:20
CLM007301,POL01641,2023-12-30,21636.49,Approved,Burglary,batch_002,2026-08-02T17:58:20
CLM007302,POL03522,2023-07-22,15819.32,Pending,Vehicle collision,batch_002,2026-08-02T17:58:20
CLM007303,POL00302,2023-05-25,11713.73,Pending,Vehicle collision,batch_002,2026-08-02T17:58:20
CLM007304,POL00575,2025-10-09,1592.26,Approved,Terminal illness claim,batch_002,2026-08-02T17:58:20
CLM007305,POL04792,2026-06-16,24741.04,Pending,Theft of vehicle,batch_002,2026-08-02T17:58:20
CLM007306,POL03453,2024-02-22,2037.14,Pending,Vandalism damage,batch_002,2026-08-02T17:58:20
CLM007307,POL04112,2024-06-13,14235.65,Pending,Burglary,batch_002,2026-08-02T17:58:20
CLM007308,POL02576,2023-09-25,24841.10,Approved,Fallen tree damage,batch_002,2026-08-02T17:58:20
CLM007309,POL00834,2025-07-13,17102.90,Denied,Fallen tree damage,batch_002,2026-08-02T17:58:20
CLM007310,POL01762,2025-03-24,18747.01,Denied,Terminal illness claim,batch_002,2026-08-02T17:58:20
CLM007311,POL03292,2025-10-19,10716.99,Denied,Theft of vehicle,batch_002,2026-08-02T17:58:20
CLM007312,POL03854,2024-01-26,11272.06,Approved,Accidental death claim,batch_002,2026-08-02T17:58:20
CLM007313,POL03346,2023-08-06,12826.93,Pending,Vehicle collision,batch_002,2026-08-02T17:58:20
CLM007314,POL02300,2024-11-25,18041.63,Pending,Fallen tree damage,batch_002,2026-08-02T17:58:20
CLM007315,POL03372,2023-10-07,10057.39,Pending,Hit and run,batch_002,2026-08-02T17:58:20
CLM007316,POL04486,2026-07-02,22147.41,Pending,Accidental death claim,batch_002,2026-08-02T17:58:20
CLM007317,POL00130,2026-02-08,18535.31,Pending,Death benefit claim,batch_002,2026-08-02T17:58:20
CLM007318,POL03022,2023-12-13,10162.49,Pending,Accidental death claim,batch_002,2026-08-02T17:58:20
CLM007319,POL03072,2024-12-29,517.72,Pending,Accidental death claim,batch_002,2026-08-02T17:58:20
CLM007320,POL00556,2025-07-25,6978.04,Approved,Accidental death claim,batch_002,2026-08-02T17:58:20
CLM007321,POL01907,2023-10-10,17322.22,Approved,Accidental death claim,batch_002,2026-08-02T17:58:20
CLM007322,POL01479,2023-03-05,17638.85,Denied,Burglary,batch_002,2026-08-02T17:58:20
CLM007323,POL02342,2024-01-07,21398.60,Denied,Surgery reimbursement,batch_002,2026-08-02T17:58:20
CLM007324,POL03942,2025-10-16,17042.19,Pending,Fallen tree damage,batch_002,2026-08-02T17:58:20
CLM007325,POL03460,2026-05-19,4450.91,Approved,Vehicle collision,batch_002,2026-08-02T17:58:20
CLM007326,POL02076,2024-11-27,1464.40,Approved,Windshield damage,batch_002,2026-08-02T17:58:20
CLM007327,POL00723,2023-09-03,13345.16,Denied,Medical procedure,batch_002,2026-08-02T17:58:20
CLM007328,POL02526,2026-01-13,12165.38,Denied,Fire damage,batch_002,2026-08-02T17:58:20
CLM007329,POL01747,2024-11-26,13838.91,Approved,Terminal illness claim,batch_002,2026-08-02T17:58:20
CLM007330,POL03718,2026-04-18,18357.49,Pending,Roof damage from storm,batch_002,2026-08-02T17:58:20
CLM007331,POL01374,2024-06-20,6602.64,Denied,Terminal illness claim,batch_002,2026-08-02T17:58:20
CLM007332,POL01051,2024-12-10,166.30,Denied,Hospital stay,batch_002,2026-08-02T17:58:20
CLM007333,POL02151,2024-06-06,7122.45,Approved,Accidental death claim,batch_002,2026-08-02T17:58:20
CLM007334,POL01364,2024-05-25,22916.47,Approved,Hospital stay,batch_002,2026-08-02T17:58:20
CLM007335,POL03940,2024-10-18,16163.98,Denied,Death benefit claim,batch_002,2026-08-02T17:58:20
CLM007336,POL04402,2023-02-06,17522.07,Denied,Hit and run,batch_002,2026-08-02T17:58:20
CLM007337,POL02541,2024-10-02,23149.21,Denied,Terminal illness claim,batch_002,2026-08-02T17:58:20
CLM007338,POL02478,2025-11-03,2478.25,Approved,Death benefit claim,batch_002,2026-08-02T17:58:20
CLM007339,POL03003,2024-12-07,2001.24,Pending,Fire damage,batch_002,2026-08-02T17:58:20
CLM007340,POL00071,2023-06-24,8948.00,Denied,Fire damage,batch_002,2026-08-02T17:58:20
CLM007341,POL02192,2025-06-15,22527.48,Denied,Terminal illness claim,batch_002,2026-08-02T17:58:20
CLM007342,POL04379,2026-06-07,20386.40,Denied,Emergency room visit,batch_002,2026-08-02T17:58:20
CLM007343,POL05096,2024-01-29,23398.06,Pending,Surgery reimbursement,batch_002,2026-08-02T17:58:20
CLM007344,POL01375,2024-09-26,17374.78,Denied,Accidental death claim,batch_002,2026-08-02T17:58:20
CLM007345,POL04935,2024-03-18,8263.92,Pending,Vandalism damage,batch_002,2026-08-02T17:58:20
CLM007346,POL00475,2024-03-31,20240.26,Pending,Surgery reimbursement,batch_002,2026-08-02T17:58:20
CLM007347,POL00623,2023-06-17,24281.03,Pending,Burglary,batch_002,2026-08-02T17:58:20
CLM007348,POL02706,2024-09-28,9089.05,Pending,Vehicle collision,batch_002,2026-08-02T17:58:20
CLM007349,POL03087,2023-04-04,8694.53,Pending,Windshield damage,batch_002,2026-08-02T17:58:20
CLM007350,POL01763,2024-01-24,13497.12,Approved,Accidental death claim,batch_002,2026-08-02T17:58:20
CLM007351,POL01806,2023-08-23,7845.12,Pending,Medical procedure,batch_002,2026-08-02T17:58:20
CLM007352,POL04488,2026-03-24,22299.06,Approved,Medical procedure,batch_002,2026-08-02T17:58:20
CLM007353,POL01607,2025-12-16,24016.88,Approved,Theft of vehicle,batch_002,2026-08-02T17:58:20
CLM007354,POL03156,2023-06-12,6551.98,Pending,Accidental death claim,batch_002,2026-08-02T17:58:20
CLM007355,POL01418,2025-10-06,7862.74,Approved,Death benefit claim,batch_002,2026-08-02T17:58:20
CLM007356,POL04983,2024-01-06,21919.91,Pending,Hit and run,batch_002,2026-08-02T17:58:20
CLM007357,POL01984,2023-07-17,21026.37,Pending,Medical procedure,batch_002,2026-08-02T17:58:20
CLM007358,POL01421,2023-07-14,12923.76,Approved,Hit and run,batch_002,2026-08-02T17:58:20
CLM007359,POL01583,2024-06-15,7450.28,Approved,Surgery reimbursement,batch_002,2026-08-02T17:58:20
CLM007360,POL03290,2025-11-19,2294.21,Approved,Vehicle collision,batch_002,2026-08-02T17:58:20
CLM007361,POL02723,2025-01-25,22078.08,Denied,Surgery reimbursement,batch_002,2026-08-02T17:58:20
CLM007362,POL01604,2025-11-30,21239.47,Approved,Surgery reimbursement,batch_002,2026-08-02T17:58:20
CLM007363,POL01831,2024-12-06,1070.89,Approved,Roof damage from storm,batch_002,2026-08-02T17:58:20
CLM007364,POL02432,2023-07-28,11299.53,Pending,Vehicle collision,batch_002,2026-08-02T17:58:20
CLM007365,POL00818,2024-09-24,22353.21,Pending,Accidental death claim,batch_002,2026-08-02T17:58:20
CLM007366,POL03337,2024-03-06,9078.01,Pending,Surgery reimbursement,batch_002,2026-08-02T17:58:20
CLM007367,POL02563,2026-07-29,8062.19,Denied,Prescription claim,batch_002,2026-08-02T17:58:20
CLM007368,POL01945,2024-10-13,18757.88,Denied,Terminal illness claim,batch_002,2026-08-02T17:58:20
CLM007369,POL02487,2023-06-30,19598.83,Pending,Death benefit claim,batch_002,2026-08-02T17:58:20
CLM007370,POL04896,2026-01-07,14816.20,Approved,Terminal illness claim,batch_002,2026-08-02T17:58:20
CLM007371,POL05029,2024-08-14,21456.41,Pending,Terminal illness claim,batch_002,2026-08-02T17:58:20
CLM007372,POL02796,2024-04-22,3902.25,Denied,Terminal illness claim,batch_002,2026-08-02T17:58:20
CLM007373,POL00673,2023-11-18,23379.90,Pending,Medical procedure,batch_002,2026-08-02T17:58:20
CLM007374,POL00188,2024-11-25,10541.84,Approved,Accidental death claim,batch_002,2026-08-02T17:58:20
CLM007375,POL03133,2023-02-16,9575.33,Pending,Vehicle collision,batch_002,2026-08-02T17:58:20
CLM007376,POL00142,2026-03-09,1565.95,Pending,Fallen tree damage,batch_002,2026-08-02T17:58:20
CLM007377,POL01085,2025-01-07,4084.93,Denied,Death benefit claim,batch_002,2026-08-02T17:58:20
CLM007378,POL01012,2025-11-16,10172.00,Approved,Terminal illness claim,batch_002,2026-08-02T17:58:20
CLM007379,POL04125,2025-06-19,23133.88,Approved,Water damage,batch_002,2026-08-02T17:58:20
CLM007380,POL04090,2023-10-17,8960.41,Pending,Terminal illness claim,batch_002,2026-08-02T17:58:20
CLM007381,POL01397,2023-02-14,19575.88,Pending,Accidental death claim,batch_002,2026-08-02T17:58:20
CLM007382,POL03125,2024-02-18,23869.63,Approved,Hospital stay,batch_002,2026-08-02T17:58:20
CLM007383,POL01586,2023-09-14,15822.54,Denied,Vandalism damage,batch_002,2026-08-02T17:58:20
CLM007384,POL00708,2025-07-31,18669.31,Approved,Terminal illness claim,batch_002,2026-08-02T17:58:20
CLM007385,POL04659,2026-06-14,5836.82,Pending,Accidental death claim,batch_002,2026-08-02T17:58:20
CLM007386,POL02882,2023-10-17,12357.69,Approved,Fallen tree damage,batch_002,2026-08-02T17:58:20
CLM007387,POL03735,2024-01-11,1323.99,Approved,Windshield damage,batch_002,2026-08-02T17:58:20
CLM007388,POL01195,2025-03-17,859.59,Pending,Accidental death claim,batch_002,2026-08-02T17:58:20
CLM007389,POL03796,2023-05-23,14015.53,Pending,Hit and run,batch_002,2026-08-02T17:58:20
CLM007390,POL01056,2023-10-22,6426.81,Approved,Vandalism damage,batch_002,2026-08-02T17:58:20
CLM007391,POL03794,2023-12-11,23487.96,Approved,Vandalism damage,batch_002,2026-08-02T17:58:20
CLM007392,POL02865,2025-05-23,2300.47,Denied,Windshield damage,batch_002,2026-08-02T17:58:20
CLM007393,POL00367,2025-03-30,8346.45,Pending,Vehicle collision,batch_002,2026-08-02T17:58:20
CLM007394,POL01208,2023-02-19,23698.36,Denied,Vehicle collision,batch_002,2026-08-02T17:58:20
CLM007395,POL03114,2024-05-04,1193.55,Pending,Vehicle collision,batch_002,2026-08-02T17:58:20
CLM007396,POL01422,2023-06-14,6627.47,Denied,Roof damage from storm,batch_002,2026-08-02T17:58:20
CLM007397,POL02462,2026-07-29,22171.58,Denied,Burglary,batch_002,2026-08-02T17:58:20
CLM007398,POL03270,2026-02-11,17345.49,Pending,Theft of vehicle,batch_002,2026-08-02T17:58:20
CLM007399,POL00342,2026-02-05,17978.63,Approved,Surgery reimbursement,batch_002,2026-08-02T17:58:20
CLM007400,POL00684,2026-04-03,15900.65,Pending,Fallen tree damage,batch_002,2026-08-02T17:58:20
CLM007401,POL04138,2026-07-07,8329.00,Denied,Theft of vehicle,batch_002,2026-08-02T17:58:20
CLM007402,POL01674,2023-07-21,2434.83,Denied,Theft of vehicle,batch_002,2026-08-02T17:58:20
CLM007403,POL02904,2026-07-21,10842.24,Approved,Death benefit claim,batch_002,2026-08-02T17:58:20
CLM007404,POL04218,2025-06-22,14015.71,Pending,Hospital stay,batch_002,2026-08-02T17:58:20
CLM007405,POL04182,2023-04-08,18227.33,Denied,Theft of vehicle,batch_002,2026-08-02T17:58:20
CLM007406,POL03487,2026-03-14,17461.70,Pending,Fallen tree damage,batch_002,2026-08-02T17:58:20
CLM007407,POL01947,2025-02-02,1944.32,Denied,Accidental death claim,batch_002,2026-08-02T17:58:20
CLM007408,POL00430,2024-11-27,10475.59,Approved,Emergency room visit,batch_002,2026-08-02T17:58:20
CLM007409,POL04847,2024-12-28,673.45,Approved,Medical procedure,batch_002,2026-08-02T17:58:20
CLM007410,POL01586,2023-03-10,9616.55,Denied,Hit and run,batch_002,2026-08-02T17:58:20
CLM007411,POL04827,2024-06-02,6999.65,Denied,Medical procedure,batch_002,2026-08-02T17:58:20
CLM007412,POL04731,2026-06-07,15423.43,Approved,Hospital stay,batch_002,2026-08-02T17:58:20
CLM007413,POL00137,2025-11-05,5262.13,Approved,Roof damage from storm,batch_002,2026-08-02T17:58:20
CLM007414,POL04269,2023-11-30,14712.90,Denied,Emergency room visit,batch_002,2026-08-02T17:58:20
CLM007415,POL04589,2025-07-23,4295.36,Pending,Accidental death claim,batch_002,2026-08-02T17:58:20
CLM007416,POL02375,2025-12-29,7770.19,Pending,Water damage,batch_002,2026-08-02T17:58:20
CLM007417,POL02127,2024-02-20,11544.08,Pending,Accidental death claim,batch_002,2026-08-02T17:58:20
CLM007418,POL00392,2023-04-29,5910.63,Denied,Death benefit claim,batch_002,2026-08-02T17:58:20
CLM007419,POL04595,2023-12-22,6060.28,Denied,Death benefit claim,batch_002,2026-08-02T17:58:20
CLM007420,POL03350,2026-07-20,11908.38,Pending,Death benefit claim,batch_002,2026-08-02T17:58:20
CLM007421,POL04624,2025-07-27,8351.39,Approved,Death benefit claim,batch_002,2026-08-02T17:58:20
CLM007422,POL03227,2023-12-29,12386.27,Pending,Surgery reimbursement,batch_002,2026-08-02T17:58:20
CLM007423,POL04183,2023-03-20,10159.90,Pending,Accidental death claim,batch_002,2026-08-02T17:58:20
CLM007424,POL03391,2025-07-07,20884.36,Denied,Terminal illness claim,batch_002,2026-08-02T17:58:20
CLM007425,POL01223,2024-11-24,14865.73,Approved,Surgery reimbursement,batch_002,2026-08-02T17:58:20
CLM007426,POL04382,2026-06-28,16622.39,Approved,Accidental death claim,batch_002,2026-08-02T17:58:20
CLM007427,POL01350,2026-04-27,17950.91,Approved,Water damage,batch_002,2026-08-02T17:58:20
CLM007428,POL04317,2025-07-22,5536.51,Approved,Theft of vehicle,batch_002,2026-08-02T17:58:20
CLM007429,POL01718,2025-07-30,1139.19,Pending,Vandalism damage,batch_002,2026-08-02T17:58:20
CLM007430,POL02809,2024-07-24,10734.64,Pending,Theft of vehicle,batch_002,2026-08-02T17:58:20
CLM007431,POL03461,2024-07-12,12175.47,Denied,Burglary,batch_002,2026-08-02T17:58:20
CLM007432,POL04116,2024-03-10,559.96,Denied,Surgery reimbursement,batch_002,2026-08-02T17:58:20
CLM007433,POL02654,2026-03-15,20062.58,Approved,Terminal illness claim,batch_002,2026-08-02T17:58:20
CLM007434,POL02203,2024-09-03,18378.24,Pending,Theft of vehicle,batch_002,2026-08-02T17:58:20
CLM007435,POL04710,2025-02-14,11926.10,Approved,Water damage,batch_002,2026-08-02T17:58:20
CLM007436,POL01893,2025-03-31,8999.61,Approved,Medical procedure,batch_002,2026-08-02T17:58:20
CLM007437,POL03913,2024-05-10,8127.19,Denied,Accidental death claim,batch_002,2026-08-02T17:58:20
CLM007438,POL02702,2026-07-21,15032.54,Approved,Fallen tree damage,batch_002,2026-08-02T17:58:20
CLM007439,POL04003,2023-05-21,13482.48,Denied,Terminal illness claim,batch_002,2026-08-02T17:58:20
CLM007440,POL00713,2026-05-29,24177.50,Approved,Surgery reimbursement,batch_002,2026-08-02T17:58:20
CLM007441,POL04314,2024-12-25,9705.72,Approved,Prescription claim,batch_002,2026-08-02T17:58:20
CLM007442,POL03636,2024-12-16,8148.44,Approved,Vehicle collision,batch_002,2026-08-02T17:58:20
CLM007443,POL05056,2025-07-04,15508.58,Denied,Roof damage from storm,batch_002,2026-08-02T17:58:20
CLM007444,POL02742,2025-08-26,5678.09,Pending,Terminal illness claim,batch_002,2026-08-02T17:58:20
CLM007445,POL02914,2023-09-16,19699.55,Approved,Roof damage from storm,batch_002,2026-08-02T17:58:20
CLM007446,POL03571,2023-11-09,7835.94,Approved,Accidental death claim,batch_002,2026-08-02T17:58:20
CLM007447,POL03304,2025-08-07,11070.93,Pending,Terminal illness claim,batch_002,2026-08-02T17:58:20
CLM007448,POL01947,2023-07-28,22846.52,Approved,Accidental death claim,batch_002,2026-08-02T17:58:20
CLM007449,POL01693,2024-01-22,8838.96,Pending,Emergency room visit,batch_002,2026-08-02T17:58:20
CLM007450,POL00500,2025-01-26,20893.25,Denied,Fire damage,batch_002,2026-08-02T17:58:20
CLM007451,POL00309,2025-08-12,2237.95,Pending,Terminal illness claim,batch_002,2026-08-02T17:58:20
CLM007452,POL04716,2025-07-16,11937.46,Pending,Death benefit claim,batch_002,2026-08-02T17:58:20
CLM007453,POL01414,2024-04-21,23056.92,Approved,Death benefit claim,batch_002,2026-08-02T17:58:20
CLM007454,POL04296,2024-10-11,7091.03,Pending,Fire damage,batch_002,2026-08-02T17:58:20
CLM007455,POL02502,2025-01-22,19330.11,Pending,Fire damage,batch_002,2026-08-02T17:58:20
CLM007456,POL03929,2023-04-24,10314.22,Approved,Fallen tree damage,batch_002,2026-08-02T17:58:20
CLM007457,POL04260,2026-02-23,19180.68,Denied,Water damage,batch_002,2026-08-02T17:58:20
CLM007458,POL00679,2026-01-08,20131.16,Pending,Water damage,batch_002,2026-08-02T17:58:20
CLM007459,POL02250,2023-07-28,19861.48,Approved,Roof damage from storm,batch_002,2026-08-02T17:58:20
CLM007460,POL04535,2024-02-13,224.70,Denied,Windshield damage,batch_002,2026-08-02T17:58:20
CLM007461,POL03594,2025-09-27,18719.00,Denied,Vandalism damage,batch_002,2026-08-02T17:58:20
CLM007462,POL03270,2024-01-06,10066.10,Pending,Hit and run,batch_002,2026-08-02T17:58:20
CLM007463,POL00855,2023-05-03,8224.77,Denied,Prescription claim,batch_002,2026-08-02T17:58:20
CLM007464,POL00130,2025-04-21,8691.75,Pending,Death benefit claim,batch_002,2026-08-02T17:58:20
CLM007465,POL03220,2024-01-13,1118.48,Denied,Burglary,batch_002,2026-08-02T17:58:20
CLM007466,POL02190,2023-04-18,15861.50,Approved,Terminal illness claim,batch_002,2026-08-02T17:58:20
CLM007467,POL01115,2024-12-18,1297.14,Denied,Accidental death claim,batch_002,2026-08-02T17:58:20
CLM007468,POL01690,2025-12-10,9937.68,Pending,Theft of vehicle,batch_002,2026-08-02T17:58:20
CLM007469,POL04698,2026-05-04,1667.87,Pending,Windshield damage,batch_002,2026-08-02T17:58:20
CLM007470,POL04348,2023-11-18,20543.19,Denied,Terminal illness claim,batch_002,2026-08-02T17:58:20
CLM007471,POL03641,2024-11-11,18498.26,Pending,Fire damage,batch_002,2026-08-02T17:58:20
CLM007472,POL04107,2025-11-04,9174.33,Approved,Emergency room visit,batch_002,2026-08-02T17:58:20
CLM007473,POL00701,2025-07-16,21999.03,Denied,Theft of vehicle,batch_002,2026-08-02T17:58:20
CLM007474,POL01782,2025-04-13,13971.36,Approved,Hit and run,batch_002,2026-08-02T17:58:20
CLM007475,POL03720,2026-02-02,8570.58,Denied,Accidental death claim,batch_002,2026-08-02T17:58:20
CLM007476,POL01137,2025-05-03,2324.59,Approved,Hit and run,batch_002,2026-08-02T17:58:20
CLM007477,POL01495,2023-04-15,6569.56,Pending,Theft of vehicle,batch_002,2026-08-02T17:58:20
CLM007478,POL03258,2024-08-04,11994.54,Pending,Theft of vehicle,batch_002,2026-08-02T17:58:20
CLM007479,POL02364,2026-03-21,18734.87,Approved,Hit and run,batch_002,2026-08-02T17:58:20
CLM007480,POL04598,2024-08-12,15276.81,Approved,Terminal illness claim,batch_002,2026-08-02T17:58:20
CLM007481,POL02814,2023-07-09,16690.96,Pending,Vandalism damage,batch_002,2026-08-02T17:58:20
CLM007482,POL00820,2025-11-28,15218.03,Approved,Terminal illness claim,batch_002,2026-08-02T17:58:20
CLM007483,POL03959,2024-04-03,9428.64,Approved,Windshield damage,batch_002,2026-08-02T17:58:20
CLM007484,POL04691,2025-08-18,16971.90,Denied,Roof damage from storm,batch_002,2026-08-02T17:58:20
CLM007485,POL00787,2025-03-18,19857.29,Pending,Fire damage,batch_002,2026-08-02T17:58:20
CLM007486,POL02778,2023-06-08,16837.39,Denied,Terminal illness claim,batch_002,2026-08-02T17:58:20
CLM007487,POL05079,2023-11-10,13583.29,Pending,Fire damage,batch_002,2026-08-02T17:58:20
CLM007488,POL04239,2023-02-16,8474.97,Pending,Burglary,batch_002,2026-08-02T17:58:20
CLM007489,POL02230,2025-01-10,11055.37,Denied,Theft of vehicle,batch_002,2026-08-02T17:58:20
CLM007490,POL03107,2024-06-18,19525.29,Pending,Water damage,batch_002,2026-08-02T17:58:20
CLM007491,POL03944,2026-07-13,566.68,Denied,Terminal illness claim,batch_002,2026-08-02T17:58:20
CLM007492,POL05020,2026-02-03,6656.77,Pending,Emergency room visit,batch_002,2026-08-02T17:58:20
CLM007493,POL02507,2025-05-30,5644.11,Denied,Hospital stay,batch_002,2026-08-02T17:58:20
CLM007494,POL03857,2025-06-06,16465.34,Approved,Terminal illness claim,batch_002,2026-08-02T17:58:20
CLM007495,POL03364,2023-03-08,4450.56,Approved,Water damage,batch_002,2026-08-02T17:58:20
CLM007496,POL04770,2025-12-28,6714.22,Pending,Vehicle collision,batch_002,2026-08-02T17:58:20
CLM007497,POL03989,2025-01-12,10182.39,Pending,Windshield damage,batch_002,2026-08-02T17:58:20
CLM007498,POL02445,2025-11-22,21641.71,Denied,Death benefit claim,batch_002,2026-08-02T17:58:20
CLM007499,POL02949,2026-07-13,14884.18,Denied,Death benefit claim,batch_002,2026-08-02T17:58:20
CLM007500,POL00418,2024-07-31,16633.36,Approved,Water damage,batch_002,2026-08-02T17:58:20
CLM007501,POL02729,2024-04-24,16121.88,Denied,Terminal illness claim,batch_002,2026-08-02T17:58:20
CLM007502,POL01874,2026-05-25,19185.84,Pending,Surgery reimbursement,batch_002,2026-08-02T17:58:20
CLM007503,POL01970,2026-06-05,16613.99,Pending,Roof damage from storm,batch_002,2026-08-02T17:58:20
CLM007504,POL04396,2023-11-29,12145.54,Approved,Roof damage from storm,batch_002,2026-08-02T17:58:20
CLM007505,POL02993,2026-01-07,11760.63,Pending,Theft of vehicle,batch_002,2026-08-02T17:58:20
CLM007506,POL03288,2025-08-24,6438.60,Approved,Surgery reimbursement,batch_002,2026-08-02T17:58:20
CLM007507,POL02215,2024-01-24,16239.13,Pending,Accidental death claim,batch_002,2026-08-02T17:58:20
CLM007508,POL03997,2026-02-04,7794.61,Denied,Fallen tree damage,batch_002,2026-08-02T17:58:20
CLM007509,POL02694,2026-02-10,21900.85,Denied,Terminal illness claim,batch_002,2026-08-02T17:58:20
CLM007510,POL01754,2025-07-19,15527.41,Denied,Fire damage,batch_002,2026-08-02T17:58:20
CLM007511,POL01948,2024-12-17,21531.52,Pending,Terminal illness claim,batch_002,2026-08-02T17:58:20
CLM007512,POL03055,2025-12-09,8803.00,Approved,Vandalism damage,batch_002,2026-08-02T17:58:20
CLM007513,POL02819,2023-12-29,12201.01,Pending,Theft of vehicle,batch_002,2026-08-02T17:58:20
CLM007514,POL03997,2025-06-21,9116.92,Pending,Water damage,batch_002,2026-08-02T17:58:20
CLM007515,POL03349,2024-04-29,10121.05,Approved,Vandalism damage,batch_002,2026-08-02T17:58:20
CLM007516,POL02151,2024-11-20,15738.94,Approved,Death benefit claim,batch_002,2026-08-02T17:58:20
CLM007517,POL03364,2025-04-21,4274.34,Approved,Roof damage from storm,batch_002,2026-08-02T17:58:20
CLM007518,POL03638,2023-07-30,7584.52,Denied,Vehicle collision,batch_002,2026-08-02T17:58:20
CLM007519,POL02062,2023-11-16,10071.13,Pending,Terminal illness claim,batch_002,2026-08-02T17:58:20
CLM007520,POL00787,2026-02-14,6436.69,Denied,Fallen tree damage,batch_002,2026-08-02T17:58:20
CLM007521,POL04008,2024-01-15,18037.07,Pending,Fire damage,batch_002,2026-08-02T17:58:20
CLM007522,POL02383,2026-06-29,3199.69,Denied,Accidental death claim,batch_002,2026-08-02T17:58:20
CLM007523,POL02617,2026-02-11,14340.45,Approved,Accidental death claim,batch_002,2026-08-02T17:58:20
CLM007524,POL01776,2025-03-10,12532.91,Denied,Surgery reimbursement,batch_002,2026-08-02T17:58:20
CLM007525,POL03297,2024-12-20,1023.28,Denied,Death benefit claim,batch_002,2026-08-02T17:58:20
CLM007526,POL01565,2025-09-05,15251.23,Denied,Vehicle collision,batch_002,2026-08-02T17:58:20
CLM007527,POL00159,2026-04-27,2038.04,Denied,Accidental death claim,batch_002,2026-08-02T17:58:20
CLM007528,POL00256,2026-05-21,16510.43,Approved,Medical procedure,batch_002,2026-08-02T17:58:20
CLM007529,POL03591,2023-11-03,18767.65,Denied,Burglary,batch_002,2026-08-02T17:58:20
CLM007530,POL04693,2023-12-18,19785.38,Denied,Vandalism damage,batch_002,2026-08-02T17:58:20
CLM007531,POL00274,2024-07-03,12273.14,Denied,Hospital stay,batch_002,2026-08-02T17:58:20
CLM007532,POL01459,2024-03-02,23609.57,Denied,Surgery reimbursement,batch_002,2026-08-02T17:58:20
CLM007533,POL00802,2023-04-20,22606.25,Approved,Death benefit claim,batch_002,2026-08-02T17:58:20
CLM007534,POL02992,2026-01-18,14499.69,Approved,Hospital stay,batch_002,2026-08-02T17:58:20
CLM007535,POL04796,2026-04-14,10663.09,Denied,Fire damage,batch_002,2026-08-02T17:58:20
CLM007536,POL02892,2023-07-31,24955.54,Denied,Burglary,batch_002,2026-08-02T17:58:20
CLM007537,POL01968,2024-03-14,9263.56,Pending,Terminal illness claim,batch_002,2026-08-02T17:58:20
CLM007538,POL04319,2023-02-28,10247.23,Denied,Vehicle collision,batch_002,2026-08-02T17:58:20
CLM007539,POL03723,2026-05-22,3289.37,Pending,Hospital stay,batch_002,2026-08-02T17:58:20
CLM007540,POL01757,2024-03-18,6825.26,Approved,Emergency room visit,batch_002,2026-08-02T17:58:20
CLM007541,POL01889,2025-07-03,20041.05,Approved,Fire damage,batch_002,2026-08-02T17:58:20
CLM007542,POL05015,2025-11-02,281.80,Denied,Fire damage,batch_002,2026-08-02T17:58:20
CLM007543,POL00387,2024-10-25,15129.67,Denied,Emergency room visit,batch_002,2026-08-02T17:58:20
CLM007544,POL04035,2025-03-27,15917.80,Pending,Windshield damage,batch_002,2026-08-02T17:58:20
CLM007545,POL03541,2026-03-13,10189.20,Pending,Death benefit claim,batch_002,2026-08-02T17:58:20
CLM007546,POL02570,2026-01-13,12046.62,Pending,Vandalism damage,batch_002,2026-08-02T17:58:20
CLM007547,POL03392,2025-06-24,11096.57,Approved,Accidental death claim,batch_002,2026-08-02T17:58:20
CLM007548,POL02196,2024-05-29,13051.99,Approved,Fire damage,batch_002,2026-08-02T17:58:20
CLM007549,POL00091,2024-06-14,16638.41,Denied,Accidental death claim,batch_002,2026-08-02T17:58:20
CLM007550,POL01871,2023-04-28,19377.07,Denied,Terminal illness claim,batch_002,2026-08-02T17:58:20
CLM007551,POL04594,2026-06-23,20362.60,Denied,Medical procedure,batch_002,2026-08-02T17:58:20
CLM007552,POL04208,2024-12-03,4435.25,Denied,Death benefit claim,batch_002,2026-08-02T17:58:20
CLM007553,POL03401,2023-05-31,22433.48,Denied,Accidental death claim,batch_002,2026-08-02T17:58:20
CLM007554,POL02167,2024-11-07,17717.80,Approved,Death benefit claim,batch_002,2026-08-02T17:58:20
CLM007555,POL04150,2026-01-01,21613.19,Pending,Terminal illness claim,batch_002,2026-08-02T17:58:20
CLM007556,POL03516,2026-06-20,23480.46,Approved,Death benefit claim,batch_002,2026-08-02T17:58:20
CLM007557,POL01035,2024-11-15,16838.26,Approved,Emergency room visit,batch_002,2026-08-02T17:58:20
CLM007558,POL00619,2025-06-05,6669.97,Pending,Death benefit claim,batch_002,2026-08-02T17:58:20
CLM007559,POL02641,2025-01-15,21681.76,Denied,Medical procedure,batch_002,2026-08-02T17:58:20
CLM007560,POL00887,2023-12-16,14680.96,Pending,Vandalism damage,batch_002,2026-08-02T17:58:20
CLM007561,POL04650,2026-01-21,20170.12,Approved,Roof damage from storm,batch_002,2026-08-02T17:58:20
CLM007562,POL05069,2023-08-12,21642.16,Denied,Terminal illness claim,batch_002,2026-08-02T17:58:20
CLM007563,POL03699,2026-03-06,24097.65,Pending,Accidental death claim,batch_002,2026-08-02T17:58:20
CLM007564,POL02236,2025-09-30,9500.81,Denied,Accidental death claim,batch_002,2026-08-02T17:58:20
CLM007565,POL01760,2025-04-18,4603.50,Pending,Surgery reimbursement,batch_002,2026-08-02T17:58:20
CLM007566,POL02296,2024-02-14,7231.61,Approved,Vehicle collision,batch_002,2026-08-02T17:58:20
CLM007567,POL04267,2024-10-29,2529.14,Pending,Hospital stay,batch_002,2026-08-02T17:58:20
CLM007568,POL02807,2023-11-04,2224.67,Denied,Prescription claim,batch_002,2026-08-02T17:58:20
CLM007569,POL01537,2025-02-23,12829.11,Approved,Roof damage from storm,batch_002,2026-08-02T17:58:20
CLM007570,POL01183,2025-11-29,1542.67,Pending,Hospital stay,batch_002,2026-08-02T17:58:20
CLM007571,POL00822,2023-10-21,17281.42,Approved,Terminal illness claim,batch_002,2026-08-02T17:58:20
CLM007572,POL03514,2023-08-01,12873.48,Approved,Accidental death claim,batch_002,2026-08-02T17:58:20
CLM007573,POL02290,2023-03-25,23483.58,Denied,Hit and run,batch_002,2026-08-02T17:58:20
CLM007574,POL01103,2026-07-27,4228.73,Approved,Surgery reimbursement,batch_002,2026-08-02T17:58:20
CLM007575,POL04279,2025-12-16,6171.37,Approved,Roof damage from storm,batch_002,2026-08-02T17:58:20
CLM007576,POL02187,2025-02-08,24371.96,Approved,Death benefit claim,batch_002,2026-08-02T17:58:20
CLM007577,POL01513,2024-01-17,11128.61,Pending,Death benefit claim,batch_002,2026-08-02T17:58:20
CLM007578,POL03189,2023-07-28,4970.32,Pending,Prescription claim,batch_002,2026-08-02T17:58:20
CLM007579,POL03235,2024-10-11,23011.34,Denied,Hit and run,batch_002,2026-08-02T17:58:20
CLM007580,POL00379,2023-09-17,18334.63,Approved,Terminal illness claim,batch_002,2026-08-02T17:58:20
CLM007581,POL03959,2024-07-30,10943.72,Pending,Windshield damage,batch_002,2026-08-02T17:58:20
CLM007582,POL03810,2025-05-31,9492.69,Pending,Hospital stay,batch_002,2026-08-02T17:58:20
CLM007583,POL03058,2026-07-25,164.33,Denied,Burglary,batch_002,2026-08-02T17:58:20
CLM007584,POL00539,2023-02-18,10459.30,Approved,Terminal illness claim,batch_002,2026-08-02T17:58:20
CLM007585,POL01207,2026-02-01,1140.74,Pending,Vandalism damage,batch_002,2026-08-02T17:58:20
CLM007586,POL04229,2025-04-03,9929.32,Approved,Surgery reimbursement,batch_002,2026-08-02T17:58:20
CLM007587,POL00844,2026-03-28,12575.00,Pending,Fire damage,batch_002,2026-08-02T17:58:20
CLM007588,POL00367,2024-12-06,5732.09,Pending,Windshield damage,batch_002,2026-08-02T17:58:20
CLM007589,POL03172,2025-03-16,21139.27,Pending,Roof damage from storm,batch_002,2026-08-02T17:58:20
CLM007590,POL03282,2025-04-21,6491.89,Denied,Hit and run,batch_002,2026-08-02T17:58:20
CLM007591,POL02446,2025-03-14,2818.79,Pending,Death benefit claim,batch_002,2026-08-02T17:58:20
CLM007592,POL03288,2023-07-21,8140.24,Pending,Emergency room visit,batch_002,2026-08-02T17:58:20
CLM007593,POL04991,2025-06-06,17075.10,Denied,Roof damage from storm,batch_002,2026-08-02T17:58:20
CLM007594,POL04663,2023-07-22,24134.88,Pending,Burglary,batch_002,2026-08-02T17:58:20
CLM007595,POL00127,2025-11-23,5813.75,Approved,Theft of vehicle,batch_002,2026-08-02T17:58:20
CLM007596,POL00938,2023-02-28,11320.65,Approved,Water damage,batch_002,2026-08-02T17:58:20
CLM007597,POL04525,2024-06-23,1821.87,Denied,Fallen tree damage,batch_002,2026-08-02T17:58:20
CLM007598,POL04702,2023-07-05,4776.92,Pending,Fire damage,batch_002,2026-08-02T17:58:20
CLM007599,POL04748,2026-05-25,9842.37,Approved,Terminal illness claim,batch_002,2026-08-02T17:58:20
CLM007600,POL02272,2024-04-25,4461.27,Denied,Fire damage,batch_002,2026-08-02T17:58:20
CLM007601,POL00549,2023-02-27,6299.31,Denied,Windshield damage,batch_002,2026-08-02T17:58:20
CLM007602,POL02793,2025-08-06,23819.75,Denied,Medical procedure,batch_002,2026-08-02T17:58:20
CLM007603,POL01152,2023-06-16,2915.73,Pending,Water damage,batch_002,2026-08-02T17:58:20
CLM007604,POL04509,2024-03-03,17725.19,Denied,Terminal illness claim,batch_002,2026-08-02T17:58:20
CLM007605,POL02264,2024-05-18,12908.54,Approved,Fallen tree damage,batch_002,2026-08-02T17:58:20
CLM007606,POL01900,2025-12-09,5054.77,Denied,Fallen tree damage,batch_002,2026-08-02T17:58:20
CLM007607,POL01891,2025-03-19,18924.53,Denied,Emergency room visit,batch_002,2026-08-02T17:58:20
CLM007608,POL05092,2025-02-09,16005.58,Approved,Burglary,batch_002,2026-08-02T17:58:20
CLM007609,POL02967,2025-05-09,11271.00,Denied,Medical procedure,batch_002,2026-08-02T17:58:20
CLM007610,POL03933,2024-03-26,7856.31,Denied,Prescription claim,batch_002,2026-08-02T17:58:20
CLM007611,POL04702,2023-06-05,19310.06,Pending,Roof damage from storm,batch_002,2026-08-02T17:58:20
CLM007612,POL01001,2024-10-21,747.36,Approved,Accidental death claim,batch_002,2026-08-02T17:58:20
CLM007613,POL00668,2026-06-05,7676.03,Approved,Emergency room visit,batch_002,2026-08-02T17:58:20
CLM007614,POL04449,2023-05-29,4816.02,Pending,Theft of vehicle,batch_002,2026-08-02T17:58:20
CLM007615,POL03012,2024-02-11,12879.36,Pending,Hospital stay,batch_002,2026-08-02T17:58:20
CLM007616,POL03951,2024-02-24,14199.91,Approved,Death benefit claim,batch_002,2026-08-02T17:58:20
CLM007617,POL02777,2023-08-18,20219.85,Pending,Hit and run,batch_002,2026-08-02T17:58:20
CLM007618,POL00819,2023-11-19,12370.27,Denied,Medical procedure,batch_002,2026-08-02T17:58:20
CLM007619,POL03981,2026-05-03,17511.55,Approved,Medical procedure,batch_002,2026-08-02T17:58:20
CLM007620,POL02830,2023-08-24,10329.06,Denied,Water damage,batch_002,2026-08-02T17:58:20
CLM007621,POL04696,2024-03-10,7656.27,Approved,Roof damage from storm,batch_002,2026-08-02T17:58:20
CLM007622,POL03130,2025-08-25,219.84,Approved,Prescription claim,batch_002,2026-08-02T17:58:20
CLM007623,POL02076,2026-05-18,13567.68,Approved,Vandalism damage,batch_002,2026-08-02T17:58:20
CLM007624,POL04839,2025-06-08,8086.93,Approved,Hit and run,batch_002,2026-08-02T17:58:20
CLM007625,POL03156,2024-02-26,14009.53,Approved,Accidental death claim,batch_002,2026-08-02T17:58:20
CLM007626,POL03716,2023-12-09,19122.70,Denied,Burglary,batch_002,2026-08-02T17:58:20
CLM007627,POL03808,2024-02-29,21655.17,Denied,Medical procedure,batch_002,2026-08-02T17:58:20
CLM007628,POL00077,2026-04-23,9755.57,Approved,Terminal illness claim,batch_002,2026-08-02T17:58:20
CLM007629,POL02660,2025-05-07,23549.38,Pending,Fallen tree damage,batch_002,2026-08-02T17:58:20
CLM007630,POL03728,2025-07-08,16940.43,Pending,Emergency room visit,batch_002,2026-08-02T17:58:20
CLM007631,POL00656,2026-07-15,16012.41,Denied,Fire damage,batch_002,2026-08-02T17:58:20
CLM007632,POL00366,2026-02-23,5768.40,Approved,Roof damage from storm,batch_002,2026-08-02T17:58:20
CLM007633,POL04753,2025-05-22,19802.00,Pending,Hit and run,batch_002,2026-08-02T17:58:20
CLM007634,POL02731,2026-03-25,22818.98,Denied,Roof damage from storm,batch_002,2026-08-02T17:58:20
CLM007635,POL02788,2024-05-05,2996.13,Approved,Surgery reimbursement,batch_002,2026-08-02T17:58:20
CLM007636,POL04447,2025-07-05,7094.56,Pending,Death benefit claim,batch_002,2026-08-02T17:58:20
CLM007637,POL04806,2025-09-29,7656.42,Denied,Accidental death claim,batch_002,2026-08-02T17:58:20
CLM007638,POL01780,2025-05-19,21108.06,Pending,Death benefit claim,batch_002,2026-08-02T17:58:20
CLM007639,POL02822,2025-12-04,9736.72,Denied,Terminal illness claim,batch_002,2026-08-02T17:58:20
CLM007640,POL01329,2025-06-29,12142.85,Denied,Hospital stay,batch_002,2026-08-02T17:58:20
CLM007641,POL04782,2025-03-19,22285.91,Denied,Accidental death claim,batch_002,2026-08-02T17:58:20
CLM007642,POL02449,2025-02-01,20088.38,Denied,Death benefit claim,batch_002,2026-08-02T17:58:20
CLM007643,POL00862,2024-07-15,2776.81,Denied,Hospital stay,batch_002,2026-08-02T17:58:20
CLM007644,POL03873,2024-05-14,9865.90,Denied,Roof damage from storm,batch_002,2026-08-02T17:58:20
CLM007645,POL02376,2025-05-20,16872.91,Denied,Prescription claim,batch_002,2026-08-02T17:58:20
CLM007646,POL02797,2026-02-24,11587.23,Pending,Vandalism damage,batch_002,2026-08-02T17:58:20
CLM007647,POL03735,2023-08-11,3877.35,Denied,Vandalism damage,batch_002,2026-08-02T17:58:20
CLM007648,POL01722,2026-01-13,7471.48,Denied,Roof damage from storm,batch_002,2026-08-02T17:58:20
CLM007649,POL00203,2023-06-08,14541.25,Pending,Hospital stay,batch_002,2026-08-02T17:58:20
CLM007650,POL02113,2025-09-11,23920.29,Denied,Hospital stay,batch_002,2026-08-02T17:58:20
CLM007651,POL02858,2023-04-15,384.05,Denied,Burglary,batch_002,2026-08-02T17:58:20
CLM007652,POL04835,2024-08-01,18249.96,Approved,Hit and run,batch_002,2026-08-02T17:58:20
CLM007653,POL00555,2025-09-17,5540.25,Approved,Terminal illness claim,batch_002,2026-08-02T17:58:20
CLM007654,POL04489,2023-03-31,940.87,Denied,Burglary,batch_002,2026-08-02T17:58:20
CLM007655,POL03738,2024-09-21,11031.92,Denied,Prescription claim,batch_002,2026-08-02T17:58:20
CLM007656,POL00335,2025-04-29,18946.03,Approved,Vandalism damage,batch_002,2026-08-02T17:58:20
CLM007657,POL04629,2025-11-25,22337.69,Denied,Windshield damage,batch_002,2026-08-02T17:58:20
CLM007658,POL03083,2026-01-11,5648.25,Denied,Fallen tree damage,batch_002,2026-08-02T17:58:20
CLM007659,POL01506,2025-02-20,21995.61,Denied,Medical procedure,batch_002,2026-08-02T17:58:20
CLM007660,POL00700,2023-09-20,1473.84,Denied,Fire damage,batch_002,2026-08-02T17:58:20
CLM007661,POL02930,2023-09-27,3167.75,Pending,Accidental death claim,batch_002,2026-08-02T17:58:20
CLM007662,POL03437,2025-12-29,4392.54,Pending,Vehicle collision,batch_002,2026-08-02T17:58:20
CLM007663,POL03334,2025-08-19,13537.02,Pending,Death benefit claim,batch_002,2026-08-02T17:58:20
CLM007664,POL02355,2026-07-29,5122.73,Approved,Emergency room visit,batch_002,2026-08-02T17:58:20
CLM007665,POL01982,2025-02-22,1391.96,Approved,Death benefit claim,batch_002,2026-08-02T17:58:20
CLM007666,POL05053,2024-01-22,14775.73,Approved,Terminal illness claim,batch_002,2026-08-02T17:58:20
CLM007667,POL02294,2026-01-17,9539.22,Denied,Medical procedure,batch_002,2026-08-02T17:58:20
CLM007668,POL03096,2025-08-17,14193.37,Denied,Windshield damage,batch_002,2026-08-02T17:58:20
CLM007669,POL00019,2026-07-07,10030.78,Denied,Fire damage,batch_002,2026-08-02T17:58:20
CLM007670,POL01563,2023-12-02,8591.49,Pending,Terminal illness claim,batch_002,2026-08-02T17:58:20
CLM007671,POL02647,2024-03-07,19485.35,Pending,Roof damage from storm,batch_002,2026-08-02T17:58:20
CLM007672,POL00741,2025-10-25,3499.85,Denied,Emergency room visit,batch_002,2026-08-02T17:58:20
CLM007673,POL03952,2023-07-18,921.86,Denied,Terminal illness claim,batch_002,2026-08-02T17:58:20
CLM007674,POL02080,2023-03-17,22155.95,Pending,Terminal illness claim,batch_002,2026-08-02T17:58:20
CLM007675,POL02354,2024-10-07,13339.53,Denied,Death benefit claim,batch_002,2026-08-02T17:58:20
CLM007676,POL00874,2025-07-22,2999.55,Pending,Fallen tree damage,batch_002,2026-08-02T17:58:20
CLM007677,POL00081,2025-10-11,6472.53,Denied,Theft of vehicle,batch_002,2026-08-02T17:58:20
CLM007678,POL02548,2023-11-29,22622.41,Pending,Vehicle collision,batch_002,2026-08-02T17:58:20
CLM007679,POL02655,2025-10-21,6264.77,Denied,Prescription claim,batch_002,2026-08-02T17:58:20
CLM007680,POL02480,2026-03-04,24268.51,Denied,Terminal illness claim,batch_002,2026-08-02T17:58:20
CLM007681,POL00245,2023-03-30,13972.56,Denied,Accidental death claim,batch_002,2026-08-02T17:58:20
CLM007682,POL04343,2023-12-15,15974.79,Denied,Fallen tree damage,batch_002,2026-08-02T17:58:20
CLM007683,POL03252,2024-08-14,782.58,Approved,Vehicle collision,batch_002,2026-08-02T17:58:20
CLM007684,POL01874,2025-08-02,18080.46,Approved,Emergency room visit,batch_002,2026-08-02T17:58:20
CLM007685,POL01003,2026-04-05,6302.75,Approved,Terminal illness claim,batch_002,2026-08-02T17:58:20
CLM007686,POL00281,2026-05-27,22558.91,Approved,Fallen tree damage,batch_002,2026-08-02T17:58:20
CLM007687,POL02671,2026-06-03,14048.55,Denied,Emergency room visit,batch_002,2026-08-02T17:58:20
CLM007688,POL04849,2023-11-29,19414.58,Pending,Fire damage,batch_002,2026-08-02T17:58:20
CLM007689,POL04424,2026-06-27,20296.64,Pending,Vandalism damage,batch_002,2026-08-02T17:58:20
CLM007690,POL03966,2026-04-10,4071.04,Pending,Terminal illness claim,batch_002,2026-08-02T17:58:20
CLM007691,POL01663,2025-11-14,20676.52,Pending,Water damage,batch_002,2026-08-02T17:58:20
CLM007692,POL02062,2026-01-16,20055.83,Denied,Accidental death claim,batch_002,2026-08-02T17:58:20
CLM007693,POL02968,2024-11-27,19950.37,Approved,Hospital stay,batch_002,2026-08-02T17:58:20
CLM007694,POL00927,2026-03-09,11899.85,Pending,Accidental death claim,batch_002,2026-08-02T17:58:20
CLM007695,POL03214,2023-10-20,7811.77,Approved,Burglary,batch_002,2026-08-02T17:58:20
CLM007696,POL00069,2025-01-14,5937.92,Approved,Vandalism damage,batch_002,2026-08-02T17:58:20
CLM007697,POL04561,2025-11-08,12713.30,Denied,Vehicle collision,batch_002,2026-08-02T17:58:20
CLM007698,POL00159,2023-08-16,8172.12,Pending,Death benefit claim,batch_002,2026-08-02T17:58:20
CLM007699,POL01465,2025-07-28,13224.07,Denied,Surgery reimbursement,batch_002,2026-08-02T17:58:20
CLM007700,POL00650,2023-06-22,23481.02,Approved,Windshield damage,batch_002,2026-08-02T17:58:20
CLM007701,POL00030,2025-07-05,2148.50,Denied,Surgery reimbursement,batch_002,2026-08-02T17:58:20
CLM007702,POL02438,2025-10-04,9227.69,Denied,Vehicle collision,batch_002,2026-08-02T17:58:20
CLM007703,POL03264,2025-07-28,6958.13,Denied,Fallen tree damage,batch_002,2026-08-02T17:58:20
CLM007704,POL01127,2026-01-07,16497.86,Pending,Vehicle collision,batch_002,2026-08-02T17:58:20
CLM007705,POL00456,2024-12-26,21724.25,Denied,Burglary,batch_002,2026-08-02T17:58:20
CLM007706,POL03401,2023-06-27,21873.71,Denied,Accidental death claim,batch_002,2026-08-02T17:58:20
CLM007707,POL00147,2025-05-15,19519.98,Denied,Death benefit claim,batch_002,2026-08-02T17:58:20
CLM007708,POL03324,2025-01-29,17055.55,Pending,Burglary,batch_002,2026-08-02T17:58:20
CLM007709,POL02072,2024-10-30,6966.80,Approved,Windshield damage,batch_002,2026-08-02T17:58:20
CLM007710,POL03263,2024-10-22,1479.51,Pending,Theft of vehicle,batch_002,2026-08-02T17:58:20
CLM007711,POL02395,2024-04-16,18400.12,Approved,Fire damage,batch_002,2026-08-02T17:58:20
CLM007712,POL00110,2023-09-23,14364.34,Denied,Accidental death claim,batch_002,2026-08-02T17:58:20
CLM007713,POL04043,2026-07-14,3629.79,Approved,Fallen tree damage,batch_002,2026-08-02T17:58:20
CLM007714,POL01771,2026-02-13,10007.62,Pending,Water damage,batch_002,2026-08-02T17:58:20
CLM007715,POL03492,2024-11-14,1319.46,Approved,Terminal illness claim,batch_002,2026-08-02T17:58:20
CLM007716,POL02750,2023-04-07,24447.80,Approved,Fire damage,batch_002,2026-08-02T17:58:20
CLM007717,POL01103,2025-12-22,10093.26,Approved,Surgery reimbursement,batch_002,2026-08-02T17:58:20
CLM007718,POL04355,2023-05-04,12554.17,Approved,Vandalism damage,batch_002,2026-08-02T17:58:20
CLM007719,POL03771,2024-09-07,273.49,Denied,Medical procedure,batch_002,2026-08-02T17:58:20
CLM007720,POL00876,2023-11-03,14180.86,Denied,Accidental death claim,batch_002,2026-08-02T17:58:20
CLM007721,POL03960,2026-04-03,16765.80,Approved,Vandalism damage,batch_002,2026-08-02T17:58:20
CLM007722,POL01058,2025-08-04,8824.90,Pending,Windshield damage,batch_002,2026-08-02T17:58:20
CLM007723,POL00379,2023-06-30,21224.81,Approved,Accidental death claim,batch_002,2026-08-02T17:58:20
CLM007724,POL02891,2023-06-28,6033.05,Pending,Death benefit claim,batch_002,2026-08-02T17:58:20
CLM007725,POL04630,2026-01-14,11304.09,Approved,Roof damage from storm,batch_002,2026-08-02T17:58:20
CLM007726,POL04714,2024-04-18,16221.39,Approved,Burglary,batch_002,2026-08-02T17:58:20
CLM007727,POL04797,2026-01-05,8577.60,Approved,Vandalism damage,batch_002,2026-08-02T17:58:20
CLM007728,POL00845,2023-10-19,8657.41,Pending,Surgery reimbursement,batch_002,2026-08-02T17:58:20
CLM007729,POL02644,2026-05-15,20282.80,Approved,Burglary,batch_002,2026-08-02T17:58:20
CLM007730,POL01729,2024-10-26,20071.60,Pending,Burglary,batch_002,2026-08-02T17:58:20
CLM007731,POL00683,2026-03-26,7132.32,Approved,Vehicle collision,batch_002,2026-08-02T17:58:20
CLM007732,POL03823,2023-09-11,8422.75,Denied,Surgery reimbursement,batch_002,2026-08-02T17:58:20
CLM007733,POL00907,2024-10-18,24873.48,Denied,Windshield damage,batch_002,2026-08-02T17:58:20
CLM007734,POL02450,2025-08-22,14076.08,Denied,Emergency room visit,batch_002,2026-08-02T17:58:20
CLM007735,POL04775,2023-12-06,10359.93,Denied,Fire damage,batch_002,2026-08-02T17:58:20
CLM007736,POL02834,2024-02-13,15072.12,Pending,Fallen tree damage,batch_002,2026-08-02T17:58:20
CLM007737,POL01948,2025-09-23,17358.21,Approved,Terminal illness claim,batch_002,2026-08-02T17:58:20
CLM007738,POL04712,2023-11-27,23816.49,Denied,Burglary,batch_002,2026-08-02T17:58:20
CLM007739,POL01931,2024-10-04,19017.15,Pending,Terminal illness claim,batch_002,2026-08-02T17:58:20
CLM007740,POL03778,2024-08-25,12052.41,Denied,Roof damage from storm,batch_002,2026-08-02T17:58:20
CLM007741,POL01567,2024-02-21,15920.37,Approved,Theft of vehicle,batch_002,2026-08-02T17:58:20
CLM007742,POL02493,2026-03-13,15603.63,Denied,Accidental death claim,batch_002,2026-08-02T17:58:20
CLM007743,POL04059,2023-06-18,15129.67,Denied,Theft of vehicle,batch_002,2026-08-02T17:58:20
CLM007744,POL03904,2023-07-02,8505.21,Denied,Theft of vehicle,batch_002,2026-08-02T17:58:20
CLM007745,POL01826,2024-10-09,22368.75,Pending,Medical procedure,batch_002,2026-08-02T17:58:20
CLM007746,POL01284,2024-09-30,15373.25,Pending,Medical procedure,batch_002,2026-08-02T17:58:20
CLM007747,POL01855,2024-09-02,6828.24,Pending,Vehicle collision,batch_002,2026-08-02T17:58:20
CLM007748,POL02432,2023-08-22,3221.49,Denied,Vandalism damage,batch_002,2026-08-02T17:58:20
CLM007749,POL03431,2023-07-18,15699.46,Pending,Vehicle collision,batch_002,2026-08-02T17:58:20
CLM007750,POL04650,2023-05-18,336.15,Approved,Burglary,batch_002,2026-08-02T17:58:20
CLM007751,POL02903,2024-01-20,12124.94,Denied,Prescription claim,batch_002,2026-08-02T17:58:20
CLM007752,POL01045,2026-02-23,7270.80,Approved,Burglary,batch_002,2026-08-02T17:58:20
CLM007753,POL03129,2024-04-27,17393.62,Pending,Death benefit claim,batch_002,2026-08-02T17:58:20
CLM007754,POL01032,2026-02-04,9212.59,Pending,Fire damage,batch_002,2026-08-02T17:58:20
CLM007755,POL00271,2023-06-04,10373.53,Pending,Emergency room visit,batch_002,2026-08-02T17:58:20
CLM007756,POL00435,2023-02-28,19035.82,Pending,Terminal illness claim,batch_002,2026-08-02T17:58:20
CLM007757,POL00481,2024-03-21,22818.03,Pending,Terminal illness claim,batch_002,2026-08-02T17:58:20
CLM007758,POL01215,2026-05-19,11722.35,Approved,Accidental death claim,batch_002,2026-08-02T17:58:20
CLM007759,POL00932,2025-06-23,18828.34,Approved,Windshield damage,batch_002,2026-08-02T17:58:20
CLM007760,POL03245,2025-02-24,7837.40,Approved,Terminal illness claim,batch_002,2026-08-02T17:58:20
CLM007761,POL04026,2024-04-28,24004.04,Denied,Prescription claim,batch_002,2026-08-02T17:58:20
CLM007762,POL04683,2024-09-08,24244.49,Approved,Medical procedure,batch_002,2026-08-02T17:58:20
CLM007763,POL00539,2026-07-23,13090.41,Approved,Accidental death claim,batch_002,2026-08-02T17:58:20
CLM007764,POL01825,2024-07-31,5513.95,Denied,Hospital stay,batch_002,2026-08-02T17:58:20
CLM007765,POL04322,2025-08-22,24627.80,Denied,Terminal illness claim,batch_002,2026-08-02T17:58:20
CLM007766,POL02509,2024-05-06,4173.24,Pending,Vandalism damage,batch_002,2026-08-02T17:58:20
CLM007767,POL01986,2025-10-27,20868.20,Pending,Terminal illness claim,batch_002,2026-08-02T17:58:20
CLM007768,POL05051,2023-09-20,10489.68,Denied,Hit and run,batch_002,2026-08-02T17:58:20
CLM007769,POL03905,2025-01-13,19951.53,Approved,Surgery reimbursement,batch_002,2026-08-02T17:58:20
CLM007770,POL02042,2023-12-09,21589.81,Approved,Fire damage,batch_002,2026-08-02T17:58:20
CLM007771,POL01362,2024-03-12,10838.78,Approved,Theft of vehicle,batch_002,2026-08-02T17:58:20
CLM007772,POL03810,2026-02-10,18241.99,Approved,Prescription claim,batch_002,2026-08-02T17:58:20
CLM007773,POL02658,2023-07-28,1163.38,Approved,Death benefit claim,batch_002,2026-08-02T17:58:20
CLM007774,POL04958,2024-03-26,14112.91,Pending,Death benefit claim,batch_002,2026-08-02T17:58:20
CLM007775,POL00456,2023-04-11,7585.29,Denied,Burglary,batch_002,2026-08-02T17:58:20
CLM007776,POL00554,2025-09-08,21630.17,Pending,Surgery reimbursement,batch_002,2026-08-02T17:58:20
CLM007777,POL02467,2025-05-02,3726.66,Pending,Burglary,batch_002,2026-08-02T17:58:20
CLM007778,POL02044,2025-03-17,21066.66,Pending,Terminal illness claim,batch_002,2026-08-02T17:58:20
CLM007779,POL02606,2024-08-03,6569.21,Approved,Accidental death claim,batch_002,2026-08-02T17:58:20
CLM007780,POL02328,2026-05-22,4483.30,Approved,Death benefit claim,batch_002,2026-08-02T17:58:20
CLM007781,POL03282,2025-06-13,15519.16,Pending,Windshield damage,batch_002,2026-08-02T17:58:20
CLM007782,POL00502,2026-04-16,18394.21,Denied,Surgery reimbursement,batch_002,2026-08-02T17:58:20
CLM007783,POL02193,2024-04-15,23657.62,Approved,Accidental death claim,batch_002,2026-08-02T17:58:20
CLM007784,POL01610,2024-06-22,7713.85,Approved,Fallen tree damage,batch_002,2026-08-02T17:58:20
CLM007785,POL03279,2026-01-13,14728.30,Denied,Theft of vehicle,batch_002,2026-08-02T17:58:20
CLM007786,POL01737,2025-01-17,18509.61,Pending,Hospital stay,batch_002,2026-08-02T17:58:20
CLM007787,POL01501,2023-10-23,19800.49,Pending,Roof damage from storm,batch_002,2026-08-02T17:58:20
CLM007788,POL01430,2023-03-21,11773.37,Pending,Fire damage,batch_002,2026-08-02T17:58:20
CLM007789,POL02740,2026-04-23,11471.17,Approved,Fallen tree damage,batch_002,2026-08-02T17:58:20
CLM007790,POL00808,2024-09-13,22309.22,Approved,Death benefit claim,batch_002,2026-08-02T17:58:20
CLM007791,POL03944,2024-01-27,5887.84,Denied,Death benefit claim,batch_002,2026-08-02T17:58:20
CLM007792,POL01706,2023-10-20,1356.79,Approved,Terminal illness claim,batch_002,2026-08-02T17:58:20
CLM007793,POL02542,2024-04-16,2626.62,Approved,Death benefit claim,batch_002,2026-08-02T17:58:20
CLM007794,POL02402,2025-07-20,18978.01,Denied,Vehicle collision,batch_002,2026-08-02T17:58:20
CLM007795,POL04670,2025-04-10,13514.47,Approved,Prescription claim,batch_002,2026-08-02T17:58:20
CLM007796,POL01289,2025-08-08,1468.62,Approved,Roof damage from storm,batch_002,2026-08-02T17:58:20
CLM007797,POL00368,2024-11-10,8172.50,Approved,Burglary,batch_002,2026-08-02T17:58:20
CLM007798,POL00395,2025-08-08,3225.29,Approved,Terminal illness claim,batch_002,2026-08-02T17:58:20
CLM007799,POL00786,2025-11-04,20489.45,Denied,Vehicle collision,batch_002,2026-08-02T17:58:20
CLM007800,POL02996,2024-07-27,23685.53,Denied,Vandalism damage,batch_002,2026-08-02T17:58:20
CLM007801,POL04085,2025-03-11,1448.06,Pending,Terminal illness claim,batch_002,2026-08-02T17:58:20
CLM007802,POL00429,2026-06-26,6907.23,Approved,Theft of vehicle,batch_002,2026-08-02T17:58:20
CLM007803,POL02793,2025-03-27,9892.43,Approved,Medical procedure,batch_002,2026-08-02T17:58:20
CLM007804,POL04864,2025-08-06,15554.18,Denied,Surgery reimbursement,batch_002,2026-08-02T17:58:20
CLM007805,POL00718,2024-09-10,3376.74,Approved,Vandalism damage,batch_002,2026-08-02T17:58:20
CLM007806,POL00292,2024-03-12,23540.37,Pending,Medical procedure,batch_002,2026-08-02T17:58:20
CLM007807,POL04804,2023-07-07,21127.56,Pending,Roof damage from storm,batch_002,2026-08-02T17:58:20
CLM007808,POL00175,2025-11-01,8797.48,Pending,Death benefit claim,batch_002,2026-08-02T17:58:20
CLM007809,POL02541,2025-06-05,15319.89,Denied,Death benefit claim,batch_002,2026-08-02T17:58:20
CLM007810,POL05051,2023-08-18,17852.47,Denied,Vehicle collision,batch_002,2026-08-02T17:58:20
CLM007811,POL02730,2024-10-21,17330.96,Denied,Surgery reimbursement,batch_002,2026-08-02T17:58:20
CLM007812,POL04065,2025-06-27,23739.91,Denied,Burglary,batch_002,2026-08-02T17:58:20
CLM007813,POL01890,2025-03-15,4424.57,Pending,Accidental death claim,batch_002,2026-08-02T17:58:20
CLM007814,POL01077,2026-06-19,24518.47,Denied,Emergency room visit,batch_002,2026-08-02T17:58:20
CLM007815,POL00143,2024-12-02,21013.40,Denied,Water damage,batch_002,2026-08-02T17:58:20
CLM007816,POL03363,2025-10-31,3439.78,Approved,Hospital stay,batch_002,2026-08-02T17:58:20
CLM007817,POL02988,2026-06-25,22305.25,Pending,Hit and run,batch_002,2026-08-02T17:58:20
CLM007818,POL01946,2023-10-02,7966.97,Approved,Death benefit claim,batch_002,2026-08-02T17:58:20
CLM007819,POL03754,2023-12-29,10951.88,Approved,Terminal illness claim,batch_002,2026-08-02T17:58:20
CLM007820,POL00341,2025-11-02,7300.13,Approved,Roof damage from storm,batch_002,2026-08-02T17:58:20
CLM007821,POL04974,2026-04-16,14103.19,Denied,Fallen tree damage,batch_002,2026-08-02T17:58:20
CLM007822,POL02937,2025-01-30,16724.35,Denied,Fallen tree damage,batch_002,2026-08-02T17:58:20
CLM007823,POL03649,2025-05-31,11568.42,Approved,Surgery reimbursement,batch_002,2026-08-02T17:58:20
CLM007824,POL01556,2026-03-05,17177.38,Pending,Prescription claim,batch_002,2026-08-02T17:58:20
CLM007825,POL00197,2026-05-08,22831.31,Pending,Vehicle collision,batch_002,2026-08-02T17:58:20
CLM007826,POL04857,2023-07-21,2821.68,Approved,Surgery reimbursement,batch_002,2026-08-02T17:58:20
CLM007827,POL03421,2024-09-26,18345.08,Approved,Fire damage,batch_002,2026-08-02T17:58:20
CLM007828,POL04915,2023-06-22,12191.25,Pending,Accidental death claim,batch_002,2026-08-02T17:58:20
CLM007829,POL04103,2025-01-01,13975.98,Pending,Vandalism damage,batch_002,2026-08-02T17:58:20
CLM007830,POL01697,2024-09-22,1052.80,Denied,Medical procedure,batch_002,2026-08-02T17:58:20
CLM007831,POL03162,2024-09-17,23462.94,Pending,Fallen tree damage,batch_002,2026-08-02T17:58:20
CLM007832,POL00933,2023-12-30,10250.03,Pending,Hit and run,batch_002,2026-08-02T17:58:20
CLM007833,POL04389,2024-08-30,18373.09,Approved,Accidental death claim,batch_002,2026-08-02T17:58:20
CLM007834,POL02894,2026-05-12,23321.65,Pending,Death benefit claim,batch_002,2026-08-02T17:58:20
CLM007835,POL02872,2026-01-23,15729.99,Pending,Fallen tree damage,batch_002,2026-08-02T17:58:20
CLM007836,POL03128,2025-03-29,8418.38,Denied,Accidental death claim,batch_002,2026-08-02T17:58:20
CLM007837,POL04394,2025-07-16,18990.72,Denied,Burglary,batch_002,2026-08-02T17:58:20
CLM007838,POL01443,2026-06-14,13147.73,Approved,Terminal illness claim,batch_002,2026-08-02T17:58:20
CLM007839,POL01279,2024-08-09,17891.94,Approved,Vehicle collision,batch_002,2026-08-02T17:58:20
CLM007840,POL04539,2026-06-08,2895.27,Pending,Roof damage from storm,batch_002,2026-08-02T17:58:20
CLM007841,POL03666,2026-01-30,3943.01,Approved,Hit and run,batch_002,2026-08-02T17:58:20
CLM007842,POL01727,2024-05-28,8857.45,Denied,Vehicle collision,batch_002,2026-08-02T17:58:20
CLM007843,POL03819,2025-10-15,12942.55,Pending,Water damage,batch_002,2026-08-02T17:58:20
CLM007844,POL04371,2025-01-05,5626.43,Denied,Fallen tree damage,batch_002,2026-08-02T17:58:20
CLM007845,POL03633,2023-03-19,19029.85,Pending,Vandalism damage,batch_002,2026-08-02T17:58:20
CLM007846,POL03042,2026-06-17,2670.68,Denied,Theft of vehicle,batch_002,2026-08-02T17:58:20
CLM007847,POL02327,2026-07-07,15228.37,Approved,Hit and run,batch_002,2026-08-02T17:58:20
CLM007848,POL03781,2024-05-05,22303.30,Denied,Hit and run,batch_002,2026-08-02T17:58:20
CLM007849,POL03939,2024-11-28,6659.54,Approved,Terminal illness claim,batch_002,2026-08-02T17:58:20
CLM007850,POL03105,2025-11-27,13218.69,Pending,Terminal illness claim,batch_002,2026-08-02T17:58:20
CLM007851,POL03682,2023-08-16,9377.10,Pending,Surgery reimbursement,batch_002,2026-08-02T17:58:20
CLM007852,POL04026,2026-06-10,22341.06,Approved,Prescription claim,batch_002,2026-08-02T17:58:20
CLM007853,POL02494,2023-08-13,8922.65,Approved,Surgery reimbursement,batch_002,2026-08-02T17:58:20
CLM007854,POL04978,2023-04-28,20543.57,Approved,Roof damage from storm,batch_002,2026-08-02T17:58:20
CLM007855,POL02040,2023-11-13,23160.60,Approved,Hospital stay,batch_002,2026-08-02T17:58:20
CLM007856,POL00400,2023-08-18,22911.02,Pending,Burglary,batch_002,2026-08-02T17:58:20
CLM007857,POL01717,2023-03-02,23306.74,Approved,Water damage,batch_002,2026-08-02T17:58:20
CLM007858,POL01104,2025-04-29,8802.30,Denied,Burglary,batch_002,2026-08-02T17:58:20
CLM007859,POL02714,2023-12-29,18984.70,Approved,Windshield damage,batch_002,2026-08-02T17:58:20
CLM007860,POL03848,2025-10-23,17617.30,Denied,Fire damage,batch_002,2026-08-02T17:58:20
CLM007861,POL00151,2024-01-08,16957.47,Approved,Burglary,batch_002,2026-08-02T17:58:20
CLM007862,POL04057,2026-06-29,17219.07,Denied,Death benefit claim,batch_002,2026-08-02T17:58:20
CLM007863,POL04849,2025-06-22,19590.84,Denied,Water damage,batch_002,2026-08-02T17:58:20
CLM007864,POL03041,2025-01-27,7150.97,Denied,Accidental death claim,batch_002,2026-08-02T17:58:20
CLM007865,POL01260,2023-07-27,21317.64,Approved,Terminal illness claim,batch_002,2026-08-02T17:58:20
CLM007866,POL00472,2024-07-05,3548.54,Denied,Roof damage from storm,batch_002,2026-08-02T17:58:20
CLM007867,POL02761,2023-05-09,692.00,Approved,Roof damage from storm,batch_002,2026-08-02T17:58:20
CLM007868,POL02424,2024-10-13,14787.36,Approved,Hospital stay,batch_002,2026-08-02T17:58:20
CLM007869,POL00299,2024-08-25,16678.62,Pending,Accidental death claim,batch_002,2026-08-02T17:58:20
CLM007870,POL01711,2024-05-25,14243.91,Denied,Terminal illness claim,batch_002,2026-08-02T17:58:20
CLM007871,POL03754,2023-09-21,5998.85,Pending,Terminal illness claim,batch_002,2026-08-02T17:58:20
CLM007872,POL01107,2023-09-05,7815.42,Approved,Prescription claim,batch_002,2026-08-02T17:58:20
CLM007873,POL01758,2026-03-19,428.42,Denied,Windshield damage,batch_002,2026-08-02T17:58:20
CLM007874,POL04311,2023-06-04,19333.93,Approved,Vehicle collision,batch_002,2026-08-02T17:58:20
CLM007875,POL00246,2023-03-04,2078.75,Approved,Theft of vehicle,batch_002,2026-08-02T17:58:20
CLM007876,POL01290,2023-12-20,15415.69,Pending,Death benefit claim,batch_002,2026-08-02T17:58:20
CLM007877,POL00146,2023-10-27,12343.79,Pending,Theft of vehicle,batch_002,2026-08-02T17:58:20
CLM007878,POL00872,2026-02-07,10998.30,Pending,Hospital stay,batch_002,2026-08-02T17:58:20
CLM007879,POL03382,2023-05-11,24760.20,Denied,Terminal illness claim,batch_002,2026-08-02T17:58:20
CLM007880,POL01251,2026-05-16,12848.42,Denied,Windshield damage,batch_002,2026-08-02T17:58:20
CLM007881,POL02943,2024-07-01,2584.42,Pending,Burglary,batch_002,2026-08-02T17:58:20
CLM007882,POL01285,2026-02-16,3717.28,Approved,Hit and run,batch_002,2026-08-02T17:58:20
CLM007883,POL02682,2023-02-19,10165.09,Approved,Emergency room visit,batch_002,2026-08-02T17:58:20
CLM007884,POL01044,2026-04-17,6320.31,Approved,Windshield damage,batch_002,2026-08-02T17:58:20
CLM007885,POL02351,2024-02-05,1069.93,Denied,Hit and run,batch_002,2026-08-02T17:58:20
CLM007886,POL03700,2024-02-02,21342.58,Approved,Death benefit claim,batch_002,2026-08-02T17:58:20
CLM007887,POL02945,2023-12-12,2062.43,Denied,Accidental death claim,batch_002,2026-08-02T17:58:20
CLM007888,POL04620,2026-02-24,18440.81,Denied,Vehicle collision,batch_002,2026-08-02T17:58:20
CLM007889,POL04232,2024-02-17,21285.93,Approved,Fallen tree damage,batch_002,2026-08-02T17:58:20
CLM007890,POL00099,2025-03-06,8486.67,Denied,Terminal illness claim,batch_002,2026-08-02T17:58:20
CLM007891,POL03534,2026-05-15,1181.77,Pending,Death benefit claim,batch_002,2026-08-02T17:58:20
CLM007892,POL01473,2026-05-02,5516.00,Approved,Terminal illness claim,batch_002,2026-08-02T17:58:20
CLM007893,POL04319,2025-12-26,13877.80,Denied,Hit and run,batch_002,2026-08-02T17:58:20
CLM007894,POL05032,2024-05-13,937.77,Pending,Terminal illness claim,batch_002,2026-08-02T17:58:20
CLM007895,POL01587,2023-04-15,2164.15,Approved,Burglary,batch_002,2026-08-02T17:58:20
CLM007896,POL03203,2024-01-19,15326.32,Pending,Terminal illness claim,batch_002,2026-08-02T17:58:20
CLM007897,POL02481,2026-07-15,7642.98,Approved,Fire damage,batch_002,2026-08-02T17:58:20
CLM007898,POL01312,2024-05-12,20001.19,Denied,Accidental death claim,batch_002,2026-08-02T17:58:20
CLM007899,POL04550,2024-08-27,3814.46,Pending,Vandalism damage,batch_002,2026-08-02T17:58:20
CLM007900,POL03219,2024-10-30,4865.68,Approved,Windshield damage,batch_002,2026-08-02T17:58:20
CLM007901,POL03781,2025-07-25,5944.17,Approved,Theft of vehicle,batch_002,2026-08-02T17:58:20
CLM007902,POL03007,2026-05-22,1134.65,Approved,Death benefit claim,batch_002,2026-08-02T17:58:20
CLM007903,POL04367,2023-11-25,886.00,Approved,Hit and run,batch_002,2026-08-02T17:58:20
CLM007904,POL03119,2026-04-18,15819.33,Approved,Roof damage from storm,batch_002,2026-08-02T17:58:20
CLM007905,POL00996,2025-07-04,15146.64,Approved,Hospital stay,batch_002,2026-08-02T17:58:20
CLM007906,POL03349,2024-10-02,259.39,Approved,Vehicle collision,batch_002,2026-08-02T17:58:20
CLM007907,POL02161,2025-05-24,11409.58,Approved,Accidental death claim,batch_002,2026-08-02T17:58:20
CLM007908,POL04652,2023-06-29,20787.40,Pending,Hospital stay,batch_002,2026-08-02T17:58:20
CLM007909,POL01026,2026-07-10,18367.58,Denied,Hospital stay,batch_002,2026-08-02T17:58:20
CLM007910,POL01172,2026-06-02,22220.93,Pending,Prescription claim,batch_002,2026-08-02T17:58:20
CLM007911,POL03353,2024-12-14,14048.95,Pending,Fire damage,batch_002,2026-08-02T17:58:20
CLM007912,POL02372,2024-09-02,1678.42,Approved,Emergency room visit,batch_002,2026-08-02T17:58:20
CLM007913,POL02145,2024-04-07,2054.45,Approved,Windshield damage,batch_002,2026-08-02T17:58:20
CLM007914,POL00572,2023-11-22,12940.15,Approved,Vandalism damage,batch_002,2026-08-02T17:58:20
CLM007915,POL00849,2024-10-03,7870.06,Denied,Death benefit claim,batch_002,2026-08-02T17:58:20
CLM007916,POL01897,2023-06-20,7940.09,Approved,Terminal illness claim,batch_002,2026-08-02T17:58:20
CLM007917,POL04811,2023-11-04,16746.06,Denied,Terminal illness claim,batch_002,2026-08-02T17:58:20
CLM007918,POL03690,2023-07-21,12607.97,Denied,Vehicle collision,batch_002,2026-08-02T17:58:20
CLM007919,POL04691,2025-03-16,18646.52,Approved,Burglary,batch_002,2026-08-02T17:58:20
CLM007920,POL03713,2025-03-25,2592.18,Pending,Accidental death claim,batch_002,2026-08-02T17:58:20
CLM007921,POL03759,2024-12-28,13211.52,Approved,Death benefit claim,batch_002,2026-08-02T17:58:20
CLM007922,POL01622,2023-11-01,2703.70,Denied,Hit and run,batch_002,2026-08-02T17:58:20
CLM007923,POL02227,2023-05-11,11897.65,Approved,Terminal illness claim,batch_002,2026-08-02T17:58:20
CLM007924,POL02688,2024-09-04,16568.67,Denied,Vandalism damage,batch_002,2026-08-02T17:58:20
CLM007925,POL02202,2023-07-17,11429.35,Denied,Water damage,batch_002,2026-08-02T17:58:20
CLM007926,POL01823,2024-09-14,5448.38,Denied,Terminal illness claim,batch_002,2026-08-02T17:58:20
CLM007927,POL02116,2023-02-22,15721.95,Pending,Fallen tree damage,batch_002,2026-08-02T17:58:20
CLM007928,POL03685,2024-05-02,192.38,Approved,Death benefit claim,batch_002,2026-08-02T17:58:20
CLM007929,POL04985,2025-06-14,2752.91,Approved,Hit and run,batch_002,2026-08-02T17:58:20
CLM007930,POL05038,2023-11-15,7294.37,Approved,Burglary,batch_002,2026-08-02T17:58:20
CLM007931,POL02462,2025-09-01,1863.13,Denied,Water damage,batch_002,2026-08-02T17:58:20
CLM007932,POL01837,2024-06-06,4278.96,Denied,Theft of vehicle,batch_002,2026-08-02T17:58:20
CLM007933,POL01915,2026-03-05,23513.55,Pending,Vandalism damage,batch_002,2026-08-02T17:58:20
CLM007934,POL00373,2025-03-31,8757.31,Denied,Windshield damage,batch_002,2026-08-02T17:58:20
CLM007935,POL00718,2024-05-03,17167.58,Approved,Vehicle collision,batch_002,2026-08-02T17:58:20
CLM007936,POL00220,2023-03-16,15103.76,Pending,Terminal illness claim,batch_002,2026-08-02T17:58:20
CLM007937,POL02420,2026-04-28,10234.39,Approved,Death benefit claim,batch_002,2026-08-02T17:58:20
CLM007938,POL02639,2025-09-02,5723.90,Approved,Burglary,batch_002,2026-08-02T17:58:20
CLM007939,POL02365,2024-01-15,630.83,Denied,Terminal illness claim,batch_002,2026-08-02T17:58:20
CLM007940,POL02381,2024-03-10,23769.52,Denied,Terminal illness claim,batch_002,2026-08-02T17:58:20
CLM007941,POL04911,2025-11-16,7577.81,Pending,Prescription claim,batch_002,2026-08-02T17:58:20
CLM007942,POL04784,2025-05-30,20426.08,Pending,Theft of vehicle,batch_002,2026-08-02T17:58:20
CLM007943,POL04168,2024-07-04,6382.91,Approved,Hit and run,batch_002,2026-08-02T17:58:20
CLM007944,POL00100,2026-03-10,22464.76,Approved,Terminal illness claim,batch_002,2026-08-02T17:58:20
CLM007945,POL00873,2026-04-25,731.29,Approved,Burglary,batch_002,2026-08-02T17:58:20
CLM007946,POL03839,2024-01-12,197.83,Approved,Terminal illness claim,batch_002,2026-08-02T17:58:20
CLM007947,POL03984,2025-06-15,23747.14,Approved,Hit and run,batch_002,2026-08-02T17:58:20
CLM007948,POL02566,2024-09-05,14395.64,Denied,Hospital stay,batch_002,2026-08-02T17:58:20
CLM007949,POL01617,2024-01-07,20242.72,Approved,Terminal illness claim,batch_002,2026-08-02T17:58:20
CLM007950,POL04324,2023-09-23,2671.26,Approved,Burglary,batch_002,2026-08-02T17:58:20
CLM007951,POL00874,2023-11-21,14385.99,Denied,Water damage,batch_002,2026-08-02T17:58:20
CLM007952,POL00300,2023-11-17,7023.00,Approved,Fire damage,batch_002,2026-08-02T17:58:20
CLM007953,POL00761,2026-01-03,6774.43,Denied,Water damage,batch_002,2026-08-02T17:58:20
CLM007954,POL02922,2024-08-23,8421.27,Pending,Prescription claim,batch_002,2026-08-02T17:58:20
CLM007955,POL03668,2025-06-22,7054.97,Approved,Emergency room visit,batch_002,2026-08-02T17:58:20
CLM007956,POL04252,2023-08-29,7645.65,Pending,Accidental death claim,batch_002,2026-08-02T17:58:20
CLM007957,POL03336,2025-09-11,24624.68,Denied,Surgery reimbursement,batch_002,2026-08-02T17:58:20
CLM007958,POL01326,2024-03-18,5797.41,Approved,Terminal illness claim,batch_002,2026-08-02T17:58:20
CLM007959,POL00218,2026-05-10,20481.73,Pending,Emergency room visit,batch_002,2026-08-02T17:58:20
CLM007960,POL02951,2026-04-20,6170.70,Approved,Medical procedure,batch_002,2026-08-02T17:58:20
CLM007961,POL02549,2023-08-01,15468.00,Pending,Vandalism damage,batch_002,2026-08-02T17:58:20
CLM007962,POL01476,2023-09-27,9679.70,Denied,Surgery reimbursement,batch_002,2026-08-02T17:58:20
CLM007963,POL01757,2026-05-28,18011.59,Pending,Medical procedure,batch_002,2026-08-02T17:58:20
CLM007964,POL05026,2025-03-28,11992.80,Denied,Windshield damage,batch_002,2026-08-02T17:58:20
CLM007965,POL00851,2024-09-16,24861.80,Approved,Hospital stay,batch_002,2026-08-02T17:58:20
CLM007966,POL02486,2024-03-22,19107.38,Pending,Death benefit claim,batch_002,2026-08-02T17:58:20
CLM007967,POL02237,2026-07-22,12713.51,Pending,Emergency room visit,batch_002,2026-08-02T17:58:20
CLM007968,POL01607,2023-03-09,20584.81,Pending,Hit and run,batch_002,2026-08-02T17:58:20
CLM007969,POL02700,2024-12-24,24246.75,Approved,Fallen tree damage,batch_002,2026-08-02T17:58:20
CLM007970,POL01257,2025-03-29,21657.34,Pending,Terminal illness claim,batch_002,2026-08-02T17:58:20
CLM007971,POL04534,2026-01-08,11385.55,Approved,Theft of vehicle,batch_002,2026-08-02T17:58:20
CLM007972,POL00641,2023-08-05,24776.72,Approved,Surgery reimbursement,batch_002,2026-08-02T17:58:20
CLM007973,POL04723,2025-10-08,5098.88,Approved,Burglary,batch_002,2026-08-02T17:58:20
CLM007974,POL04989,2025-08-31,9823.87,Approved,Terminal illness claim,batch_002,2026-08-02T17:58:20
CLM007975,POL00049,2025-08-11,9195.75,Pending,Accidental death claim,batch_002,2026-08-02T17:58:20
CLM007976,POL00830,2025-06-07,11994.50,Approved,Surgery reimbursement,batch_002,2026-08-02T17:58:20
CLM007977,POL03789,2025-04-18,15227.37,Approved,Water damage,batch_002,2026-08-02T17:58:20
CLM007978,POL03184,2023-11-16,3492.56,Approved,Prescription claim,batch_002,2026-08-02T17:58:20
CLM007979,POL04813,2025-11-16,13976.58,Approved,Surgery reimbursement,batch_002,2026-08-02T17:58:20
CLM007980,POL02155,2024-07-15,9889.31,Denied,Fire damage,batch_002,2026-08-02T17:58:20
CLM007981,POL04855,2023-08-05,13424.36,Pending,Terminal illness claim,batch_002,2026-08-02T17:58:20
CLM007982,POL00128,2025-03-19,2630.45,Denied,Accidental death claim,batch_002,2026-08-02T17:58:20
CLM007983,POL02685,2026-07-05,9079.42,Approved,Emergency room visit,batch_002,2026-08-02T17:58:20
CLM007984,POL04910,2025-08-17,17961.95,Denied,Windshield damage,batch_002,2026-08-02T17:58:20
CLM007985,POL03895,2023-02-02,21014.21,Approved,Hospital stay,batch_002,2026-08-02T17:58:20
CLM007986,POL03237,2024-02-04,9998.57,Pending,Accidental death claim,batch_002,2026-08-02T17:58:20
CLM007987,POL01237,2025-12-28,9116.68,Approved,Vandalism damage,batch_002,2026-08-02T17:58:20
CLM007988,POL00449,2025-11-08,8298.75,Pending,Emergency room visit,batch_002,2026-08-02T17:58:20
CLM007989,POL03191,2025-02-07,24624.31,Approved,Vehicle collision,batch_002,2026-08-02T17:58:20
CLM007990,POL00658,2024-12-29,19615.91,Approved,Medical procedure,batch_002,2026-08-02T17:58:20
CLM007991,POL00682,2026-06-24,20467.61,Denied,Water damage,batch_002,2026-08-02T17:58:20
CLM007992,POL03402,2024-11-12,1853.29,Pending,Burglary,batch_002,2026-08-02T17:58:20
CLM007993,POL01578,2025-04-13,14090.02,Denied,Accidental death claim,batch_002,2026-08-02T17:58:20
CLM007994,POL04213,2023-10-24,2139.33,Approved,Fire damage,batch_002,2026-08-02T17:58:20
CLM007995,POL00010,2023-07-18,16847.39,Pending,Fallen tree damage,batch_002,2026-08-02T17:58:20
CLM007996,POL01147,2026-04-08,16413.20,Approved,Accidental death claim,batch_002,2026-08-02T17:58:20
CLM007997,POL02482,2026-05-01,16683.63,Denied,Hospital stay,batch_002,2026-08-02T17:58:20
CLM007998,POL00420,2023-12-18,19127.63,Pending,Accidental death claim,batch_002,2026-08-02T17:58:20
CLM007999,POL04594,2023-04-18,12003.98,Approved,Emergency room visit,batch_002,2026-08-02T17:58:20
CLM008000,POL00603,2025-02-17,1627.90,Pending,Theft of vehicle,batch_002,2026-08-02T17:58:20
CLM008001,POL04336,2025-11-07,3209.24,Pending,Terminal illness claim,batch_002,2026-08-02T17:58:20
CLM008002,POL02008,2025-01-09,15740.43,Denied,Roof damage from storm,batch_002,2026-08-02T17:58:20
CLM008003,POL02597,2023-12-02,18143.52,Approved,Vandalism damage,batch_002,2026-08-02T17:58:20
CLM008004,POL01135,2025-07-14,3248.49,Approved,Accidental death claim,batch_002,2026-08-02T17:58:20
CLM008005,POL04481,2023-06-26,21981.78,Approved,Hit and run,batch_002,2026-08-02T17:58:20
CLM008006,POL01748,2023-07-10,13204.11,Denied,Terminal illness claim,batch_002,2026-08-02T17:58:20
CLM008007,POL00996,2024-10-23,12069.24,Approved,Emergency room visit,batch_002,2026-08-02T17:58:20
CLM008008,POL00239,2026-05-02,3972.96,Denied,Terminal illness claim,batch_002,2026-08-02T17:58:20
CLM008009,POL00954,2024-06-10,17287.92,Denied,Hospital stay,batch_002,2026-08-02T17:58:20
CLM008010,POL01956,2024-04-30,10646.66,Approved,Terminal illness claim,batch_002,2026-08-02T17:58:20
CLM008011,POL04993,2025-12-08,14817.27,Denied,Hit and run,batch_002,2026-08-02T17:58:20
CLM008012,POL03560,2023-09-30,6920.48,Approved,Windshield damage,batch_002,2026-08-02T17:58:20
CLM008013,POL01846,2025-03-18,19560.65,Pending,Medical procedure,batch_002,2026-08-02T17:58:20
CLM008014,POL04683,2026-05-22,18380.90,Pending,Emergency room visit,batch_002,2026-08-02T17:58:20
CLM008015,POL02813,2024-05-22,3583.81,Pending,Emergency room visit,batch_002,2026-08-02T17:58:20
CLM008016,POL03296,2023-04-05,22796.58,Approved,Hit and run,batch_002,2026-08-02T17:58:20
CLM008017,POL04936,2024-11-06,6085.95,Pending,Theft of vehicle,batch_002,2026-08-02T17:58:20
CLM008018,POL04957,2026-07-16,21158.29,Pending,Terminal illness claim,batch_002,2026-08-02T17:58:20
CLM008019,POL01356,2025-03-28,23413.43,Denied,Death benefit claim,batch_002,2026-08-02T17:58:20
CLM008020,POL05038,2024-01-12,10420.41,Denied,Roof damage from storm,batch_002,2026-08-02T17:58:20
CLM008021,POL02469,2026-04-05,17126.47,Denied,Windshield damage,batch_002,2026-08-02T17:58:20
CLM008022,POL03517,2026-07-05,19191.92,Pending,Accidental death claim,batch_002,2026-08-02T17:58:20
CLM008023,POL03564,2025-02-08,12731.66,Approved,Death benefit claim,batch_002,2026-08-02T17:58:20
CLM008024,POL02533,2025-08-24,19600.53,Approved,Emergency room visit,batch_002,2026-08-02T17:58:20
CLM008025,POL00380,2023-12-09,10709.53,Approved,Fallen tree damage,batch_002,2026-08-02T17:58:20
CLM008026,POL04258,2026-04-09,710.59,Pending,Burglary,batch_002,2026-08-02T17:58:20
CLM008027,POL03924,2025-06-10,2220.81,Denied,Theft of vehicle,batch_002,2026-08-02T17:58:20
CLM008028,POL02849,2024-05-20,14886.42,Pending,Vehicle collision,batch_002,2026-08-02T17:58:20
CLM008029,POL03184,2024-03-04,17495.15,Approved,Prescription claim,batch_002,2026-08-02T17:58:20
CLM008030,POL04348,2023-09-24,12024.84,Pending,Death benefit claim,batch_002,2026-08-02T17:58:20
CLM008031,POL01407,2023-04-30,14470.47,Pending,Death benefit claim,batch_002,2026-08-02T17:58:20
CLM008032,POL00130,2024-05-25,17859.66,Denied,Terminal illness claim,batch_002,2026-08-02T17:58:20
CLM008033,POL01929,2023-09-08,11752.26,Approved,Hit and run,batch_002,2026-08-02T17:58:20
CLM008034,POL01463,2026-02-06,22169.48,Denied,Prescription claim,batch_002,2026-08-02T17:58:20
CLM008035,POL00185,2024-08-04,5487.47,Approved,Roof damage from storm,batch_002,2026-08-02T17:58:20
CLM008036,POL04168,2025-08-28,7494.22,Pending,Vehicle collision,batch_002,2026-08-02T17:58:20
CLM008037,POL01436,2025-03-25,15599.97,Denied,Hospital stay,batch_002,2026-08-02T17:58:20
CLM008038,POL04829,2023-11-05,14237.57,Denied,Hit and run,batch_002,2026-08-02T17:58:20
CLM008039,POL01863,2023-04-05,24257.27,Pending,Windshield damage,batch_002,2026-08-02T17:58:20
CLM008040,POL04929,2023-04-30,24420.97,Pending,Terminal illness claim,batch_002,2026-08-02T17:58:20
CLM008041,POL02837,2025-11-16,1779.46,Pending,Emergency room visit,batch_002,2026-08-02T17:58:20
CLM008042,POL02088,2026-04-25,18023.31,Denied,Medical procedure,batch_002,2026-08-02T17:58:20
CLM008043,POL00603,2024-11-20,1703.33,Pending,Windshield damage,batch_002,2026-08-02T17:58:20
CLM008044,POL03208,2025-09-14,24083.07,Denied,Vehicle collision,batch_002,2026-08-02T17:58:20
CLM008045,POL01790,2023-03-17,10699.84,Denied,Prescription claim,batch_002,2026-08-02T17:58:20
CLM008046,POL03794,2025-11-06,21584.85,Approved,Vehicle collision,batch_002,2026-08-02T17:58:20
CLM008047,POL01314,2023-04-28,23707.06,Denied,Windshield damage,batch_002,2026-08-02T17:58:20
CLM008048,POL01682,2025-06-27,5279.06,Approved,Vandalism damage,batch_002,2026-08-02T17:58:20
CLM008049,POL00352,2023-04-29,10008.28,Approved,Water damage,batch_002,2026-08-02T17:58:20
CLM008050,POL04163,2023-08-25,17515.69,Pending,Emergency room visit,batch_002,2026-08-02T17:58:20
CLM008051,POL02071,2023-09-26,24856.23,Pending,Death benefit claim,batch_002,2026-08-02T17:58:20
CLM008052,POL04189,2025-01-08,11711.81,Approved,Water damage,batch_002,2026-08-02T17:58:20
CLM008053,POL00323,2023-10-26,22210.60,Pending,Fallen tree damage,batch_002,2026-08-02T17:58:20
CLM008054,POL04299,2023-06-09,2172.29,Pending,Terminal illness claim,batch_002,2026-08-02T17:58:20
CLM008055,POL01881,2025-01-05,17935.10,Denied,Theft of vehicle,batch_002,2026-08-02T17:58:20
CLM008056,POL04463,2023-10-05,8788.50,Approved,Death benefit claim,batch_002,2026-08-02T17:58:20
CLM008057,POL03867,2025-04-20,3429.98,Approved,Hospital stay,batch_002,2026-08-02T17:58:20
CLM008058,POL03680,2024-01-30,21139.35,Pending,Terminal illness claim,batch_002,2026-08-02T17:58:20
CLM008059,POL01129,2024-06-23,13664.77,Denied,Medical procedure,batch_002,2026-08-02T17:58:20
CLM008060,POL03579,2026-05-11,17078.77,Approved,Burglary,batch_002,2026-08-02T17:58:20
CLM008061,POL05023,2026-06-01,17484.86,Approved,Accidental death claim,batch_002,2026-08-02T17:58:20
CLM008062,POL03241,2025-10-20,8223.55,Approved,Accidental death claim,batch_002,2026-08-02T17:58:20
CLM008063,POL02681,2025-07-12,8901.71,Approved,Water damage,batch_002,2026-08-02T17:58:20
CLM008064,POL00151,2026-06-18,23929.18,Approved,Water damage,batch_002,2026-08-02T17:58:20
CLM008065,POL04205,2023-07-01,15499.24,Pending,Accidental death claim,batch_002,2026-08-02T17:58:20
CLM008066,POL02097,2025-11-10,17779.13,Approved,Terminal illness claim,batch_002,2026-08-02T17:58:20
CLM008067,POL01417,2024-03-18,5278.98,Approved,Water damage,batch_002,2026-08-02T17:58:20
CLM008068,POL01719,2023-04-14,367.31,Denied,Emergency room visit,batch_002,2026-08-02T17:58:20
CLM008069,POL01057,2026-01-15,6091.62,Approved,Windshield damage,batch_002,2026-08-02T17:58:20
CLM008070,POL04334,2024-07-26,5849.75,Pending,Emergency room visit,batch_002,2026-08-02T17:58:20
CLM008071,POL02226,2023-11-19,17101.79,Pending,Theft of vehicle,batch_002,2026-08-02T17:58:20
CLM008072,POL01618,2023-09-26,24894.54,Denied,Fire damage,batch_002,2026-08-02T17:58:20
CLM008073,POL04705,2024-03-06,2956.73,Denied,Accidental death claim,batch_002,2026-08-02T17:58:20
CLM008074,POL01160,2025-08-28,21250.58,Pending,Medical procedure,batch_002,2026-08-02T17:58:20
CLM008075,POL04966,2026-05-11,2885.24,Denied,Accidental death claim,batch_002,2026-08-02T17:58:20
CLM008076,POL03248,2023-08-29,5605.73,Denied,Burglary,batch_002,2026-08-02T17:58:20
CLM008077,POL05016,2025-08-01,9699.12,Pending,Prescription claim,batch_002,2026-08-02T17:58:20
CLM008078,POL02504,2026-03-17,330.32,Approved,Water damage,batch_002,2026-08-02T17:58:20
CLM008079,POL02083,2023-10-10,9408.03,Denied,Vehicle collision,batch_002,2026-08-02T17:58:20
CLM008080,POL00155,2024-08-10,9799.42,Denied,Burglary,batch_002,2026-08-02T17:58:20
CLM008081,POL02162,2026-07-24,14549.09,Approved,Water damage,batch_002,2026-08-02T17:58:20
CLM008082,POL04478,2023-05-18,7324.73,Pending,Surgery reimbursement,batch_002,2026-08-02T17:58:20
CLM008083,POL04525,2026-05-03,783.99,Denied,Water damage,batch_002,2026-08-02T17:58:20
CLM008084,POL04013,2023-04-17,7553.16,Pending,Prescription claim,batch_002,2026-08-02T17:58:20
CLM008085,POL01393,2024-02-18,12941.54,Pending,Fire damage,batch_002,2026-08-02T17:58:20
CLM008086,POL02423,2023-08-22,2487.73,Denied,Death benefit claim,batch_002,2026-08-02T17:58:20
CLM008087,POL02604,2024-04-23,20471.10,Pending,Fallen tree damage,batch_002,2026-08-02T17:58:20
CLM008088,POL03342,2026-04-08,15420.32,Pending,Hit and run,batch_002,2026-08-02T17:58:20
CLM008089,POL00809,2023-06-11,3142.01,Approved,Accidental death claim,batch_002,2026-08-02T17:58:20
CLM008090,POL02715,2023-10-16,9374.70,Pending,Death benefit claim,batch_002,2026-08-02T17:58:20
CLM008091,POL01333,2023-06-26,16550.41,Pending,Water damage,batch_002,2026-08-02T17:58:20
CLM008092,POL02658,2024-11-19,12630.04,Pending,Death benefit claim,batch_002,2026-08-02T17:58:20
CLM008093,POL03736,2023-12-29,16233.25,Pending,Terminal illness claim,batch_002,2026-08-02T17:58:20
CLM008094,POL01926,2025-07-08,8811.05,Denied,Accidental death claim,batch_002,2026-08-02T17:58:20
CLM008095,POL00470,2026-03-06,23870.71,Pending,Terminal illness claim,batch_002,2026-08-02T17:58:20
CLM008096,POL04071,2024-04-21,24876.96,Approved,Roof damage from storm,batch_002,2026-08-02T17:58:20
CLM008097,POL01626,2023-02-28,9166.90,Approved,Water damage,batch_002,2026-08-02T17:58:20
CLM008098,POL00949,2026-02-03,22874.42,Approved,Roof damage from storm,batch_002,2026-08-02T17:58:20
CLM008099,POL02617,2023-11-07,12712.90,Denied,Death benefit claim,batch_002,2026-08-02T17:58:20
CLM008100,POL03793,2024-01-12,11188.50,Pending,Hospital stay,batch_002,2026-08-02T17:58:20
CLM008101,POL04410,2024-01-24,4511.49,Approved,Death benefit claim,batch_002,2026-08-02T17:58:20
CLM008102,POL00676,2025-09-10,24581.03,Denied,Accidental death claim,batch_002,2026-08-02T17:58:20
CLM008103,POL04814,2026-02-09,565.16,Approved,Water damage,batch_002,2026-08-02T17:58:20
CLM008104,POL02087,2026-03-13,22721.05,Denied,Fallen tree damage,batch_002,2026-08-02T17:58:20
CLM008105,POL04158,2024-07-07,274.13,Pending,Burglary,batch_002,2026-08-02T17:58:20
CLM008106,POL00965,2023-11-06,20935.57,Denied,Medical procedure,batch_002,2026-08-02T17:58:20
CLM008107,POL02536,2024-06-09,20687.75,Approved,Death benefit claim,batch_002,2026-08-02T17:58:20
CLM008108,POL04991,2025-05-23,24792.19,Approved,Roof damage from storm,batch_002,2026-08-02T17:58:20
CLM008109,POL02691,2025-01-05,23994.64,Denied,Theft of vehicle,batch_002,2026-08-02T17:58:20
CLM008110,POL04885,2026-06-18,21994.11,Approved,Surgery reimbursement,batch_002,2026-08-02T17:58:20
CLM008111,POL02889,2025-04-15,14131.92,Denied,Roof damage from storm,batch_002,2026-08-02T17:58:20
CLM008112,POL03645,2024-12-15,12448.54,Pending,Medical procedure,batch_002,2026-08-02T17:58:20
CLM008113,POL00877,2024-02-03,17047.42,Denied,Hospital stay,batch_002,2026-08-02T17:58:20
CLM008114,POL04492,2026-06-27,5665.14,Pending,Surgery reimbursement,batch_002,2026-08-02T17:58:20
CLM008115,POL02715,2026-01-10,11746.62,Approved,Terminal illness claim,batch_002,2026-08-02T17:58:20
CLM008116,POL02049,2025-11-25,8195.95,Pending,Vehicle collision,batch_002,2026-08-02T17:58:20
CLM008117,POL00719,2024-02-29,24933.28,Approved,Vandalism damage,batch_002,2026-08-02T17:58:20
CLM008118,POL04670,2024-12-11,24474.76,Denied,Hospital stay,batch_002,2026-08-02T17:58:20
CLM008119,POL04674,2024-06-26,11672.39,Approved,Death benefit claim,batch_002,2026-08-02T17:58:20
CLM008120,POL02856,2023-10-09,16516.51,Approved,Windshield damage,batch_002,2026-08-02T17:58:20
CLM008121,POL00953,2026-02-06,19437.03,Approved,Terminal illness claim,batch_002,2026-08-02T17:58:20
CLM008122,POL04274,2024-04-25,14918.31,Denied,Vehicle collision,batch_002,2026-08-02T17:58:20
CLM008123,POL00064,2025-01-02,22893.79,Approved,Surgery reimbursement,batch_002,2026-08-02T17:58:20
CLM008124,POL03757,2023-04-11,17050.89,Approved,Windshield damage,batch_002,2026-08-02T17:58:20
CLM008125,POL04159,2023-11-06,15926.93,Pending,Accidental death claim,batch_002,2026-08-02T17:58:20
CLM008126,POL05058,2024-02-03,18065.80,Approved,Prescription claim,batch_002,2026-08-02T17:58:20
CLM008127,POL02301,2024-09-28,9821.36,Approved,Medical procedure,batch_002,2026-08-02T17:58:20
CLM008128,POL02019,2024-03-06,18290.01,Pending,Fallen tree damage,batch_002,2026-08-02T17:58:20
CLM008129,POL03926,2025-05-05,14475.17,Pending,Windshield damage,batch_002,2026-08-02T17:58:20
CLM008130,POL03822,2024-04-17,2717.80,Denied,Accidental death claim,batch_002,2026-08-02T17:58:20
CLM008131,POL03228,2026-07-16,23382.53,Approved,Fire damage,batch_002,2026-08-02T17:58:20
CLM008132,POL04267,2025-02-24,16951.30,Pending,Hospital stay,batch_002,2026-08-02T17:58:20
CLM008133,POL04253,2025-12-06,16947.99,Approved,Vandalism damage,batch_002,2026-08-02T17:58:20
CLM008134,POL02995,2024-04-12,18373.62,Pending,Accidental death claim,batch_002,2026-08-02T17:58:20
CLM008135,POL04196,2025-06-11,9974.44,Pending,Vehicle collision,batch_002,2026-08-02T17:58:20
CLM008136,POL04474,2024-08-12,19346.91,Denied,Emergency room visit,batch_002,2026-08-02T17:58:20
CLM008137,POL04714,2026-01-20,11738.55,Pending,Fire damage,batch_002,2026-08-02T17:58:20
CLM008138,POL00420,2023-03-07,312.97,Approved,Terminal illness claim,batch_002,2026-08-02T17:58:20
CLM008139,POL01944,2023-03-25,14725.90,Pending,Hospital stay,batch_002,2026-08-02T17:58:20
CLM008140,POL05012,2023-02-13,20614.18,Denied,Roof damage from storm,batch_002,2026-08-02T17:58:20
CLM008141,POL03790,2023-10-02,17131.38,Pending,Roof damage from storm,batch_002,2026-08-02T17:58:20
CLM008142,POL02538,2024-02-23,6999.88,Approved,Burglary,batch_002,2026-08-02T17:58:20
CLM008143,POL03302,2024-01-02,14580.11,Approved,Accidental death claim,batch_002,2026-08-02T17:58:20
CLM008144,POL03491,2026-04-08,3472.40,Pending,Theft of vehicle,batch_002,2026-08-02T17:58:20
CLM008145,POL02334,2026-03-08,16389.38,Denied,Burglary,batch_002,2026-08-02T17:58:20
CLM008146,POL02906,2025-03-06,24838.51,Approved,Prescription claim,batch_002,2026-08-02T17:58:20
CLM008147,POL00254,2024-04-01,23423.40,Pending,Theft of vehicle,batch_002,2026-08-02T17:58:20
CLM008148,POL02044,2023-08-24,8587.98,Pending,Accidental death claim,batch_002,2026-08-02T17:58:20
CLM008149,POL01715,2025-08-25,23030.45,Pending,Theft of vehicle,batch_002,2026-08-02T17:58:20
CLM008150,POL04651,2023-12-03,18545.23,Denied,Fallen tree damage,batch_002,2026-08-02T17:58:20
CLM008151,POL04689,2023-08-09,24156.55,Denied,Fallen tree damage,batch_002,2026-08-02T17:58:20
CLM008152,POL02575,2023-04-06,12733.84,Approved,Burglary,batch_002,2026-08-02T17:58:20
CLM008153,POL02703,2023-08-11,10474.33,Pending,Medical procedure,batch_002,2026-08-02T17:58:20
CLM008154,POL03100,2024-05-04,11976.09,Denied,Fire damage,batch_002,2026-08-02T17:58:20
CLM008155,POL02512,2023-12-16,16962.04,Denied,Windshield damage,batch_002,2026-08-02T17:58:20
CLM008156,POL00466,2023-04-08,16338.65,Approved,Burglary,batch_002,2026-08-02T17:58:20
CLM008157,POL03815,2026-05-08,23936.81,Approved,Emergency room visit,batch_002,2026-08-02T17:58:20
CLM008158,POL02592,2026-02-07,16473.96,Pending,Accidental death claim,batch_002,2026-08-02T17:58:20
CLM008159,POL00022,2024-10-13,12349.05,Pending,Fire damage,batch_002,2026-08-02T17:58:20
CLM008160,POL03178,2025-05-07,14638.32,Approved,Emergency room visit,batch_002,2026-08-02T17:58:20
CLM008161,POL01617,2026-07-12,17915.86,Pending,Terminal illness claim,batch_002,2026-08-02T17:58:20
CLM008162,POL02315,2025-08-08,439.99,Approved,Hit and run,batch_002,2026-08-02T17:58:20
CLM008163,POL04765,2026-07-10,14737.93,Denied,Emergency room visit,batch_002,2026-08-02T17:58:20
CLM008164,POL04542,2023-05-06,17084.74,Approved,Fire damage,batch_002,2026-08-02T17:58:20
CLM008165,POL01837,2024-02-13,2266.26,Approved,Hit and run,batch_002,2026-08-02T17:58:20
CLM008166,POL02581,2024-06-15,4969.63,Denied,Windshield damage,batch_002,2026-08-02T17:58:20
CLM008167,POL02569,2024-03-09,17389.46,Pending,Surgery reimbursement,batch_002,2026-08-02T17:58:20
CLM008168,POL00974,2026-04-19,7190.11,Denied,Emergency room visit,batch_002,2026-08-02T17:58:20
CLM008169,POL02151,2024-09-23,14896.46,Approved,Death benefit claim,batch_002,2026-08-02T17:58:20
CLM008170,POL01145,2025-10-20,24217.61,Approved,Terminal illness claim,batch_002,2026-08-02T17:58:20
CLM008171,POL03950,2025-06-29,12233.74,Denied,Prescription claim,batch_002,2026-08-02T17:58:20
CLM008172,POL05017,2025-05-01,8310.51,Approved,Fallen tree damage,batch_002,2026-08-02T17:58:20
CLM008173,POL01991,2024-08-05,17787.99,Denied,Theft of vehicle,batch_002,2026-08-02T17:58:20
CLM008174,POL02824,2024-04-27,17402.03,Approved,Death benefit claim,batch_002,2026-08-02T17:58:20
CLM008175,POL00302,2026-03-05,1119.77,Approved,Hit and run,batch_002,2026-08-02T17:58:20
CLM008176,POL02061,2026-07-09,1933.71,Denied,Roof damage from storm,batch_002,2026-08-02T17:58:20
CLM008177,POL02175,2023-09-27,23431.74,Denied,Fallen tree damage,batch_002,2026-08-02T17:58:20
CLM008178,POL02246,2026-02-11,20003.08,Denied,Death benefit claim,batch_002,2026-08-02T17:58:20
CLM008179,POL01312,2024-05-05,2783.56,Pending,Death benefit claim,batch_002,2026-08-02T17:58:20
CLM008180,POL04892,2025-09-14,2421.77,Pending,Death benefit claim,batch_002,2026-08-02T17:58:20
CLM008181,POL03913,2026-03-07,16957.32,Approved,Terminal illness claim,batch_002,2026-08-02T17:58:20
CLM008182,POL02662,2023-12-14,838.63,Pending,Burglary,batch_002,2026-08-02T17:58:20
CLM008183,POL00847,2023-06-21,4304.61,Approved,Accidental death claim,batch_002,2026-08-02T17:58:20
CLM008184,POL01941,2023-02-13,17781.11,Approved,Roof damage from storm,batch_002,2026-08-02T17:58:20
CLM008185,POL03164,2026-03-31,7471.39,Denied,Fallen tree damage,batch_002,2026-08-02T17:58:20
CLM008186,POL02890,2024-11-09,6283.48,Approved,Terminal illness claim,batch_002,2026-08-02T17:58:20
CLM008187,POL03040,2025-01-21,9305.95,Denied,Fallen tree damage,batch_002,2026-08-02T17:58:20
CLM008188,POL02728,2025-05-11,1371.27,Denied,Death benefit claim,batch_002,2026-08-02T17:58:20
CLM008189,POL02727,2023-08-07,10774.73,Denied,Hit and run,batch_002,2026-08-02T17:58:20
CLM008190,POL03992,2025-12-13,19227.19,Pending,Accidental death claim,batch_002,2026-08-02T17:58:20
CLM008191,POL02553,2024-07-31,23081.01,Approved,Death benefit claim,batch_002,2026-08-02T17:58:20
CLM008192,POL01122,2024-05-24,12255.15,Approved,Fallen tree damage,batch_002,2026-08-02T17:58:20
CLM008193,POL04921,2023-07-15,6645.04,Denied,Water damage,batch_002,2026-08-02T17:58:20
CLM008194,POL00240,2024-01-29,13036.76,Pending,Fire damage,batch_002,2026-08-02T17:58:20
CLM008195,POL03280,2025-10-31,14182.57,Pending,Windshield damage,batch_002,2026-08-02T17:58:20
CLM008196,POL03475,2023-12-26,22255.82,Pending,Water damage,batch_002,2026-08-02T17:58:20
CLM008197,POL01506,2026-03-18,23678.96,Approved,Emergency room visit,batch_002,2026-08-02T17:58:20
CLM008198,POL00509,2023-03-08,11158.65,Denied,Accidental death claim,batch_002,2026-08-02T17:58:20
CLM008199,POL00192,2025-02-12,10070.24,Denied,Vandalism damage,batch_002,2026-08-02T17:58:20
CLM008200,POL00305,2025-11-15,10848.48,Denied,Death benefit claim,batch_002,2026-08-02T17:58:20
CLM008201,POL00550,2025-09-26,23909.02,Pending,Death benefit claim,batch_002,2026-08-02T17:58:20
CLM008202,POL01415,2024-07-05,1062.95,Approved,Vandalism damage,batch_002,2026-08-02T17:58:20
CLM008203,POL01711,2025-07-21,6396.00,Pending,Death benefit claim,batch_002,2026-08-02T17:58:20
CLM008204,POL03745,2026-03-30,10966.95,Denied,Fire damage,batch_002,2026-08-02T17:58:20
CLM008205,POL00939,2026-05-20,9621.57,Pending,Water damage,batch_002,2026-08-02T17:58:20
CLM008206,POL04516,2024-06-18,16261.43,Pending,Fire damage,batch_002,2026-08-02T17:58:20
CLM008207,POL01895,2024-10-02,14745.34,Pending,Water damage,batch_002,2026-08-02T17:58:20
CLM008208,POL04885,2023-10-21,4023.03,Denied,Hospital stay,batch_002,2026-08-02T17:58:20
CLM008209,POL01202,2023-07-02,160.87,Denied,Fire damage,batch_002,2026-08-02T17:58:20
CLM008210,POL00204,2024-05-26,12061.56,Approved,Emergency room visit,batch_002,2026-08-02T17:58:20
CLM008211,POL03424,2024-01-22,1148.88,Approved,Vandalism damage,batch_002,2026-08-02T17:58:20
CLM008212,POL01032,2024-03-18,22123.07,Pending,Fire damage,batch_002,2026-08-02T17:58:20
CLM008213,POL03796,2026-06-29,11167.34,Denied,Windshield damage,batch_002,2026-08-02T17:58:20
CLM008214,POL03720,2023-07-17,7957.36,Pending,Accidental death claim,batch_002,2026-08-02T17:58:20
CLM008215,POL02656,2025-08-05,12325.79,Pending,Hospital stay,batch_002,2026-08-02T17:58:20
CLM008216,POL03645,2025-09-10,19753.22,Pending,Emergency room visit,batch_002,2026-08-02T17:58:20
CLM008217,POL00510,2023-04-19,4918.54,Approved,Hospital stay,batch_002,2026-08-02T17:58:20
CLM008218,POL00212,2024-04-29,24003.64,Approved,Hit and run,batch_002,2026-08-02T17:58:20
CLM008219,POL04727,2024-04-04,13879.82,Denied,Theft of vehicle,batch_002,2026-08-02T17:58:20
CLM008220,POL03408,2023-04-14,9205.30,Pending,Roof damage from storm,batch_002,2026-08-02T17:58:20
CLM008221,POL01126,2026-06-06,18542.23,Denied,Hit and run,batch_002,2026-08-02T17:58:20
CLM008222,POL03346,2023-07-27,21131.60,Denied,Vehicle collision,batch_002,2026-08-02T17:58:20
CLM008223,POL03495,2023-10-05,22164.30,Denied,Hit and run,batch_002,2026-08-02T17:58:20
CLM008224,POL01275,2023-10-22,17399.88,Denied,Terminal illness claim,batch_002,2026-08-02T17:58:20
CLM008225,POL01450,2026-04-27,9108.50,Approved,Prescription claim,batch_002,2026-08-02T17:58:20
CLM008226,POL04507,2023-04-02,17402.43,Denied,Burglary,batch_002,2026-08-02T17:58:20
CLM008227,POL04485,2025-02-15,22662.89,Denied,Vehicle collision,batch_002,2026-08-02T17:58:20
CLM008228,POL03617,2024-10-15,189.73,Pending,Accidental death claim,batch_002,2026-08-02T17:58:20
CLM008229,POL04965,2024-06-20,6887.36,Denied,Terminal illness claim,batch_002,2026-08-02T17:58:20
CLM008230,POL03835,2025-06-05,11507.89,Approved,Prescription claim,batch_002,2026-08-02T17:58:20
CLM008231,POL00708,2023-06-24,22631.56,Pending,Accidental death claim,batch_002,2026-08-02T17:58:20
CLM008232,POL04970,2023-04-05,23842.04,Approved,Vandalism damage,batch_002,2026-08-02T17:58:20
CLM008233,POL02510,2024-08-24,3961.07,Pending,Water damage,batch_002,2026-08-02T17:58:20
CLM008234,POL04905,2024-12-31,3494.64,Approved,Terminal illness claim,batch_002,2026-08-02T17:58:20
CLM008235,POL00584,2026-03-15,17715.35,Denied,Roof damage from storm,batch_002,2026-08-02T17:58:20
CLM008236,POL00980,2025-07-03,10994.92,Approved,Theft of vehicle,batch_002,2026-08-02T17:58:20
CLM008237,POL01605,2023-10-06,21655.60,Approved,Hospital stay,batch_002,2026-08-02T17:58:20
CLM008238,POL03476,2024-01-09,928.56,Denied,Hit and run,batch_002,2026-08-02T17:58:20
CLM008239,POL04447,2023-10-20,12931.25,Approved,Death benefit claim,batch_002,2026-08-02T17:58:20
CLM008240,POL03289,2025-11-11,9512.17,Denied,Hospital stay,batch_002,2026-08-02T17:58:20
CLM008241,POL03013,2024-04-29,15935.84,Approved,Burglary,batch_002,2026-08-02T17:58:20
CLM008242,POL04773,2024-04-01,13140.05,Approved,Emergency room visit,batch_002,2026-08-02T17:58:20
CLM008243,POL02151,2023-09-14,3425.05,Pending,Terminal illness claim,batch_002,2026-08-02T17:58:20
CLM008244,POL01952,2023-04-26,16839.06,Denied,Vehicle collision,batch_002,2026-08-02T17:58:20
CLM008245,POL03268,2023-07-26,2210.05,Pending,Water damage,batch_002,2026-08-02T17:58:20
CLM008246,POL05053,2025-08-22,13953.54,Denied,Accidental death claim,batch_002,2026-08-02T17:58:20
CLM008247,POL00162,2025-10-07,13105.26,Approved,Medical procedure,batch_002,2026-08-02T17:58:20
CLM008248,POL03861,2024-01-27,129.25,Pending,Burglary,batch_002,2026-08-02T17:58:20
CLM008249,POL03981,2023-07-04,9238.77,Approved,Prescription claim,batch_002,2026-08-02T17:58:20
CLM008250,POL03829,2023-11-18,16256.72,Pending,Vehicle collision,batch_002,2026-08-02T17:58:20
CLM008251,POL03861,2024-07-30,20692.55,Approved,Roof damage from storm,batch_002,2026-08-02T17:58:20
CLM008252,POL01853,2025-06-21,5700.89,Pending,Accidental death claim,batch_002,2026-08-02T17:58:20
CLM008253,POL03056,2026-02-05,18327.04,Pending,Terminal illness claim,batch_002,2026-08-02T17:58:20
CLM008254,POL03712,2026-01-16,17514.76,Pending,Surgery reimbursement,batch_002,2026-08-02T17:58:20
CLM008255,POL03378,2024-12-18,2172.61,Approved,Theft of vehicle,batch_002,2026-08-02T17:58:20
CLM008256,POL00552,2025-05-11,2380.61,Pending,Medical procedure,batch_002,2026-08-02T17:58:20
CLM008257,POL00420,2024-06-03,16939.51,Approved,Death benefit claim,batch_002,2026-08-02T17:58:20
CLM008258,POL04067,2026-06-16,13926.16,Denied,Vehicle collision,batch_002,2026-08-02T17:58:20
CLM008259,POL01447,2023-07-27,9368.38,Approved,Roof damage from storm,batch_002,2026-08-02T17:58:20
CLM008260,POL02368,2024-12-17,14177.12,Approved,Emergency room visit,batch_002,2026-08-02T17:58:20
CLM008261,POL05061,2024-07-22,4473.07,Approved,Death benefit claim,batch_002,2026-08-02T17:58:20
CLM008262,POL01411,2024-01-18,15540.59,Denied,Roof damage from storm,batch_002,2026-08-02T17:58:20
CLM008263,POL04941,2024-12-18,11886.94,Pending,Terminal illness claim,batch_002,2026-08-02T17:58:20
CLM008264,POL02735,2024-07-18,16036.09,Pending,Prescription claim,batch_002,2026-08-02T17:58:20
CLM008265,POL02633,2023-12-30,14915.58,Pending,Burglary,batch_002,2026-08-02T17:58:20
CLM008266,POL02534,2024-08-02,6434.68,Approved,Roof damage from storm,batch_002,2026-08-02T17:58:20
CLM008267,POL01240,2025-05-01,9651.09,Pending,Vandalism damage,batch_002,2026-08-02T17:58:20
CLM008268,POL02113,2024-06-05,16756.83,Approved,Medical procedure,batch_002,2026-08-02T17:58:20
CLM008269,POL02305,2025-03-05,2176.18,Denied,Vehicle collision,batch_002,2026-08-02T17:58:20
CLM008270,POL02861,2023-06-06,11076.13,Approved,Roof damage from storm,batch_002,2026-08-02T17:58:20
CLM008271,POL00762,2024-07-07,22521.37,Approved,Death benefit claim,batch_002,2026-08-02T17:58:20
CLM008272,POL03757,2023-11-22,23442.05,Pending,Windshield damage,batch_002,2026-08-02T17:58:20
CLM008273,POL03639,2025-07-31,19756.43,Denied,Accidental death claim,batch_002,2026-08-02T17:58:20
CLM008274,POL04698,2026-01-24,19309.01,Pending,Vandalism damage,batch_002,2026-08-02T17:58:20
CLM008275,POL03665,2023-04-24,13385.97,Pending,Hit and run,batch_002,2026-08-02T17:58:20
CLM008276,POL00040,2025-08-21,20953.32,Denied,Terminal illness claim,batch_002,2026-08-02T17:58:20
CLM008277,POL04067,2023-10-23,19193.86,Denied,Theft of vehicle,batch_002,2026-08-02T17:58:20
CLM008278,POL04905,2025-06-07,16466.75,Denied,Accidental death claim,batch_002,2026-08-02T17:58:20
CLM008279,POL02444,2024-03-12,15422.89,Denied,Hospital stay,batch_002,2026-08-02T17:58:20
CLM008280,POL04171,2024-06-30,2063.14,Denied,Accidental death claim,batch_002,2026-08-02T17:58:20
CLM008281,POL05016,2023-07-22,12936.15,Approved,Surgery reimbursement,batch_002,2026-08-02T17:58:20
CLM008282,POL04124,2026-03-03,10079.12,Denied,Water damage,batch_002,2026-08-02T17:58:20
CLM008283,POL02913,2025-07-06,11160.80,Denied,Roof damage from storm,batch_002,2026-08-02T17:58:20
CLM008284,POL00220,2024-05-02,14166.94,Pending,Accidental death claim,batch_002,2026-08-02T17:58:20
CLM008285,POL03578,2025-03-23,5306.58,Denied,Surgery reimbursement,batch_002,2026-08-02T17:58:20
CLM008286,POL01995,2025-03-02,8001.71,Denied,Hospital stay,batch_002,2026-08-02T17:58:20
CLM008287,POL00896,2023-07-06,22543.92,Approved,Vehicle collision,batch_002,2026-08-02T17:58:20
CLM008288,POL04245,2024-02-27,9361.43,Pending,Water damage,batch_002,2026-08-02T17:58:20
CLM008289,POL04377,2025-07-11,6332.10,Pending,Terminal illness claim,batch_002,2026-08-02T17:58:20
CLM008290,POL04192,2024-05-27,15281.23,Pending,Roof damage from storm,batch_002,2026-08-02T17:58:20
CLM008291,POL04887,2026-04-07,5637.08,Approved,Medical procedure,batch_002,2026-08-02T17:58:20
CLM008292,POL01989,2025-02-07,8988.45,Pending,Prescription claim,batch_002,2026-08-02T17:58:20
CLM008293,POL00965,2024-09-21,12551.99,Approved,Medical procedure,batch_002,2026-08-02T17:58:20
CLM008294,POL03719,2023-02-03,5044.13,Denied,Accidental death claim,batch_002,2026-08-02T17:58:20
CLM008295,POL04358,2024-06-09,307.02,Approved,Windshield damage,batch_002,2026-08-02T17:58:20
CLM008296,POL01211,2025-01-02,16450.36,Denied,Terminal illness claim,batch_002,2026-08-02T17:58:20
CLM008297,POL01269,2023-05-03,15443.37,Denied,Accidental death claim,batch_002,2026-08-02T17:58:20
CLM008298,POL01100,2024-02-13,315.43,Denied,Surgery reimbursement,batch_002,2026-08-02T17:58:20
CLM008299,POL04479,2023-06-19,20583.64,Pending,Terminal illness claim,batch_002,2026-08-02T17:58:20
CLM008300,POL04490,2023-09-18,21625.13,Pending,Hospital stay,batch_002,2026-08-02T17:58:20
CLM008301,POL01155,2026-07-10,24212.80,Denied,Hit and run,batch_002,2026-08-02T17:58:20
CLM008302,POL02093,2025-12-30,15260.37,Pending,Surgery reimbursement,batch_002,2026-08-02T17:58:20
CLM008303,POL03661,2023-10-31,7695.67,Approved,Theft of vehicle,batch_002,2026-08-02T17:58:20
CLM008304,POL01430,2024-10-08,14638.48,Denied,Water damage,batch_002,2026-08-02T17:58:20
CLM008305,POL03947,2024-02-28,18054.35,Denied,Burglary,batch_002,2026-08-02T17:58:20
CLM008306,POL01477,2024-01-19,2107.04,Denied,Vehicle collision,batch_002,2026-08-02T17:58:20
CLM008307,POL03753,2025-07-23,4660.72,Denied,Accidental death claim,batch_002,2026-08-02T17:58:20
CLM008308,POL00389,2025-07-12,20235.94,Denied,Windshield damage,batch_002,2026-08-02T17:58:20
CLM008309,POL05092,2025-05-10,20821.28,Approved,Burglary,batch_002,2026-08-02T17:58:20
CLM008310,POL03654,2024-04-21,21620.38,Denied,Fallen tree damage,batch_002,2026-08-02T17:58:20
CLM008311,POL04125,2025-01-14,13009.90,Pending,Burglary,batch_002,2026-08-02T17:58:20
CLM008312,POL04831,2024-07-06,24829.45,Pending,Burglary,batch_002,2026-08-02T17:58:20
CLM008313,POL03856,2024-10-31,8333.01,Denied,Terminal illness claim,batch_002,2026-08-02T17:58:20
CLM008314,POL04201,2026-02-22,6523.76,Denied,Surgery reimbursement,batch_002,2026-08-02T17:58:20
CLM008315,POL00568,2024-03-30,5966.44,Approved,Death benefit claim,batch_002,2026-08-02T17:58:20
CLM008316,POL05001,2026-04-17,23162.49,Approved,Hospital stay,batch_002,2026-08-02T17:58:20
CLM008317,POL01746,2026-03-06,10457.13,Approved,Accidental death claim,batch_002,2026-08-02T17:58:20
CLM008318,POL02690,2024-04-19,24067.77,Denied,Death benefit claim,batch_002,2026-08-02T17:58:20
CLM008319,POL03717,2026-01-14,8388.50,Approved,Accidental death claim,batch_002,2026-08-02T17:58:20
CLM008320,POL04764,2025-12-05,5298.99,Denied,Fire damage,batch_002,2026-08-02T17:58:20
CLM008321,POL04227,2024-07-21,15109.98,Approved,Emergency room visit,batch_002,2026-08-02T17:58:20
CLM008322,POL02284,2023-03-17,7229.93,Denied,Burglary,batch_002,2026-08-02T17:58:20
CLM008323,POL04949,2023-12-12,6135.79,Pending,Theft of vehicle,batch_002,2026-08-02T17:58:20
CLM008324,POL03336,2025-04-30,3058.83,Approved,Surgery reimbursement,batch_002,2026-08-02T17:58:20
CLM008325,POL03356,2025-10-18,13904.17,Denied,Death benefit claim,batch_002,2026-08-02T17:58:20
CLM008326,POL01084,2025-08-28,17560.64,Approved,Death benefit claim,batch_002,2026-08-02T17:58:20
CLM008327,POL03813,2023-07-23,16465.05,Denied,Hospital stay,batch_002,2026-08-02T17:58:20
CLM008328,POL02068,2024-07-01,13009.66,Denied,Windshield damage,batch_002,2026-08-02T17:58:20
CLM008329,POL00837,2026-02-03,9531.31,Approved,Accidental death claim,batch_002,2026-08-02T17:58:20
CLM008330,POL01070,2025-08-04,11292.82,Denied,Fire damage,batch_002,2026-08-02T17:58:20
CLM008331,POL02033,2025-07-18,1416.15,Denied,Accidental death claim,batch_002,2026-08-02T17:58:20
CLM008332,POL01444,2024-10-06,20229.81,Pending,Accidental death claim,batch_002,2026-08-02T17:58:20
CLM008333,POL04031,2023-08-22,1778.40,Denied,Windshield damage,batch_002,2026-08-02T17:58:20
CLM008334,POL02329,2025-05-26,7526.46,Denied,Terminal illness claim,batch_002,2026-08-02T17:58:20
CLM008335,POL01541,2024-08-17,21553.28,Approved,Windshield damage,batch_002,2026-08-02T17:58:20
CLM008336,POL00627,2024-08-18,5321.70,Pending,Vehicle collision,batch_002,2026-08-02T17:58:20
CLM008337,POL04027,2024-12-20,13658.82,Approved,Accidental death claim,batch_002,2026-08-02T17:58:20
CLM008338,POL04000,2025-06-04,13535.70,Approved,Hit and run,batch_002,2026-08-02T17:58:20
CLM008339,POL03410,2026-01-16,2031.60,Pending,Theft of vehicle,batch_002,2026-08-02T17:58:20
CLM008340,POL02841,2024-07-10,15602.31,Pending,Roof damage from storm,batch_002,2026-08-02T17:58:20
CLM008341,POL04208,2026-02-04,10093.36,Approved,Terminal illness claim,batch_002,2026-08-02T17:58:20
CLM008342,POL03548,2024-03-18,8219.98,Denied,Medical procedure,batch_002,2026-08-02T17:58:20
CLM008343,POL04284,2026-01-07,23259.30,Approved,Fallen tree damage,batch_002,2026-08-02T17:58:20
CLM008344,POL04279,2023-08-07,4482.91,Approved,Water damage,batch_002,2026-08-02T17:58:20
CLM008345,POL01404,2025-05-09,22880.27,Pending,Vandalism damage,batch_002,2026-08-02T17:58:20
CLM008346,POL03124,2023-10-07,10876.50,Approved,Terminal illness claim,batch_002,2026-08-02T17:58:20
CLM008347,POL05026,2023-10-01,6885.47,Pending,Vandalism damage,batch_002,2026-08-02T17:58:20
CLM008348,POL04309,2025-07-31,19053.38,Approved,Hospital stay,batch_002,2026-08-02T17:58:20
CLM008349,POL04109,2023-06-20,24839.04,Pending,Surgery reimbursement,batch_002,2026-08-02T17:58:20
CLM008350,POL03679,2025-09-21,22097.37,Denied,Windshield damage,batch_002,2026-08-02T17:58:20
CLM008351,POL00365,2023-05-29,2073.14,Approved,Emergency room visit,batch_002,2026-08-02T17:58:20
CLM008352,POL05054,2023-09-21,13555.81,Denied,Water damage,batch_002,2026-08-02T17:58:20
CLM008353,POL01373,2025-05-22,5319.24,Approved,Water damage,batch_002,2026-08-02T17:58:20
CLM008354,POL01704,2025-11-02,21699.77,Denied,Vandalism damage,batch_002,2026-08-02T17:58:20
CLM008355,POL03576,2025-04-03,24506.05,Approved,Burglary,batch_002,2026-08-02T17:58:20
CLM008356,POL03937,2025-08-13,13673.99,Approved,Terminal illness claim,batch_002,2026-08-02T17:58:20
CLM008357,POL04437,2026-07-17,17590.34,Denied,Windshield damage,batch_002,2026-08-02T17:58:20
CLM008358,POL03861,2023-06-24,13276.69,Pending,Burglary,batch_002,2026-08-02T17:58:20
CLM008359,POL00239,2023-12-30,18087.14,Approved,Death benefit claim,batch_002,2026-08-02T17:58:20
CLM008360,POL04144,2025-07-02,24849.14,Denied,Burglary,batch_002,2026-08-02T17:58:20
CLM008361,POL04597,2023-06-03,20795.93,Denied,Vehicle collision,batch_002,2026-08-02T17:58:20
CLM008362,POL00060,2025-09-07,10226.83,Pending,Hospital stay,batch_002,2026-08-02T17:58:20
CLM008363,POL01865,2024-08-07,20614.59,Denied,Surgery reimbursement,batch_002,2026-08-02T17:58:20
CLM008364,POL03017,2023-12-07,12060.43,Denied,Burglary,batch_002,2026-08-02T17:58:20
CLM008365,POL01422,2025-12-14,4902.66,Pending,Fire damage,batch_002,2026-08-02T17:58:20
CLM008366,POL03711,2023-08-19,12542.67,Pending,Water damage,batch_002,2026-08-02T17:58:20
CLM008367,POL00459,2026-07-11,6441.77,Approved,Roof damage from storm,batch_002,2026-08-02T17:58:20
CLM008368,POL04348,2025-04-22,8975.68,Pending,Terminal illness claim,batch_002,2026-08-02T17:58:20
CLM008369,POL01789,2024-07-03,1616.30,Approved,Hit and run,batch_002,2026-08-02T17:58:20
CLM008370,POL01808,2024-02-22,18662.06,Pending,Fire damage,batch_002,2026-08-02T17:58:20
CLM008371,POL01395,2023-03-12,8675.33,Denied,Death benefit claim,batch_002,2026-08-02T17:58:20
CLM008372,POL02558,2025-02-06,17758.73,Denied,Medical procedure,batch_002,2026-08-02T17:58:20
CLM008373,POL01249,2024-11-01,8343.58,Denied,Theft of vehicle,batch_002,2026-08-02T17:58:20
CLM008374,POL03364,2024-08-05,13078.07,Pending,Fire damage,batch_002,2026-08-02T17:58:20
CLM008375,POL04742,2023-04-06,22320.09,Denied,Medical procedure,batch_002,2026-08-02T17:58:20
CLM008376,POL02402,2026-05-02,2696.10,Denied,Hit and run,batch_002,2026-08-02T17:58:20
CLM008377,POL04571,2023-12-18,13482.18,Approved,Terminal illness claim,batch_002,2026-08-02T17:58:20
CLM008378,POL04783,2023-08-24,10591.01,Denied,Burglary,batch_002,2026-08-02T17:58:20
CLM008379,POL03771,2025-08-14,5897.88,Denied,Surgery reimbursement,batch_002,2026-08-02T17:58:20
CLM008380,POL03114,2026-06-04,15257.18,Denied,Theft of vehicle,batch_002,2026-08-02T17:58:20
CLM008381,POL04219,2024-11-15,16812.96,Denied,Prescription claim,batch_002,2026-08-02T17:58:20
CLM008382,POL04092,2024-04-07,18678.16,Approved,Fire damage,batch_002,2026-08-02T17:58:20
CLM008383,POL01461,2026-07-27,15627.63,Approved,Accidental death claim,batch_002,2026-08-02T17:58:20
CLM008384,POL01336,2025-07-13,7157.24,Pending,Surgery reimbursement,batch_002,2026-08-02T17:58:20
CLM008385,POL02886,2026-01-02,13413.01,Pending,Terminal illness claim,batch_002,2026-08-02T17:58:20
CLM008386,POL00238,2026-01-22,363.13,Denied,Death benefit claim,batch_002,2026-08-02T17:58:20
CLM008387,POL01960,2023-09-06,16967.02,Denied,Terminal illness claim,batch_002,2026-08-02T17:58:20
CLM008388,POL04774,2025-07-06,21023.60,Pending,Roof damage from storm,batch_002,2026-08-02T17:58:20
CLM008389,POL01308,2025-07-20,10601.47,Approved,Burglary,batch_002,2026-08-02T17:58:20
CLM008390,POL03380,2024-03-02,698.33,Pending,Fallen tree damage,batch_002,2026-08-02T17:58:20
CLM008391,POL02647,2026-07-27,5237.59,Approved,Fire damage,batch_002,2026-08-02T17:58:20
CLM008392,POL00387,2025-04-20,5712.18,Approved,Hospital stay,batch_002,2026-08-02T17:58:20
CLM008393,POL04192,2024-05-13,820.50,Approved,Fire damage,batch_002,2026-08-02T17:58:20
CLM008394,POL04134,2025-02-25,12520.10,Denied,Windshield damage,batch_002,2026-08-02T17:58:20
CLM008395,POL04459,2026-03-30,5673.76,Denied,Burglary,batch_002,2026-08-02T17:58:20
CLM008396,POL04504,2025-07-21,15651.40,Denied,Hospital stay,batch_002,2026-08-02T17:58:20
CLM008397,POL00621,2026-07-28,1050.95,Pending,Vehicle collision,batch_002,2026-08-02T17:58:20
CLM008398,POL00959,2026-04-09,9212.79,Approved,Fire damage,batch_002,2026-08-02T17:58:20
CLM008399,POL03745,2023-08-02,7077.07,Approved,Roof damage from storm,batch_002,2026-08-02T17:58:20
CLM008400,POL03308,2026-03-31,11513.77,Approved,Burglary,batch_002,2026-08-02T17:58:20
CLM008401,POL04023,2023-11-17,4225.95,Denied,Vehicle collision,batch_002,2026-08-02T17:58:20
CLM008402,POL02612,2025-03-19,23157.45,Denied,Fallen tree damage,batch_002,2026-08-02T17:58:20
CLM008403,POL03535,2026-07-08,16535.25,Denied,Hit and run,batch_002,2026-08-02T17:58:20
CLM008404,POL04763,2024-12-29,16727.87,Denied,Terminal illness claim,batch_002,2026-08-02T17:58:20
CLM008405,POL04053,2023-05-04,14251.81,Pending,Fallen tree damage,batch_002,2026-08-02T17:58:20
CLM008406,POL03039,2025-11-01,24408.94,Approved,Surgery reimbursement,batch_002,2026-08-02T17:58:20
CLM008407,POL02656,2023-09-19,22424.12,Approved,Prescription claim,batch_002,2026-08-02T17:58:20
CLM008408,POL01098,2024-11-02,14122.31,Pending,Water damage,batch_002,2026-08-02T17:58:20
CLM008409,POL03630,2025-05-22,2956.85,Pending,Theft of vehicle,batch_002,2026-08-02T17:58:20
CLM008410,POL02345,2024-09-22,22449.51,Pending,Fire damage,batch_002,2026-08-02T17:58:20
CLM008411,POL02827,2026-07-19,23557.29,Pending,Roof damage from storm,batch_002,2026-08-02T17:58:20
CLM008412,POL01074,2026-03-08,18502.81,Pending,Roof damage from storm,batch_002,2026-08-02T17:58:20
CLM008413,POL01175,2023-07-15,23565.86,Pending,Accidental death claim,batch_002,2026-08-02T17:58:20
CLM008414,POL04102,2025-11-19,4184.24,Approved,Terminal illness claim,batch_002,2026-08-02T17:58:20
CLM008415,POL02567,2026-01-09,2497.39,Approved,Fallen tree damage,batch_002,2026-08-02T17:58:20
CLM008416,POL01516,2024-06-16,2404.03,Denied,Burglary,batch_002,2026-08-02T17:58:20
CLM008417,POL02420,2026-06-28,17792.26,Denied,Death benefit claim,batch_002,2026-08-02T17:58:20
CLM008418,POL00492,2023-12-03,20115.39,Approved,Emergency room visit,batch_002,2026-08-02T17:58:20
CLM008419,POL03880,2023-02-19,9704.36,Pending,Roof damage from storm,batch_002,2026-08-02T17:58:20
CLM008420,POL03795,2026-03-20,5141.78,Pending,Hospital stay,batch_002,2026-08-02T17:58:20
CLM008421,POL01160,2025-01-02,7574.62,Approved,Emergency room visit,batch_002,2026-08-02T17:58:20
CLM008422,POL02969,2023-10-24,17111.73,Approved,Fire damage,batch_002,2026-08-02T17:58:20
CLM008423,POL00751,2025-10-07,19665.77,Pending,Roof damage from storm,batch_002,2026-08-02T17:58:20
CLM008424,POL02341,2026-06-13,339.21,Pending,Emergency room visit,batch_002,2026-08-02T17:58:20
CLM008425,POL04774,2025-02-15,5086.85,Denied,Fire damage,batch_002,2026-08-02T17:58:20
CLM008426,POL02373,2023-02-16,20903.86,Approved,Fallen tree damage,batch_002,2026-08-02T17:58:20
CLM008427,POL02053,2023-10-19,2347.33,Pending,Death benefit claim,batch_002,2026-08-02T17:58:20
CLM008428,POL04520,2024-01-19,22539.34,Denied,Windshield damage,batch_002,2026-08-02T17:58:20
CLM008429,POL02897,2025-03-16,12007.06,Denied,Hospital stay,batch_002,2026-08-02T17:58:20
CLM008430,POL04655,2025-02-17,1622.15,Approved,Terminal illness claim,batch_002,2026-08-02T17:58:20
CLM008431,POL03920,2025-07-22,15233.78,Denied,Medical procedure,batch_002,2026-08-02T17:58:20
CLM008432,POL01117,2026-03-18,20031.88,Pending,Windshield damage,batch_002,2026-08-02T17:58:20
CLM008433,POL01261,2023-10-02,8190.45,Denied,Vehicle collision,batch_002,2026-08-02T17:58:20
CLM008434,POL00708,2025-02-17,13886.84,Pending,Death benefit claim,batch_002,2026-08-02T17:58:20
CLM008435,POL00933,2025-02-19,5178.26,Denied,Windshield damage,batch_002,2026-08-02T17:58:20
CLM008436,POL02147,2024-04-28,20046.01,Pending,Surgery reimbursement,batch_002,2026-08-02T17:58:20
CLM008437,POL03875,2026-05-02,1809.57,Approved,Accidental death claim,batch_002,2026-08-02T17:58:20
CLM008438,POL03543,2023-02-03,4479.93,Denied,Prescription claim,batch_002,2026-08-02T17:58:20
CLM008439,POL04480,2025-12-15,10458.67,Approved,Prescription claim,batch_002,2026-08-02T17:58:20
CLM008440,POL01960,2026-07-29,7329.82,Approved,Death benefit claim,batch_002,2026-08-02T17:58:20
CLM008441,POL00955,2023-11-12,3853.36,Approved,Hospital stay,batch_002,2026-08-02T17:58:20
CLM008442,POL00708,2025-12-18,22082.99,Pending,Death benefit claim,batch_002,2026-08-02T17:58:20
CLM008443,POL04117,2024-06-13,2181.22,Approved,Medical procedure,batch_002,2026-08-02T17:58:20
CLM008444,POL00756,2024-03-02,7320.98,Denied,Hospital stay,batch_002,2026-08-02T17:58:20
CLM008445,POL00282,2025-01-01,4152.75,Pending,Accidental death claim,batch_002,2026-08-02T17:58:20
CLM008446,POL00416,2024-08-04,13945.84,Pending,Accidental death claim,batch_002,2026-08-02T17:58:20
CLM008447,POL00576,2025-11-15,14502.05,Pending,Terminal illness claim,batch_002,2026-08-02T17:58:20
CLM008448,POL02475,2024-01-23,20258.28,Approved,Windshield damage,batch_002,2026-08-02T17:58:20
CLM008449,POL00959,2026-05-04,20630.09,Approved,Fallen tree damage,batch_002,2026-08-02T17:58:20
CLM008450,POL04835,2025-08-12,998.90,Approved,Vehicle collision,batch_002,2026-08-02T17:58:20
CLM008451,POL01778,2026-01-17,4885.61,Denied,Accidental death claim,batch_002,2026-08-02T17:58:20
CLM008452,POL01695,2026-07-26,2443.09,Approved,Death benefit claim,batch_002,2026-08-02T17:58:20
CLM008453,POL03532,2024-06-20,22036.94,Pending,Terminal illness claim,batch_002,2026-08-02T17:58:20
CLM008454,POL04007,2024-07-15,1440.48,Denied,Accidental death claim,batch_002,2026-08-02T17:58:20
CLM008455,POL00567,2024-12-09,22790.96,Approved,Vehicle collision,batch_002,2026-08-02T17:58:20
CLM008456,POL01784,2025-01-28,17300.46,Pending,Vehicle collision,batch_002,2026-08-02T17:58:20
CLM008457,POL05066,2023-07-01,22207.63,Denied,Roof damage from storm,batch_002,2026-08-02T17:58:20
CLM008458,POL00293,2024-09-18,8094.38,Approved,Vehicle collision,batch_002,2026-08-02T17:58:20
CLM008459,POL01960,2025-09-20,18082.21,Approved,Death benefit claim,batch_002,2026-08-02T17:58:20
CLM008460,POL02040,2026-06-21,6883.53,Denied,Hospital stay,batch_002,2026-08-02T17:58:20
CLM008461,POL03014,2025-05-17,10803.45,Denied,Medical procedure,batch_002,2026-08-02T17:58:20
CLM008462,POL02098,2024-10-03,22369.71,Denied,Prescription claim,batch_002,2026-08-02T17:58:20
CLM008463,POL02826,2023-10-23,1544.98,Pending,Prescription claim,batch_002,2026-08-02T17:58:20
CLM008464,POL03718,2023-11-06,8734.14,Pending,Fire damage,batch_002,2026-08-02T17:58:20
CLM008465,POL02934,2025-03-01,17716.41,Pending,Hit and run,batch_002,2026-08-02T17:58:20
CLM008466,POL01246,2023-06-03,1973.52,Denied,Windshield damage,batch_002,2026-08-02T17:58:20
CLM008467,POL00964,2025-01-17,9919.91,Approved,Prescription claim,batch_002,2026-08-02T17:58:20
CLM008468,POL04128,2025-07-02,18229.42,Approved,Accidental death claim,batch_002,2026-08-02T17:58:20
CLM008469,POL00450,2025-08-24,7954.89,Pending,Burglary,batch_002,2026-08-02T17:58:20
CLM008470,POL00254,2025-09-16,23857.25,Pending,Vandalism damage,batch_002,2026-08-02T17:58:20
CLM008471,POL03106,2023-06-08,1604.63,Denied,Burglary,batch_002,2026-08-02T17:58:20
CLM008472,POL00187,2025-10-26,440.24,Pending,Accidental death claim,batch_002,2026-08-02T17:58:20
CLM008473,POL02302,2024-02-06,10124.58,Pending,Terminal illness claim,batch_002,2026-08-02T17:58:20
CLM008474,POL03254,2023-02-05,15154.44,Pending,Windshield damage,batch_002,2026-08-02T17:58:20
CLM008475,POL02031,2025-07-30,5533.18,Denied,Water damage,batch_002,2026-08-02T17:58:20
CLM008476,POL00240,2025-11-03,12379.49,Pending,Roof damage from storm,batch_002,2026-08-02T17:58:20
CLM008477,POL04284,2026-06-18,20487.93,Approved,Fallen tree damage,batch_002,2026-08-02T17:58:20
CLM008478,POL04059,2023-07-14,6931.27,Approved,Vandalism damage,batch_002,2026-08-02T17:58:20
CLM008479,POL03448,2025-11-04,5027.73,Approved,Death benefit claim,batch_002,2026-08-02T17:58:20
CLM008480,POL02444,2024-10-27,5465.77,Approved,Prescription claim,batch_002,2026-08-02T17:58:20
CLM008481,POL02766,2025-07-02,22249.85,Denied,Terminal illness claim,batch_002,2026-08-02T17:58:20
CLM008482,POL02338,2026-03-21,22053.96,Pending,Accidental death claim,batch_002,2026-08-02T17:58:20
CLM008483,POL04311,2025-02-21,13846.28,Pending,Windshield damage,batch_002,2026-08-02T17:58:20
CLM008484,POL01994,2026-06-10,11756.20,Pending,Water damage,batch_002,2026-08-02T17:58:20
CLM008485,POL04734,2026-07-11,12372.90,Approved,Vandalism damage,batch_002,2026-08-02T17:58:20
CLM008486,POL02663,2023-11-09,22842.02,Pending,Fire damage,batch_002,2026-08-02T17:58:20
CLM008487,POL03063,2024-05-18,13805.20,Denied,Theft of vehicle,batch_002,2026-08-02T17:58:20
CLM008488,POL02917,2025-07-11,7977.49,Approved,Death benefit claim,batch_002,2026-08-02T17:58:20
CLM008489,POL05081,2023-07-01,22364.72,Denied,Death benefit claim,batch_002,2026-08-02T17:58:20
CLM008490,POL01760,2023-12-13,22991.51,Pending,Emergency room visit,batch_002,2026-08-02T17:58:20
CLM008491,POL01927,2023-12-02,10766.30,Pending,Accidental death claim,batch_002,2026-08-02T17:58:20
CLM008492,POL01690,2023-03-12,17789.82,Approved,Hit and run,batch_002,2026-08-02T17:58:20
CLM008493,POL04609,2025-03-28,21045.58,Approved,Death benefit claim,batch_002,2026-08-02T17:58:20
CLM008494,POL01971,2024-05-03,13344.04,Approved,Roof damage from storm,batch_002,2026-08-02T17:58:20
CLM008495,POL01929,2024-10-20,10338.74,Denied,Theft of vehicle,batch_002,2026-08-02T17:58:20
CLM008496,POL04251,2023-11-27,7848.90,Denied,Terminal illness claim,batch_002,2026-08-02T17:58:20
CLM008497,POL04238,2024-01-16,10825.12,Denied,Theft of vehicle,batch_002,2026-08-02T17:58:20
CLM008498,POL00805,2024-04-11,9883.08,Denied,Water damage,batch_002,2026-08-02T17:58:20
CLM008499,POL01068,2024-10-01,1060.92,Approved,Vehicle collision,batch_002,2026-08-02T17:58:20
CLM008500,POL03747,2024-01-21,8389.62,Approved,Hospital stay,batch_002,2026-08-02T17:58:20
CLM008501,POL03624,2023-03-29,10050.93,Approved,Roof damage from storm,batch_002,2026-08-02T17:58:20
CLM008502,POL02936,2026-07-17,12883.30,Approved,Fallen tree damage,batch_002,2026-08-02T17:58:20
CLM008503,POL00848,2024-03-16,2861.61,Denied,Roof damage from storm,batch_002,2026-08-02T17:58:20
CLM008504,POL00652,2025-09-09,9309.80,Approved,Hospital stay,batch_002,2026-08-02T17:58:20
CLM008505,POL00924,2024-03-20,17697.67,Pending,Emergency room visit,batch_002,2026-08-02T17:58:20
CLM008506,POL03107,2024-06-12,22301.65,Approved,Burglary,batch_002,2026-08-02T17:58:20
CLM008507,POL04416,2023-04-24,3044.74,Denied,Terminal illness claim,batch_002,2026-08-02T17:58:20
CLM008508,POL00255,2025-10-16,21507.72,Denied,Water damage,batch_002,2026-08-02T17:58:20
CLM008509,POL00732,2026-03-31,12958.29,Approved,Prescription claim,batch_002,2026-08-02T17:58:20
CLM008510,POL00182,2023-09-04,19589.08,Denied,Roof damage from storm,batch_002,2026-08-02T17:58:20
CLM008511,POL02209,2024-10-28,9539.19,Denied,Terminal illness claim,batch_002,2026-08-02T17:58:20
CLM008512,POL01438,2023-04-20,12569.33,Approved,Burglary,batch_002,2026-08-02T17:58:20
CLM008513,POL04150,2025-05-08,18851.18,Approved,Terminal illness claim,batch_002,2026-08-02T17:58:20
CLM008514,POL03704,2026-06-25,2328.67,Denied,Water damage,batch_002,2026-08-02T17:58:20
CLM008515,POL01626,2025-11-18,7322.69,Pending,Roof damage from storm,batch_002,2026-08-02T17:58:20
CLM008516,POL02579,2024-02-21,7092.16,Denied,Fallen tree damage,batch_002,2026-08-02T17:58:20
CLM008517,POL02902,2025-08-05,16896.72,Denied,Vehicle collision,batch_002,2026-08-02T17:58:20
CLM008518,POL00073,2025-01-19,5848.60,Approved,Medical procedure,batch_002,2026-08-02T17:58:20
CLM008519,POL00760,2025-05-13,15064.24,Denied,Windshield damage,batch_002,2026-08-02T17:58:20
CLM008520,POL01247,2025-06-19,12463.92,Approved,Emergency room visit,batch_002,2026-08-02T17:58:20
CLM008521,POL04282,2026-04-27,9472.54,Pending,Hit and run,batch_002,2026-08-02T17:58:20
CLM008522,POL02188,2023-09-02,17206.03,Pending,Vehicle collision,batch_002,2026-08-02T17:58:20
CLM008523,POL03646,2024-10-25,18619.24,Approved,Terminal illness claim,batch_002,2026-08-02T17:58:20
CLM008524,POL04345,2023-06-01,13423.47,Pending,Death benefit claim,batch_002,2026-08-02T17:58:20
CLM008525,POL04759,2024-05-19,8188.62,Pending,Burglary,batch_002,2026-08-02T17:58:20
CLM008526,POL00176,2023-11-05,24498.02,Pending,Emergency room visit,batch_002,2026-08-02T17:58:20
CLM008527,POL02119,2023-09-03,831.48,Pending,Accidental death claim,batch_002,2026-08-02T17:58:20
CLM008528,POL04699,2024-07-25,2217.34,Pending,Theft of vehicle,batch_002,2026-08-02T17:58:20
CLM008529,POL00272,2025-10-15,13635.54,Approved,Death benefit claim,batch_002,2026-08-02T17:58:20
CLM008530,POL03374,2026-04-27,20107.85,Denied,Death benefit claim,batch_002,2026-08-02T17:58:20
CLM008531,POL01971,2025-01-02,6949.85,Pending,Roof damage from storm,batch_002,2026-08-02T17:58:20
CLM008532,POL04604,2025-04-30,6873.05,Pending,Terminal illness claim,batch_002,2026-08-02T17:58:20
CLM008533,POL03797,2026-01-14,944.76,Pending,Prescription claim,batch_002,2026-08-02T17:58:20
CLM008534,POL01415,2025-01-13,20280.73,Pending,Theft of vehicle,batch_002,2026-08-02T17:58:20
CLM008535,POL04722,2026-05-14,8451.06,Pending,Water damage,batch_002,2026-08-02T17:58:20
CLM008536,POL02498,2026-04-29,20301.40,Pending,Roof damage from storm,batch_002,2026-08-02T17:58:20
CLM008537,POL02090,2023-05-19,15365.11,Denied,Prescription claim,batch_002,2026-08-02T17:58:20
CLM008538,POL04720,2024-12-18,8299.65,Approved,Vehicle collision,batch_002,2026-08-02T17:58:20
CLM008539,POL03900,2025-08-24,21079.98,Pending,Terminal illness claim,batch_002,2026-08-02T17:58:20
CLM008540,POL03565,2026-02-06,3347.72,Denied,Windshield damage,batch_002,2026-08-02T17:58:20
CLM008541,POL04101,2026-05-30,293.04,Approved,Medical procedure,batch_002,2026-08-02T17:58:20
CLM008542,POL03399,2026-07-17,24174.40,Pending,Water damage,batch_002,2026-08-02T17:58:20
CLM008543,POL03661,2025-10-31,5196.87,Denied,Hit and run,batch_002,2026-08-02T17:58:20
CLM008544,POL04752,2025-11-29,16590.37,Denied,Accidental death claim,batch_002,2026-08-02T17:58:20
CLM008545,POL02613,2025-06-21,14668.38,Approved,Roof damage from storm,batch_002,2026-08-02T17:58:20
CLM008546,POL00963,2025-07-11,20421.26,Pending,Emergency room visit,batch_002,2026-08-02T17:58:20
CLM008547,POL04513,2024-11-14,5776.03,Approved,Hit and run,batch_002,2026-08-02T17:58:20
CLM008548,POL02282,2025-12-28,22745.23,Pending,Accidental death claim,batch_002,2026-08-02T17:58:20
CLM008549,POL03985,2024-02-20,17988.95,Pending,Accidental death claim,batch_002,2026-08-02T17:58:20
CLM008550,POL00379,2024-11-18,1420.22,Denied,Death benefit claim,batch_002,2026-08-02T17:58:20
CLM008551,POL03811,2024-04-22,13949.02,Approved,Windshield damage,batch_002,2026-08-02T17:58:20
CLM008552,POL02326,2024-09-06,15942.82,Denied,Prescription claim,batch_002,2026-08-02T17:58:20
CLM008553,POL03319,2024-07-17,23805.77,Pending,Accidental death claim,batch_002,2026-08-02T17:58:20
CLM008554,POL01962,2025-08-21,1119.76,Denied,Accidental death claim,batch_002,2026-08-02T17:58:20
CLM008555,POL02472,2025-02-27,14029.99,Approved,Surgery reimbursement,batch_002,2026-08-02T17:58:20
CLM008556,POL01424,2024-10-20,15675.28,Pending,Emergency room visit,batch_002,2026-08-02T17:58:20
CLM008557,POL02568,2023-10-12,17869.46,Approved,Fallen tree damage,batch_002,2026-08-02T17:58:20
CLM008558,POL01655,2024-03-17,16033.68,Denied,Fire damage,batch_002,2026-08-02T17:58:20
CLM008559,POL04382,2025-01-29,20260.98,Pending,Terminal illness claim,batch_002,2026-08-02T17:58:20
CLM008560,POL03321,2024-10-14,16495.03,Pending,Vandalism damage,batch_002,2026-08-02T17:58:20
CLM008561,POL01022,2025-07-08,16522.66,Approved,Fire damage,batch_002,2026-08-02T17:58:20
CLM008562,POL03397,2023-05-08,9521.09,Pending,Terminal illness claim,batch_002,2026-08-02T17:58:20
CLM008563,POL03870,2024-04-14,2486.82,Approved,Roof damage from storm,batch_002,2026-08-02T17:58:20
CLM008564,POL04241,2023-03-09,3334.38,Pending,Water damage,batch_002,2026-08-02T17:58:20
CLM008565,POL04299,2026-03-18,21646.09,Denied,Death benefit claim,batch_002,2026-08-02T17:58:20
CLM008566,POL04275,2023-02-28,7012.12,Pending,Vehicle collision,batch_002,2026-08-02T17:58:20
CLM008567,POL03995,2024-04-05,18220.26,Approved,Medical procedure,batch_002,2026-08-02T17:58:20
CLM008568,POL03413,2025-11-08,3069.58,Denied,Hit and run,batch_002,2026-08-02T17:58:20
CLM008569,POL02112,2024-10-16,6439.01,Pending,Vehicle collision,batch_002,2026-08-02T17:58:20
CLM008570,POL00845,2024-05-09,24984.03,Pending,Emergency room visit,batch_002,2026-08-02T17:58:20
CLM008571,POL00495,2024-04-28,18980.39,Denied,Terminal illness claim,batch_002,2026-08-02T17:58:20
CLM008572,POL02486,2026-07-11,4394.30,Denied,Terminal illness claim,batch_002,2026-08-02T17:58:20
CLM008573,POL01744,2026-05-31,23994.52,Pending,Vandalism damage,batch_002,2026-08-02T17:58:20
CLM008574,POL04478,2024-03-25,21463.67,Denied,Emergency room visit,batch_002,2026-08-02T17:58:20
CLM008575,POL01976,2024-04-06,12476.34,Pending,Accidental death claim,batch_002,2026-08-02T17:58:20
CLM008576,POL03956,2024-08-03,24265.16,Pending,Burglary,batch_002,2026-08-02T17:58:20
CLM008577,POL03756,2023-07-29,1507.00,Pending,Hospital stay,batch_002,2026-08-02T17:58:20
CLM008578,POL00992,2024-01-28,15849.82,Denied,Fire damage,batch_002,2026-08-02T17:58:20
CLM008579,POL01414,2023-10-02,8424.92,Approved,Death benefit claim,batch_002,2026-08-02T17:58:20
CLM008580,POL00709,2024-12-03,18799.01,Pending,Accidental death claim,batch_002,2026-08-02T17:58:20
CLM008581,POL00253,2023-03-12,24225.91,Approved,Terminal illness claim,batch_002,2026-08-02T17:58:20
CLM008582,POL03958,2026-01-08,14336.61,Pending,Vehicle collision,batch_002,2026-08-02T17:58:20
CLM008583,POL05035,2024-02-12,10286.58,Denied,Hit and run,batch_002,2026-08-02T17:58:20
CLM008584,POL00160,2025-06-14,3795.22,Denied,Roof damage from storm,batch_002,2026-08-02T17:58:20
CLM008585,POL01666,2023-03-12,24819.50,Pending,Accidental death claim,batch_002,2026-08-02T17:58:20
CLM008586,POL02958,2024-09-07,11538.42,Denied,Terminal illness claim,batch_002,2026-08-02T17:58:20
CLM008587,POL03298,2025-02-24,18973.72,Pending,Vandalism damage,batch_002,2026-08-02T17:58:20
CLM008588,POL01095,2024-05-12,24379.78,Pending,Medical procedure,batch_002,2026-08-02T17:58:20
CLM008589,POL00114,2024-06-13,4803.91,Pending,Terminal illness claim,batch_002,2026-08-02T17:58:20
CLM008590,POL00079,2025-12-20,20815.97,Pending,Accidental death claim,batch_002,2026-08-02T17:58:20
CLM008591,POL00174,2023-09-22,11230.75,Approved,Terminal illness claim,batch_002,2026-08-02T17:58:20
CLM008592,POL04262,2023-07-15,13240.47,Pending,Hit and run,batch_002,2026-08-02T17:58:20
CLM008593,POL03561,2026-05-29,18811.36,Pending,Windshield damage,batch_002,2026-08-02T17:58:20
CLM008594,POL01346,2023-07-21,12517.89,Pending,Water damage,batch_002,2026-08-02T17:58:20
CLM008595,POL04675,2023-03-21,5941.00,Pending,Roof damage from storm,batch_002,2026-08-02T17:58:20
CLM008596,POL04865,2023-06-21,16842.42,Pending,Hit and run,batch_002,2026-08-02T17:58:20
CLM008597,POL04029,2024-12-04,18091.16,Pending,Hit and run,batch_002,2026-08-02T17:58:20
CLM008598,POL03354,2023-02-05,4482.46,Denied,Terminal illness claim,batch_002,2026-08-02T17:58:20
CLM008599,POL00486,2023-03-31,19981.24,Pending,Terminal illness claim,batch_002,2026-08-02T17:58:20
CLM008600,POL02788,2025-01-15,9934.69,Denied,Emergency room visit,batch_002,2026-08-02T17:58:20
CLM008601,POL03499,2024-03-16,11825.19,Denied,Theft of vehicle,batch_002,2026-08-02T17:58:20
CLM008602,POL00736,2025-03-01,19358.01,Pending,Death benefit claim,batch_002,2026-08-02T17:58:20
CLM008603,POL04114,2025-06-26,2663.78,Pending,Theft of vehicle,batch_002,2026-08-02T17:58:20
CLM008604,POL04083,2025-11-15,11968.06,Denied,Medical procedure,batch_002,2026-08-02T17:58:20
CLM008605,POL00331,2023-06-11,7752.55,Approved,Fire damage,batch_002,2026-08-02T17:58:20
CLM008606,POL00500,2024-04-08,4728.98,Approved,Burglary,batch_002,2026-08-02T17:58:20
CLM008607,POL05010,2025-11-05,24793.22,Approved,Death benefit claim,batch_002,2026-08-02T17:58:20
CLM008608,POL01776,2024-11-10,3212.68,Pending,Prescription claim,batch_002,2026-08-02T17:58:20
CLM008609,POL02095,2024-02-04,8698.30,Denied,Terminal illness claim,batch_002,2026-08-02T17:58:20
CLM008610,POL01825,2023-09-07,6113.90,Pending,Medical procedure,batch_002,2026-08-02T17:58:20
CLM008611,POL03781,2025-04-19,18861.80,Denied,Vehicle collision,batch_002,2026-08-02T17:58:20
CLM008612,POL03122,2023-06-02,8441.78,Denied,Fallen tree damage,batch_002,2026-08-02T17:58:20
CLM008613,POL02809,2025-09-13,3751.28,Approved,Theft of vehicle,batch_002,2026-08-02T17:58:20
CLM008614,POL03810,2024-03-12,10052.83,Denied,Surgery reimbursement,batch_002,2026-08-02T17:58:20
CLM008615,POL01001,2025-07-11,3216.10,Pending,Accidental death claim,batch_002,2026-08-02T17:58:20
CLM008616,POL01640,2023-03-29,19025.40,Pending,Vandalism damage,batch_002,2026-08-02T17:58:20
CLM008617,POL00203,2024-12-09,1640.03,Denied,Emergency room visit,batch_002,2026-08-02T17:58:20
CLM008618,POL03273,2024-03-29,18110.91,Denied,Vandalism damage,batch_002,2026-08-02T17:58:20
CLM008619,POL01712,2023-08-06,4933.65,Denied,Terminal illness claim,batch_002,2026-08-02T17:58:20
CLM008620,POL01889,2025-11-25,5505.77,Denied,Fire damage,batch_002,2026-08-02T17:58:20
CLM008621,POL01225,2025-09-26,13366.48,Denied,Accidental death claim,batch_002,2026-08-02T17:58:20
CLM008622,POL03279,2024-12-26,4067.59,Pending,Windshield damage,batch_002,2026-08-02T17:58:20
CLM008623,POL03813,2026-05-01,3581.34,Approved,Prescription claim,batch_002,2026-08-02T17:58:20
CLM008624,POL01448,2026-07-30,4737.34,Pending,Emergency room visit,batch_002,2026-08-02T17:58:20
CLM008625,POL00836,2024-11-01,980.09,Approved,Hit and run,batch_002,2026-08-02T17:58:20
CLM008626,POL00436,2025-08-05,271.95,Pending,Fallen tree damage,batch_002,2026-08-02T17:58:20
CLM008627,POL02558,2024-10-23,3650.12,Approved,Surgery reimbursement,batch_002,2026-08-02T17:58:20
CLM008628,POL00279,2026-01-07,5189.91,Denied,Water damage,batch_002,2026-08-02T17:58:20
CLM008629,POL02189,2023-06-10,4858.08,Approved,Vehicle collision,batch_002,2026-08-02T17:58:20
CLM008630,POL04403,2026-05-31,22192.21,Pending,Emergency room visit,batch_002,2026-08-02T17:58:20
CLM008631,POL04370,2024-03-15,7095.18,Denied,Vehicle collision,batch_002,2026-08-02T17:58:20
CLM008632,POL01048,2025-12-25,9065.18,Denied,Hospital stay,batch_002,2026-08-02T17:58:20
CLM008633,POL00104,2023-05-23,11672.03,Denied,Water damage,batch_002,2026-08-02T17:58:20
CLM008634,POL04854,2025-06-16,13141.74,Pending,Accidental death claim,batch_002,2026-08-02T17:58:20
CLM008635,POL03045,2023-02-05,16970.54,Denied,Burglary,batch_002,2026-08-02T17:58:20
CLM008636,POL04681,2025-01-07,16502.26,Pending,Water damage,batch_002,2026-08-02T17:58:20
CLM008637,POL03164,2026-07-05,7465.23,Pending,Roof damage from storm,batch_002,2026-08-02T17:58:20
CLM008638,POL02517,2024-01-21,7631.05,Pending,Death benefit claim,batch_002,2026-08-02T17:58:20
CLM008639,POL00786,2025-08-13,9254.46,Pending,Vandalism damage,batch_002,2026-08-02T17:58:20
CLM008640,POL01823,2023-10-01,11642.83,Pending,Death benefit claim,batch_002,2026-08-02T17:58:20
CLM008641,POL03565,2024-03-03,7305.20,Denied,Windshield damage,batch_002,2026-08-02T17:58:20
CLM008642,POL01192,2026-06-18,15768.05,Denied,Emergency room visit,batch_002,2026-08-02T17:58:20
CLM008643,POL04936,2025-12-02,10774.04,Pending,Theft of vehicle,batch_002,2026-08-02T17:58:20
CLM008644,POL05053,2024-01-28,5184.04,Pending,Death benefit claim,batch_002,2026-08-02T17:58:20
CLM008645,POL04311,2024-11-20,24801.91,Approved,Vandalism damage,batch_002,2026-08-02T17:58:20
CLM008646,POL00312,2023-09-07,5601.62,Denied,Vandalism damage,batch_002,2026-08-02T17:58:20
CLM008647,POL04975,2025-04-14,11771.85,Pending,Fallen tree damage,batch_002,2026-08-02T17:58:20
CLM008648,POL01784,2026-03-16,16975.22,Approved,Theft of vehicle,batch_002,2026-08-02T17:58:20
CLM008649,POL00188,2023-05-31,4208.02,Pending,Accidental death claim,batch_002,2026-08-02T17:58:20
CLM008650,POL03065,2023-03-04,20624.44,Denied,Surgery reimbursement,batch_002,2026-08-02T17:58:20
CLM008651,POL02973,2024-07-07,19506.50,Pending,Vehicle collision,batch_002,2026-08-02T17:58:20
CLM008652,POL01047,2025-06-22,8357.38,Denied,Burglary,batch_002,2026-08-02T17:58:20
CLM008653,POL03559,2025-02-05,21936.08,Pending,Vandalism damage,batch_002,2026-08-02T17:58:20
CLM008654,POL03317,2023-12-21,15983.62,Approved,Terminal illness claim,batch_002,2026-08-02T17:58:20
CLM008655,POL03750,2024-12-18,5656.53,Denied,Hit and run,batch_002,2026-08-02T17:58:20
CLM008656,POL03421,2023-10-24,11828.68,Denied,Fallen tree damage,batch_002,2026-08-02T17:58:20
CLM008657,POL04727,2026-03-01,16995.64,Denied,Windshield damage,batch_002,2026-08-02T17:58:20
CLM008658,POL01166,2026-04-22,14031.90,Denied,Fallen tree damage,batch_002,2026-08-02T17:58:20
CLM008659,POL00730,2024-05-29,22275.38,Approved,Windshield damage,batch_002,2026-08-02T17:58:20
CLM008660,POL04324,2026-01-22,8440.23,Denied,Fire damage,batch_002,2026-08-02T17:58:20
CLM008661,POL03848,2025-10-25,9590.23,Approved,Water damage,batch_002,2026-08-02T17:58:20
CLM008662,POL02665,2024-07-10,8876.49,Denied,Emergency room visit,batch_002,2026-08-02T17:58:20
CLM008663,POL03619,2023-05-16,5226.87,Pending,Burglary,batch_002,2026-08-02T17:58:20
CLM008664,POL01867,2024-10-04,14954.61,Denied,Vandalism damage,batch_002,2026-08-02T17:58:20
CLM008665,POL02760,2024-05-30,22932.15,Denied,Water damage,batch_002,2026-08-02T17:58:20
CLM008666,POL01648,2023-09-04,13952.65,Denied,Theft of vehicle,batch_002,2026-08-02T17:58:20
CLM008667,POL02343,2023-12-07,10427.48,Denied,Theft of vehicle,batch_002,2026-08-02T17:58:20
CLM008668,POL01626,2025-11-13,1954.71,Approved,Fallen tree damage,batch_002,2026-08-02T17:58:20
CLM008669,POL04019,2025-06-21,5508.29,Approved,Windshield damage,batch_002,2026-08-02T17:58:20
CLM008670,POL00746,2026-06-16,490.93,Approved,Accidental death claim,batch_002,2026-08-02T17:58:20
CLM008671,POL03832,2023-06-08,9566.22,Denied,Death benefit claim,batch_002,2026-08-02T17:58:20
CLM008672,POL01375,2026-06-08,8838.01,Denied,Accidental death claim,batch_002,2026-08-02T17:58:20
CLM008673,POL03779,2023-06-08,18023.43,Approved,Fire damage,batch_002,2026-08-02T17:58:20
CLM008674,POL01676,2023-12-13,7198.52,Pending,Hit and run,batch_002,2026-08-02T17:58:20
CLM008675,POL02195,2025-10-03,14150.58,Pending,Vehicle collision,batch_002,2026-08-02T17:58:20
CLM008676,POL03491,2025-04-03,16721.54,Approved,Vehicle collision,batch_002,2026-08-02T17:58:20
CLM008677,POL04754,2024-05-28,3183.68,Pending,Medical procedure,batch_002,2026-08-02T17:58:20
CLM008678,POL02477,2025-08-30,13763.02,Denied,Terminal illness claim,batch_002,2026-08-02T17:58:20
CLM008679,POL00188,2024-12-05,18719.97,Approved,Accidental death claim,batch_002,2026-08-02T17:58:20
CLM008680,POL01264,2026-02-21,10392.42,Denied,Burglary,batch_002,2026-08-02T17:58:20
CLM008681,POL04569,2026-02-24,22175.55,Pending,Emergency room visit,batch_002,2026-08-02T17:58:20
CLM008682,POL03843,2025-10-02,12901.04,Pending,Terminal illness claim,batch_002,2026-08-02T17:58:20
CLM008683,POL02289,2023-10-26,2375.01,Denied,Water damage,batch_002,2026-08-02T17:58:20
CLM008684,POL05050,2026-05-31,16805.29,Pending,Death benefit claim,batch_002,2026-08-02T17:58:20
CLM008685,POL04061,2025-02-10,2508.51,Denied,Roof damage from storm,batch_002,2026-08-02T17:58:20
CLM008686,POL02997,2023-02-17,23744.72,Approved,Vehicle collision,batch_002,2026-08-02T17:58:20
CLM008687,POL02340,2023-05-02,18805.56,Approved,Surgery reimbursement,batch_002,2026-08-02T17:58:20
CLM008688,POL03429,2025-04-08,10939.69,Pending,Terminal illness claim,batch_002,2026-08-02T17:58:20
CLM008689,POL02089,2024-03-16,22862.75,Approved,Accidental death claim,batch_002,2026-08-02T17:58:20
CLM008690,POL01916,2025-05-25,13535.09,Pending,Death benefit claim,batch_002,2026-08-02T17:58:20
CLM008691,POL02668,2023-06-27,12579.22,Pending,Death benefit claim,batch_002,2026-08-02T17:58:20
CLM008692,POL02718,2025-02-24,9785.88,Denied,Vehicle collision,batch_002,2026-08-02T17:58:20
CLM008693,POL04532,2025-03-21,4865.42,Pending,Theft of vehicle,batch_002,2026-08-02T17:58:20
CLM008694,POL03682,2025-03-01,11119.31,Pending,Hospital stay,batch_002,2026-08-02T17:58:20
CLM008695,POL04422,2023-08-18,12611.18,Denied,Surgery reimbursement,batch_002,2026-08-02T17:58:20
CLM008696,POL02012,2024-10-15,20400.68,Denied,Water damage,batch_002,2026-08-02T17:58:20
CLM008697,POL04967,2025-01-16,20503.34,Pending,Terminal illness claim,batch_002,2026-08-02T17:58:20
CLM008698,POL05071,2025-01-26,5436.61,Approved,Terminal illness claim,batch_002,2026-08-02T17:58:20
CLM008699,POL01293,2024-11-20,18697.97,Approved,Death benefit claim,batch_002,2026-08-02T17:58:20
CLM008700,POL01964,2025-06-22,1222.46,Pending,Accidental death claim,batch_002,2026-08-02T17:58:20
CLM008701,POL04848,2025-12-18,20734.58,Denied,Theft of vehicle,batch_002,2026-08-02T17:58:20
CLM008702,POL03222,2023-12-14,20075.16,Pending,Fire damage,batch_002,2026-08-02T17:58:20
CLM008703,POL02173,2023-06-04,7524.44,Approved,Theft of vehicle,batch_002,2026-08-02T17:58:20
CLM008704,POL02058,2024-06-30,13256.90,Pending,Surgery reimbursement,batch_002,2026-08-02T17:58:20
CLM008705,POL01449,2023-07-02,4747.95,Approved,Accidental death claim,batch_002,2026-08-02T17:58:20
CLM008706,POL02914,2025-06-20,9783.01,Approved,Fallen tree damage,batch_002,2026-08-02T17:58:20
CLM008707,POL03702,2025-05-06,1681.09,Pending,Hospital stay,batch_002,2026-08-02T17:58:20
CLM008708,POL00369,2025-06-17,5318.47,Denied,Hit and run,batch_002,2026-08-02T17:58:20
CLM008709,POL05095,2024-10-21,7339.36,Denied,Water damage,batch_002,2026-08-02T17:58:20
CLM008710,POL02455,2024-04-10,14726.40,Approved,Windshield damage,batch_002,2026-08-02T17:58:20
CLM008711,POL03908,2025-05-19,10118.79,Denied,Theft of vehicle,batch_002,2026-08-02T17:58:20
CLM008712,POL03765,2023-04-11,18392.92,Pending,Medical procedure,batch_002,2026-08-02T17:58:20
CLM008713,POL00672,2025-05-04,10708.13,Approved,Windshield damage,batch_002,2026-08-02T17:58:20
CLM008714,POL00949,2024-03-03,20330.99,Approved,Fire damage,batch_002,2026-08-02T17:58:20
CLM008715,POL04707,2026-01-28,20422.08,Denied,Theft of vehicle,batch_002,2026-08-02T17:58:20
CLM008716,POL02877,2026-02-13,13826.10,Denied,Fallen tree damage,batch_002,2026-08-02T17:58:20
CLM008717,POL00575,2023-12-11,15997.99,Pending,Death benefit claim,batch_002,2026-08-02T17:58:20
CLM008718,POL00348,2024-03-10,19716.94,Denied,Water damage,batch_002,2026-08-02T17:58:20
CLM008719,POL02572,2024-06-17,13076.23,Approved,Emergency room visit,batch_002,2026-08-02T17:58:20
CLM008720,POL01776,2023-04-26,3362.45,Pending,Prescription claim,batch_002,2026-08-02T17:58:20
CLM008721,POL03286,2024-11-13,131.61,Approved,Hospital stay,batch_002,2026-08-02T17:58:20
CLM008722,POL02571,2025-08-06,7959.77,Approved,Vehicle collision,batch_002,2026-08-02T17:58:20
CLM008723,POL01371,2025-10-24,14694.41,Denied,Fire damage,batch_002,2026-08-02T17:58:20
CLM008724,POL04249,2025-01-02,387.89,Approved,Medical procedure,batch_002,2026-08-02T17:58:20
CLM008725,POL01511,2023-11-10,21403.62,Denied,Terminal illness claim,batch_002,2026-08-02T17:58:20
CLM008726,POL00776,2026-02-02,24081.40,Approved,Theft of vehicle,batch_002,2026-08-02T17:58:20
CLM008727,POL04579,2023-07-16,9680.70,Pending,Medical procedure,batch_002,2026-08-02T17:58:20
CLM008728,POL04897,2023-05-16,15228.88,Pending,Vehicle collision,batch_002,2026-08-02T17:58:20
CLM008729,POL01554,2025-03-05,22842.35,Pending,Theft of vehicle,batch_002,2026-08-02T17:58:20
CLM008730,POL00297,2023-04-30,8467.47,Pending,Water damage,batch_002,2026-08-02T17:58:20
CLM008731,POL04859,2023-12-15,5643.02,Pending,Hit and run,batch_002,2026-08-02T17:58:20
CLM008732,POL04361,2023-04-09,2128.95,Denied,Hit and run,batch_002,2026-08-02T17:58:20
CLM008733,POL00630,2023-08-10,12127.38,Pending,Death benefit claim,batch_002,2026-08-02T17:58:20
CLM008734,POL02550,2025-04-27,15296.96,Approved,Accidental death claim,batch_002,2026-08-02T17:58:20
CLM008735,POL01672,2023-06-19,18805.22,Pending,Roof damage from storm,batch_002,2026-08-02T17:58:20
CLM008736,POL00142,2026-04-18,12310.85,Pending,Water damage,batch_002,2026-08-02T17:58:20
CLM008737,POL04917,2024-09-27,10621.85,Approved,Vandalism damage,batch_002,2026-08-02T17:58:20
CLM008738,POL01803,2025-05-04,5267.64,Approved,Death benefit claim,batch_002,2026-08-02T17:58:20
CLM008739,POL01596,2024-04-27,7058.27,Denied,Windshield damage,batch_002,2026-08-02T17:58:20
CLM008740,POL01105,2025-12-10,1148.07,Denied,Death benefit claim,batch_002,2026-08-02T17:58:20
CLM008741,POL00428,2023-06-06,12002.21,Pending,Water damage,batch_002,2026-08-02T17:58:20
CLM008742,POL03860,2025-07-17,12451.06,Pending,Accidental death claim,batch_002,2026-08-02T17:58:20
CLM008743,POL02858,2025-12-29,9695.39,Pending,Burglary,batch_002,2026-08-02T17:58:20
CLM008744,POL02089,2024-02-28,13568.44,Denied,Terminal illness claim,batch_002,2026-08-02T17:58:20
CLM008745,POL00871,2024-06-04,1800.50,Approved,Hit and run,batch_002,2026-08-02T17:58:20
CLM008746,POL01076,2024-05-14,18048.29,Pending,Emergency room visit,batch_002,2026-08-02T17:58:20
CLM008747,POL00488,2025-03-15,24867.47,Pending,Theft of vehicle,batch_002,2026-08-02T17:58:20
CLM008748,POL00602,2024-10-22,10790.22,Denied,Accidental death claim,batch_002,2026-08-02T17:58:20
CLM008749,POL00765,2025-12-07,4283.66,Approved,Fallen tree damage,batch_002,2026-08-02T17:58:20
CLM008750,POL03536,2025-08-31,1296.85,Pending,Vehicle collision,batch_002,2026-08-02T17:58:20
CLM008751,POL04441,2023-10-04,2138.53,Approved,Fire damage,batch_002,2026-08-02T17:58:20
CLM008752,POL01885,2023-02-07,15403.07,Pending,Emergency room visit,batch_002,2026-08-02T17:58:20
CLM008753,POL01603,2024-11-11,1576.25,Denied,Theft of vehicle,batch_002,2026-08-02T17:58:20
CLM008754,POL04782,2026-01-25,21882.93,Pending,Terminal illness claim,batch_002,2026-08-02T17:58:20
CLM008755,POL04758,2024-11-14,18044.02,Approved,Vehicle collision,batch_002,2026-08-02T17:58:20
CLM008756,POL03516,2025-09-05,19721.96,Approved,Death benefit claim,batch_002,2026-08-02T17:58:20
CLM008757,POL02331,2025-12-15,20418.25,Denied,Vandalism damage,batch_002,2026-08-02T17:58:20
CLM008758,POL03527,2025-07-19,13918.79,Pending,Vandalism damage,batch_002,2026-08-02T17:58:20
CLM008759,POL04959,2024-07-13,24911.43,Approved,Water damage,batch_002,2026-08-02T17:58:20
CLM008760,POL04774,2023-09-10,17626.93,Pending,Water damage,batch_002,2026-08-02T17:58:20
CLM008761,POL04676,2023-08-03,19093.97,Pending,Medical procedure,batch_002,2026-08-02T17:58:20
CLM008762,POL02361,2024-03-26,9046.82,Denied,Death benefit claim,batch_002,2026-08-02T17:58:20
CLM008763,POL00730,2024-09-11,1721.04,Approved,Windshield damage,batch_002,2026-08-02T17:58:20
CLM008764,POL03459,2024-11-08,246.56,Approved,Terminal illness claim,batch_002,2026-08-02T17:58:20
CLM008765,POL02246,2026-04-21,19421.75,Pending,Accidental death claim,batch_002,2026-08-02T17:58:20
CLM008766,POL00110,2026-04-14,6404.00,Pending,Terminal illness claim,batch_002,2026-08-02T17:58:20
CLM008767,POL00349,2025-08-03,21923.43,Pending,Water damage,batch_002,2026-08-02T17:58:20
CLM008768,POL05007,2024-02-08,12539.12,Approved,Roof damage from storm,batch_002,2026-08-02T17:58:20
CLM008769,POL00313,2023-03-11,21035.43,Denied,Terminal illness claim,batch_002,2026-08-02T17:58:20
CLM008770,POL04620,2026-05-11,8209.51,Denied,Vandalism damage,batch_002,2026-08-02T17:58:20
CLM008771,POL02887,2023-07-23,20523.65,Approved,Fallen tree damage,batch_002,2026-08-02T17:58:20
CLM008772,POL02724,2023-03-24,964.81,Approved,Prescription claim,batch_002,2026-08-02T17:58:20
CLM008773,POL02149,2026-05-30,8577.96,Denied,Accidental death claim,batch_002,2026-08-02T17:58:20
CLM008774,POL04568,2024-10-19,5588.92,Pending,Hospital stay,batch_002,2026-08-02T17:58:20
CLM008775,POL02854,2025-05-09,14330.32,Approved,Hit and run,batch_002,2026-08-02T17:58:20
CLM008776,POL02113,2024-05-04,3627.32,Denied,Medical procedure,batch_002,2026-08-02T17:58:20
CLM008777,POL02499,2025-09-02,3662.57,Pending,Vehicle collision,batch_002,2026-08-02T17:58:20
CLM008778,POL02379,2026-07-03,15545.42,Denied,Burglary,batch_002,2026-08-02T17:58:20
CLM008779,POL03532,2026-04-27,4560.63,Approved,Accidental death claim,batch_002,2026-08-02T17:58:20
CLM008780,POL04372,2024-08-14,7262.60,Denied,Terminal illness claim,batch_002,2026-08-02T17:58:20
CLM008781,POL04955,2023-09-13,2230.83,Pending,Roof damage from storm,batch_002,2026-08-02T17:58:20
CLM008782,POL01600,2024-02-01,1217.92,Denied,Surgery reimbursement,batch_002,2026-08-02T17:58:20
CLM008783,POL04059,2024-10-03,3560.70,Pending,Hit and run,batch_002,2026-08-02T17:58:20
CLM008784,POL01012,2025-09-03,11788.39,Denied,Accidental death claim,batch_002,2026-08-02T17:58:20
CLM008785,POL03075,2023-11-11,22264.41,Denied,Vandalism damage,batch_002,2026-08-02T17:58:20
CLM008786,POL00118,2026-02-15,3455.29,Pending,Burglary,batch_002,2026-08-02T17:58:20
CLM008787,POL01061,2025-02-11,15257.88,Denied,Hit and run,batch_002,2026-08-02T17:58:20
CLM008788,POL00695,2026-01-18,3111.90,Denied,Burglary,batch_002,2026-08-02T17:58:20
CLM008789,POL01124,2025-08-15,19241.33,Pending,Terminal illness claim,batch_002,2026-08-02T17:58:20
CLM008790,POL03567,2025-12-25,296.16,Approved,Roof damage from storm,batch_002,2026-08-02T17:58:20
CLM008791,POL04889,2025-06-07,13100.13,Denied,Terminal illness claim,batch_002,2026-08-02T17:58:20
CLM008792,POL04493,2023-02-28,22945.49,Pending,Hit and run,batch_002,2026-08-02T17:58:20
CLM008793,POL03958,2024-09-03,16296.63,Approved,Hit and run,batch_002,2026-08-02T17:58:20
CLM008794,POL03028,2026-04-01,9524.13,Denied,Accidental death claim,batch_002,2026-08-02T17:58:20
CLM008795,POL04023,2026-06-30,20555.85,Denied,Vehicle collision,batch_002,2026-08-02T17:58:20
CLM008796,POL01296,2025-08-08,1666.35,Denied,Terminal illness claim,batch_002,2026-08-02T17:58:20
CLM008797,POL01083,2026-07-13,5236.42,Pending,Fire damage,batch_002,2026-08-02T17:58:20
CLM008798,POL02641,2024-02-01,3784.18,Approved,Emergency room visit,batch_002,2026-08-02T17:58:20
CLM008799,POL02787,2023-06-22,8605.12,Pending,Prescription claim,batch_002,2026-08-02T17:58:20
CLM008800,POL00278,2023-07-30,13072.87,Pending,Hospital stay,batch_002,2026-08-02T17:58:20
CLM008801,POL05074,2025-03-01,7791.61,Denied,Vehicle collision,batch_002,2026-08-02T17:58:20
CLM008802,POL03708,2025-10-04,4575.84,Denied,Water damage,batch_002,2026-08-02T17:58:20
CLM008803,POL02782,2026-01-09,19340.59,Approved,Theft of vehicle,batch_002,2026-08-02T17:58:20
CLM008804,POL01866,2023-08-27,8328.40,Approved,Death benefit claim,batch_002,2026-08-02T17:58:20
CLM008805,POL00976,2024-09-06,12924.38,Denied,Burglary,batch_002,2026-08-02T17:58:20
CLM008806,POL00137,2024-04-08,8301.74,Pending,Fire damage,batch_002,2026-08-02T17:58:20
CLM008807,POL02361,2026-01-19,16630.65,Approved,Death benefit claim,batch_002,2026-08-02T17:58:20
CLM008808,POL01040,2023-10-29,18167.47,Pending,Vehicle collision,batch_002,2026-08-02T17:58:20
CLM008809,POL00055,2024-03-14,15152.84,Approved,Vandalism damage,batch_002,2026-08-02T17:58:20
CLM008810,POL02219,2024-12-08,22918.79,Pending,Emergency room visit,batch_002,2026-08-02T17:58:20
CLM008811,POL00893,2025-07-16,19841.48,Denied,Accidental death claim,batch_002,2026-08-02T17:58:20
CLM008812,POL00616,2026-07-11,7097.83,Approved,Fallen tree damage,batch_002,2026-08-02T17:58:20
CLM008813,POL03978,2024-02-26,12848.64,Denied,Windshield damage,batch_002,2026-08-02T17:58:20
CLM008814,POL03815,2025-02-05,21911.18,Denied,Hospital stay,batch_002,2026-08-02T17:58:20
CLM008815,POL04457,2024-04-09,3863.15,Denied,Water damage,batch_002,2026-08-02T17:58:20
CLM008816,POL01218,2023-07-06,23206.46,Denied,Hospital stay,batch_002,2026-08-02T17:58:20
CLM008817,POL01207,2023-10-21,5779.34,Approved,Hit and run,batch_002,2026-08-02T17:58:20
CLM008818,POL04636,2024-09-26,21650.80,Pending,Fallen tree damage,batch_002,2026-08-02T17:58:20
CLM008819,POL00662,2025-02-11,12605.98,Pending,Medical procedure,batch_002,2026-08-02T17:58:20
CLM008820,POL00350,2025-05-12,20120.06,Pending,Terminal illness claim,batch_002,2026-08-02T17:58:20
CLM008821,POL01234,2026-04-14,21551.73,Approved,Terminal illness claim,batch_002,2026-08-02T17:58:20
CLM008822,POL02817,2025-02-03,24835.15,Pending,Hospital stay,batch_002,2026-08-02T17:58:20
CLM008823,POL03566,2023-10-14,20288.13,Pending,Terminal illness claim,batch_002,2026-08-02T17:58:20
CLM008824,POL02963,2023-03-23,11889.44,Denied,Terminal illness claim,batch_002,2026-08-02T17:58:20
CLM008825,POL01045,2024-10-23,10483.59,Pending,Roof damage from storm,batch_002,2026-08-02T17:58:20
CLM008826,POL04115,2024-10-26,13114.69,Pending,Fire damage,batch_002,2026-08-02T17:58:20
CLM008827,POL01601,2025-10-30,18749.74,Denied,Accidental death claim,batch_002,2026-08-02T17:58:20
CLM008828,POL01222,2023-05-11,7839.33,Pending,Fire damage,batch_002,2026-08-02T17:58:20
CLM008829,POL01051,2026-04-18,16020.92,Approved,Surgery reimbursement,batch_002,2026-08-02T17:58:20
CLM008830,POL00957,2023-11-27,1783.45,Denied,Accidental death claim,batch_002,2026-08-02T17:58:20
CLM008831,POL04564,2023-06-13,13883.11,Denied,Vehicle collision,batch_002,2026-08-02T17:58:20
CLM008832,POL02045,2023-05-27,8476.60,Approved,Accidental death claim,batch_002,2026-08-02T17:58:20
CLM008833,POL04320,2025-10-06,4748.53,Denied,Fire damage,batch_002,2026-08-02T17:58:20
CLM008834,POL00059,2024-05-27,24676.58,Denied,Hit and run,batch_002,2026-08-02T17:58:20
CLM008835,POL03874,2026-04-01,10935.19,Denied,Medical procedure,batch_002,2026-08-02T17:58:20
CLM008836,POL04361,2024-05-10,3299.75,Pending,Hit and run,batch_002,2026-08-02T17:58:20
CLM008837,POL02452,2023-12-24,8091.73,Pending,Fallen tree damage,batch_002,2026-08-02T17:58:20
CLM008838,POL03660,2026-02-15,2067.86,Pending,Fire damage,batch_002,2026-08-02T17:58:20
CLM008839,POL00456,2024-04-15,15681.64,Denied,Fire damage,batch_002,2026-08-02T17:58:20
CLM008840,POL00592,2025-11-21,17131.96,Approved,Accidental death claim,batch_002,2026-08-02T17:58:20
CLM008841,POL03196,2024-12-13,13930.59,Pending,Emergency room visit,batch_002,2026-08-02T17:58:20
CLM008842,POL00842,2024-12-03,9348.30,Pending,Windshield damage,batch_002,2026-08-02T17:58:20
CLM008843,POL03246,2026-06-29,3297.03,Pending,Vehicle collision,batch_002,2026-08-02T17:58:20
CLM008844,POL03939,2023-05-16,17825.62,Approved,Terminal illness claim,batch_002,2026-08-02T17:58:20
CLM008845,POL02158,2024-11-09,5574.71,Pending,Medical procedure,batch_002,2026-08-02T17:58:20
CLM008846,POL00125,2024-09-24,20151.21,Approved,Theft of vehicle,batch_002,2026-08-02T17:58:20
CLM008847,POL02345,2023-04-30,3644.18,Pending,Burglary,batch_002,2026-08-02T17:58:20
CLM008848,POL02506,2026-06-29,8877.93,Denied,Terminal illness claim,batch_002,2026-08-02T17:58:20
CLM008849,POL02222,2026-07-19,23296.18,Approved,Water damage,batch_002,2026-08-02T17:58:20
CLM008850,POL04876,2026-07-04,19912.85,Denied,Vehicle collision,batch_002,2026-08-02T17:58:20
CLM008851,POL01004,2025-02-13,17119.78,Denied,Windshield damage,batch_002,2026-08-02T17:58:20
CLM008852,POL01861,2023-05-29,22190.38,Pending,Burglary,batch_002,2026-08-02T17:58:20
CLM008853,POL01349,2023-12-26,15593.31,Pending,Burglary,batch_002,2026-08-02T17:58:20
CLM008854,POL00234,2025-11-07,2396.65,Approved,Emergency room visit,batch_002,2026-08-02T17:58:20
CLM008855,POL02479,2026-01-17,5734.54,Denied,Fallen tree damage,batch_002,2026-08-02T17:58:20
CLM008856,POL04913,2025-01-27,12458.73,Pending,Fallen tree damage,batch_002,2026-08-02T17:58:20
CLM008857,POL02916,2023-03-11,17951.83,Pending,Vehicle collision,batch_002,2026-08-02T17:58:20
CLM008858,POL04348,2024-03-10,13134.97,Approved,Terminal illness claim,batch_002,2026-08-02T17:58:20
CLM008859,POL04193,2023-08-20,10146.43,Pending,Emergency room visit,batch_002,2026-08-02T17:58:20
CLM008860,POL00948,2024-02-28,9222.27,Pending,Death benefit claim,batch_002,2026-08-02T17:58:20
CLM008861,POL04089,2025-10-12,15214.41,Approved,Prescription claim,batch_002,2026-08-02T17:58:20
CLM008862,POL03581,2024-10-10,24443.00,Approved,Fallen tree damage,batch_002,2026-08-02T17:58:20
CLM008863,POL01046,2025-03-01,12327.00,Denied,Accidental death claim,batch_002,2026-08-02T17:58:20
CLM008864,POL00369,2025-08-22,23819.19,Approved,Windshield damage,batch_002,2026-08-02T17:58:20
CLM008865,POL00963,2025-05-01,4088.44,Approved,Emergency room visit,batch_002,2026-08-02T17:58:20
CLM008866,POL04933,2025-01-09,8105.18,Pending,Vehicle collision,batch_002,2026-08-02T17:58:20
CLM008867,POL03597,2024-04-09,443.12,Denied,Emergency room visit,batch_002,2026-08-02T17:58:20
CLM008868,POL00964,2024-01-06,24515.96,Pending,Hospital stay,batch_002,2026-08-02T17:58:20
CLM008869,POL01789,2024-07-03,19959.14,Pending,Hit and run,batch_002,2026-08-02T17:58:20
CLM008870,POL02537,2024-03-27,11549.81,Pending,Burglary,batch_002,2026-08-02T17:58:20
CLM008871,POL02096,2025-09-19,258.80,Approved,Windshield damage,batch_002,2026-08-02T17:58:20
CLM008872,POL03299,2024-07-08,9686.40,Denied,Hit and run,batch_002,2026-08-02T17:58:20
CLM008873,POL00103,2023-07-30,16838.03,Denied,Burglary,batch_002,2026-08-02T17:58:20
CLM008874,POL01141,2024-05-18,4135.15,Pending,Death benefit claim,batch_002,2026-08-02T17:58:20
CLM008875,POL00985,2025-12-14,21649.86,Approved,Fallen tree damage,batch_002,2026-08-02T17:58:20
CLM008876,POL01041,2026-03-09,3110.96,Approved,Vandalism damage,batch_002,2026-08-02T17:58:20
CLM008877,POL03403,2023-03-15,4209.32,Pending,Roof damage from storm,batch_002,2026-08-02T17:58:20
CLM008878,POL03608,2026-07-06,3428.22,Denied,Fire damage,batch_002,2026-08-02T17:58:20
CLM008879,POL04905,2025-10-24,5229.16,Approved,Terminal illness claim,batch_002,2026-08-02T17:58:20
CLM008880,POL02951,2025-11-03,16131.79,Denied,Hospital stay,batch_002,2026-08-02T17:58:20
CLM008881,POL01361,2025-12-03,16590.21,Approved,Hit and run,batch_002,2026-08-02T17:58:20
CLM008882,POL03285,2026-07-25,16537.31,Denied,Vehicle collision,batch_002,2026-08-02T17:58:20
CLM008883,POL02238,2024-01-24,13622.71,Approved,Vehicle collision,batch_002,2026-08-02T17:58:20
CLM008884,POL01489,2025-05-09,5139.38,Pending,Roof damage from storm,batch_002,2026-08-02T17:58:20
CLM008885,POL01685,2023-05-04,13074.17,Pending,Roof damage from storm,batch_002,2026-08-02T17:58:20
CLM008886,POL04738,2023-03-09,2380.15,Pending,Accidental death claim,batch_002,2026-08-02T17:58:20
CLM008887,POL02534,2023-04-11,8851.96,Approved,Roof damage from storm,batch_002,2026-08-02T17:58:20
CLM008888,POL01486,2025-07-15,3046.96,Denied,Accidental death claim,batch_002,2026-08-02T17:58:20
CLM008889,POL01926,2023-04-02,13977.52,Approved,Terminal illness claim,batch_002,2026-08-02T17:58:20
CLM008890,POL00156,2023-11-26,7742.55,Pending,Fire damage,batch_002,2026-08-02T17:58:20
CLM008891,POL03083,2024-01-28,6385.26,Pending,Water damage,batch_002,2026-08-02T17:58:20
CLM008892,POL00682,2024-02-19,17263.51,Pending,Roof damage from storm,batch_002,2026-08-02T17:58:20
CLM008893,POL04747,2023-08-26,8805.36,Denied,Vandalism damage,batch_002,2026-08-02T17:58:20
CLM008894,POL03050,2025-08-13,14360.63,Denied,Emergency room visit,batch_002,2026-08-02T17:58:20
CLM008895,POL00601,2023-02-21,6243.92,Pending,Death benefit claim,batch_002,2026-08-02T17:58:20
CLM008896,POL00856,2025-01-21,5293.49,Denied,Emergency room visit,batch_002,2026-08-02T17:58:20
CLM008897,POL03227,2024-11-26,8477.70,Denied,Emergency room visit,batch_002,2026-08-02T17:58:20
CLM008898,POL04005,2026-07-08,10053.75,Denied,Accidental death claim,batch_002,2026-08-02T17:58:20
CLM008899,POL04034,2025-02-13,11958.40,Denied,Vandalism damage,batch_002,2026-08-02T17:58:20
CLM008900,POL01718,2024-03-02,9085.91,Pending,Hit and run,batch_002,2026-08-02T17:58:20
CLM008901,POL00590,2023-06-07,20852.88,Denied,Death benefit claim,batch_002,2026-08-02T17:58:20
CLM008902,POL03978,2023-05-26,24960.65,Approved,Vandalism damage,batch_002,2026-08-02T17:58:20
CLM008903,POL02835,2025-06-16,5579.46,Pending,Water damage,batch_002,2026-08-02T17:58:20
CLM008904,POL04487,2026-02-13,16343.70,Denied,Death benefit claim,batch_002,2026-08-02T17:58:20
CLM008905,POL03542,2025-10-20,19686.91,Approved,Emergency room visit,batch_002,2026-08-02T17:58:20
CLM008906,POL01643,2025-01-12,15234.36,Approved,Burglary,batch_002,2026-08-02T17:58:20
CLM008907,POL03327,2024-04-23,2963.04,Approved,Vehicle collision,batch_002,2026-08-02T17:58:20
CLM008908,POL00770,2024-11-15,1967.40,Approved,Hospital stay,batch_002,2026-08-02T17:58:20
CLM008909,POL00871,2023-05-06,7767.91,Approved,Theft of vehicle,batch_002,2026-08-02T17:58:20
CLM008910,POL02319,2023-09-13,4667.37,Approved,Hit and run,batch_002,2026-08-02T17:58:20
CLM008911,POL02058,2024-01-31,12534.84,Approved,Medical procedure,batch_002,2026-08-02T17:58:20
CLM008912,POL02143,2023-03-03,15132.35,Approved,Medical procedure,batch_002,2026-08-02T17:58:20
CLM008913,POL04298,2024-07-10,23773.95,Approved,Terminal illness claim,batch_002,2026-08-02T17:58:20
CLM008914,POL02049,2024-02-15,20655.41,Pending,Vandalism damage,batch_002,2026-08-02T17:58:20
CLM008915,POL00152,2023-05-12,20997.22,Pending,Fallen tree damage,batch_002,2026-08-02T17:58:20
CLM008916,POL04676,2026-07-13,23897.43,Denied,Prescription claim,batch_002,2026-08-02T17:58:20
CLM008917,POL01837,2024-03-08,13304.86,Approved,Hit and run,batch_002,2026-08-02T17:58:20
CLM008918,POL03721,2023-02-24,23471.30,Denied,Terminal illness claim,batch_002,2026-08-02T17:58:20
CLM008919,POL01894,2026-07-03,9738.90,Approved,Death benefit claim,batch_002,2026-08-02T17:58:20
CLM008920,POL04785,2024-07-16,16922.05,Approved,Death benefit claim,batch_002,2026-08-02T17:58:20
CLM008921,POL01485,2024-11-19,19065.72,Denied,Emergency room visit,batch_002,2026-08-02T17:58:20
CLM008922,POL03542,2023-05-13,5670.65,Approved,Medical procedure,batch_002,2026-08-02T17:58:20
CLM008923,POL02981,2024-02-10,12772.04,Denied,Fallen tree damage,batch_002,2026-08-02T17:58:20
CLM008924,POL04636,2024-06-20,11026.91,Approved,Roof damage from storm,batch_002,2026-08-02T17:58:20
CLM008925,POL02975,2024-02-18,15549.20,Denied,Death benefit claim,batch_002,2026-08-02T17:58:20
CLM008926,POL02983,2023-04-29,22883.64,Denied,Fallen tree damage,batch_002,2026-08-02T17:58:20
CLM008927,POL01602,2023-06-20,19228.70,Denied,Prescription claim,batch_002,2026-08-02T17:58:20
CLM008928,POL00059,2023-11-30,3051.77,Pending,Theft of vehicle,batch_002,2026-08-02T17:58:20
CLM008929,POL02526,2025-05-20,16977.94,Approved,Burglary,batch_002,2026-08-02T17:58:20
CLM008930,POL04089,2026-07-08,5219.49,Approved,Prescription claim,batch_002,2026-08-02T17:58:20
CLM008931,POL00038,2024-01-20,20447.19,Pending,Burglary,batch_002,2026-08-02T17:58:20
CLM008932,POL04162,2023-05-04,10216.89,Pending,Hospital stay,batch_002,2026-08-02T17:58:20
CLM008933,POL04509,2023-11-28,10560.51,Approved,Death benefit claim,batch_002,2026-08-02T17:58:20
CLM008934,POL04291,2023-08-29,8641.26,Pending,Burglary,batch_002,2026-08-02T17:58:20
CLM008935,POL01643,2025-08-21,23549.92,Pending,Burglary,batch_002,2026-08-02T17:58:20
CLM008936,POL03923,2025-05-30,21563.61,Pending,Surgery reimbursement,batch_002,2026-08-02T17:58:20
CLM008937,POL01742,2023-10-05,23727.43,Approved,Prescription claim,batch_002,2026-08-02T17:58:20
CLM008938,POL02244,2023-05-22,22104.33,Approved,Windshield damage,batch_002,2026-08-02T17:58:20
CLM008939,POL03135,2024-05-31,5099.04,Denied,Burglary,batch_002,2026-08-02T17:58:20
CLM008940,POL04037,2024-01-14,16480.54,Denied,Accidental death claim,batch_002,2026-08-02T17:58:20
CLM008941,POL03226,2023-09-19,20231.03,Denied,Theft of vehicle,batch_002,2026-08-02T17:58:20
CLM008942,POL04246,2026-05-20,11166.80,Pending,Prescription claim,batch_002,2026-08-02T17:58:20
CLM008943,POL03155,2023-02-22,6556.15,Pending,Roof damage from storm,batch_002,2026-08-02T17:58:20
CLM008944,POL03626,2025-10-05,18640.08,Denied,Surgery reimbursement,batch_002,2026-08-02T17:58:20
CLM008945,POL01955,2023-05-21,21356.35,Denied,Surgery reimbursement,batch_002,2026-08-02T17:58:20
CLM008946,POL00296,2026-02-06,17950.84,Approved,Surgery reimbursement,batch_002,2026-08-02T17:58:20
CLM008947,POL00193,2023-10-31,19388.85,Approved,Hit and run,batch_002,2026-08-02T17:58:20
CLM008948,POL04057,2025-07-28,4324.36,Pending,Death benefit claim,batch_002,2026-08-02T17:58:20
CLM008949,POL04581,2023-05-22,17012.73,Pending,Hospital stay,batch_002,2026-08-02T17:58:20
CLM008950,POL05007,2024-01-31,10019.26,Approved,Fallen tree damage,batch_002,2026-08-02T17:58:20
CLM008951,POL02120,2024-08-27,8385.88,Approved,Emergency room visit,batch_002,2026-08-02T17:58:20
CLM008952,POL03613,2023-10-06,20137.77,Denied,Terminal illness claim,batch_002,2026-08-02T17:58:20
CLM008953,POL04539,2023-11-10,21685.80,Approved,Burglary,batch_002,2026-08-02T17:58:20
CLM008954,POL04301,2024-11-10,281.56,Approved,Fallen tree damage,batch_002,2026-08-02T17:58:20
CLM008955,POL01769,2026-06-02,5048.17,Pending,Theft of vehicle,batch_002,2026-08-02T17:58:20
CLM008956,POL03301,2023-08-15,14550.61,Approved,Vandalism damage,batch_002,2026-08-02T17:58:20
CLM008957,POL00991,2023-12-27,6267.10,Pending,Terminal illness claim,batch_002,2026-08-02T17:58:20
CLM008958,POL02482,2024-02-08,24402.85,Pending,Medical procedure,batch_002,2026-08-02T17:58:20
CLM008959,POL02267,2026-02-19,20304.42,Approved,Hit and run,batch_002,2026-08-02T17:58:20
CLM008960,POL01814,2024-06-14,11519.09,Approved,Surgery reimbursement,batch_002,2026-08-02T17:58:20
CLM008961,POL00716,2026-01-28,8858.53,Pending,Hit and run,batch_002,2026-08-02T17:58:20
CLM008962,POL01790,2024-06-05,4499.28,Pending,Surgery reimbursement,batch_002,2026-08-02T17:58:20
CLM008963,POL00241,2024-05-13,7924.23,Approved,Accidental death claim,batch_002,2026-08-02T17:58:20
CLM008964,POL01157,2026-06-06,10249.52,Pending,Death benefit claim,batch_002,2026-08-02T17:58:20
CLM008965,POL04367,2023-04-06,15827.83,Denied,Windshield damage,batch_002,2026-08-02T17:58:20
CLM008966,POL01656,2023-05-17,23120.68,Denied,Surgery reimbursement,batch_002,2026-08-02T17:58:20
CLM008967,POL03499,2025-01-27,6735.30,Denied,Hit and run,batch_002,2026-08-02T17:58:20
CLM008968,POL00306,2023-09-14,6266.24,Approved,Terminal illness claim,batch_002,2026-08-02T17:58:20
CLM008969,POL01611,2023-03-06,15521.35,Denied,Medical procedure,batch_002,2026-08-02T17:58:20
CLM008970,POL02750,2023-12-19,14906.42,Approved,Fallen tree damage,batch_002,2026-08-02T17:58:20
CLM008971,POL02324,2024-03-13,20472.23,Approved,Water damage,batch_002,2026-08-02T17:58:20
CLM008972,POL00728,2024-10-03,626.59,Pending,Hit and run,batch_002,2026-08-02T17:58:20
CLM008973,POL03574,2023-07-19,12125.17,Pending,Death benefit claim,batch_002,2026-08-02T17:58:20
CLM008974,POL04886,2026-01-16,8264.66,Denied,Roof damage from storm,batch_002,2026-08-02T17:58:20
CLM008975,POL04242,2023-05-24,14838.29,Denied,Burglary,batch_002,2026-08-02T17:58:20
CLM008976,POL04635,2025-01-21,15882.80,Approved,Accidental death claim,batch_002,2026-08-02T17:58:20
CLM008977,POL01609,2025-01-28,24896.54,Approved,Prescription claim,batch_002,2026-08-02T17:58:20
CLM008978,POL00715,2024-04-05,6663.29,Approved,Terminal illness claim,batch_002,2026-08-02T17:58:20
CLM008979,POL03664,2023-02-13,9343.00,Pending,Hit and run,batch_002,2026-08-02T17:58:20
CLM008980,POL04327,2025-09-15,14792.05,Denied,Water damage,batch_002,2026-08-02T17:58:20
CLM008981,POL02818,2026-03-09,16750.17,Pending,Fire damage,batch_002,2026-08-02T17:58:20
CLM008982,POL03358,2024-08-09,889.44,Denied,Water damage,batch_002,2026-08-02T17:58:20
CLM008983,POL03306,2025-09-22,21531.86,Denied,Terminal illness claim,batch_002,2026-08-02T17:58:20
CLM008984,POL03545,2026-01-01,18929.81,Approved,Burglary,batch_002,2026-08-02T17:58:20
CLM008985,POL00698,2023-11-14,15949.07,Pending,Accidental death claim,batch_002,2026-08-02T17:58:20
CLM008986,POL00981,2023-12-31,23541.85,Pending,Emergency room visit,batch_002,2026-08-02T17:58:20
CLM008987,POL01960,2026-01-14,22087.85,Denied,Death benefit claim,batch_002,2026-08-02T17:58:20
CLM008988,POL01790,2023-08-21,14292.64,Approved,Emergency room visit,batch_002,2026-08-02T17:58:20
CLM008989,POL04031,2023-04-03,6413.48,Pending,Vandalism damage,batch_002,2026-08-02T17:58:20
CLM008990,POL04268,2025-10-29,24138.27,Pending,Medical procedure,batch_002,2026-08-02T17:58:20
CLM008991,POL01697,2024-07-02,22739.74,Approved,Prescription claim,batch_002,2026-08-02T17:58:20
CLM008992,POL03369,2024-05-23,23385.83,Denied,Water damage,batch_002,2026-08-02T17:58:20
CLM008993,POL02740,2024-10-10,22924.99,Pending,Water damage,batch_002,2026-08-02T17:58:20
CLM008994,POL04009,2024-04-22,14511.61,Approved,Hit and run,batch_002,2026-08-02T17:58:20
CLM008995,POL02977,2025-11-11,3065.73,Approved,Burglary,batch_002,2026-08-02T17:58:20
CLM008996,POL02190,2023-08-06,1116.65,Approved,Terminal illness claim,batch_002,2026-08-02T17:58:20
CLM008997,POL04324,2023-12-31,5204.12,Pending,Roof damage from storm,batch_002,2026-08-02T17:58:20
CLM008998,POL03616,2023-03-17,18295.70,Pending,Death benefit claim,batch_002,2026-08-02T17:58:20
CLM008999,POL00088,2023-06-02,6432.20,Denied,Burglary,batch_002,2026-08-02T17:58:20
CLM009000,POL01746,2024-06-27,10878.20,Denied,Accidental death claim,batch_002,2026-08-02T17:58:20
