claim_id,policy_id,claim_date,claim_amount,claim_status,claim_reason,batch_id,load_timestamp
CLM000001,POL00913,2023-07-31,722.77,Denied,Death benefit claim,batch_001,2026-07-31T17:58:20
CLM000002,POL01829,2023-07-31,3574.49,Approved,Accidental death claim,batch_001,2026-07-31T17:58:20
CLM000003,POL04468,2023-07-31,2264.78,Denied,Death benefit claim,batch_001,2026-07-31T17:58:20
CLM000004,POL00245,2023-07-31,2433.01,Approved,Accidental death claim,batch_001,2026-07-31T17:58:20
CLM000005,POL04932,2023-07-31,760.75,Approved,Hospital stay,batch_001,2026-07-31T17:58:20
CLM000006,POL03437,2023-07-31,5588.97,Pending,Theft of vehicle,batch_001,2026-07-31T17:58:20
CLM000007,POL00054,2023-08-01,18994.30,Approved,Accidental death claim,batch_001,2026-07-31T17:58:20
CLM000008,POL03463,2023-08-01,8572.24,Approved,Death benefit claim,batch_001,2026-07-31T17:58:20
CLM000009,POL02758,2023-08-01,2645.04,Denied,Water damage,batch_001,2026-07-31T17:58:20
CLM000010,POL02941,2023-08-01,21202.61,Pending,Theft of vehicle,batch_001,2026-07-31T17:58:20
CLM000011,POL00356,2023-08-01,18270.32,Pending,Medical procedure,batch_001,2026-07-31T17:58:20
CLM000012,POL03101,2023-08-01,2062.12,Denied,Vandalism damage,batch_001,2026-07-31T17:58:20
CLM000013,POL02963,2023-08-01,14476.07,Pending,Death benefit claim,batch_001,2026-07-31T17:58:20
CLM000014,POL00376,2023-08-02,16565.46,Denied,Death benefit claim,batch_001,2026-07-31T17:58:20
CLM000015,POL01908,2023-08-02,21675.44,Denied,Roof damage from storm,batch_001,2026-07-31T17:58:20
CLM000016,POL03715,2023-08-02,15928.54,Denied,Death benefit claim,batch_001,2026-07-31T17:58:20
CLM000017,POL03033,2023-08-02,8946.24,Pending,Terminal illness claim,batch_001,2026-07-31T17:58:20
CLM000018,POL00585,2023-08-03,15267.36,Approved,Fallen tree damage,batch_001,2026-07-31T17:58:20
CLM000019,POL02006,2023-08-03,4168.72,Denied,Theft of vehicle,batch_001,2026-07-31T17:58:20
CLM000020,POL04563,2023-08-03,5568.42,Denied,Water damage,batch_001,2026-07-31T17:58:20
CLM000021,POL01877,2023-08-03,20562.88,Denied,Hit and run,batch_001,2026-07-31T17:58:20
CLM000022,POL02194,2023-08-03,1748.10,Pending,Accidental death claim,batch_001,2026-07-31T17:58:20
CLM000023,POL02578,2023-08-04,5394.40,Denied,Burglary,batch_001,2026-07-31T17:58:20
CLM000024,POL03759,2023-08-04,3657.50,Approved,Death benefit claim,batch_001,2026-07-31T17:58:20
CLM000025,POL04599,2023-08-04,13520.53,Pending,Hospital stay,batch_001,2026-07-31T17:58:20
CLM000026,POL03510,2023-08-04,22455.79,Denied,Roof damage from storm,batch_001,2026-07-31T17:58:20
CLM000027,POL01797,2023-08-05,24933.41,Approved,Vandalism damage,batch_001,2026-07-31T17:58:20
CLM000028,POL04043,2023-08-05,2363.64,Approved,Water damage,batch_001,2026-07-31T17:58:20
CLM000029,POL01253,2023-08-05,15723.41,Pending,Terminal illness claim,batch_001,2026-07-31T17:58:20
CLM000030,POL04886,2023-08-05,1681.84,Denied,Fallen tree damage,batch_001,2026-07-31T17:58:20
CLM000031,POL03835,2023-08-06,13274.95,Pending,Medical procedure,batch_001,2026-07-31T17:58:20
CLM000032,POL00939,2023-08-06,17074.59,Pending,Roof damage from storm,batch_001,2026-07-31T17:58:20
CLM000033,POL02787,2023-08-06,2877.65,Denied,Emergency room visit,batch_001,2026-07-31T17:58:20
CLM000034,POL03717,2023-08-07,180.81,Pending,Accidental death claim,batch_001,2026-07-31T17:58:20
CLM000035,POL02158,2023-08-07,24300.01,Approved,Hospital stay,batch_001,2026-07-31T17:58:20
CLM000036,POL00872,2023-08-07,21775.91,Denied,Hospital stay,batch_001,2026-07-31T17:58:20
CLM000037,POL04989,2023-08-07,5052.89,Denied,Death benefit claim,batch_001,2026-07-31T17:58:20
CLM000038,POL04419,2023-08-07,23842.14,Pending,Vehicle collision,batch_001,2026-07-31T17:58:20
CLM000039,POL04907,2023-08-08,8171.49,Approved,Medical procedure,batch_001,2026-07-31T17:58:20
CLM000040,POL02974,2023-08-08,21980.17,Denied,Fire damage,batch_001,2026-07-31T17:58:20
CLM000041,POL00475,2023-08-08,6097.70,Pending,Medical procedure,batch_001,2026-07-31T17:58:20
CLM000042,POL00702,2023-08-08,18324.50,Approved,Accidental death claim,batch_001,2026-07-31T17:58:20
CLM000043,POL01031,2023-08-08,3296.95,Denied,Hospital stay,batch_001,2026-07-31T17:58:20
CLM000044,POL01353,2023-08-08,6699.91,Pending,Hit and run,batch_001,2026-07-31T17:58:20
CLM000045,POL01736,2023-08-08,23229.95,Pending,Accidental death claim,batch_001,2026-07-31T17:58:20
CLM000046,POL01648,2023-08-09,17852.43,Denied,Theft of vehicle,batch_001,2026-07-31T17:58:20
CLM000047,POL03589,2023-08-09,22500.39,Denied,Death benefit claim,batch_001,2026-07-31T17:58:20
CLM000048,POL02031,2023-08-09,5694.96,Denied,Water damage,batch_001,2026-07-31T17:58:20
CLM000049,POL04820,2023-08-09,13892.65,Pending,Death benefit claim,batch_001,2026-07-31T17:58:20
CLM000050,POL00059,2023-08-09,1867.73,Pending,Vehicle collision,batch_001,2026-07-31T17:58:20
CLM000051,POL01876,2023-08-10,1778.27,Approved,Theft of vehicle,batch_001,2026-07-31T17:58:20
CLM000052,POL00581,2023-08-10,12902.49,Denied,Accidental death claim,batch_001,2026-07-31T17:58:20
CLM000053,POL03977,2023-08-10,5434.50,Approved,Fallen tree damage,batch_001,2026-07-31T17:58:20
CLM000054,POL04721,2023-08-10,11869.51,Denied,Terminal illness claim,batch_001,2026-07-31T17:58:20
CLM000055,POL01560,2023-08-10,2448.71,Pending,Terminal illness claim,batch_001,2026-07-31T17:58:20
CLM000056,POL02903,2023-08-10,10647.11,Denied,Medical procedure,batch_001,2026-07-31T17:58:20
CLM000057,POL00807,2023-08-10,1609.26,Pending,Terminal illness claim,batch_001,2026-07-31T17:58:20
CLM000058,POL00896,2023-08-11,6291.54,Approved,Vandalism damage,batch_001,2026-07-31T17:58:20
CLM000059,POL03676,2023-08-11,3590.54,Approved,Theft of vehicle,batch_001,2026-07-31T17:58:20
CLM000060,POL03790,2023-08-11,6320.18,Approved,Burglary,batch_001,2026-07-31T17:58:20
CLM000061,POL04509,2023-08-11,2537.93,Pending,Accidental death claim,batch_001,2026-07-31T17:58:20
CLM000062,POL00121,2023-08-11,24228.01,Approved,Death benefit claim,batch_001,2026-07-31T17:58:20
CLM000063,POL03330,2023-08-11,12192.46,Approved,Terminal illness claim,batch_001,2026-07-31T17:58:20
CLM000064,POL00481,2023-08-11,4199.46,Approved,Terminal illness claim,batch_001,2026-07-31T17:58:20
CLM000065,POL02173,2023-08-12,23170.30,Denied,Theft of vehicle,batch_001,2026-07-31T17:58:20
CLM000066,POL03466,2023-08-12,17445.13,Pending,Hospital stay,batch_001,2026-07-31T17:58:20
CLM000067,POL03987,2023-08-12,3954.44,Denied,Windshield damage,batch_001,2026-07-31T17:58:20
CLM000068,POL00480,2023-08-12,14521.59,Pending,Medical procedure,batch_001,2026-07-31T17:58:20
CLM000069,POL02570,2023-08-12,1523.42,Pending,Hit and run,batch_001,2026-07-31T17:58:20
CLM000070,POL04120,2023-08-12,22992.74,Pending,Windshield damage,batch_001,2026-07-31T17:58:20
CLM000071,POL00466,2023-08-12,24023.39,Approved,Fire damage,batch_001,2026-07-31T17:58:20
CLM000072,POL00562,2023-08-12,14916.37,Pending,Emergency room visit,batch_001,2026-07-31T17:58:20
CLM000073,POL03308,2023-08-12,3085.18,Pending,Fire damage,batch_001,2026-07-31T17:58:20
CLM000074,POL04743,2023-08-13,14903.53,Pending,Vehicle collision,batch_001,2026-07-31T17:58:20
CLM000075,POL03435,2023-08-13,16468.59,Pending,Fallen tree damage,batch_001,2026-07-31T17:58:20
CLM000076,POL02592,2023-08-13,23374.19,Approved,Accidental death claim,batch_001,2026-07-31T17:58:20
CLM000077,POL02574,2023-08-13,6043.28,Denied,Death benefit claim,batch_001,2026-07-31T17:58:20
CLM000078,POL02458,2023-08-13,11484.89,Approved,Vehicle collision,batch_001,2026-07-31T17:58:20
CLM000079,POL03755,2023-08-13,15566.87,Pending,Death benefit claim,batch_001,2026-07-31T17:58:20
CLM000080,POL00601,2023-08-14,13487.10,Pending,Terminal illness claim,batch_001,2026-07-31T17:58:20
CLM000081,POL01086,2023-08-14,23338.16,Approved,Fire damage,batch_001,2026-07-31T17:58:20
CLM000082,POL03028,2023-08-14,7196.19,Denied,Accidental death claim,batch_001,2026-07-31T17:58:20
CLM000083,POL02479,2023-08-14,15330.78,Pending,Fallen tree damage,batch_001,2026-07-31T17:58:20
CLM000084,POL00065,2023-08-14,16729.79,Pending,Roof damage from storm,batch_001,2026-07-31T17:58:20
CLM000085,POL00849,2023-08-14,23479.36,Approved,Terminal illness claim,batch_001,2026-07-31T17:58:20
CLM000086,POL00946,2023-08-14,22253.85,Pending,Accidental death claim,batch_001,2026-07-31T17:58:20
CLM000087,POL01274,2023-08-14,6881.47,Pending,Windshield damage,batch_001,2026-07-31T17:58:20
CLM000088,POL02809,2023-08-14,5169.57,Pending,Theft of vehicle,batch_001,2026-07-31T17:58:20
CLM000089,POL04141,2023-08-14,12264.44,Approved,Water damage,batch_001,2026-07-31T17:58:20
CLM000090,POL03470,2023-08-15,20750.77,Approved,Water damage,batch_001,2026-07-31T17:58:20
CLM000091,POL02733,2023-08-15,19300.87,Pending,Roof damage from storm,batch_001,2026-07-31T17:58:20
CLM000092,POL01324,2023-08-15,18556.65,Pending,Accidental death claim,batch_001,2026-07-31T17:58:20
CLM000093,POL03504,2023-08-15,14066.58,Approved,Vehicle collision,batch_001,2026-07-31T17:58:20
CLM000094,POL01222,2023-08-15,13685.20,Denied,Fallen tree damage,batch_001,2026-07-31T17:58:20
CLM000095,POL04527,2023-08-16,3787.54,Approved,Medical procedure,batch_001,2026-07-31T17:58:20
CLM000096,POL02526,2023-08-16,9179.82,Approved,Roof damage from storm,batch_001,2026-07-31T17:58:20
CLM000097,POL01721,2023-08-16,17083.46,Pending,Vehicle collision,batch_001,2026-07-31T17:58:20
CLM000098,POL02898,2023-08-16,19524.89,Denied,Hospital stay,batch_001,2026-07-31T17:58:20
CLM000099,POL01267,2023-08-17,23151.52,Approved,Emergency room visit,batch_001,2026-07-31T17:58:20
CLM000100,POL01451,2023-08-17,22047.26,Approved,Death benefit claim,batch_001,2026-07-31T17:58:20
CLM000101,POL02722,2023-08-17,19581.42,Denied,Emergency room visit,batch_001,2026-07-31T17:58:20
CLM000102,POL02186,2023-08-17,4064.03,Pending,Vehicle collision,batch_001,2026-07-31T17:58:20
CLM000103,POL03134,2023-08-17,21816.95,Denied,Emergency room visit,batch_001,2026-07-31T17:58:20
CLM000104,POL01635,2023-08-17,20433.01,Denied,Roof damage from storm,batch_001,2026-07-31T17:58:20
CLM000105,POL02501,2023-08-18,20531.36,Approved,Windshield damage,batch_001,2026-07-31T17:58:20
CLM000106,POL00194,2023-08-18,16534.83,Denied,Surgery reimbursement,batch_001,2026-07-31T17:58:20
CLM000107,POL02283,2023-08-18,21622.39,Denied,Terminal illness claim,batch_001,2026-07-31T17:58:20
CLM000108,POL04174,2023-08-18,10051.99,Pending,Terminal illness claim,batch_001,2026-07-31T17:58:20
CLM000109,POL00227,2023-08-18,2972.01,Denied,Death benefit claim,batch_001,2026-07-31T17:58:20
CLM000110,POL04757,2023-08-19,24067.10,Denied,Death benefit claim,batch_001,2026-07-31T17:58:20
CLM000111,POL00889,2023-08-19,14954.62,Denied,Roof damage from storm,batch_001,2026-07-31T17:58:20
CLM000112,POL03575,2023-08-19,15194.60,Pending,Death benefit claim,batch_001,2026-07-31T17:58:20
CLM000113,POL03156,2023-08-19,22497.67,Approved,Terminal illness claim,batch_001,2026-07-31T17:58:20
CLM000114,POL00364,2023-08-19,17748.75,Approved,Hospital stay,batch_001,2026-07-31T17:58:20
CLM000115,POL04411,2023-08-19,17202.74,Pending,Fire damage,batch_001,2026-07-31T17:58:20
CLM000116,POL02984,2023-08-19,10839.31,Pending,Roof damage from storm,batch_001,2026-07-31T17:58:20
CLM000117,POL02572,2023-08-19,16618.35,Approved,Surgery reimbursement,batch_001,2026-07-31T17:58:20
CLM000118,POL04155,2023-08-19,7801.19,Denied,Roof damage from storm,batch_001,2026-07-31T17:58:20
CLM000119,POL03297,2023-08-19,17460.49,Pending,Death benefit claim,batch_001,2026-07-31T17:58:20
CLM000120,POL01572,2023-08-20,10569.11,Denied,Fire damage,batch_001,2026-07-31T17:58:20
CLM000121,POL05043,2023-08-20,14270.72,Denied,Accidental death claim,batch_001,2026-07-31T17:58:20
CLM000122,POL00004,2023-08-21,7666.49,Approved,Burglary,batch_001,2026-07-31T17:58:20
CLM000123,POL04752,2023-08-21,15205.87,Denied,Terminal illness claim,batch_001,2026-07-31T17:58:20
CLM000124,POL03620,2023-08-21,11109.78,Approved,Vandalism damage,batch_001,2026-07-31T17:58:20
CLM000125,POL03877,2023-08-21,19864.01,Pending,Windshield damage,batch_001,2026-07-31T17:58:20
CLM000126,POL00695,2023-08-21,7166.28,Pending,Fallen tree damage,batch_001,2026-07-31T17:58:20
CLM000127,POL02746,2023-08-21,2425.34,Approved,Surgery reimbursement,batch_001,2026-07-31T17:58:20
CLM000128,POL01841,2023-08-21,20183.42,Approved,Medical procedure,batch_001,2026-07-31T17:58:20
CLM000129,POL00379,2023-08-22,6196.58,Denied,Accidental death claim,batch_001,2026-07-31T17:58:20
CLM000130,POL00597,2023-08-22,11439.86,Pending,Vandalism damage,batch_001,2026-07-31T17:58:20
CLM000131,POL01593,2023-08-23,17986.81,Denied,Burglary,batch_001,2026-07-31T17:58:20
CLM000132,POL03274,2023-08-23,6175.21,Pending,Accidental death claim,batch_001,2026-07-31T17:58:20
CLM000133,POL00046,2023-08-23,22327.23,Approved,Terminal illness claim,batch_001,2026-07-31T17:58:20
CLM000134,POL01793,2023-08-23,4479.58,Pending,Vandalism damage,batch_001,2026-07-31T17:58:20
CLM000135,POL03806,2023-08-23,1350.44,Approved,Vehicle collision,batch_001,2026-07-31T17:58:20
CLM000136,POL03740,2023-08-23,3420.14,Denied,Fallen tree damage,batch_001,2026-07-31T17:58:20
CLM000137,POL04579,2023-08-24,14926.76,Denied,Hospital stay,batch_001,2026-07-31T17:58:20
CLM000138,POL04136,2023-08-24,10725.84,Pending,Prescription claim,batch_001,2026-07-31T17:58:20
CLM000139,POL01304,2023-08-24,18617.02,Denied,Terminal illness claim,batch_001,2026-07-31T17:58:20
CLM000140,POL02124,2023-08-24,18819.24,Pending,Theft of vehicle,batch_001,2026-07-31T17:58:20
CLM000141,POL04271,2023-08-25,12166.47,Approved,Theft of vehicle,batch_001,2026-07-31T17:58:20
CLM000142,POL03604,2023-08-25,2029.34,Denied,Death benefit claim,batch_001,2026-07-31T17:58:20
CLM000143,POL02226,2023-08-25,8462.60,Pending,Vehicle collision,batch_001,2026-07-31T17:58:20
CLM000144,POL01134,2023-08-25,3855.68,Denied,Accidental death claim,batch_001,2026-07-31T17:58:20
CLM000145,POL01252,2023-08-25,17689.84,Approved,Hit and run,batch_001,2026-07-31T17:58:20
CLM000146,POL03340,2023-08-25,8338.95,Denied,Hit and run,batch_001,2026-07-31T17:58:20
CLM000147,POL00511,2023-08-25,5250.18,Denied,Burglary,batch_001,2026-07-31T17:58:20
CLM000148,POL04785,2023-08-25,23656.94,Approved,Accidental death claim,batch_001,2026-07-31T17:58:20
CLM000149,POL03117,2023-08-25,11976.80,Denied,Roof damage from storm,batch_001,2026-07-31T17:58:20
CLM000150,POL03195,2023-08-26,21350.85,Denied,Vandalism damage,batch_001,2026-07-31T17:58:20
CLM000151,POL04474,2023-08-26,20016.72,Approved,Prescription claim,batch_001,2026-07-31T17:58:20
CLM000152,POL01798,2023-08-26,6896.09,Denied,Medical procedure,batch_001,2026-07-31T17:58:20
CLM000153,POL03186,2023-08-27,8469.63,Pending,Prescription claim,batch_001,2026-07-31T17:58:20
CLM000154,POL01353,2023-08-27,21028.59,Approved,Vandalism damage,batch_001,2026-07-31T17:58:20
CLM000155,POL04376,2023-08-28,771.46,Denied,Fallen tree damage,batch_001,2026-07-31T17:58:20
CLM000156,POL04624,2023-08-28,16608.69,Approved,Accidental death claim,batch_001,2026-07-31T17:58:20
CLM000157,POL03512,2023-08-28,3478.92,Denied,Death benefit claim,batch_001,2026-07-31T17:58:20
CLM000158,POL00412,2023-08-28,6577.89,Denied,Fire damage,batch_001,2026-07-31T17:58:20
CLM000159,POL03725,2023-08-28,8238.46,Denied,Roof damage from storm,batch_001,2026-07-31T17:58:20
CLM000160,POL03454,2023-08-29,6381.56,Approved,Hit and run,batch_001,2026-07-31T17:58:20
CLM000161,POL00159,2023-08-29,18750.70,Approved,Terminal illness claim,batch_001,2026-07-31T17:58:20
CLM000162,POL01837,2023-08-29,16288.59,Pending,Vehicle collision,batch_001,2026-07-31T17:58:20
CLM000163,POL00255,2023-08-29,23745.33,Approved,Water damage,batch_001,2026-07-31T17:58:20
CLM000164,POL05090,2023-08-29,3894.32,Approved,Prescription claim,batch_001,2026-07-31T17:58:20
CLM000165,POL00938,2023-08-29,14142.84,Approved,Burglary,batch_001,2026-07-31T17:58:20
CLM000166,POL02100,2023-08-30,19195.76,Approved,Accidental death claim,batch_001,2026-07-31T17:58:20
CLM000167,POL04975,2023-08-30,24097.00,Pending,Water damage,batch_001,2026-07-31T17:58:20
CLM000168,POL01342,2023-08-30,24121.55,Approved,Hospital stay,batch_001,2026-07-31T17:58:20
CLM000169,POL00211,2023-08-30,23229.29,Pending,Hit and run,batch_001,2026-07-31T17:58:20
CLM000170,POL03250,2023-08-30,23542.62,Approved,Death benefit claim,batch_001,2026-07-31T17:58:20
CLM000171,POL04851,2023-08-30,17296.30,Pending,Emergency room visit,batch_001,2026-07-31T17:58:20
CLM000172,POL00835,2023-08-30,17460.11,Denied,Hospital stay,batch_001,2026-07-31T17:58:20
CLM000173,POL00992,2023-08-30,19926.06,Pending,Water damage,batch_001,2026-07-31T17:58:20
CLM000174,POL02845,2023-08-31,13365.36,Pending,Roof damage from storm,batch_001,2026-07-31T17:58:20
CLM000175,POL00565,2023-08-31,12698.42,Denied,Vehicle collision,batch_001,2026-07-31T17:58:20
CLM000176,POL03442,2023-08-31,20576.04,Approved,Hit and run,batch_001,2026-07-31T17:58:20
CLM000177,POL02968,2023-08-31,15926.07,Denied,Emergency room visit,batch_001,2026-07-31T17:58:20
CLM000178,POL03568,2023-08-31,4485.81,Pending,Theft of vehicle,batch_001,2026-07-31T17:58:20
CLM000179,POL05046,2023-09-01,20224.16,Pending,Hit and run,batch_001,2026-07-31T17:58:20
CLM000180,POL03809,2023-09-01,10945.80,Pending,Hospital stay,batch_001,2026-07-31T17:58:20
CLM000181,POL02199,2023-09-01,8125.38,Approved,Medical procedure,batch_001,2026-07-31T17:58:20
CLM000182,POL02285,2023-09-02,22052.62,Approved,Burglary,batch_001,2026-07-31T17:58:20
CLM000183,POL04669,2023-09-02,15297.26,Denied,Theft of vehicle,batch_001,2026-07-31T17:58:20
CLM000184,POL00236,2023-09-02,12408.23,Denied,Windshield damage,batch_001,2026-07-31T17:58:20
CLM000185,POL03995,2023-09-02,5381.78,Denied,Surgery reimbursement,batch_001,2026-07-31T17:58:20
CLM000186,POL02291,2023-09-02,22019.97,Pending,Theft of vehicle,batch_001,2026-07-31T17:58:20
CLM000187,POL04554,2023-09-02,352.76,Approved,Water damage,batch_001,2026-07-31T17:58:20
CLM000188,POL01978,2023-09-03,18029.86,Denied,Fallen tree damage,batch_001,2026-07-31T17:58:20
CLM000189,POL01969,2023-09-03,17296.17,Pending,Prescription claim,batch_001,2026-07-31T17:58:20
CLM000190,POL03672,2023-09-03,19844.03,Approved,Terminal illness claim,batch_001,2026-07-31T17:58:20
CLM000191,POL01816,2023-09-03,10169.59,Approved,Roof damage from storm,batch_001,2026-07-31T17:58:20
CLM000192,POL04765,2023-09-03,9288.61,Pending,Hospital stay,batch_001,2026-07-31T17:58:20
CLM000193,POL02817,2023-09-04,10695.04,Pending,Hospital stay,batch_001,2026-07-31T17:58:20
CLM000194,POL02710,2023-09-04,8860.08,Denied,Roof damage from storm,batch_001,2026-07-31T17:58:20
CLM000195,POL02512,2023-09-04,6359.95,Approved,Windshield damage,batch_001,2026-07-31T17:58:20
CLM000196,POL02585,2023-09-04,3076.91,Pending,Emergency room visit,batch_001,2026-07-31T17:58:20
CLM000197,POL01570,2023-09-05,5487.98,Denied,Terminal illness claim,batch_001,2026-07-31T17:58:20
CLM000198,POL04830,2023-09-05,24417.51,Pending,Hospital stay,batch_001,2026-07-31T17:58:20
CLM000199,POL02319,2023-09-05,24514.71,Approved,Theft of vehicle,batch_001,2026-07-31T17:58:20
CLM000200,POL01864,2023-09-06,9085.94,Denied,Death benefit claim,batch_001,2026-07-31T17:58:20
CLM000201,POL04376,2023-09-06,3251.92,Approved,Water damage,batch_001,2026-07-31T17:58:20
CLM000202,POL04534,2023-09-06,7374.20,Approved,Hit and run,batch_001,2026-07-31T17:58:20
CLM000203,POL00841,2023-09-07,21830.72,Pending,Roof damage from storm,batch_001,2026-07-31T17:58:20
CLM000204,POL03846,2023-09-07,12019.98,Denied,Death benefit claim,batch_001,2026-07-31T17:58:20
CLM000205,POL00421,2023-09-07,6386.71,Denied,Vehicle collision,batch_001,2026-07-31T17:58:20
CLM000206,POL00536,2023-09-07,10077.62,Approved,Fallen tree damage,batch_001,2026-07-31T17:58:20
CLM000207,POL00440,2023-09-07,3878.00,Pending,Terminal illness claim,batch_001,2026-07-31T17:58:20
CLM000208,POL00698,2023-09-07,24848.56,Approved,Accidental death claim,batch_001,2026-07-31T17:58:20
CLM000209,POL03410,2023-09-08,15197.31,Pending,Windshield damage,batch_001,2026-07-31T17:58:20
CLM000210,POL04281,2023-09-08,9571.41,Denied,Theft of vehicle,batch_001,2026-07-31T17:58:20
CLM000211,POL04822,2023-09-08,24751.78,Denied,Hospital stay,batch_001,2026-07-31T17:58:20
CLM000212,POL05088,2023-09-08,1599.73,Pending,Medical procedure,batch_001,2026-07-31T17:58:20
CLM000213,POL01703,2023-09-09,15675.32,Denied,Accidental death claim,batch_001,2026-07-31T17:58:20
CLM000214,POL00666,2023-09-09,4010.72,Approved,Vandalism damage,batch_001,2026-07-31T17:58:20
CLM000215,POL00615,2023-09-09,3997.66,Denied,Burglary,batch_001,2026-07-31T17:58:20
CLM000216,POL04865,2023-09-09,11800.82,Approved,Windshield damage,batch_001,2026-07-31T17:58:20
CLM000217,POL02361,2023-09-09,17703.20,Pending,Terminal illness claim,batch_001,2026-07-31T17:58:20
CLM000218,POL00584,2023-09-09,17215.88,Denied,Fallen tree damage,batch_001,2026-07-31T17:58:20
CLM000219,POL01621,2023-09-09,10685.96,Pending,Emergency room visit,batch_001,2026-07-31T17:58:20
CLM000220,POL01221,2023-09-09,22719.44,Approved,Death benefit claim,batch_001,2026-07-31T17:58:20
CLM000221,POL00489,2023-09-09,4231.48,Denied,Vandalism damage,batch_001,2026-07-31T17:58:20
CLM000222,POL04663,2023-09-09,23037.69,Denied,Water damage,batch_001,2026-07-31T17:58:20
CLM000223,POL03840,2023-09-10,17248.08,Pending,Prescription claim,batch_001,2026-07-31T17:58:20
CLM000224,POL02231,2023-09-10,12561.76,Denied,Burglary,batch_001,2026-07-31T17:58:20
CLM000225,POL00659,2023-09-10,14991.11,Denied,Theft of vehicle,batch_001,2026-07-31T17:58:20
CLM000226,POL04946,2023-09-10,6334.16,Approved,Death benefit claim,batch_001,2026-07-31T17:58:20
CLM000227,POL04713,2023-09-10,14719.36,Approved,Surgery reimbursement,batch_001,2026-07-31T17:58:20
CLM000228,POL04721,2023-09-10,1101.77,Approved,Terminal illness claim,batch_001,2026-07-31T17:58:20
CLM000229,POL04252,2023-09-11,16322.59,Denied,Death benefit claim,batch_001,2026-07-31T17:58:20
CLM000230,POL04796,2023-09-11,10953.54,Denied,Water damage,batch_001,2026-07-31T17:58:20
CLM000231,POL03851,2023-09-11,8764.23,Denied,Terminal illness claim,batch_001,2026-07-31T17:58:20
CLM000232,POL00857,2023-09-11,21457.55,Denied,Hit and run,batch_001,2026-07-31T17:58:20
CLM000233,POL04059,2023-09-12,7276.62,Denied,Vandalism damage,batch_001,2026-07-31T17:58:20
CLM000234,POL00301,2023-09-12,11425.17,Denied,Roof damage from storm,batch_001,2026-07-31T17:58:20
CLM000235,POL02649,2023-09-13,2986.45,Denied,Hospital stay,batch_001,2026-07-31T17:58:20
CLM000236,POL00010,2023-09-13,16475.74,Pending,Burglary,batch_001,2026-07-31T17:58:20
CLM000237,POL03386,2023-09-13,1449.68,Pending,Surgery reimbursement,batch_001,2026-07-31T17:58:20
CLM000238,POL04084,2023-09-13,15672.68,Approved,Death benefit claim,batch_001,2026-07-31T17:58:20
CLM000239,POL02188,2023-09-13,13775.57,Denied,Hit and run,batch_001,2026-07-31T17:58:20
CLM000240,POL03971,2023-09-13,3123.51,Pending,Hospital stay,batch_001,2026-07-31T17:58:20
CLM000241,POL01961,2023-09-13,17773.59,Denied,Fallen tree damage,batch_001,2026-07-31T17:58:20
CLM000242,POL00113,2023-09-13,13851.06,Approved,Death benefit claim,batch_001,2026-07-31T17:58:20
CLM000243,POL00930,2023-09-14,11590.05,Approved,Fire damage,batch_001,2026-07-31T17:58:20
CLM000244,POL04083,2023-09-14,23323.06,Denied,Hospital stay,batch_001,2026-07-31T17:58:20
CLM000245,POL02240,2023-09-14,10445.71,Denied,Terminal illness claim,batch_001,2026-07-31T17:58:20
CLM000246,POL01997,2023-09-14,11473.98,Approved,Burglary,batch_001,2026-07-31T17:58:20
CLM000247,POL01562,2023-09-14,23054.52,Pending,Fire damage,batch_001,2026-07-31T17:58:20
CLM000248,POL00572,2023-09-14,6978.56,Denied,Theft of vehicle,batch_001,2026-07-31T17:58:20
CLM000249,POL04160,2023-09-14,6752.60,Approved,Terminal illness claim,batch_001,2026-07-31T17:58:20
CLM000250,POL02446,2023-09-15,20953.15,Pending,Accidental death claim,batch_001,2026-07-31T17:58:20
CLM000251,POL04012,2023-09-15,21644.99,Denied,Accidental death claim,batch_001,2026-07-31T17:58:20
CLM000252,POL03968,2023-09-16,8693.59,Pending,Fallen tree damage,batch_001,2026-07-31T17:58:20
CLM000253,POL03091,2023-09-16,11438.08,Denied,Fire damage,batch_001,2026-07-31T17:58:20
CLM000254,POL01957,2023-09-16,14337.76,Approved,Terminal illness claim,batch_001,2026-07-31T17:58:20
CLM000255,POL00358,2023-09-16,8022.59,Denied,Accidental death claim,batch_001,2026-07-31T17:58:20
CLM000256,POL03124,2023-09-16,9713.36,Pending,Accidental death claim,batch_001,2026-07-31T17:58:20
CLM000257,POL01247,2023-09-17,12433.68,Approved,Emergency room visit,batch_001,2026-07-31T17:58:20
CLM000258,POL04115,2023-09-17,24137.30,Denied,Water damage,batch_001,2026-07-31T17:58:20
CLM000259,POL03607,2023-09-17,2582.82,Denied,Water damage,batch_001,2026-07-31T17:58:20
CLM000260,POL01181,2023-09-17,10308.47,Pending,Windshield damage,batch_001,2026-07-31T17:58:20
CLM000261,POL00613,2023-09-17,11790.32,Denied,Terminal illness claim,batch_001,2026-07-31T17:58:20
CLM000262,POL03257,2023-09-17,16280.93,Denied,Vandalism damage,batch_001,2026-07-31T17:58:20
CLM000263,POL03114,2023-09-17,23858.08,Pending,Hit and run,batch_001,2026-07-31T17:58:20
CLM000264,POL04433,2023-09-17,993.89,Approved,Fire damage,batch_001,2026-07-31T17:58:20
CLM000265,POL02355,2023-09-18,24935.91,Pending,Medical procedure,batch_001,2026-07-31T17:58:20
CLM000266,POL03556,2023-09-18,24460.61,Pending,Medical procedure,batch_001,2026-07-31T17:58:20
CLM000267,POL03635,2023-09-18,4242.48,Denied,Death benefit claim,batch_001,2026-07-31T17:58:20
CLM000268,POL00377,2023-09-18,8176.93,Approved,Surgery reimbursement,batch_001,2026-07-31T17:58:20
CLM000269,POL02937,2023-09-18,9433.54,Approved,Fire damage,batch_001,2026-07-31T17:58:20
CLM000270,POL04352,2023-09-18,10360.09,Pending,Fire damage,batch_001,2026-07-31T17:58:20
CLM000271,POL01393,2023-09-18,4459.23,Pending,Burglary,batch_001,2026-07-31T17:58:20
CLM000272,POL05077,2023-09-19,17110.05,Denied,Fallen tree damage,batch_001,2026-07-31T17:58:20
CLM000273,POL01173,2023-09-19,5881.49,Pending,Theft of vehicle,batch_001,2026-07-31T17:58:20
CLM000274,POL03765,2023-09-19,6457.64,Approved,Prescription claim,batch_001,2026-07-31T17:58:20
CLM000275,POL02357,2023-09-19,16972.51,Approved,Vehicle collision,batch_001,2026-07-31T17:58:20
CLM000276,POL03619,2023-09-19,23636.37,Pending,Roof damage from storm,batch_001,2026-07-31T17:58:20
CLM000277,POL03476,2023-09-19,17288.81,Denied,Theft of vehicle,batch_001,2026-07-31T17:58:20
CLM000278,POL01632,2023-09-19,24984.40,Denied,Death benefit claim,batch_001,2026-07-31T17:58:20
CLM000279,POL01944,2023-09-19,9595.97,Denied,Hospital stay,batch_001,2026-07-31T17:58:20
CLM000280,POL02424,2023-09-19,24818.03,Denied,Medical procedure,batch_001,2026-07-31T17:58:20
CLM000281,POL03243,2023-09-19,6934.56,Pending,Vehicle collision,batch_001,2026-07-31T17:58:20
CLM000282,POL04968,2023-09-20,18654.79,Denied,Death benefit claim,batch_001,2026-07-31T17:58:20
CLM000283,POL04974,2023-09-20,20068.11,Approved,Fire damage,batch_001,2026-07-31T17:58:20
CLM000284,POL05087,2023-09-20,6340.61,Pending,Windshield damage,batch_001,2026-07-31T17:58:20
CLM000285,POL00796,2023-09-20,22594.75,Pending,Death benefit claim,batch_001,2026-07-31T17:58:20
CLM000286,POL02531,2023-09-21,19736.40,Approved,Fallen tree damage,batch_001,2026-07-31T17:58:20
CLM000287,POL02989,2023-09-21,18335.76,Approved,Surgery reimbursement,batch_001,2026-07-31T17:58:20
CLM000288,POL02677,2023-09-21,18712.27,Approved,Windshield damage,batch_001,2026-07-31T17:58:20
CLM000289,POL01083,2023-09-21,19684.17,Denied,Fallen tree damage,batch_001,2026-07-31T17:58:20
CLM000290,POL04111,2023-09-22,22845.83,Approved,Terminal illness claim,batch_001,2026-07-31T17:58:20
CLM000291,POL03948,2023-09-22,24187.86,Denied,Accidental death claim,batch_001,2026-07-31T17:58:20
CLM000292,POL02775,2023-09-22,20125.39,Denied,Medical procedure,batch_001,2026-07-31T17:58:20
CLM000293,POL01154,2023-09-23,18878.37,Approved,Prescription claim,batch_001,2026-07-31T17:58:20
CLM000294,POL04566,2023-09-23,9207.80,Denied,Water damage,batch_001,2026-07-31T17:58:20
CLM000295,POL02167,2023-09-23,13460.65,Denied,Terminal illness claim,batch_001,2026-07-31T17:58:20
CLM000296,POL02148,2023-09-23,14655.55,Pending,Roof damage from storm,batch_001,2026-07-31T17:58:20
CLM000297,POL00888,2023-09-24,16903.43,Denied,Water damage,batch_001,2026-07-31T17:58:20
CLM000298,POL05076,2023-09-24,22117.45,Pending,Theft of vehicle,batch_001,2026-07-31T17:58:20
CLM000299,POL04998,2023-09-24,5612.04,Approved,Prescription claim,batch_001,2026-07-31T17:58:20
CLM000300,POL02476,2023-09-25,16266.06,Approved,Emergency room visit,batch_001,2026-07-31T17:58:20
CLM000301,POL00372,2023-09-25,23661.91,Denied,Terminal illness claim,batch_001,2026-07-31T17:58:20
CLM000302,POL00952,2023-09-25,2520.08,Pending,Fire damage,batch_001,2026-07-31T17:58:20
CLM000303,POL03184,2023-09-25,11395.73,Pending,Hospital stay,batch_001,2026-07-31T17:58:20
CLM000304,POL03434,2023-09-26,14724.77,Pending,Fire damage,batch_001,2026-07-31T17:58:20
CLM000305,POL03399,2023-09-26,16407.56,Denied,Fallen tree damage,batch_001,2026-07-31T17:58:20
CLM000306,POL03344,2023-09-26,23482.42,Denied,Water damage,batch_001,2026-07-31T17:58:20
CLM000307,POL03036,2023-09-26,5510.02,Denied,Windshield damage,batch_001,2026-07-31T17:58:20
CLM000308,POL02972,2023-09-26,2573.93,Pending,Surgery reimbursement,batch_001,2026-07-31T17:58:20
CLM000309,POL04461,2023-09-26,22552.24,Pending,Roof damage from storm,batch_001,2026-07-31T17:58:20
CLM000310,POL00497,2023-09-27,10013.68,Approved,Medical procedure,batch_001,2026-07-31T17:58:20
CLM000311,POL03726,2023-09-27,2382.67,Approved,Hospital stay,batch_001,2026-07-31T17:58:20
CLM000312,POL00175,2023-09-27,1359.40,Denied,Death benefit claim,batch_001,2026-07-31T17:58:20
CLM000313,POL01032,2023-09-27,19695.75,Approved,Water damage,batch_001,2026-07-31T17:58:20
CLM000314,POL04541,2023-09-27,5258.22,Approved,Emergency room visit,batch_001,2026-07-31T17:58:20
CLM000315,POL02692,2023-09-27,19381.78,Pending,Water damage,batch_001,2026-07-31T17:58:20
CLM000316,POL02272,2023-09-27,21474.31,Approved,Fire damage,batch_001,2026-07-31T17:58:20
CLM000317,POL04426,2023-09-27,6341.29,Approved,Water damage,batch_001,2026-07-31T17:58:20
CLM000318,POL00212,2023-09-27,3381.90,Denied,Windshield damage,batch_001,2026-07-31T17:58:20
CLM000319,POL04824,2023-09-27,8161.91,Approved,Theft of vehicle,batch_001,2026-07-31T17:58:20
CLM000320,POL00430,2023-09-27,3256.29,Denied,Hospital stay,batch_001,2026-07-31T17:58:20
CLM000321,POL00932,2023-09-28,18667.07,Denied,Hit and run,batch_001,2026-07-31T17:58:20
CLM000322,POL02966,2023-09-28,12879.63,Approved,Terminal illness claim,batch_001,2026-07-31T17:58:20
CLM000323,POL04128,2023-09-28,5616.59,Pending,Death benefit claim,batch_001,2026-07-31T17:58:20
CLM000324,POL04272,2023-09-29,7610.60,Pending,Medical procedure,batch_001,2026-07-31T17:58:20
CLM000325,POL00499,2023-09-29,24964.81,Denied,Burglary,batch_001,2026-07-31T17:58:20
CLM000326,POL00885,2023-09-29,12307.69,Denied,Death benefit claim,batch_001,2026-07-31T17:58:20
CLM000327,POL00662,2023-09-29,8120.58,Approved,Medical procedure,batch_001,2026-07-31T17:58:20
CLM000328,POL01034,2023-09-29,6947.90,Pending,Fallen tree damage,batch_001,2026-07-31T17:58:20
CLM000329,POL04493,2023-09-29,17832.60,Denied,Vandalism damage,batch_001,2026-07-31T17:58:20
CLM000330,POL04347,2023-09-29,7442.95,Pending,Fallen tree damage,batch_001,2026-07-31T17:58:20
CLM000331,POL03525,2023-09-30,2569.54,Pending,Death benefit claim,batch_001,2026-07-31T17:58:20
CLM000332,POL04517,2023-09-30,18048.91,Approved,Terminal illness claim,batch_001,2026-07-31T17:58:20
CLM000333,POL03700,2023-09-30,22213.47,Denied,Terminal illness claim,batch_001,2026-07-31T17:58:20
CLM000334,POL03716,2023-09-30,10028.38,Pending,Water damage,batch_001,2026-07-31T17:58:20
CLM000335,POL02561,2023-09-30,10726.42,Pending,Terminal illness claim,batch_001,2026-07-31T17:58:20
CLM000336,POL03067,2023-09-30,23844.45,Pending,Hit and run,batch_001,2026-07-31T17:58:20
CLM000337,POL00550,2023-09-30,2371.50,Approved,Death benefit claim,batch_001,2026-07-31T17:58:20
CLM000338,POL03538,2023-09-30,2504.45,Pending,Terminal illness claim,batch_001,2026-07-31T17:58:20
CLM000339,POL01066,2023-09-30,13953.63,Pending,Accidental death claim,batch_001,2026-07-31T17:58:20
CLM000340,POL04602,2023-09-30,8308.18,Approved,Prescription claim,batch_001,2026-07-31T17:58:20
CLM000341,POL02897,2023-09-30,21852.82,Denied,Medical procedure,batch_001,2026-07-31T17:58:20
CLM000342,POL02357,2023-09-30,15050.21,Denied,Vehicle collision,batch_001,2026-07-31T17:58:20
CLM000343,POL04735,2023-10-01,12734.57,Approved,Prescription claim,batch_001,2026-07-31T17:58:20
CLM000344,POL01838,2023-10-01,21197.14,Denied,Accidental death claim,batch_001,2026-07-31T17:58:20
CLM000345,POL03012,2023-10-01,2960.64,Denied,Hospital stay,batch_001,2026-07-31T17:58:20
CLM000346,POL01853,2023-10-01,20199.81,Pending,Accidental death claim,batch_001,2026-07-31T17:58:20
CLM000347,POL05027,2023-10-01,16906.92,Pending,Vehicle collision,batch_001,2026-07-31T17:58:20
CLM000348,POL04989,2023-10-01,23234.20,Pending,Terminal illness claim,batch_001,2026-07-31T17:58:20
CLM000349,POL00238,2023-10-02,4592.36,Pending,Terminal illness claim,batch_001,2026-07-31T17:58:20
CLM000350,POL02784,2023-10-02,8840.48,Approved,Emergency room visit,batch_001,2026-07-31T17:58:20
CLM000351,POL04640,2023-10-02,16467.88,Approved,Windshield damage,batch_001,2026-07-31T17:58:20
CLM000352,POL00252,2023-10-02,2384.77,Pending,Windshield damage,batch_001,2026-07-31T17:58:20
CLM000353,POL03082,2023-10-02,10553.83,Denied,Windshield damage,batch_001,2026-07-31T17:58:20
CLM000354,POL03032,2023-10-02,7859.77,Denied,Accidental death claim,batch_001,2026-07-31T17:58:20
CLM000355,POL04885,2023-10-03,2215.43,Approved,Emergency room visit,batch_001,2026-07-31T17:58:20
CLM000356,POL01290,2023-10-03,18885.45,Approved,Accidental death claim,batch_001,2026-07-31T17:58:20
CLM000357,POL00669,2023-10-03,6875.36,Pending,Burglary,batch_001,2026-07-31T17:58:20
CLM000358,POL03979,2023-10-03,15216.19,Denied,Roof damage from storm,batch_001,2026-07-31T17:58:20
CLM000359,POL01766,2023-10-04,18898.08,Approved,Terminal illness claim,batch_001,2026-07-31T17:58:20
CLM000360,POL03522,2023-10-04,2861.16,Pending,Vandalism damage,batch_001,2026-07-31T17:58:20
CLM000361,POL03987,2023-10-04,13220.66,Denied,Vehicle collision,batch_001,2026-07-31T17:58:20
CLM000362,POL01807,2023-10-04,9942.06,Pending,Vehicle collision,batch_001,2026-07-31T17:58:20
CLM000363,POL00063,2023-10-04,5190.14,Approved,Emergency room visit,batch_001,2026-07-31T17:58:20
CLM000364,POL02094,2023-10-04,7307.23,Approved,Water damage,batch_001,2026-07-31T17:58:20
CLM000365,POL04075,2023-10-04,18700.65,Approved,Windshield damage,batch_001,2026-07-31T17:58:20
CLM000366,POL03115,2023-10-04,13361.30,Approved,Hospital stay,batch_001,2026-07-31T17:58:20
CLM000367,POL04578,2023-10-05,20850.52,Denied,Water damage,batch_001,2026-07-31T17:58:20
CLM000368,POL03253,2023-10-05,21557.93,Approved,Prescription claim,batch_001,2026-07-31T17:58:20
CLM000369,POL00154,2023-10-05,11547.88,Approved,Surgery reimbursement,batch_001,2026-07-31T17:58:20
CLM000370,POL04717,2023-10-05,10789.18,Denied,Prescription claim,batch_001,2026-07-31T17:58:20
CLM000371,POL02372,2023-10-06,2967.82,Approved,Surgery reimbursement,batch_001,2026-07-31T17:58:20
CLM000372,POL01408,2023-10-06,20052.92,Pending,Burglary,batch_001,2026-07-31T17:58:20
CLM000373,POL02965,2023-10-06,2294.43,Approved,Fire damage,batch_001,2026-07-31T17:58:20
CLM000374,POL03570,2023-10-06,14762.90,Pending,Water damage,batch_001,2026-07-31T17:58:20
CLM000375,POL03243,2023-10-06,21776.06,Pending,Theft of vehicle,batch_001,2026-07-31T17:58:20
CLM000376,POL01816,2023-10-06,8393.41,Approved,Water damage,batch_001,2026-07-31T17:58:20
CLM000377,POL04182,2023-10-06,15867.29,Pending,Vandalism damage,batch_001,2026-07-31T17:58:20
CLM000378,POL01589,2023-10-06,22657.48,Denied,Surgery reimbursement,batch_001,2026-07-31T17:58:20
CLM000379,POL01210,2023-10-07,5983.09,Approved,Roof damage from storm,batch_001,2026-07-31T17:58:20
CLM000380,POL01617,2023-10-07,4420.13,Approved,Accidental death claim,batch_001,2026-07-31T17:58:20
CLM000381,POL00618,2023-10-07,4510.94,Pending,Hit and run,batch_001,2026-07-31T17:58:20
CLM000382,POL03801,2023-10-07,18885.70,Pending,Hit and run,batch_001,2026-07-31T17:58:20
CLM000383,POL04625,2023-10-07,16110.50,Pending,Roof damage from storm,batch_001,2026-07-31T17:58:20
CLM000384,POL02590,2023-10-07,3858.84,Approved,Hit and run,batch_001,2026-07-31T17:58:20
CLM000385,POL03623,2023-10-07,15821.49,Denied,Fallen tree damage,batch_001,2026-07-31T17:58:20
CLM000386,POL00461,2023-10-07,8863.36,Approved,Terminal illness claim,batch_001,2026-07-31T17:58:20
CLM000387,POL03783,2023-10-07,11352.66,Approved,Terminal illness claim,batch_001,2026-07-31T17:58:20
CLM000388,POL02352,2023-10-07,2010.60,Approved,Fallen tree damage,batch_001,2026-07-31T17:58:20
CLM000389,POL04867,2023-10-07,12725.99,Denied,Accidental death claim,batch_001,2026-07-31T17:58:20
CLM000390,POL04541,2023-10-08,23860.36,Pending,Medical procedure,batch_001,2026-07-31T17:58:20
CLM000391,POL03685,2023-10-08,22735.34,Pending,Accidental death claim,batch_001,2026-07-31T17:58:20
CLM000392,POL01543,2023-10-08,8106.02,Denied,Vandalism damage,batch_001,2026-07-31T17:58:20
CLM000393,POL01236,2023-10-09,23947.29,Denied,Vehicle collision,batch_001,2026-07-31T17:58:20
CLM000394,POL02814,2023-10-09,24561.40,Approved,Vandalism damage,batch_001,2026-07-31T17:58:20
CLM000395,POL01414,2023-10-09,1074.64,Pending,Terminal illness claim,batch_001,2026-07-31T17:58:20
CLM000396,POL03600,2023-10-09,13149.31,Pending,Emergency room visit,batch_001,2026-07-31T17:58:20
CLM000397,POL02982,2023-10-09,9384.01,Denied,Hit and run,batch_001,2026-07-31T17:58:20
CLM000398,POL03349,2023-10-09,19384.17,Pending,Vandalism damage,batch_001,2026-07-31T17:58:20
CLM000399,POL00429,2023-10-09,19751.75,Pending,Theft of vehicle,batch_001,2026-07-31T17:58:20
CLM000400,POL00540,2023-10-09,8309.30,Pending,Prescription claim,batch_001,2026-07-31T17:58:20
CLM000401,POL02328,2023-10-10,6374.70,Pending,Accidental death claim,batch_001,2026-07-31T17:58:20
CLM000402,POL01232,2023-10-10,8400.71,Pending,Emergency room visit,batch_001,2026-07-31T17:58:20
CLM000403,POL02866,2023-10-10,7824.77,Pending,Hit and run,batch_001,2026-07-31T17:58:20
CLM000404,POL01057,2023-10-10,14916.53,Approved,Theft of vehicle,batch_001,2026-07-31T17:58:20
CLM000405,POL04579,2023-10-10,9479.31,Denied,Emergency room visit,batch_001,2026-07-31T17:58:20
CLM000406,POL04313,2023-10-10,2426.98,Pending,Hit and run,batch_001,2026-07-31T17:58:20
CLM000407,POL04166,2023-10-10,9109.52,Denied,Roof damage from storm,batch_001,2026-07-31T17:58:20
CLM000408,POL01477,2023-10-10,23784.12,Denied,Hit and run,batch_001,2026-07-31T17:58:20
CLM000409,POL01573,2023-10-10,5740.92,Approved,Emergency room visit,batch_001,2026-07-31T17:58:20
CLM000410,POL00633,2023-10-10,7465.22,Approved,Hospital stay,batch_001,2026-07-31T17:58:20
CLM000411,POL04422,2023-10-10,20894.48,Pending,Medical procedure,batch_001,2026-07-31T17:58:20
CLM000412,POL02759,2023-10-11,21922.18,Pending,Windshield damage,batch_001,2026-07-31T17:58:20
CLM000413,POL04893,2023-10-11,9480.32,Approved,Fire damage,batch_001,2026-07-31T17:58:20
CLM000414,POL01357,2023-10-11,18057.46,Approved,Hit and run,batch_001,2026-07-31T17:58:20
CLM000415,POL02985,2023-10-11,16941.44,Approved,Prescription claim,batch_001,2026-07-31T17:58:20
CLM000416,POL05002,2023-10-11,7194.71,Pending,Terminal illness claim,batch_001,2026-07-31T17:58:20
CLM000417,POL01917,2023-10-12,13396.88,Denied,Prescription claim,batch_001,2026-07-31T17:58:20
CLM000418,POL01590,2023-10-13,9259.24,Pending,Terminal illness claim,batch_001,2026-07-31T17:58:20
CLM000419,POL03783,2023-10-13,19259.02,Denied,Accidental death claim,batch_001,2026-07-31T17:58:20
CLM000420,POL04321,2023-10-13,10524.65,Approved,Windshield damage,batch_001,2026-07-31T17:58:20
CLM000421,POL04954,2023-10-13,3546.12,Denied,Water damage,batch_001,2026-07-31T17:58:20
CLM000422,POL03937,2023-10-13,21865.51,Pending,Death benefit claim,batch_001,2026-07-31T17:58:20
CLM000423,POL04227,2023-10-13,21294.03,Denied,Medical procedure,batch_001,2026-07-31T17:58:20
CLM000424,POL01314,2023-10-14,6892.50,Pending,Windshield damage,batch_001,2026-07-31T17:58:20
CLM000425,POL03584,2023-10-14,2383.67,Approved,Prescription claim,batch_001,2026-07-31T17:58:20
CLM000426,POL02864,2023-10-14,23268.75,Denied,Vehicle collision,batch_001,2026-07-31T17:58:20
CLM000427,POL03248,2023-10-14,12599.98,Approved,Burglary,batch_001,2026-07-31T17:58:20
CLM000428,POL00669,2023-10-14,9435.33,Approved,Roof damage from storm,batch_001,2026-07-31T17:58:20
CLM000429,POL00812,2023-10-14,20995.49,Pending,Surgery reimbursement,batch_001,2026-07-31T17:58:20
CLM000430,POL01197,2023-10-15,3526.23,Denied,Hit and run,batch_001,2026-07-31T17:58:20
CLM000431,POL01137,2023-10-15,18995.14,Denied,Hit and run,batch_001,2026-07-31T17:58:20
CLM000432,POL05041,2023-10-15,230.75,Approved,Death benefit claim,batch_001,2026-07-31T17:58:20
CLM000433,POL02097,2023-10-15,5469.80,Approved,Accidental death claim,batch_001,2026-07-31T17:58:20
CLM000434,POL04988,2023-10-15,13241.51,Approved,Terminal illness claim,batch_001,2026-07-31T17:58:20
CLM000435,POL01947,2023-10-15,7598.66,Approved,Death benefit claim,batch_001,2026-07-31T17:58:20
CLM000436,POL03440,2023-10-16,16009.90,Pending,Burglary,batch_001,2026-07-31T17:58:20
CLM000437,POL00515,2023-10-16,2860.36,Denied,Fallen tree damage,batch_001,2026-07-31T17:58:20
CLM000438,POL04392,2023-10-16,509.24,Pending,Vandalism damage,batch_001,2026-07-31T17:58:20
CLM000439,POL01982,2023-10-16,17991.75,Denied,Terminal illness claim,batch_001,2026-07-31T17:58:20
CLM000440,POL00013,2023-10-16,15408.76,Approved,Hospital stay,batch_001,2026-07-31T17:58:20
CLM000441,POL03413,2023-10-16,4764.12,Pending,Vehicle collision,batch_001,2026-07-31T17:58:20
CLM000442,POL04289,2023-10-17,24368.90,Approved,Accidental death claim,batch_001,2026-07-31T17:58:20
CLM000443,POL04458,2023-10-17,12732.46,Pending,Accidental death claim,batch_001,2026-07-31T17:58:20
CLM000444,POL00167,2023-10-17,9822.30,Denied,Death benefit claim,batch_001,2026-07-31T17:58:20
CLM000445,POL03170,2023-10-17,24527.88,Denied,Water damage,batch_001,2026-07-31T17:58:20
CLM000446,POL02926,2023-10-17,19734.15,Denied,Fire damage,batch_001,2026-07-31T17:58:20
CLM000447,POL00850,2023-10-17,19310.38,Pending,Roof damage from storm,batch_001,2026-07-31T17:58:20
CLM000448,POL01093,2023-10-17,1203.96,Pending,Theft of vehicle,batch_001,2026-07-31T17:58:20
CLM000449,POL01435,2023-10-17,20776.55,Pending,Burglary,batch_001,2026-07-31T17:58:20
CLM000450,POL03921,2023-10-17,15830.22,Approved,Vehicle collision,batch_001,2026-07-31T17:58:20
CLM000451,POL03750,2023-10-17,1020.90,Approved,Vehicle collision,batch_001,2026-07-31T17:58:20
CLM000452,POL01635,2023-10-17,22156.18,Denied,Roof damage from storm,batch_001,2026-07-31T17:58:20
CLM000453,POL04223,2023-10-17,10015.78,Pending,Terminal illness claim,batch_001,2026-07-31T17:58:20
CLM000454,POL02076,2023-10-18,1011.86,Pending,Windshield damage,batch_001,2026-07-31T17:58:20
CLM000455,POL02344,2023-10-18,8988.66,Approved,Accidental death claim,batch_001,2026-07-31T17:58:20
CLM000456,POL02720,2023-10-18,6903.09,Denied,Prescription claim,batch_001,2026-07-31T17:58:20
CLM000457,POL03277,2023-10-18,18608.36,Denied,Theft of vehicle,batch_001,2026-07-31T17:58:20
CLM000458,POL01531,2023-10-18,12455.46,Denied,Roof damage from storm,batch_001,2026-07-31T17:58:20
CLM000459,POL04254,2023-10-19,6741.35,Approved,Burglary,batch_001,2026-07-31T17:58:20
CLM000460,POL00647,2023-10-19,10822.12,Approved,Hospital stay,batch_001,2026-07-31T17:58:20
CLM000461,POL02407,2023-10-19,8098.16,Approved,Theft of vehicle,batch_001,2026-07-31T17:58:20
CLM000462,POL02422,2023-10-19,7731.75,Pending,Prescription claim,batch_001,2026-07-31T17:58:20
CLM000463,POL01366,2023-10-19,17275.14,Denied,Terminal illness claim,batch_001,2026-07-31T17:58:20
CLM000464,POL00347,2023-10-19,18197.68,Denied,Accidental death claim,batch_001,2026-07-31T17:58:20
CLM000465,POL03564,2023-10-20,6936.43,Approved,Death benefit claim,batch_001,2026-07-31T17:58:20
CLM000466,POL03328,2023-10-20,9146.45,Pending,Accidental death claim,batch_001,2026-07-31T17:58:20
CLM000467,POL01311,2023-10-20,23824.46,Approved,Hospital stay,batch_001,2026-07-31T17:58:20
CLM000468,POL03590,2023-10-20,966.49,Approved,Death benefit claim,batch_001,2026-07-31T17:58:20
CLM000469,POL03001,2023-10-20,9117.55,Pending,Death benefit claim,batch_001,2026-07-31T17:58:20
CLM000470,POL04957,2023-10-20,3920.61,Denied,Terminal illness claim,batch_001,2026-07-31T17:58:20
CLM000471,POL03048,2023-10-21,11154.09,Approved,Fallen tree damage,batch_001,2026-07-31T17:58:20
CLM000472,POL01128,2023-10-21,13283.55,Denied,Terminal illness claim,batch_001,2026-07-31T17:58:20
CLM000473,POL02284,2023-10-21,6315.33,Approved,Water damage,batch_001,2026-07-31T17:58:20
CLM000474,POL01525,2023-10-22,12526.19,Denied,Hospital stay,batch_001,2026-07-31T17:58:20
CLM000475,POL00965,2023-10-22,6618.24,Denied,Prescription claim,batch_001,2026-07-31T17:58:20
CLM000476,POL01758,2023-10-22,24909.49,Denied,Hit and run,batch_001,2026-07-31T17:58:20
CLM000477,POL01640,2023-10-22,3153.67,Approved,Hit and run,batch_001,2026-07-31T17:58:20
CLM000478,POL01415,2023-10-22,22477.11,Denied,Vehicle collision,batch_001,2026-07-31T17:58:20
CLM000479,POL02619,2023-10-22,16729.21,Pending,Death benefit claim,batch_001,2026-07-31T17:58:20
CLM000480,POL04506,2023-10-22,13600.07,Denied,Death benefit claim,batch_001,2026-07-31T17:58:20
CLM000481,POL01427,2023-10-22,19863.04,Pending,Emergency room visit,batch_001,2026-07-31T17:58:20
CLM000482,POL00995,2023-10-23,24629.80,Approved,Death benefit claim,batch_001,2026-07-31T17:58:20
CLM000483,POL04048,2023-10-23,754.47,Pending,Hospital stay,batch_001,2026-07-31T17:58:20
CLM000484,POL03023,2023-10-23,11738.41,Pending,Death benefit claim,batch_001,2026-07-31T17:58:20
CLM000485,POL05014,2023-10-23,22117.74,Approved,Terminal illness claim,batch_001,2026-07-31T17:58:20
CLM000486,POL03262,2023-10-23,24989.92,Pending,Hit and run,batch_001,2026-07-31T17:58:20
CLM000487,POL04307,2023-10-23,10328.80,Denied,Accidental death claim,batch_001,2026-07-31T17:58:20
CLM000488,POL00605,2023-10-23,3220.64,Denied,Vehicle collision,batch_001,2026-07-31T17:58:20
CLM000489,POL03687,2023-10-23,11699.25,Pending,Terminal illness claim,batch_001,2026-07-31T17:58:20
CLM000490,POL01052,2023-10-23,21961.21,Pending,Accidental death claim,batch_001,2026-07-31T17:58:20
CLM000491,POL04816,2023-10-23,4630.88,Approved,Hit and run,batch_001,2026-07-31T17:58:20
CLM000492,POL04120,2023-10-23,22776.74,Approved,Vehicle collision,batch_001,2026-07-31T17:58:20
CLM000493,POL04245,2023-10-23,3910.09,Approved,Fire damage,batch_001,2026-07-31T17:58:20
CLM000494,POL02644,2023-10-23,23374.97,Approved,Roof damage from storm,batch_001,2026-07-31T17:58:20
CLM000495,POL04251,2023-10-24,22383.66,Approved,Terminal illness claim,batch_001,2026-07-31T17:58:20
CLM000496,POL01609,2023-10-24,15912.92,Pending,Surgery reimbursement,batch_001,2026-07-31T17:58:20
CLM000497,POL01026,2023-10-25,15663.06,Pending,Hospital stay,batch_001,2026-07-31T17:58:20
CLM000498,POL00766,2023-10-25,12614.07,Approved,Fallen tree damage,batch_001,2026-07-31T17:58:20
CLM000499,POL04757,2023-10-25,3939.44,Pending,Accidental death claim,batch_001,2026-07-31T17:58:20
CLM000500,POL04958,2023-10-25,8506.73,Pending,Death benefit claim,batch_001,2026-07-31T17:58:20
CLM000501,POL00233,2023-10-25,2122.45,Pending,Vandalism damage,batch_001,2026-07-31T17:58:20
CLM000502,POL02169,2023-10-25,16313.14,Pending,Prescription claim,batch_001,2026-07-31T17:58:20
CLM000503,POL05064,2023-10-25,16010.88,Denied,Accidental death claim,batch_001,2026-07-31T17:58:20
CLM000504,POL04470,2023-10-26,7312.82,Denied,Terminal illness claim,batch_001,2026-07-31T17:58:20
CLM000505,POL02007,2023-10-26,20136.74,Pending,Burglary,batch_001,2026-07-31T17:58:20
CLM000506,POL02437,2023-10-26,11393.25,Pending,Vehicle collision,batch_001,2026-07-31T17:58:20
CLM000507,POL01295,2023-10-26,11046.18,Denied,Hit and run,batch_001,2026-07-31T17:58:20
CLM000508,POL01672,2023-10-26,8570.79,Approved,Roof damage from storm,batch_001,2026-07-31T17:58:20
CLM000509,POL02616,2023-10-26,18381.57,Denied,Hit and run,batch_001,2026-07-31T17:58:20
CLM000510,POL01072,2023-10-26,19040.56,Pending,Fallen tree damage,batch_001,2026-07-31T17:58:20
CLM000511,POL00870,2023-10-26,8045.99,Denied,Vehicle collision,batch_001,2026-07-31T17:58:20
CLM000512,POL02192,2023-10-27,11294.94,Approved,Death benefit claim,batch_001,2026-07-31T17:58:20
CLM000513,POL00415,2023-10-27,7326.28,Denied,Vandalism damage,batch_001,2026-07-31T17:58:20
CLM000514,POL03426,2023-10-27,6281.93,Approved,Theft of vehicle,batch_001,2026-07-31T17:58:20
CLM000515,POL04733,2023-10-27,18056.10,Approved,Emergency room visit,batch_001,2026-07-31T17:58:20
CLM000516,POL04082,2023-10-28,24899.64,Denied,Terminal illness claim,batch_001,2026-07-31T17:58:20
CLM000517,POL02528,2023-10-28,12484.52,Approved,Hit and run,batch_001,2026-07-31T17:58:20
CLM000518,POL04141,2023-10-28,11485.04,Approved,Fire damage,batch_001,2026-07-31T17:58:20
CLM000519,POL04779,2023-10-28,8887.09,Approved,Theft of vehicle,batch_001,2026-07-31T17:58:20
CLM000520,POL04055,2023-10-28,14978.22,Pending,Prescription claim,batch_001,2026-07-31T17:58:20
CLM000521,POL02341,2023-10-28,13463.60,Approved,Prescription claim,batch_001,2026-07-31T17:58:20
CLM000522,POL01098,2023-10-28,22073.15,Pending,Roof damage from storm,batch_001,2026-07-31T17:58:20
CLM000523,POL03304,2023-10-29,9211.84,Denied,Death benefit claim,batch_001,2026-07-31T17:58:20
CLM000524,POL04672,2023-10-29,14089.24,Denied,Fallen tree damage,batch_001,2026-07-31T17:58:20
CLM000525,POL02365,2023-10-29,1930.94,Pending,Terminal illness claim,batch_001,2026-07-31T17:58:20
CLM000526,POL04505,2023-10-30,7065.04,Pending,Hospital stay,batch_001,2026-07-31T17:58:20
CLM000527,POL00974,2023-10-30,3303.72,Approved,Prescription claim,batch_001,2026-07-31T17:58:20
CLM000528,POL03058,2023-10-30,19892.94,Denied,Fallen tree damage,batch_001,2026-07-31T17:58:20
CLM000529,POL02996,2023-10-30,18898.63,Approved,Vandalism damage,batch_001,2026-07-31T17:58:20
CLM000530,POL04171,2023-10-30,10094.54,Approved,Death benefit claim,batch_001,2026-07-31T17:58:20
CLM000531,POL00319,2023-10-30,3512.21,Denied,Hit and run,batch_001,2026-07-31T17:58:20
CLM000532,POL04255,2023-10-31,11479.02,Pending,Accidental death claim,batch_001,2026-07-31T17:58:20
CLM000533,POL01146,2023-10-31,8266.35,Pending,Theft of vehicle,batch_001,2026-07-31T17:58:20
CLM000534,POL01332,2023-10-31,9884.57,Pending,Accidental death claim,batch_001,2026-07-31T17:58:20
CLM000535,POL02452,2023-10-31,14883.74,Pending,Fallen tree damage,batch_001,2026-07-31T17:58:20
CLM000536,POL04361,2023-10-31,12297.18,Pending,Theft of vehicle,batch_001,2026-07-31T17:58:20
CLM000537,POL03891,2023-11-01,20412.15,Denied,Roof damage from storm,batch_001,2026-07-31T17:58:20
CLM000538,POL00898,2023-11-01,24499.46,Pending,Terminal illness claim,batch_001,2026-07-31T17:58:20
CLM000539,POL00219,2023-11-01,14963.05,Denied,Accidental death claim,batch_001,2026-07-31T17:58:20
CLM000540,POL04739,2023-11-01,14483.10,Pending,Death benefit claim,batch_001,2026-07-31T17:58:20
CLM000541,POL04781,2023-11-01,12063.17,Pending,Vandalism damage,batch_001,2026-07-31T17:58:20
CLM000542,POL03115,2023-11-01,3779.62,Pending,Emergency room visit,batch_001,2026-07-31T17:58:20
CLM000543,POL00259,2023-11-01,14357.00,Pending,Medical procedure,batch_001,2026-07-31T17:58:20
CLM000544,POL01563,2023-11-01,571.54,Denied,Terminal illness claim,batch_001,2026-07-31T17:58:20
CLM000545,POL01241,2023-11-01,10382.71,Approved,Hit and run,batch_001,2026-07-31T17:58:20
CLM000546,POL04111,2023-11-01,19396.81,Denied,Accidental death claim,batch_001,2026-07-31T17:58:20
CLM000547,POL00511,2023-11-02,17673.80,Pending,Fire damage,batch_001,2026-07-31T17:58:20
CLM000548,POL04595,2023-11-02,8193.73,Pending,Terminal illness claim,batch_001,2026-07-31T17:58:20
CLM000549,POL04305,2023-11-02,9482.94,Approved,Burglary,batch_001,2026-07-31T17:58:20
CLM000550,POL04368,2023-11-02,8623.94,Denied,Roof damage from storm,batch_001,2026-07-31T17:58:20
CLM000551,POL04998,2023-11-02,12156.08,Approved,Surgery reimbursement,batch_001,2026-07-31T17:58:20
CLM000552,POL04572,2023-11-02,7532.63,Denied,Terminal illness claim,batch_001,2026-07-31T17:58:20
CLM000553,POL01699,2023-11-02,17286.97,Denied,Surgery reimbursement,batch_001,2026-07-31T17:58:20
CLM000554,POL03931,2023-11-02,8785.20,Pending,Theft of vehicle,batch_001,2026-07-31T17:58:20
CLM000555,POL02358,2023-11-03,3134.67,Pending,Hospital stay,batch_001,2026-07-31T17:58:20
CLM000556,POL03111,2023-11-03,22404.44,Denied,Surgery reimbursement,batch_001,2026-07-31T17:58:20
CLM000557,POL01200,2023-11-03,7332.27,Denied,Medical procedure,batch_001,2026-07-31T17:58:20
CLM000558,POL02838,2023-11-04,23107.84,Pending,Roof damage from storm,batch_001,2026-07-31T17:58:20
CLM000559,POL03925,2023-11-04,5428.27,Pending,Roof damage from storm,batch_001,2026-07-31T17:58:20
CLM000560,POL04605,2023-11-04,17434.67,Approved,Death benefit claim,batch_001,2026-07-31T17:58:20
CLM000561,POL05044,2023-11-04,18548.19,Approved,Windshield damage,batch_001,2026-07-31T17:58:20
CLM000562,POL00416,2023-11-04,16778.87,Pending,Death benefit claim,batch_001,2026-07-31T17:58:20
CLM000563,POL01908,2023-11-04,1407.03,Denied,Roof damage from storm,batch_001,2026-07-31T17:58:20
CLM000564,POL03870,2023-11-04,2603.57,Approved,Water damage,batch_001,2026-07-31T17:58:20
CLM000565,POL04509,2023-11-05,24449.98,Approved,Terminal illness claim,batch_001,2026-07-31T17:58:20
CLM000566,POL03897,2023-11-05,11988.47,Approved,Terminal illness claim,batch_001,2026-07-31T17:58:20
CLM000567,POL02632,2023-11-05,7206.84,Approved,Death benefit claim,batch_001,2026-07-31T17:58:20
CLM000568,POL04704,2023-11-06,5882.28,Pending,Vehicle collision,batch_001,2026-07-31T17:58:20
CLM000569,POL01435,2023-11-06,10505.34,Approved,Water damage,batch_001,2026-07-31T17:58:20
CLM000570,POL03253,2023-11-06,19720.22,Approved,Surgery reimbursement,batch_001,2026-07-31T17:58:20
CLM000571,POL00307,2023-11-06,330.75,Pending,Fallen tree damage,batch_001,2026-07-31T17:58:20
CLM000572,POL00880,2023-11-06,23218.53,Denied,Surgery reimbursement,batch_001,2026-07-31T17:58:20
CLM000573,POL03723,2023-11-06,24728.58,Pending,Hospital stay,batch_001,2026-07-31T17:58:20
CLM000574,POL04047,2023-11-06,22242.57,Approved,Fallen tree damage,batch_001,2026-07-31T17:58:20
CLM000575,POL03835,2023-11-06,6893.64,Approved,Surgery reimbursement,batch_001,2026-07-31T17:58:20
CLM000576,POL01332,2023-11-06,18304.87,Pending,Terminal illness claim,batch_001,2026-07-31T17:58:20
CLM000577,POL01526,2023-11-07,450.70,Denied,Terminal illness claim,batch_001,2026-07-31T17:58:20
CLM000578,POL04652,2023-11-07,16892.59,Approved,Emergency room visit,batch_001,2026-07-31T17:58:20
CLM000579,POL05005,2023-11-07,21418.05,Denied,Burglary,batch_001,2026-07-31T17:58:20
CLM000580,POL04222,2023-11-07,8265.37,Denied,Medical procedure,batch_001,2026-07-31T17:58:20
CLM000581,POL01514,2023-11-07,24543.96,Denied,Surgery reimbursement,batch_001,2026-07-31T17:58:20
CLM000582,POL02033,2023-11-07,270.07,Denied,Death benefit claim,batch_001,2026-07-31T17:58:20
CLM000583,POL03660,2023-11-07,18868.54,Denied,Roof damage from storm,batch_001,2026-07-31T17:58:20
CLM000584,POL04772,2023-11-08,18099.77,Approved,Surgery reimbursement,batch_001,2026-07-31T17:58:20
CLM000585,POL02946,2023-11-08,17349.94,Approved,Water damage,batch_001,2026-07-31T17:58:20
CLM000586,POL03813,2023-11-09,7739.48,Denied,Hospital stay,batch_001,2026-07-31T17:58:20
CLM000587,POL02548,2023-11-09,17288.23,Pending,Theft of vehicle,batch_001,2026-07-31T17:58:20
CLM000588,POL03011,2023-11-09,15404.17,Approved,Fire damage,batch_001,2026-07-31T17:58:20
CLM000589,POL03918,2023-11-09,3914.32,Pending,Hospital stay,batch_001,2026-07-31T17:58:20
CLM000590,POL03061,2023-11-10,10454.56,Pending,Hit and run,batch_001,2026-07-31T17:58:20
CLM000591,POL04404,2023-11-10,20069.68,Approved,Windshield damage,batch_001,2026-07-31T17:58:20
CLM000592,POL04881,2023-11-10,21841.06,Approved,Fallen tree damage,batch_001,2026-07-31T17:58:20
CLM000593,POL03660,2023-11-10,13251.51,Denied,Water damage,batch_001,2026-07-31T17:58:20
CLM000594,POL04622,2023-11-10,2894.00,Pending,Vandalism damage,batch_001,2026-07-31T17:58:20
CLM000595,POL01657,2023-11-10,14360.27,Approved,Emergency room visit,batch_001,2026-07-31T17:58:20
CLM000596,POL02688,2023-11-11,21376.70,Denied,Vehicle collision,batch_001,2026-07-31T17:58:20
CLM000597,POL01683,2023-11-11,17951.26,Denied,Vehicle collision,batch_001,2026-07-31T17:58:20
CLM000598,POL04181,2023-11-12,11192.52,Approved,Burglary,batch_001,2026-07-31T17:58:20
CLM000599,POL01081,2023-11-12,12879.87,Denied,Hospital stay,batch_001,2026-07-31T17:58:20
CLM000600,POL00473,2023-11-12,14014.05,Pending,Roof damage from storm,batch_001,2026-07-31T17:58:20
CLM000601,POL00179,2023-11-12,9959.12,Approved,Accidental death claim,batch_001,2026-07-31T17:58:20
CLM000602,POL01786,2023-11-12,14499.95,Approved,Prescription claim,batch_001,2026-07-31T17:58:20
CLM000603,POL02823,2023-11-12,17539.58,Pending,Death benefit claim,batch_001,2026-07-31T17:58:20
CLM000604,POL00566,2023-11-12,24654.82,Denied,Vehicle collision,batch_001,2026-07-31T17:58:20
CLM000605,POL02352,2023-11-12,10280.79,Approved,Burglary,batch_001,2026-07-31T17:58:20
CLM000606,POL03068,2023-11-12,24822.13,Denied,Terminal illness claim,batch_001,2026-07-31T17:58:20
CLM000607,POL03093,2023-11-12,9453.57,Pending,Accidental death claim,batch_001,2026-07-31T17:58:20
CLM000608,POL04418,2023-11-13,3411.45,Denied,Vehicle collision,batch_001,2026-07-31T17:58:20
CLM000609,POL01463,2023-11-13,24821.88,Denied,Hospital stay,batch_001,2026-07-31T17:58:20
CLM000610,POL01044,2023-11-13,18223.67,Approved,Vehicle collision,batch_001,2026-07-31T17:58:20
CLM000611,POL00187,2023-11-13,24464.42,Denied,Accidental death claim,batch_001,2026-07-31T17:58:20
CLM000612,POL04461,2023-11-13,10660.79,Denied,Fire damage,batch_001,2026-07-31T17:58:20
CLM000613,POL02028,2023-11-13,11569.57,Approved,Theft of vehicle,batch_001,2026-07-31T17:58:20
CLM000614,POL01545,2023-11-14,23441.52,Pending,Water damage,batch_001,2026-07-31T17:58:20
CLM000615,POL00264,2023-11-14,20256.01,Denied,Vandalism damage,batch_001,2026-07-31T17:58:20
CLM000616,POL00129,2023-11-14,6092.59,Approved,Water damage,batch_001,2026-07-31T17:58:20
CLM000617,POL04866,2023-11-14,936.05,Pending,Water damage,batch_001,2026-07-31T17:58:20
CLM000618,POL02005,2023-11-14,18539.47,Denied,Burglary,batch_001,2026-07-31T17:58:20
CLM000619,POL01920,2023-11-14,13540.02,Approved,Fire damage,batch_001,2026-07-31T17:58:20
CLM000620,POL04128,2023-11-14,24837.74,Approved,Accidental death claim,batch_001,2026-07-31T17:58:20
CLM000621,POL04720,2023-11-14,8040.70,Pending,Theft of vehicle,batch_001,2026-07-31T17:58:20
CLM000622,POL01941,2023-11-14,7613.93,Approved,Fallen tree damage,batch_001,2026-07-31T17:58:20
CLM000623,POL01811,2023-11-14,10397.65,Denied,Death benefit claim,batch_001,2026-07-31T17:58:20
CLM000624,POL04561,2023-11-14,23718.15,Pending,Windshield damage,batch_001,2026-07-31T17:58:20
CLM000625,POL03500,2023-11-15,13940.68,Approved,Roof damage from storm,batch_001,2026-07-31T17:58:20
CLM000626,POL03123,2023-11-15,19666.53,Denied,Accidental death claim,batch_001,2026-07-31T17:58:20
CLM000627,POL03411,2023-11-15,10265.65,Denied,Burglary,batch_001,2026-07-31T17:58:20
CLM000628,POL01507,2023-11-15,18884.96,Denied,Emergency room visit,batch_001,2026-07-31T17:58:20
CLM000629,POL01847,2023-11-15,7588.34,Pending,Fire damage,batch_001,2026-07-31T17:58:20
CLM000630,POL03794,2023-11-15,22877.06,Pending,Hit and run,batch_001,2026-07-31T17:58:20
CLM000631,POL03413,2023-11-16,13976.44,Approved,Hit and run,batch_001,2026-07-31T17:58:20
CLM000632,POL01990,2023-11-16,6449.39,Denied,Vehicle collision,batch_001,2026-07-31T17:58:20
CLM000633,POL03685,2023-11-16,21193.62,Approved,Accidental death claim,batch_001,2026-07-31T17:58:20
CLM000634,POL01561,2023-11-16,1383.26,Denied,Accidental death claim,batch_001,2026-07-31T17:58:20
CLM000635,POL04956,2023-11-16,15112.76,Approved,Fire damage,batch_001,2026-07-31T17:58:20
CLM000636,POL04814,2023-11-17,18135.20,Pending,Fire damage,batch_001,2026-07-31T17:58:20
CLM000637,POL03928,2023-11-17,5301.34,Denied,Surgery reimbursement,batch_001,2026-07-31T17:58:20
CLM000638,POL00126,2023-11-18,5374.01,Approved,Vehicle collision,batch_001,2026-07-31T17:58:20
CLM000639,POL03924,2023-11-18,22869.59,Pending,Vandalism damage,batch_001,2026-07-31T17:58:20
CLM000640,POL01676,2023-11-18,9976.14,Approved,Vandalism damage,batch_001,2026-07-31T17:58:20
CLM000641,POL02635,2023-11-18,19410.30,Denied,Burglary,batch_001,2026-07-31T17:58:20
CLM000642,POL04372,2023-11-18,16253.16,Denied,Terminal illness claim,batch_001,2026-07-31T17:58:20
CLM000643,POL02947,2023-11-18,12869.13,Denied,Hit and run,batch_001,2026-07-31T17:58:20
CLM000644,POL00808,2023-11-18,20090.13,Pending,Terminal illness claim,batch_001,2026-07-31T17:58:20
CLM000645,POL02624,2023-11-18,22866.83,Denied,Surgery reimbursement,batch_001,2026-07-31T17:58:20
CLM000646,POL03391,2023-11-18,1238.31,Approved,Accidental death claim,batch_001,2026-07-31T17:58:20
CLM000647,POL01196,2023-11-18,503.88,Pending,Fallen tree damage,batch_001,2026-07-31T17:58:20
CLM000648,POL04745,2023-11-18,18028.30,Denied,Death benefit claim,batch_001,2026-07-31T17:58:20
CLM000649,POL01608,2023-11-19,8313.65,Denied,Vandalism damage,batch_001,2026-07-31T17:58:20
CLM000650,POL02014,2023-11-19,12532.61,Pending,Accidental death claim,batch_001,2026-07-31T17:58:20
CLM000651,POL02766,2023-11-20,6507.44,Denied,Accidental death claim,batch_001,2026-07-31T17:58:20
CLM000652,POL04019,2023-11-20,11574.64,Pending,Theft of vehicle,batch_001,2026-07-31T17:58:20
CLM000653,POL01387,2023-11-20,3584.97,Pending,Terminal illness claim,batch_001,2026-07-31T17:58:20
CLM000654,POL01508,2023-11-20,22930.79,Pending,Vehicle collision,batch_001,2026-07-31T17:58:20
CLM000655,POL04293,2023-11-20,942.21,Approved,Accidental death claim,batch_001,2026-07-31T17:58:20
CLM000656,POL00398,2023-11-21,19132.04,Denied,Windshield damage,batch_001,2026-07-31T17:58:20
CLM000657,POL01896,2023-11-21,1792.40,Approved,Medical procedure,batch_001,2026-07-31T17:58:20
CLM000658,POL01792,2023-11-21,12692.75,Denied,Water damage,batch_001,2026-07-31T17:58:20
CLM000659,POL05062,2023-11-21,15979.44,Pending,Prescription claim,batch_001,2026-07-31T17:58:20
CLM000660,POL03997,2023-11-21,491.72,Pending,Fallen tree damage,batch_001,2026-07-31T17:58:20
CLM000661,POL03370,2023-11-21,395.09,Pending,Roof damage from storm,batch_001,2026-07-31T17:58:20
CLM000662,POL04389,2023-11-21,24439.24,Approved,Accidental death claim,batch_001,2026-07-31T17:58:20
CLM000663,POL03528,2023-11-21,20173.58,Approved,Medical procedure,batch_001,2026-07-31T17:58:20
CLM000664,POL00790,2023-11-21,13157.20,Approved,Windshield damage,batch_001,2026-07-31T17:58:20
CLM000665,POL05078,2023-11-22,13208.75,Denied,Surgery reimbursement,batch_001,2026-07-31T17:58:20
CLM000666,POL03252,2023-11-22,2067.58,Denied,Hit and run,batch_001,2026-07-31T17:58:20
CLM000667,POL04629,2023-11-22,6155.88,Pending,Windshield damage,batch_001,2026-07-31T17:58:20
CLM000668,POL02458,2023-11-22,17132.64,Approved,Vehicle collision,batch_001,2026-07-31T17:58:20
CLM000669,POL00766,2023-11-22,10191.43,Denied,Fallen tree damage,batch_001,2026-07-31T17:58:20
CLM000670,POL03900,2023-11-22,1497.26,Approved,Accidental death claim,batch_001,2026-07-31T17:58:20
CLM000671,POL01404,2023-11-22,2158.88,Denied,Theft of vehicle,batch_001,2026-07-31T17:58:20
CLM000672,POL04636,2023-11-23,24435.50,Approved,Fallen tree damage,batch_001,2026-07-31T17:58:20
CLM000673,POL00349,2023-11-23,5821.19,Pending,Fallen tree damage,batch_001,2026-07-31T17:58:20
CLM000674,POL03896,2023-11-23,6850.27,Approved,Surgery reimbursement,batch_001,2026-07-31T17:58:20
CLM000675,POL04449,2023-11-23,14131.40,Approved,Windshield damage,batch_001,2026-07-31T17:58:20
CLM000676,POL02577,2023-11-23,489.89,Approved,Hospital stay,batch_001,2026-07-31T17:58:20
CLM000677,POL01182,2023-11-23,18831.14,Pending,Burglary,batch_001,2026-07-31T17:58:20
CLM000678,POL00631,2023-11-23,7551.99,Pending,Fire damage,batch_001,2026-07-31T17:58:20
CLM000679,POL04643,2023-11-23,20882.80,Denied,Fallen tree damage,batch_001,2026-07-31T17:58:20
CLM000680,POL02718,2023-11-24,9657.77,Pending,Windshield damage,batch_001,2026-07-31T17:58:20
CLM000681,POL00643,2023-11-24,12569.74,Denied,Medical procedure,batch_001,2026-07-31T17:58:20
CLM000682,POL00801,2023-11-24,10983.50,Approved,Terminal illness claim,batch_001,2026-07-31T17:58:20
CLM000683,POL04958,2023-11-24,19248.24,Pending,Terminal illness claim,batch_001,2026-07-31T17:58:20
CLM000684,POL02674,2023-11-24,837.68,Denied,Prescription claim,batch_001,2026-07-31T17:58:20
CLM000685,POL04020,2023-11-24,5780.65,Pending,Prescription claim,batch_001,2026-07-31T17:58:20
CLM000686,POL03538,2023-11-24,4724.87,Pending,Accidental death claim,batch_001,2026-07-31T17:58:20
CLM000687,POL03114,2023-11-24,2233.78,Pending,Theft of vehicle,batch_001,2026-07-31T17:58:20
CLM000688,POL02019,2023-11-24,17856.40,Approved,Roof damage from storm,batch_001,2026-07-31T17:58:20
CLM000689,POL01264,2023-11-24,9562.00,Pending,Fire damage,batch_001,2026-07-31T17:58:20
CLM000690,POL03192,2023-11-24,7985.29,Approved,Vehicle collision,batch_001,2026-07-31T17:58:20
CLM000691,POL00043,2023-11-25,23579.71,Denied,Theft of vehicle,batch_001,2026-07-31T17:58:20
CLM000692,POL02210,2023-11-25,2645.56,Approved,Death benefit claim,batch_001,2026-07-31T17:58:20
CLM000693,POL03531,2023-11-25,11276.21,Pending,Vandalism damage,batch_001,2026-07-31T17:58:20
CLM000694,POL03343,2023-11-25,2671.99,Approved,Theft of vehicle,batch_001,2026-07-31T17:58:20
CLM000695,POL04541,2023-11-26,2417.30,Pending,Surgery reimbursement,batch_001,2026-07-31T17:58:20
CLM000696,POL03156,2023-11-26,407.28,Denied,Terminal illness claim,batch_001,2026-07-31T17:58:20
CLM000697,POL00694,2023-11-26,18148.61,Pending,Windshield damage,batch_001,2026-07-31T17:58:20
CLM000698,POL04686,2023-11-26,13075.50,Pending,Terminal illness claim,batch_001,2026-07-31T17:58:20
CLM000699,POL01389,2023-11-26,3557.12,Denied,Terminal illness claim,batch_001,2026-07-31T17:58:20
CLM000700,POL04040,2023-11-27,3733.78,Approved,Terminal illness claim,batch_001,2026-07-31T17:58:20
CLM000701,POL02261,2023-11-27,10585.45,Denied,Medical procedure,batch_001,2026-07-31T17:58:20
CLM000702,POL02959,2023-11-27,6367.32,Approved,Accidental death claim,batch_001,2026-07-31T17:58:20
CLM000703,POL04062,2023-11-27,14885.78,Approved,Burglary,batch_001,2026-07-31T17:58:20
CLM000704,POL00877,2023-11-27,3473.69,Approved,Prescription claim,batch_001,2026-07-31T17:58:20
CLM000705,POL02722,2023-11-27,21056.17,Denied,Surgery reimbursement,batch_001,2026-07-31T17:58:20
CLM000706,POL03607,2023-11-27,8434.93,Pending,Fallen tree damage,batch_001,2026-07-31T17:58:20
CLM000707,POL01116,2023-11-27,7580.84,Pending,Emergency room visit,batch_001,2026-07-31T17:58:20
CLM000708,POL03925,2023-11-28,7923.16,Denied,Roof damage from storm,batch_001,2026-07-31T17:58:20
CLM000709,POL02388,2023-11-28,18398.37,Pending,Hit and run,batch_001,2026-07-31T17:58:20
CLM000710,POL04718,2023-11-28,19571.16,Denied,Terminal illness claim,batch_001,2026-07-31T17:58:20
CLM000711,POL02297,2023-11-28,20430.71,Denied,Roof damage from storm,batch_001,2026-07-31T17:58:20
CLM000712,POL00933,2023-11-28,23308.47,Approved,Vandalism damage,batch_001,2026-07-31T17:58:20
CLM000713,POL04470,2023-11-29,4580.19,Pending,Death benefit claim,batch_001,2026-07-31T17:58:20
CLM000714,POL03782,2023-11-29,23580.08,Approved,Prescription claim,batch_001,2026-07-31T17:58:20
CLM000715,POL02387,2023-11-29,20798.92,Approved,Prescription claim,batch_001,2026-07-31T17:58:20
CLM000716,POL04091,2023-11-29,3565.56,Denied,Death benefit claim,batch_001,2026-07-31T17:58:20
CLM000717,POL02070,2023-11-29,16500.71,Pending,Burglary,batch_001,2026-07-31T17:58:20
CLM000718,POL03089,2023-11-29,1941.73,Pending,Terminal illness claim,batch_001,2026-07-31T17:58:20
CLM000719,POL04770,2023-11-29,10080.05,Pending,Hit and run,batch_001,2026-07-31T17:58:20
CLM000720,POL04454,2023-11-29,1015.45,Denied,Accidental death claim,batch_001,2026-07-31T17:58:20
CLM000721,POL04399,2023-11-30,14886.12,Approved,Death benefit claim,batch_001,2026-07-31T17:58:20
CLM000722,POL02034,2023-11-30,16474.28,Denied,Emergency room visit,batch_001,2026-07-31T17:58:20
CLM000723,POL05020,2023-11-30,1202.99,Pending,Prescription claim,batch_001,2026-07-31T17:58:20
CLM000724,POL02717,2023-11-30,24146.35,Denied,Medical procedure,batch_001,2026-07-31T17:58:20
CLM000725,POL00087,2023-11-30,2555.30,Approved,Hospital stay,batch_001,2026-07-31T17:58:20
CLM000726,POL04250,2023-11-30,13994.04,Pending,Accidental death claim,batch_001,2026-07-31T17:58:20
CLM000727,POL01811,2023-11-30,11199.89,Denied,Terminal illness claim,batch_001,2026-07-31T17:58:20
CLM000728,POL04822,2023-11-30,17291.89,Approved,Surgery reimbursement,batch_001,2026-07-31T17:58:20
CLM000729,POL00202,2023-11-30,12121.00,Denied,Prescription claim,batch_001,2026-07-31T17:58:20
CLM000730,POL00704,2023-11-30,2990.13,Pending,Windshield damage,batch_001,2026-07-31T17:58:20
CLM000731,POL02854,2023-11-30,7866.07,Denied,Windshield damage,batch_001,2026-07-31T17:58:20
CLM000732,POL04269,2023-11-30,12124.86,Denied,Medical procedure,batch_001,2026-07-31T17:58:20
CLM000733,POL03590,2023-11-30,18077.65,Denied,Terminal illness claim,batch_001,2026-07-31T17:58:20
CLM000734,POL00551,2023-12-01,7576.58,Pending,Medical procedure,batch_001,2026-07-31T17:58:20
CLM000735,POL00186,2023-12-01,21244.58,Pending,Death benefit claim,batch_001,2026-07-31T17:58:20
CLM000736,POL01347,2023-12-01,23255.07,Pending,Windshield damage,batch_001,2026-07-31T17:58:20
CLM000737,POL04228,2023-12-01,4443.89,Approved,Surgery reimbursement,batch_001,2026-07-31T17:58:20
CLM000738,POL04587,2023-12-02,10716.60,Denied,Emergency room visit,batch_001,2026-07-31T17:58:20
CLM000739,POL03319,2023-12-02,15781.03,Approved,Accidental death claim,batch_001,2026-07-31T17:58:20
CLM000740,POL03541,2023-12-02,9950.00,Pending,Accidental death claim,batch_001,2026-07-31T17:58:20
CLM000741,POL01617,2023-12-02,11294.42,Denied,Terminal illness claim,batch_001,2026-07-31T17:58:20
CLM000742,POL00037,2023-12-02,17647.92,Approved,Roof damage from storm,batch_001,2026-07-31T17:58:20
CLM000743,POL00513,2023-12-02,14475.96,Pending,Emergency room visit,batch_001,2026-07-31T17:58:20
CLM000744,POL02997,2023-12-02,8217.02,Denied,Vehicle collision,batch_001,2026-07-31T17:58:20
CLM000745,POL02150,2023-12-02,16800.47,Denied,Fallen tree damage,batch_001,2026-07-31T17:58:20
CLM000746,POL02568,2023-12-02,14964.57,Pending,Burglary,batch_001,2026-07-31T17:58:20
CLM000747,POL04809,2023-12-03,2944.38,Denied,Burglary,batch_001,2026-07-31T17:58:20
CLM000748,POL05058,2023-12-03,4395.94,Pending,Surgery reimbursement,batch_001,2026-07-31T17:58:20
CLM000749,POL05034,2023-12-03,14795.19,Pending,Windshield damage,batch_001,2026-07-31T17:58:20
CLM000750,POL02566,2023-12-03,3034.76,Denied,Medical procedure,batch_001,2026-07-31T17:58:20
CLM000751,POL01500,2023-12-04,9395.32,Approved,Accidental death claim,batch_001,2026-07-31T17:58:20
CLM000752,POL03183,2023-12-04,10514.15,Approved,Accidental death claim,batch_001,2026-07-31T17:58:20
CLM000753,POL03144,2023-12-04,10633.67,Denied,Accidental death claim,batch_001,2026-07-31T17:58:20
CLM000754,POL04403,2023-12-04,17366.48,Pending,Emergency room visit,batch_001,2026-07-31T17:58:20
CLM000755,POL04546,2023-12-04,4254.95,Denied,Death benefit claim,batch_001,2026-07-31T17:58:20
CLM000756,POL01533,2023-12-05,7933.04,Denied,Hospital stay,batch_001,2026-07-31T17:58:20
CLM000757,POL00440,2023-12-05,21651.50,Approved,Terminal illness claim,batch_001,2026-07-31T17:58:20
CLM000758,POL01119,2023-12-05,4958.70,Denied,Accidental death claim,batch_001,2026-07-31T17:58:20
CLM000759,POL04141,2023-12-05,16361.44,Denied,Burglary,batch_001,2026-07-31T17:58:20
CLM000760,POL03405,2023-12-05,17782.55,Denied,Terminal illness claim,batch_001,2026-07-31T17:58:20
CLM000761,POL01371,2023-12-05,2158.50,Approved,Fire damage,batch_001,2026-07-31T17:58:20
CLM000762,POL02393,2023-12-05,914.11,Approved,Vandalism damage,batch_001,2026-07-31T17:58:20
CLM000763,POL02365,2023-12-06,4288.40,Denied,Accidental death claim,batch_001,2026-07-31T17:58:20
CLM000764,POL04058,2023-12-06,13788.18,Approved,Vandalism damage,batch_001,2026-07-31T17:58:20
CLM000765,POL00936,2023-12-06,6770.43,Pending,Terminal illness claim,batch_001,2026-07-31T17:58:20
CLM000766,POL04441,2023-12-06,20583.01,Approved,Burglary,batch_001,2026-07-31T17:58:20
CLM000767,POL04476,2023-12-06,5541.69,Denied,Water damage,batch_001,2026-07-31T17:58:20
CLM000768,POL02028,2023-12-06,7512.95,Approved,Hit and run,batch_001,2026-07-31T17:58:20
CLM000769,POL02153,2023-12-07,8779.57,Approved,Hit and run,batch_001,2026-07-31T17:58:20
CLM000770,POL00962,2023-12-07,19413.23,Approved,Windshield damage,batch_001,2026-07-31T17:58:20
CLM000771,POL04817,2023-12-08,17259.43,Pending,Accidental death claim,batch_001,2026-07-31T17:58:20
CLM000772,POL03508,2023-12-08,4232.94,Approved,Fire damage,batch_001,2026-07-31T17:58:20
CLM000773,POL01696,2023-12-08,20155.47,Pending,Surgery reimbursement,batch_001,2026-07-31T17:58:20
CLM000774,POL04361,2023-12-08,7099.02,Pending,Windshield damage,batch_001,2026-07-31T17:58:20
CLM000775,POL02652,2023-12-08,24477.10,Denied,Theft of vehicle,batch_001,2026-07-31T17:58:20
CLM000776,POL04692,2023-12-08,6756.84,Pending,Water damage,batch_001,2026-07-31T17:58:20
CLM000777,POL01111,2023-12-09,24073.02,Denied,Water damage,batch_001,2026-07-31T17:58:20
CLM000778,POL02272,2023-12-09,21689.49,Approved,Fire damage,batch_001,2026-07-31T17:58:20
CLM000779,POL02046,2023-12-09,3741.46,Denied,Fire damage,batch_001,2026-07-31T17:58:20
CLM000780,POL03218,2023-12-09,12287.52,Pending,Roof damage from storm,batch_001,2026-07-31T17:58:20
CLM000781,POL03394,2023-12-09,9441.79,Approved,Water damage,batch_001,2026-07-31T17:58:20
CLM000782,POL03301,2023-12-09,12938.78,Denied,Theft of vehicle,batch_001,2026-07-31T17:58:20
CLM000783,POL03725,2023-12-09,23761.33,Denied,Fallen tree damage,batch_001,2026-07-31T17:58:20
CLM000784,POL00021,2023-12-10,21735.80,Pending,Death benefit claim,batch_001,2026-07-31T17:58:20
CLM000785,POL03756,2023-12-10,15907.53,Pending,Surgery reimbursement,batch_001,2026-07-31T17:58:20
CLM000786,POL00519,2023-12-10,19912.38,Denied,Fire damage,batch_001,2026-07-31T17:58:20
CLM000787,POL03520,2023-12-10,20638.71,Denied,Surgery reimbursement,batch_001,2026-07-31T17:58:20
CLM000788,POL02645,2023-12-10,20725.76,Denied,Hospital stay,batch_001,2026-07-31T17:58:20
CLM000789,POL04735,2023-12-10,3351.80,Denied,Surgery reimbursement,batch_001,2026-07-31T17:58:20
CLM000790,POL00397,2023-12-10,1243.98,Pending,Terminal illness claim,batch_001,2026-07-31T17:58:20
CLM000791,POL00134,2023-12-10,3193.51,Approved,Terminal illness claim,batch_001,2026-07-31T17:58:20
CLM000792,POL03740,2023-12-11,116.83,Denied,Fire damage,batch_001,2026-07-31T17:58:20
CLM000793,POL01081,2023-12-11,22065.48,Denied,Emergency room visit,batch_001,2026-07-31T17:58:20
CLM000794,POL02245,2023-12-11,2424.17,Denied,Roof damage from storm,batch_001,2026-07-31T17:58:20
CLM000795,POL00676,2023-12-11,9358.91,Pending,Death benefit claim,batch_001,2026-07-31T17:58:20
CLM000796,POL00425,2023-12-11,9968.91,Denied,Fire damage,batch_001,2026-07-31T17:58:20
CLM000797,POL03517,2023-12-11,16421.58,Pending,Death benefit claim,batch_001,2026-07-31T17:58:20
CLM000798,POL00009,2023-12-11,5414.19,Approved,Windshield damage,batch_001,2026-07-31T17:58:20
CLM000799,POL04864,2023-12-11,5732.15,Pending,Prescription claim,batch_001,2026-07-31T17:58:20
CLM000800,POL00077,2023-12-12,300.76,Denied,Death benefit claim,batch_001,2026-07-31T17:58:20
CLM000801,POL03460,2023-12-12,17381.37,Denied,Vehicle collision,batch_001,2026-07-31T17:58:20
CLM000802,POL01876,2023-12-12,9638.44,Pending,Vehicle collision,batch_001,2026-07-31T17:58:20
CLM000803,POL00846,2023-12-12,7902.45,Denied,Fire damage,batch_001,2026-07-31T17:58:20
CLM000804,POL03136,2023-12-12,19359.17,Approved,Emergency room visit,batch_001,2026-07-31T17:58:20
CLM000805,POL00561,2023-12-12,13309.66,Approved,Accidental death claim,batch_001,2026-07-31T17:58:20
CLM000806,POL01345,2023-12-13,11058.48,Pending,Death benefit claim,batch_001,2026-07-31T17:58:20
CLM000807,POL01241,2023-12-13,23005.36,Pending,Hit and run,batch_001,2026-07-31T17:58:20
CLM000808,POL01780,2023-12-13,2258.53,Approved,Death benefit claim,batch_001,2026-07-31T17:58:20
CLM000809,POL01009,2023-12-13,14780.39,Denied,Terminal illness claim,batch_001,2026-07-31T17:58:20
CLM000810,POL03518,2023-12-13,7931.14,Approved,Windshield damage,batch_001,2026-07-31T17:58:20
CLM000811,POL02269,2023-12-14,16151.05,Approved,Accidental death claim,batch_001,2026-07-31T17:58:20
CLM000812,POL04924,2023-12-14,15040.20,Pending,Roof damage from storm,batch_001,2026-07-31T17:58:20
CLM000813,POL00220,2023-12-14,21212.51,Pending,Terminal illness claim,batch_001,2026-07-31T17:58:20
CLM000814,POL01684,2023-12-14,12991.95,Pending,Fire damage,batch_001,2026-07-31T17:58:20
CLM000815,POL03210,2023-12-14,7459.00,Approved,Fire damage,batch_001,2026-07-31T17:58:20
CLM000816,POL04055,2023-12-14,9708.55,Approved,Prescription claim,batch_001,2026-07-31T17:58:20
CLM000817,POL04866,2023-12-14,1868.20,Approved,Roof damage from storm,batch_001,2026-07-31T17:58:20
CLM000818,POL02593,2023-12-14,3386.37,Pending,Terminal illness claim,batch_001,2026-07-31T17:58:20
CLM000819,POL02994,2023-12-14,13704.27,Approved,Burglary,batch_001,2026-07-31T17:58:20
CLM000820,POL00598,2023-12-14,515.57,Approved,Medical procedure,batch_001,2026-07-31T17:58:20
CLM000821,POL02148,2023-12-15,5472.00,Approved,Burglary,batch_001,2026-07-31T17:58:20
CLM000822,POL04151,2023-12-16,7233.55,Pending,Vandalism damage,batch_001,2026-07-31T17:58:20
CLM000823,POL03404,2023-12-16,10647.02,Denied,Vehicle collision,batch_001,2026-07-31T17:58:20
CLM000824,POL04396,2023-12-16,13487.62,Approved,Roof damage from storm,batch_001,2026-07-31T17:58:20
CLM000825,POL00685,2023-12-16,7816.68,Pending,Emergency room visit,batch_001,2026-07-31T17:58:20
CLM000826,POL01273,2023-12-16,13456.12,Denied,Vandalism damage,batch_001,2026-07-31T17:58:20
CLM000827,POL00542,2023-12-17,7823.22,Denied,Emergency room visit,batch_001,2026-07-31T17:58:20
CLM000828,POL00475,2023-12-17,6187.55,Denied,Medical procedure,batch_001,2026-07-31T17:58:20
CLM000829,POL03715,2023-12-17,15346.19,Approved,Terminal illness claim,batch_001,2026-07-31T17:58:20
CLM000830,POL01439,2023-12-17,3074.13,Pending,Emergency room visit,batch_001,2026-07-31T17:58:20
CLM000831,POL00093,2023-12-17,4179.43,Denied,Vandalism damage,batch_001,2026-07-31T17:58:20
CLM000832,POL04238,2023-12-17,19596.38,Pending,Theft of vehicle,batch_001,2026-07-31T17:58:20
CLM000833,POL01368,2023-12-17,9359.55,Pending,Roof damage from storm,batch_001,2026-07-31T17:58:20
CLM000834,POL00968,2023-12-18,19308.61,Approved,Surgery reimbursement,batch_001,2026-07-31T17:58:20
CLM000835,POL03518,2023-12-18,6872.32,Approved,Theft of vehicle,batch_001,2026-07-31T17:58:20
CLM000836,POL04724,2023-12-18,15725.57,Denied,Prescription claim,batch_001,2026-07-31T17:58:20
CLM000837,POL04185,2023-12-18,9067.08,Denied,Hospital stay,batch_001,2026-07-31T17:58:20
CLM000838,POL01368,2023-12-18,9255.43,Denied,Water damage,batch_001,2026-07-31T17:58:20
CLM000839,POL04702,2023-12-18,16885.60,Approved,Fire damage,batch_001,2026-07-31T17:58:20
CLM000840,POL04169,2023-12-18,163.96,Approved,Fire damage,batch_001,2026-07-31T17:58:20
CLM000841,POL00377,2023-12-18,11846.94,Denied,Emergency room visit,batch_001,2026-07-31T17:58:20
CLM000842,POL01467,2023-12-18,23285.89,Approved,Fallen tree damage,batch_001,2026-07-31T17:58:20
CLM000843,POL03436,2023-12-18,5690.43,Approved,Burglary,batch_001,2026-07-31T17:58:20
CLM000844,POL02621,2023-12-18,6854.32,Approved,Fallen tree damage,batch_001,2026-07-31T17:58:20
CLM000845,POL03055,2023-12-18,3073.08,Pending,Vehicle collision,batch_001,2026-07-31T17:58:20
CLM000846,POL01470,2023-12-19,5657.31,Pending,Medical procedure,batch_001,2026-07-31T17:58:20
CLM000847,POL03285,2023-12-19,1816.27,Denied,Theft of vehicle,batch_001,2026-07-31T17:58:20
CLM000848,POL02546,2023-12-19,8249.79,Pending,Burglary,batch_001,2026-07-31T17:58:20
CLM000849,POL00066,2023-12-19,9286.09,Denied,Hospital stay,batch_001,2026-07-31T17:58:20
CLM000850,POL02490,2023-12-19,18515.44,Approved,Burglary,batch_001,2026-07-31T17:58:20
CLM000851,POL03017,2023-12-19,14833.10,Denied,Fire damage,batch_001,2026-07-31T17:58:20
CLM000852,POL04478,2023-12-19,19036.01,Approved,Emergency room visit,batch_001,2026-07-31T17:58:20
CLM000853,POL00053,2023-12-19,23316.70,Approved,Windshield damage,batch_001,2026-07-31T17:58:20
CLM000854,POL04437,2023-12-19,8725.95,Pending,Vehicle collision,batch_001,2026-07-31T17:58:20
CLM000855,POL02745,2023-12-19,136.40,Pending,Terminal illness claim,batch_001,2026-07-31T17:58:20
CLM000856,POL02520,2023-12-19,2688.33,Pending,Fire damage,batch_001,2026-07-31T17:58:20
CLM000857,POL03440,2023-12-19,12351.52,Approved,Fire damage,batch_001,2026-07-31T17:58:20
CLM000858,POL02293,2023-12-20,2416.36,Approved,Fallen tree damage,batch_001,2026-07-31T17:58:20
CLM000859,POL03384,2023-12-20,17551.09,Denied,Prescription claim,batch_001,2026-07-31T17:58:20
CLM000860,POL00696,2023-12-20,14561.19,Pending,Death benefit claim,batch_001,2026-07-31T17:58:20
CLM000861,POL03231,2023-12-20,1963.28,Pending,Medical procedure,batch_001,2026-07-31T17:58:20
CLM000862,POL03564,2023-12-20,16594.85,Approved,Death benefit claim,batch_001,2026-07-31T17:58:20
CLM000863,POL02390,2023-12-20,6598.67,Denied,Prescription claim,batch_001,2026-07-31T17:58:20
CLM000864,POL02673,2023-12-20,8019.64,Denied,Death benefit claim,batch_001,2026-07-31T17:58:20
CLM000865,POL00612,2023-12-21,23594.51,Approved,Vandalism damage,batch_001,2026-07-31T17:58:20
CLM000866,POL00893,2023-12-21,3969.72,Approved,Terminal illness claim,batch_001,2026-07-31T17:58:20
CLM000867,POL03818,2023-12-22,7919.43,Approved,Hospital stay,batch_001,2026-07-31T17:58:20
CLM000868,POL02936,2023-12-22,24119.40,Approved,Burglary,batch_001,2026-07-31T17:58:20
CLM000869,POL02526,2023-12-22,11637.33,Approved,Water damage,batch_001,2026-07-31T17:58:20
CLM000870,POL01292,2023-12-22,20209.16,Denied,Fallen tree damage,batch_001,2026-07-31T17:58:20
CLM000871,POL00331,2023-12-22,5454.02,Denied,Fire damage,batch_001,2026-07-31T17:58:20
CLM000872,POL00748,2023-12-22,17807.82,Denied,Prescription claim,batch_001,2026-07-31T17:58:20
CLM000873,POL04207,2023-12-22,1318.87,Denied,Terminal illness claim,batch_001,2026-07-31T17:58:20
CLM000874,POL01425,2023-12-22,873.94,Denied,Hit and run,batch_001,2026-07-31T17:58:20
CLM000875,POL04555,2023-12-22,18727.15,Approved,Death benefit claim,batch_001,2026-07-31T17:58:20
CLM000876,POL03786,2023-12-22,2637.49,Approved,Water damage,batch_001,2026-07-31T17:58:20
CLM000877,POL00098,2023-12-22,1635.56,Approved,Windshield damage,batch_001,2026-07-31T17:58:20
CLM000878,POL01624,2023-12-22,20609.47,Denied,Medical procedure,batch_001,2026-07-31T17:58:20
CLM000879,POL04771,2023-12-22,14694.36,Approved,Death benefit claim,batch_001,2026-07-31T17:58:20
CLM000880,POL00529,2023-12-22,5023.98,Pending,Terminal illness claim,batch_001,2026-07-31T17:58:20
CLM000881,POL01056,2023-12-23,2390.27,Denied,Vehicle collision,batch_001,2026-07-31T17:58:20
CLM000882,POL00350,2023-12-23,23562.79,Approved,Death benefit claim,batch_001,2026-07-31T17:58:20
CLM000883,POL04702,2023-12-23,10885.59,Pending,Burglary,batch_001,2026-07-31T17:58:20
CLM000884,POL04065,2023-12-23,834.11,Pending,Burglary,batch_001,2026-07-31T17:58:20
CLM000885,POL01416,2023-12-23,8913.19,Approved,Roof damage from storm,batch_001,2026-07-31T17:58:20
CLM000886,POL02293,2023-12-23,11205.68,Approved,Water damage,batch_001,2026-07-31T17:58:20
CLM000887,POL05031,2023-12-24,15517.50,Approved,Theft of vehicle,batch_001,2026-07-31T17:58:20
CLM000888,POL04087,2023-12-24,10358.61,Pending,Hit and run,batch_001,2026-07-31T17:58:20
CLM000889,POL00500,2023-12-24,2284.27,Denied,Fire damage,batch_001,2026-07-31T17:58:20
CLM000890,POL03435,2023-12-25,5066.50,Pending,Fire damage,batch_001,2026-07-31T17:58:20
CLM000891,POL04454,2023-12-25,19891.67,Denied,Accidental death claim,batch_001,2026-07-31T17:58:20
CLM000892,POL02942,2023-12-25,12044.14,Denied,Roof damage from storm,batch_001,2026-07-31T17:58:20
CLM000893,POL04634,2023-12-25,12609.59,Denied,Terminal illness claim,batch_001,2026-07-31T17:58:20
CLM000894,POL01474,2023-12-25,748.97,Pending,Emergency room visit,batch_001,2026-07-31T17:58:20
CLM000895,POL00241,2023-12-25,22404.54,Denied,Death benefit claim,batch_001,2026-07-31T17:58:20
CLM000896,POL03865,2023-12-26,13282.86,Pending,Death benefit claim,batch_001,2026-07-31T17:58:20
CLM000897,POL01308,2023-12-26,2593.34,Pending,Fire damage,batch_001,2026-07-31T17:58:20
CLM000898,POL02184,2023-12-26,13388.87,Pending,Death benefit claim,batch_001,2026-07-31T17:58:20
CLM000899,POL01798,2023-12-26,14434.73,Denied,Surgery reimbursement,batch_001,2026-07-31T17:58:20
CLM000900,POL01424,2023-12-26,4484.90,Pending,Surgery reimbursement,batch_001,2026-07-31T17:58:20
CLM000901,POL02940,2023-12-27,22858.10,Approved,Roof damage from storm,batch_001,2026-07-31T17:58:20
CLM000902,POL04651,2023-12-27,14133.80,Pending,Fire damage,batch_001,2026-07-31T17:58:20
CLM000903,POL04033,2023-12-27,13598.90,Approved,Terminal illness claim,batch_001,2026-07-31T17:58:20
CLM000904,POL00311,2023-12-27,2347.41,Approved,Vandalism damage,batch_001,2026-07-31T17:58:20
CLM000905,POL01793,2023-12-27,596.21,Denied,Vehicle collision,batch_001,2026-07-31T17:58:20
CLM000906,POL02718,2023-12-27,22955.62,Approved,Windshield damage,batch_001,2026-07-31T17:58:20
CLM000907,POL02792,2023-12-28,17951.75,Denied,Water damage,batch_001,2026-07-31T17:58:20
CLM000908,POL00180,2023-12-28,3778.03,Pending,Emergency room visit,batch_001,2026-07-31T17:58:20
CLM000909,POL00909,2023-12-28,21177.37,Denied,Vehicle collision,batch_001,2026-07-31T17:58:20
CLM000910,POL03061,2023-12-28,17643.00,Pending,Hit and run,batch_001,2026-07-31T17:58:20
CLM000911,POL04801,2023-12-28,2615.70,Denied,Roof damage from storm,batch_001,2026-07-31T17:58:20
CLM000912,POL01118,2023-12-28,24398.93,Pending,Burglary,batch_001,2026-07-31T17:58:20
CLM000913,POL03992,2023-12-28,16264.59,Approved,Accidental death claim,batch_001,2026-07-31T17:58:20
CLM000914,POL04604,2023-12-28,17369.65,Pending,Terminal illness claim,batch_001,2026-07-31T17:58:20
CLM000915,POL01829,2023-12-28,16671.74,Approved,Terminal illness claim,batch_001,2026-07-31T17:58:20
CLM000916,POL02514,2023-12-28,18376.47,Denied,Fire damage,batch_001,2026-07-31T17:58:20
CLM000917,POL01456,2023-12-29,18247.89,Pending,Fallen tree damage,batch_001,2026-07-31T17:58:20
CLM000918,POL03208,2023-12-29,21283.85,Pending,Vehicle collision,batch_001,2026-07-31T17:58:20
CLM000919,POL01492,2023-12-29,15099.48,Pending,Emergency room visit,batch_001,2026-07-31T17:58:20
CLM000920,POL04633,2023-12-29,2692.34,Denied,Death benefit claim,batch_001,2026-07-31T17:58:20
CLM000921,POL02713,2023-12-29,18659.05,Approved,Theft of vehicle,batch_001,2026-07-31T17:58:20
CLM000922,POL02618,2023-12-30,4280.40,Approved,Theft of vehicle,batch_001,2026-07-31T17:58:20
CLM000923,POL03659,2023-12-30,383.75,Approved,Fire damage,batch_001,2026-07-31T17:58:20
CLM000924,POL00556,2023-12-30,8826.98,Approved,Accidental death claim,batch_001,2026-07-31T17:58:20
CLM000925,POL00011,2023-12-30,1298.87,Denied,Prescription claim,batch_001,2026-07-31T17:58:20
CLM000926,POL01363,2023-12-30,22125.34,Denied,Prescription claim,batch_001,2026-07-31T17:58:20
CLM000927,POL02878,2023-12-31,13696.00,Approved,Burglary,batch_001,2026-07-31T17:58:20
CLM000928,POL04736,2023-12-31,16309.14,Pending,Death benefit claim,batch_001,2026-07-31T17:58:20
CLM000929,POL01333,2023-12-31,11337.06,Approved,Roof damage from storm,batch_001,2026-07-31T17:58:20
CLM000930,POL00165,2023-12-31,8036.05,Approved,Medical procedure,batch_001,2026-07-31T17:58:20
CLM000931,POL02801,2023-12-31,4335.62,Denied,Fire damage,batch_001,2026-07-31T17:58:20
CLM000932,POL00615,2023-12-31,13721.45,Approved,Roof damage from storm,batch_001,2026-07-31T17:58:20
CLM000933,POL04867,2024-01-01,24633.37,Denied,Accidental death claim,batch_001,2026-07-31T17:58:20
CLM000934,POL00254,2024-01-01,10839.95,Pending,Windshield damage,batch_001,2026-07-31T17:58:20
CLM000935,POL04976,2024-01-01,22254.86,Approved,Death benefit claim,batch_001,2026-07-31T17:58:20
CLM000936,POL00830,2024-01-01,8344.26,Approved,Prescription claim,batch_001,2026-07-31T17:58:20
CLM000937,POL04540,2024-01-01,18078.75,Pending,Hospital stay,batch_001,2026-07-31T17:58:20
CLM000938,POL02174,2024-01-01,16548.89,Denied,Death benefit claim,batch_001,2026-07-31T17:58:20
CLM000939,POL00786,2024-01-02,1335.92,Pending,Vandalism damage,batch_001,2026-07-31T17:58:20
CLM000940,POL04022,2024-01-02,3924.39,Denied,Vehicle collision,batch_001,2026-07-31T17:58:20
CLM000941,POL03503,2024-01-02,2281.95,Pending,Hospital stay,batch_001,2026-07-31T17:58:20
CLM000942,POL03935,2024-01-02,5071.90,Approved,Fire damage,batch_001,2026-07-31T17:58:20
CLM000943,POL01400,2024-01-02,15990.95,Approved,Burglary,batch_001,2026-07-31T17:58:20
CLM000944,POL00947,2024-01-02,7778.00,Denied,Prescription claim,batch_001,2026-07-31T17:58:20
CLM000945,POL04007,2024-01-02,22382.45,Denied,Death benefit claim,batch_001,2026-07-31T17:58:20
CLM000946,POL04458,2024-01-02,9749.43,Denied,Terminal illness claim,batch_001,2026-07-31T17:58:20
CLM000947,POL03027,2024-01-02,4745.92,Approved,Theft of vehicle,batch_001,2026-07-31T17:58:20
CLM000948,POL03603,2024-01-03,11679.94,Approved,Terminal illness claim,batch_001,2026-07-31T17:58:20
CLM000949,POL04623,2024-01-03,1634.82,Pending,Medical procedure,batch_001,2026-07-31T17:58:20
CLM000950,POL00703,2024-01-03,16736.72,Pending,Burglary,batch_001,2026-07-31T17:58:20
CLM000951,POL04832,2024-01-03,5765.07,Approved,Prescription claim,batch_001,2026-07-31T17:58:20
CLM000952,POL04281,2024-01-03,10523.94,Pending,Hit and run,batch_001,2026-07-31T17:58:20
CLM000953,POL04692,2024-01-03,22053.18,Denied,Roof damage from storm,batch_001,2026-07-31T17:58:20
CLM000954,POL00647,2024-01-03,9930.63,Pending,Medical procedure,batch_001,2026-07-31T17:58:20
CLM000955,POL04114,2024-01-03,14323.38,Pending,Vandalism damage,batch_001,2026-07-31T17:58:20
CLM000956,POL05082,2024-01-03,3771.45,Denied,Windshield damage,batch_001,2026-07-31T17:58:20
CLM000957,POL01370,2024-01-03,24306.91,Approved,Emergency room visit,batch_001,2026-07-31T17:58:20
CLM000958,POL00350,2024-01-04,10642.03,Pending,Terminal illness claim,batch_001,2026-07-31T17:58:20
CLM000959,POL01655,2024-01-04,24932.00,Pending,Fire damage,batch_001,2026-07-31T17:58:20
CLM000960,POL04875,2024-01-04,6521.37,Pending,Death benefit claim,batch_001,2026-07-31T17:58:20
CLM000961,POL00713,2024-01-04,9763.67,Denied,Hospital stay,batch_001,2026-07-31T17:58:20
CLM000962,POL02672,2024-01-04,21429.94,Pending,Prescription claim,batch_001,2026-07-31T17:58:20
CLM000963,POL00102,2024-01-05,19685.11,Pending,Hospital stay,batch_001,2026-07-31T17:58:20
CLM000964,POL04281,2024-01-05,19563.97,Approved,Hit and run,batch_001,2026-07-31T17:58:20
CLM000965,POL01226,2024-01-05,3790.17,Pending,Hospital stay,batch_001,2026-07-31T17:58:20
CLM000966,POL00821,2024-01-05,23130.71,Pending,Death benefit claim,batch_001,2026-07-31T17:58:20
CLM000967,POL02344,2024-01-05,21700.13,Denied,Terminal illness claim,batch_001,2026-07-31T17:58:20
CLM000968,POL02164,2024-01-05,9637.78,Denied,Vandalism damage,batch_001,2026-07-31T17:58:20
CLM000969,POL04989,2024-01-05,11878.86,Approved,Terminal illness claim,batch_001,2026-07-31T17:58:20
CLM000970,POL03302,2024-01-06,3681.93,Pending,Accidental death claim,batch_001,2026-07-31T17:58:20
CLM000971,POL03291,2024-01-06,1065.69,Denied,Emergency room visit,batch_001,2026-07-31T17:58:20
CLM000972,POL00404,2024-01-06,18669.17,Denied,Terminal illness claim,batch_001,2026-07-31T17:58:20
CLM000973,POL00166,2024-01-06,8512.87,Denied,Surgery reimbursement,batch_001,2026-07-31T17:58:20
CLM000974,POL02297,2024-01-06,21086.88,Pending,Water damage,batch_001,2026-07-31T17:58:20
CLM000975,POL01868,2024-01-06,3446.20,Pending,Terminal illness claim,batch_001,2026-07-31T17:58:20
CLM000976,POL02629,2024-01-06,6808.56,Denied,Fallen tree damage,batch_001,2026-07-31T17:58:20
CLM000977,POL00732,2024-01-06,4779.60,Approved,Prescription claim,batch_001,2026-07-31T17:58:20
CLM000978,POL03969,2024-01-06,19011.38,Denied,Water damage,batch_001,2026-07-31T17:58:20
CLM000979,POL04222,2024-01-06,19808.11,Approved,Surgery reimbursement,batch_001,2026-07-31T17:58:20
CLM000980,POL04152,2024-01-06,10144.29,Pending,Fallen tree damage,batch_001,2026-07-31T17:58:20
CLM000981,POL00238,2024-01-06,4426.06,Approved,Death benefit claim,batch_001,2026-07-31T17:58:20
CLM000982,POL02044,2024-01-07,923.47,Approved,Terminal illness claim,batch_001,2026-07-31T17:58:20
CLM000983,POL01632,2024-01-07,6922.04,Denied,Accidental death claim,batch_001,2026-07-31T17:58:20
CLM000984,POL03252,2024-01-07,15921.70,Approved,Vehicle collision,batch_001,2026-07-31T17:58:20
CLM000985,POL01982,2024-01-07,9374.42,Pending,Terminal illness claim,batch_001,2026-07-31T17:58:20
CLM000986,POL01455,2024-01-07,24016.96,Denied,Vandalism damage,batch_001,2026-07-31T17:58:20
CLM000987,POL04517,2024-01-07,8809.02,Approved,Terminal illness claim,batch_001,2026-07-31T17:58:20
CLM000988,POL00741,2024-01-07,7198.23,Denied,Medical procedure,batch_001,2026-07-31T17:58:20
CLM000989,POL01335,2024-01-07,21360.15,Approved,Death benefit claim,batch_001,2026-07-31T17:58:20
CLM000990,POL01845,2024-01-08,16974.61,Denied,Hit and run,batch_001,2026-07-31T17:58:20
CLM000991,POL04205,2024-01-08,599.30,Pending,Death benefit claim,batch_001,2026-07-31T17:58:20
CLM000992,POL03884,2024-01-08,22796.73,Pending,Emergency room visit,batch_001,2026-07-31T17:58:20
CLM000993,POL04925,2024-01-08,20041.53,Approved,Roof damage from storm,batch_001,2026-07-31T17:58:20
CLM000994,POL04984,2024-01-08,20146.63,Denied,Roof damage from storm,batch_001,2026-07-31T17:58:20
CLM000995,POL03472,2024-01-08,22397.53,Denied,Burglary,batch_001,2026-07-31T17:58:20
CLM000996,POL02065,2024-01-08,5533.41,Denied,Accidental death claim,batch_001,2026-07-31T17:58:20
CLM000997,POL04266,2024-01-09,20625.34,Denied,Vandalism damage,batch_001,2026-07-31T17:58:20
CLM000998,POL00839,2024-01-09,282.95,Pending,Theft of vehicle,batch_001,2026-07-31T17:58:20
CLM000999,POL04600,2024-01-09,16218.82,Pending,Theft of vehicle,batch_001,2026-07-31T17:58:20
CLM001000,POL02446,2024-01-09,17141.89,Denied,Death benefit claim,batch_001,2026-07-31T17:58:20
CLM001001,POL02755,2024-01-10,24710.19,Pending,Surgery reimbursement,batch_001,2026-07-31T17:58:20
CLM001002,POL02269,2024-01-10,6602.56,Pending,Accidental death claim,batch_001,2026-07-31T17:58:20
CLM001003,POL02448,2024-01-11,4790.17,Pending,Windshield damage,batch_001,2026-07-31T17:58:20
CLM001004,POL00466,2024-01-11,20155.20,Pending,Burglary,batch_001,2026-07-31T17:58:20
CLM001005,POL02619,2024-01-11,17050.82,Pending,Death benefit claim,batch_001,2026-07-31T17:58:20
CLM001006,POL04075,2024-01-11,24936.98,Denied,Hit and run,batch_001,2026-07-31T17:58:20
CLM001007,POL03315,2024-01-11,9768.05,Approved,Accidental death claim,batch_001,2026-07-31T17:58:20
CLM001008,POL04687,2024-01-11,20418.77,Denied,Emergency room visit,batch_001,2026-07-31T17:58:20
CLM001009,POL04380,2024-01-12,15994.01,Denied,Theft of vehicle,batch_001,2026-07-31T17:58:20
CLM001010,POL04156,2024-01-12,7574.85,Approved,Fallen tree damage,batch_001,2026-07-31T17:58:20
CLM001011,POL01484,2024-01-12,7415.22,Denied,Death benefit claim,batch_001,2026-07-31T17:58:20
CLM001012,POL02119,2024-01-12,18157.15,Pending,Death benefit claim,batch_001,2026-07-31T17:58:20
CLM001013,POL02750,2024-01-12,16395.42,Approved,Roof damage from storm,batch_001,2026-07-31T17:58:20
CLM001014,POL01830,2024-01-12,18630.83,Denied,Terminal illness claim,batch_001,2026-07-31T17:58:20
CLM001015,POL02715,2024-01-12,9354.89,Pending,Terminal illness claim,batch_001,2026-07-31T17:58:20
CLM001016,POL03800,2024-01-12,21295.23,Denied,Medical procedure,batch_001,2026-07-31T17:58:20
CLM001017,POL04781,2024-01-12,14549.80,Pending,Vehicle collision,batch_001,2026-07-31T17:58:20
CLM001018,POL03869,2024-01-12,22246.71,Pending,Medical procedure,batch_001,2026-07-31T17:58:20
CLM001019,POL03127,2024-01-12,13292.98,Denied,Death benefit claim,batch_001,2026-07-31T17:58:20
CLM001020,POL01236,2024-01-13,3520.39,Approved,Theft of vehicle,batch_001,2026-07-31T17:58:20
CLM001021,POL03353,2024-01-13,24681.07,Denied,Fire damage,batch_001,2026-07-31T17:58:20
CLM001022,POL02592,2024-01-13,21573.61,Approved,Death benefit claim,batch_001,2026-07-31T17:58:20
CLM001023,POL03995,2024-01-13,8382.47,Approved,Surgery reimbursement,batch_001,2026-07-31T17:58:20
CLM001024,POL00476,2024-01-13,217.37,Denied,Emergency room visit,batch_001,2026-07-31T17:58:20
CLM001025,POL01382,2024-01-13,14449.35,Approved,Hit and run,batch_001,2026-07-31T17:58:20
CLM001026,POL00722,2024-01-13,3322.21,Denied,Burglary,batch_001,2026-07-31T17:58:20
CLM001027,POL03305,2024-01-13,10782.73,Denied,Prescription claim,batch_001,2026-07-31T17:58:20
CLM001028,POL00039,2024-01-14,1039.36,Approved,Roof damage from storm,batch_001,2026-07-31T17:58:20
CLM001029,POL00116,2024-01-14,22310.96,Pending,Death benefit claim,batch_001,2026-07-31T17:58:20
CLM001030,POL00147,2024-01-14,16951.03,Pending,Accidental death claim,batch_001,2026-07-31T17:58:20
CLM001031,POL02039,2024-01-14,5734.02,Denied,Theft of vehicle,batch_001,2026-07-31T17:58:20
CLM001032,POL01057,2024-01-14,2657.43,Pending,Vandalism damage,batch_001,2026-07-31T17:58:20
CLM001033,POL02508,2024-01-14,4258.80,Approved,Terminal illness claim,batch_001,2026-07-31T17:58:20
CLM001034,POL02383,2024-01-14,11452.57,Pending,Accidental death claim,batch_001,2026-07-31T17:58:20
CLM001035,POL04294,2024-01-14,8512.10,Pending,Death benefit claim,batch_001,2026-07-31T17:58:20
CLM001036,POL02808,2024-01-15,24903.86,Denied,Theft of vehicle,batch_001,2026-07-31T17:58:20
CLM001037,POL01544,2024-01-15,4205.60,Denied,Medical procedure,batch_001,2026-07-31T17:58:20
CLM001038,POL01872,2024-01-15,5685.60,Approved,Windshield damage,batch_001,2026-07-31T17:58:20
CLM001039,POL00180,2024-01-15,14783.35,Approved,Medical procedure,batch_001,2026-07-31T17:58:20
CLM001040,POL03004,2024-01-16,17806.64,Approved,Hit and run,batch_001,2026-07-31T17:58:20
CLM001041,POL02096,2024-01-16,19304.12,Pending,Vehicle collision,batch_001,2026-07-31T17:58:20
CLM001042,POL04866,2024-01-16,24867.54,Pending,Water damage,batch_001,2026-07-31T17:58:20
CLM001043,POL00162,2024-01-16,1301.05,Approved,Prescription claim,batch_001,2026-07-31T17:58:20
CLM001044,POL03640,2024-01-16,9568.32,Pending,Theft of vehicle,batch_001,2026-07-31T17:58:20
CLM001045,POL03887,2024-01-16,17576.52,Approved,Accidental death claim,batch_001,2026-07-31T17:58:20
CLM001046,POL00077,2024-01-16,7597.80,Pending,Death benefit claim,batch_001,2026-07-31T17:58:20
CLM001047,POL04263,2024-01-16,6822.43,Pending,Windshield damage,batch_001,2026-07-31T17:58:20
CLM001048,POL03432,2024-01-17,20783.25,Approved,Hospital stay,batch_001,2026-07-31T17:58:20
CLM001049,POL05061,2024-01-17,3031.59,Approved,Death benefit claim,batch_001,2026-07-31T17:58:20
CLM001050,POL04078,2024-01-17,5046.30,Approved,Surgery reimbursement,batch_001,2026-07-31T17:58:20
CLM001051,POL04286,2024-01-17,24330.68,Denied,Accidental death claim,batch_001,2026-07-31T17:58:20
CLM001052,POL03357,2024-01-18,7454.24,Approved,Accidental death claim,batch_001,2026-07-31T17:58:20
CLM001053,POL04067,2024-01-18,22767.88,Pending,Hit and run,batch_001,2026-07-31T17:58:20
CLM001054,POL02709,2024-01-18,5939.18,Approved,Water damage,batch_001,2026-07-31T17:58:20
CLM001055,POL00905,2024-01-19,20897.28,Pending,Hit and run,batch_001,2026-07-31T17:58:20
CLM001056,POL01222,2024-01-19,23741.21,Pending,Water damage,batch_001,2026-07-31T17:58:20
CLM001057,POL00830,2024-01-19,22629.01,Pending,Emergency room visit,batch_001,2026-07-31T17:58:20
CLM001058,POL03742,2024-01-19,24717.78,Denied,Roof damage from storm,batch_001,2026-07-31T17:58:20
CLM001059,POL03804,2024-01-19,1347.00,Approved,Water damage,batch_001,2026-07-31T17:58:20
CLM001060,POL02381,2024-01-19,9069.35,Pending,Terminal illness claim,batch_001,2026-07-31T17:58:20
CLM001061,POL03490,2024-01-20,18489.65,Approved,Death benefit claim,batch_001,2026-07-31T17:58:20
CLM001062,POL00080,2024-01-20,21314.77,Pending,Emergency room visit,batch_001,2026-07-31T17:58:20
CLM001063,POL02693,2024-01-20,9002.43,Denied,Fallen tree damage,batch_001,2026-07-31T17:58:20
CLM001064,POL02198,2024-01-21,21974.04,Approved,Terminal illness claim,batch_001,2026-07-31T17:58:20
CLM001065,POL02808,2024-01-21,4653.45,Denied,Hit and run,batch_001,2026-07-31T17:58:20
CLM001066,POL03740,2024-01-21,6868.64,Denied,Burglary,batch_001,2026-07-31T17:58:20
CLM001067,POL03455,2024-01-21,16256.28,Approved,Medical procedure,batch_001,2026-07-31T17:58:20
CLM001068,POL01086,2024-01-21,17434.63,Approved,Fire damage,batch_001,2026-07-31T17:58:20
CLM001069,POL00850,2024-01-22,10459.09,Pending,Burglary,batch_001,2026-07-31T17:58:20
CLM001070,POL04661,2024-01-22,16991.99,Approved,Vandalism damage,batch_001,2026-07-31T17:58:20
CLM001071,POL03111,2024-01-22,19501.19,Pending,Medical procedure,batch_001,2026-07-31T17:58:20
CLM001072,POL01071,2024-01-22,12128.68,Denied,Death benefit claim,batch_001,2026-07-31T17:58:20
CLM001073,POL03370,2024-01-22,11073.13,Approved,Roof damage from storm,batch_001,2026-07-31T17:58:20
CLM001074,POL02575,2024-01-22,407.77,Pending,Fallen tree damage,batch_001,2026-07-31T17:58:20
CLM001075,POL04724,2024-01-22,18121.96,Approved,Surgery reimbursement,batch_001,2026-07-31T17:58:20
CLM001076,POL04253,2024-01-23,13125.27,Pending,Vandalism damage,batch_001,2026-07-31T17:58:20
CLM001077,POL00781,2024-01-23,10877.91,Pending,Emergency room visit,batch_001,2026-07-31T17:58:20
CLM001078,POL03948,2024-01-23,8709.16,Pending,Accidental death claim,batch_001,2026-07-31T17:58:20
CLM001079,POL03153,2024-01-23,3801.50,Pending,Hospital stay,batch_001,2026-07-31T17:58:20
CLM001080,POL00448,2024-01-23,389.96,Approved,Accidental death claim,batch_001,2026-07-31T17:58:20
CLM001081,POL03845,2024-01-23,21311.59,Approved,Vehicle collision,batch_001,2026-07-31T17:58:20
CLM001082,POL04028,2024-01-23,8083.78,Denied,Roof damage from storm,batch_001,2026-07-31T17:58:20
CLM001083,POL00413,2024-01-23,12722.54,Pending,Burglary,batch_001,2026-07-31T17:58:20
CLM001084,POL03304,2024-01-24,20445.87,Approved,Terminal illness claim,batch_001,2026-07-31T17:58:20
CLM001085,POL03639,2024-01-24,20051.41,Denied,Death benefit claim,batch_001,2026-07-31T17:58:20
CLM001086,POL04084,2024-01-24,11232.00,Approved,Terminal illness claim,batch_001,2026-07-31T17:58:20
CLM001087,POL00146,2024-01-24,2655.82,Denied,Vehicle collision,batch_001,2026-07-31T17:58:20
CLM001088,POL04565,2024-01-24,13772.56,Approved,Accidental death claim,batch_001,2026-07-31T17:58:20
CLM001089,POL05072,2024-01-24,15974.70,Pending,Vandalism damage,batch_001,2026-07-31T17:58:20
CLM001090,POL01695,2024-01-24,16399.44,Denied,Terminal illness claim,batch_001,2026-07-31T17:58:20
CLM001091,POL02977,2024-01-24,20650.24,Approved,Burglary,batch_001,2026-07-31T17:58:20
CLM001092,POL02720,2024-01-24,14047.76,Pending,Hospital stay,batch_001,2026-07-31T17:58:20
CLM001093,POL03876,2024-01-24,17944.79,Denied,Burglary,batch_001,2026-07-31T17:58:20
CLM001094,POL00935,2024-01-24,2526.18,Pending,Emergency room visit,batch_001,2026-07-31T17:58:20
CLM001095,POL00018,2024-01-24,8599.79,Pending,Roof damage from storm,batch_001,2026-07-31T17:58:20
CLM001096,POL04487,2024-01-25,13097.43,Pending,Death benefit claim,batch_001,2026-07-31T17:58:20
CLM001097,POL00376,2024-01-25,22432.24,Denied,Death benefit claim,batch_001,2026-07-31T17:58:20
CLM001098,POL03353,2024-01-25,2763.34,Pending,Fire damage,batch_001,2026-07-31T17:58:20
CLM001099,POL01537,2024-01-25,3106.57,Denied,Fire damage,batch_001,2026-07-31T17:58:20
CLM001100,POL03745,2024-01-25,20631.40,Approved,Roof damage from storm,batch_001,2026-07-31T17:58:20
CLM001101,POL00883,2024-01-25,18953.02,Approved,Accidental death claim,batch_001,2026-07-31T17:58:20
CLM001102,POL04824,2024-01-25,3168.16,Denied,Hit and run,batch_001,2026-07-31T17:58:20
CLM001103,POL04828,2024-01-26,23909.14,Approved,Prescription claim,batch_001,2026-07-31T17:58:20
CLM001104,POL00036,2024-01-26,13306.07,Approved,Vandalism damage,batch_001,2026-07-31T17:58:20
CLM001105,POL03546,2024-01-26,20986.52,Denied,Hospital stay,batch_001,2026-07-31T17:58:20
CLM001106,POL01452,2024-01-26,17326.26,Approved,Fire damage,batch_001,2026-07-31T17:58:20
CLM001107,POL00849,2024-01-26,9746.40,Pending,Accidental death claim,batch_001,2026-07-31T17:58:20
CLM001108,POL02637,2024-01-26,12652.34,Denied,Prescription claim,batch_001,2026-07-31T17:58:20
CLM001109,POL04989,2024-01-26,22906.17,Approved,Terminal illness claim,batch_001,2026-07-31T17:58:20
CLM001110,POL03260,2024-01-27,24093.48,Denied,Hit and run,batch_001,2026-07-31T17:58:20
CLM001111,POL01093,2024-01-27,3540.68,Pending,Vandalism damage,batch_001,2026-07-31T17:58:20
CLM001112,POL02449,2024-01-27,21092.55,Pending,Terminal illness claim,batch_001,2026-07-31T17:58:20
CLM001113,POL04535,2024-01-27,15851.32,Approved,Windshield damage,batch_001,2026-07-31T17:58:20
CLM001114,POL02381,2024-01-27,17196.62,Pending,Death benefit claim,batch_001,2026-07-31T17:58:20
CLM001115,POL01457,2024-01-27,12646.95,Pending,Accidental death claim,batch_001,2026-07-31T17:58:20
CLM001116,POL02641,2024-01-27,17787.78,Denied,Hospital stay,batch_001,2026-07-31T17:58:20
CLM001117,POL03936,2024-01-28,14611.88,Pending,Burglary,batch_001,2026-07-31T17:58:20
CLM001118,POL04374,2024-01-28,7219.61,Denied,Water damage,batch_001,2026-07-31T17:58:20
CLM001119,POL04283,2024-01-28,2751.11,Denied,Death benefit claim,batch_001,2026-07-31T17:58:20
CLM001120,POL00435,2024-01-29,16789.33,Approved,Terminal illness claim,batch_001,2026-07-31T17:58:20
CLM001121,POL01319,2024-01-29,24589.96,Pending,Terminal illness claim,batch_001,2026-07-31T17:58:20
CLM001122,POL01200,2024-01-29,21000.61,Pending,Surgery reimbursement,batch_001,2026-07-31T17:58:20
CLM001123,POL01672,2024-01-29,18864.49,Approved,Roof damage from storm,batch_001,2026-07-31T17:58:20
CLM001124,POL03708,2024-01-29,2651.75,Pending,Fallen tree damage,batch_001,2026-07-31T17:58:20
CLM001125,POL01838,2024-01-29,18586.08,Pending,Terminal illness claim,batch_001,2026-07-31T17:58:20
CLM001126,POL01947,2024-01-29,12821.97,Pending,Terminal illness claim,batch_001,2026-07-31T17:58:20
CLM001127,POL00385,2024-01-29,23169.47,Denied,Burglary,batch_001,2026-07-31T17:58:20
CLM001128,POL02562,2024-01-30,24149.25,Approved,Death benefit claim,batch_001,2026-07-31T17:58:20
CLM001129,POL02059,2024-01-30,5156.87,Denied,Fire damage,batch_001,2026-07-31T17:58:20
CLM001130,POL03013,2024-01-30,18902.18,Pending,Fallen tree damage,batch_001,2026-07-31T17:58:20
CLM001131,POL01610,2024-01-30,19426.05,Approved,Roof damage from storm,batch_001,2026-07-31T17:58:20
CLM001132,POL03677,2024-01-30,4517.90,Pending,Death benefit claim,batch_001,2026-07-31T17:58:20
CLM001133,POL01532,2024-01-30,24065.63,Pending,Vandalism damage,batch_001,2026-07-31T17:58:20
CLM001134,POL00978,2024-01-30,9492.24,Denied,Roof damage from storm,batch_001,2026-07-31T17:58:20
CLM001135,POL04560,2024-01-31,6679.57,Approved,Hospital stay,batch_001,2026-07-31T17:58:20
CLM001136,POL02090,2024-01-31,240.56,Denied,Emergency room visit,batch_001,2026-07-31T17:58:20
CLM001137,POL00328,2024-01-31,3927.21,Denied,Hospital stay,batch_001,2026-07-31T17:58:20
CLM001138,POL00417,2024-01-31,19364.16,Pending,Hospital stay,batch_001,2026-07-31T17:58:20
CLM001139,POL02468,2024-01-31,12314.72,Pending,Vandalism damage,batch_001,2026-07-31T17:58:20
CLM001140,POL02934,2024-02-01,1914.73,Pending,Theft of vehicle,batch_001,2026-07-31T17:58:20
CLM001141,POL04305,2024-02-01,5577.05,Approved,Fallen tree damage,batch_001,2026-07-31T17:58:20
CLM001142,POL00559,2024-02-01,19677.83,Approved,Terminal illness claim,batch_001,2026-07-31T17:58:20
CLM001143,POL04449,2024-02-01,13472.20,Approved,Theft of vehicle,batch_001,2026-07-31T17:58:20
CLM001144,POL01813,2024-02-01,22096.58,Pending,Roof damage from storm,batch_001,2026-07-31T17:58:20
CLM001145,POL02713,2024-02-02,9083.87,Approved,Vandalism damage,batch_001,2026-07-31T17:58:20
CLM001146,POL04346,2024-02-02,11923.94,Pending,Medical procedure,batch_001,2026-07-31T17:58:20
CLM001147,POL00940,2024-02-02,16756.57,Denied,Death benefit claim,batch_001,2026-07-31T17:58:20
CLM001148,POL05028,2024-02-02,22973.32,Approved,Medical procedure,batch_001,2026-07-31T17:58:20
CLM001149,POL02630,2024-02-02,9596.18,Approved,Prescription claim,batch_001,2026-07-31T17:58:20
CLM001150,POL02102,2024-02-02,13551.91,Denied,Water damage,batch_001,2026-07-31T17:58:20
CLM001151,POL04235,2024-02-02,20570.52,Denied,Fallen tree damage,batch_001,2026-07-31T17:58:20
CLM001152,POL04168,2024-02-03,11194.37,Approved,Theft of vehicle,batch_001,2026-07-31T17:58:20
CLM001153,POL01578,2024-02-03,8075.79,Approved,Death benefit claim,batch_001,2026-07-31T17:58:20
CLM001154,POL01372,2024-02-03,24293.56,Pending,Vandalism damage,batch_001,2026-07-31T17:58:20
CLM001155,POL00061,2024-02-03,15710.63,Approved,Accidental death claim,batch_001,2026-07-31T17:58:20
CLM001156,POL01747,2024-02-03,21637.28,Denied,Death benefit claim,batch_001,2026-07-31T17:58:20
CLM001157,POL01685,2024-02-03,13490.08,Pending,Burglary,batch_001,2026-07-31T17:58:20
CLM001158,POL00591,2024-02-04,18697.58,Approved,Death benefit claim,batch_001,2026-07-31T17:58:20
CLM001159,POL03762,2024-02-04,17950.02,Approved,Water damage,batch_001,2026-07-31T17:58:20
CLM001160,POL00601,2024-02-04,1451.27,Denied,Accidental death claim,batch_001,2026-07-31T17:58:20
CLM001161,POL00578,2024-02-04,14416.56,Approved,Terminal illness claim,batch_001,2026-07-31T17:58:20
CLM001162,POL03340,2024-02-04,9762.01,Pending,Hit and run,batch_001,2026-07-31T17:58:20
CLM001163,POL03548,2024-02-04,7978.47,Denied,Medical procedure,batch_001,2026-07-31T17:58:20
CLM001164,POL04382,2024-02-05,246.88,Pending,Accidental death claim,batch_001,2026-07-31T17:58:20
CLM001165,POL00519,2024-02-05,18923.42,Pending,Water damage,batch_001,2026-07-31T17:58:20
CLM001166,POL00595,2024-02-05,9006.73,Pending,Death benefit claim,batch_001,2026-07-31T17:58:20
CLM001167,POL02375,2024-02-05,19693.61,Denied,Fallen tree damage,batch_001,2026-07-31T17:58:20
CLM001168,POL00709,2024-02-05,7109.78,Denied,Terminal illness claim,batch_001,2026-07-31T17:58:20
CLM001169,POL03237,2024-02-05,20570.85,Approved,Terminal illness claim,batch_001,2026-07-31T17:58:20
CLM001170,POL01281,2024-02-06,13383.35,Approved,Hit and run,batch_001,2026-07-31T17:58:20
CLM001171,POL04471,2024-02-06,7444.96,Pending,Windshield damage,batch_001,2026-07-31T17:58:20
CLM001172,POL02442,2024-02-06,16964.50,Pending,Theft of vehicle,batch_001,2026-07-31T17:58:20
CLM001173,POL00092,2024-02-07,13882.75,Pending,Fire damage,batch_001,2026-07-31T17:58:20
CLM001174,POL01010,2024-02-07,1140.15,Pending,Hospital stay,batch_001,2026-07-31T17:58:20
CLM001175,POL03229,2024-02-07,13475.09,Approved,Roof damage from storm,batch_001,2026-07-31T17:58:20
CLM001176,POL01721,2024-02-07,18732.59,Pending,Theft of vehicle,batch_001,2026-07-31T17:58:20
CLM001177,POL01735,2024-02-07,10375.10,Pending,Vandalism damage,batch_001,2026-07-31T17:58:20
CLM001178,POL01167,2024-02-07,4107.76,Approved,Vandalism damage,batch_001,2026-07-31T17:58:20
CLM001179,POL02071,2024-02-07,4938.72,Approved,Accidental death claim,batch_001,2026-07-31T17:58:20
CLM001180,POL04648,2024-02-08,21321.05,Pending,Burglary,batch_001,2026-07-31T17:58:20
CLM001181,POL04503,2024-02-08,1921.30,Pending,Medical procedure,batch_001,2026-07-31T17:58:20
CLM001182,POL02054,2024-02-08,2545.24,Pending,Accidental death claim,batch_001,2026-07-31T17:58:20
CLM001183,POL03992,2024-02-09,23793.34,Denied,Death benefit claim,batch_001,2026-07-31T17:58:20
CLM001184,POL01922,2024-02-09,2591.12,Pending,Vehicle collision,batch_001,2026-07-31T17:58:20
CLM001185,POL01586,2024-02-09,8012.87,Denied,Theft of vehicle,batch_001,2026-07-31T17:58:20
CLM001186,POL05050,2024-02-09,16519.61,Pending,Accidental death claim,batch_001,2026-07-31T17:58:20
CLM001187,POL01249,2024-02-09,14182.24,Denied,Theft of vehicle,batch_001,2026-07-31T17:58:20
CLM001188,POL03509,2024-02-10,4299.12,Denied,Death benefit claim,batch_001,2026-07-31T17:58:20
CLM001189,POL01815,2024-02-10,17833.76,Pending,Terminal illness claim,batch_001,2026-07-31T17:58:20
CLM001190,POL02267,2024-02-10,21018.74,Approved,Theft of vehicle,batch_001,2026-07-31T17:58:20
CLM001191,POL03932,2024-02-10,11624.92,Denied,Theft of vehicle,batch_001,2026-07-31T17:58:20
CLM001192,POL03990,2024-02-11,13836.63,Approved,Vandalism damage,batch_001,2026-07-31T17:58:20
CLM001193,POL00672,2024-02-11,21060.65,Approved,Vandalism damage,batch_001,2026-07-31T17:58:20
CLM001194,POL01610,2024-02-11,6654.54,Pending,Water damage,batch_001,2026-07-31T17:58:20
CLM001195,POL00618,2024-02-12,22313.42,Pending,Vehicle collision,batch_001,2026-07-31T17:58:20
CLM001196,POL04767,2024-02-12,14514.63,Pending,Emergency room visit,batch_001,2026-07-31T17:58:20
CLM001197,POL00301,2024-02-12,13834.69,Pending,Fallen tree damage,batch_001,2026-07-31T17:58:20
CLM001198,POL03868,2024-02-12,16382.31,Approved,Surgery reimbursement,batch_001,2026-07-31T17:58:20
CLM001199,POL03216,2024-02-12,5660.34,Pending,Accidental death claim,batch_001,2026-07-31T17:58:20
CLM001200,POL02384,2024-02-12,3433.64,Pending,Vandalism damage,batch_001,2026-07-31T17:58:20
CLM001201,POL00742,2024-02-12,9979.95,Pending,Medical procedure,batch_001,2026-07-31T17:58:20
CLM001202,POL01957,2024-02-12,21214.75,Pending,Accidental death claim,batch_001,2026-07-31T17:58:20
CLM001203,POL01359,2024-02-12,18954.43,Approved,Prescription claim,batch_001,2026-07-31T17:58:20
CLM001204,POL01305,2024-02-13,4560.72,Pending,Fire damage,batch_001,2026-07-31T17:58:20
CLM001205,POL03961,2024-02-13,23485.46,Approved,Emergency room visit,batch_001,2026-07-31T17:58:20
CLM001206,POL03995,2024-02-13,5870.57,Denied,Surgery reimbursement,batch_001,2026-07-31T17:58:20
CLM001207,POL01918,2024-02-13,1165.93,Approved,Hospital stay,batch_001,2026-07-31T17:58:20
CLM001208,POL02960,2024-02-13,9763.52,Denied,Death benefit claim,batch_001,2026-07-31T17:58:20
CLM001209,POL00327,2024-02-13,24516.69,Denied,Medical procedure,batch_001,2026-07-31T17:58:20
CLM001210,POL04272,2024-02-14,15875.82,Denied,Surgery reimbursement,batch_001,2026-07-31T17:58:20
CLM001211,POL04741,2024-02-14,13654.32,Approved,Prescription claim,batch_001,2026-07-31T17:58:20
CLM001212,POL03101,2024-02-14,9195.89,Pending,Vehicle collision,batch_001,2026-07-31T17:58:20
CLM001213,POL04233,2024-02-14,6364.50,Approved,Fallen tree damage,batch_001,2026-07-31T17:58:20
CLM001214,POL03325,2024-02-15,8887.16,Denied,Terminal illness claim,batch_001,2026-07-31T17:58:20
CLM001215,POL03950,2024-02-15,22190.58,Approved,Hospital stay,batch_001,2026-07-31T17:58:20
CLM001216,POL01139,2024-02-15,11053.48,Approved,Medical procedure,batch_001,2026-07-31T17:58:20
CLM001217,POL04216,2024-02-15,16122.58,Approved,Death benefit claim,batch_001,2026-07-31T17:58:20
CLM001218,POL01532,2024-02-15,4018.20,Pending,Vehicle collision,batch_001,2026-07-31T17:58:20
CLM001219,POL01887,2024-02-15,10423.88,Denied,Medical procedure,batch_001,2026-07-31T17:58:20
CLM001220,POL03945,2024-02-16,16913.21,Denied,Death benefit claim,batch_001,2026-07-31T17:58:20
CLM001221,POL04840,2024-02-16,4115.03,Denied,Death benefit claim,batch_001,2026-07-31T17:58:20
CLM001222,POL01997,2024-02-16,1174.29,Pending,Fallen tree damage,batch_001,2026-07-31T17:58:20
CLM001223,POL01320,2024-02-16,3454.63,Pending,Death benefit claim,batch_001,2026-07-31T17:58:20
CLM001224,POL04689,2024-02-16,3756.94,Approved,Roof damage from storm,batch_001,2026-07-31T17:58:20
CLM001225,POL01475,2024-02-17,12964.35,Denied,Hospital stay,batch_001,2026-07-31T17:58:20
CLM001226,POL04618,2024-02-17,15976.81,Pending,Theft of vehicle,batch_001,2026-07-31T17:58:20
CLM001227,POL00703,2024-02-17,5493.18,Pending,Burglary,batch_001,2026-07-31T17:58:20
CLM001228,POL03946,2024-02-17,4347.11,Denied,Vandalism damage,batch_001,2026-07-31T17:58:20
CLM001229,POL01170,2024-02-18,19885.94,Approved,Fallen tree damage,batch_001,2026-07-31T17:58:20
CLM001230,POL04185,2024-02-18,6686.57,Pending,Surgery reimbursement,batch_001,2026-07-31T17:58:20
CLM001231,POL03715,2024-02-18,14953.68,Approved,Death benefit claim,batch_001,2026-07-31T17:58:20
CLM001232,POL03099,2024-02-18,9698.00,Approved,Water damage,batch_001,2026-07-31T17:58:20
CLM001233,POL01658,2024-02-18,13115.51,Pending,Hit and run,batch_001,2026-07-31T17:58:20
CLM001234,POL01226,2024-02-18,15177.22,Approved,Prescription claim,batch_001,2026-07-31T17:58:20
CLM001235,POL05037,2024-02-18,15035.36,Pending,Vandalism damage,batch_001,2026-07-31T17:58:20
CLM001236,POL00963,2024-02-19,2420.43,Pending,Emergency room visit,batch_001,2026-07-31T17:58:20
CLM001237,POL04944,2024-02-19,13528.22,Approved,Hit and run,batch_001,2026-07-31T17:58:20
CLM001238,POL04277,2024-02-19,10575.03,Approved,Hospital stay,batch_001,2026-07-31T17:58:20
CLM001239,POL03515,2024-02-19,5814.21,Denied,Hit and run,batch_001,2026-07-31T17:58:20
CLM001240,POL02872,2024-02-19,14767.30,Pending,Fallen tree damage,batch_001,2026-07-31T17:58:20
CLM001241,POL00801,2024-02-19,10694.69,Denied,Terminal illness claim,batch_001,2026-07-31T17:58:20
CLM001242,POL01905,2024-02-19,22761.13,Approved,Roof damage from storm,batch_001,2026-07-31T17:58:20
CLM001243,POL04902,2024-02-19,21931.48,Denied,Surgery reimbursement,batch_001,2026-07-31T17:58:20
CLM001244,POL01549,2024-02-19,236.19,Pending,Vehicle collision,batch_001,2026-07-31T17:58:20
CLM001245,POL04735,2024-02-19,13111.26,Pending,Medical procedure,batch_001,2026-07-31T17:58:20
CLM001246,POL03073,2024-02-20,16398.20,Pending,Theft of vehicle,batch_001,2026-07-31T17:58:20
CLM001247,POL03350,2024-02-20,9120.52,Approved,Terminal illness claim,batch_001,2026-07-31T17:58:20
CLM001248,POL04796,2024-02-20,6415.45,Pending,Burglary,batch_001,2026-07-31T17:58:20
CLM001249,POL04626,2024-02-20,9204.54,Denied,Accidental death claim,batch_001,2026-07-31T17:58:20
CLM001250,POL03256,2024-02-20,18898.80,Denied,Fallen tree damage,batch_001,2026-07-31T17:58:20
CLM001251,POL04568,2024-02-20,12113.45,Denied,Hospital stay,batch_001,2026-07-31T17:58:20
CLM001252,POL04546,2024-02-21,12145.63,Denied,Accidental death claim,batch_001,2026-07-31T17:58:20
CLM001253,POL02821,2024-02-21,19377.44,Denied,Fire damage,batch_001,2026-07-31T17:58:20
CLM001254,POL00976,2024-02-21,18720.57,Denied,Fire damage,batch_001,2026-07-31T17:58:20
CLM001255,POL00822,2024-02-21,5440.01,Denied,Terminal illness claim,batch_001,2026-07-31T17:58:20
CLM001256,POL04511,2024-02-21,15389.23,Pending,Accidental death claim,batch_001,2026-07-31T17:58:20
CLM001257,POL00427,2024-02-21,4102.38,Pending,Death benefit claim,batch_001,2026-07-31T17:58:20
CLM001258,POL00747,2024-02-21,20599.06,Denied,Accidental death claim,batch_001,2026-07-31T17:58:20
CLM001259,POL03567,2024-02-21,2294.70,Denied,Fire damage,batch_001,2026-07-31T17:58:20
CLM001260,POL03038,2024-02-21,2092.99,Approved,Prescription claim,batch_001,2026-07-31T17:58:20
CLM001261,POL03283,2024-02-21,15387.74,Pending,Theft of vehicle,batch_001,2026-07-31T17:58:20
CLM001262,POL04895,2024-02-22,1530.83,Approved,Prescription claim,batch_001,2026-07-31T17:58:20
CLM001263,POL03597,2024-02-22,366.69,Pending,Hospital stay,batch_001,2026-07-31T17:58:20
CLM001264,POL02343,2024-02-22,4949.19,Pending,Vandalism damage,batch_001,2026-07-31T17:58:20
CLM001265,POL04226,2024-02-22,17491.40,Pending,Fire damage,batch_001,2026-07-31T17:58:20
CLM001266,POL00296,2024-02-22,9057.53,Pending,Medical procedure,batch_001,2026-07-31T17:58:20
CLM001267,POL01290,2024-02-23,2262.39,Denied,Terminal illness claim,batch_001,2026-07-31T17:58:20
CLM001268,POL02893,2024-02-23,16774.58,Denied,Fallen tree damage,batch_001,2026-07-31T17:58:20
CLM001269,POL01641,2024-02-23,12991.79,Pending,Water damage,batch_001,2026-07-31T17:58:20
CLM001270,POL00739,2024-02-23,13784.86,Pending,Hospital stay,batch_001,2026-07-31T17:58:20
CLM001271,POL04776,2024-02-23,8767.57,Denied,Death benefit claim,batch_001,2026-07-31T17:58:20
CLM001272,POL04968,2024-02-23,24080.12,Denied,Terminal illness claim,batch_001,2026-07-31T17:58:20
CLM001273,POL04710,2024-02-23,215.82,Approved,Burglary,batch_001,2026-07-31T17:58:20
CLM001274,POL04148,2024-02-23,2750.98,Approved,Fallen tree damage,batch_001,2026-07-31T17:58:20
CLM001275,POL02411,2024-02-24,8565.15,Approved,Vandalism damage,batch_001,2026-07-31T17:58:20
CLM001276,POL02112,2024-02-24,21915.21,Pending,Theft of vehicle,batch_001,2026-07-31T17:58:20
CLM001277,POL03628,2024-02-24,24154.78,Pending,Hit and run,batch_001,2026-07-31T17:58:20
CLM001278,POL01993,2024-02-24,18961.08,Denied,Prescription claim,batch_001,2026-07-31T17:58:20
CLM001279,POL04808,2024-02-24,21564.38,Denied,Vehicle collision,batch_001,2026-07-31T17:58:20
CLM001280,POL02113,2024-02-24,1782.10,Pending,Emergency room visit,batch_001,2026-07-31T17:58:20
CLM001281,POL01884,2024-02-24,20024.02,Denied,Surgery reimbursement,batch_001,2026-07-31T17:58:20
CLM001282,POL04232,2024-02-24,13437.73,Pending,Roof damage from storm,batch_001,2026-07-31T17:58:20
CLM001283,POL02034,2024-02-24,7253.51,Denied,Surgery reimbursement,batch_001,2026-07-31T17:58:20
CLM001284,POL00623,2024-02-25,13908.33,Approved,Burglary,batch_001,2026-07-31T17:58:20
CLM001285,POL02572,2024-02-25,8903.09,Pending,Surgery reimbursement,batch_001,2026-07-31T17:58:20
CLM001286,POL01498,2024-02-25,23683.24,Pending,Death benefit claim,batch_001,2026-07-31T17:58:20
CLM001287,POL04088,2024-02-25,18454.09,Approved,Windshield damage,batch_001,2026-07-31T17:58:20
CLM001288,POL02175,2024-02-25,5248.79,Approved,Fire damage,batch_001,2026-07-31T17:58:20
CLM001289,POL05068,2024-02-25,8965.08,Approved,Death benefit claim,batch_001,2026-07-31T17:58:20
CLM001290,POL00643,2024-02-25,16927.72,Pending,Prescription claim,batch_001,2026-07-31T17:58:20
CLM001291,POL05029,2024-02-26,264.93,Pending,Death benefit claim,batch_001,2026-07-31T17:58:20
CLM001292,POL03951,2024-02-26,9342.79,Denied,Terminal illness claim,batch_001,2026-07-31T17:58:20
CLM001293,POL04707,2024-02-26,21732.34,Denied,Windshield damage,batch_001,2026-07-31T17:58:20
CLM001294,POL04188,2024-02-26,7078.64,Approved,Fallen tree damage,batch_001,2026-07-31T17:58:20
CLM001295,POL01051,2024-02-26,1448.29,Denied,Prescription claim,batch_001,2026-07-31T17:58:20
CLM001296,POL04430,2024-02-26,910.81,Denied,Hit and run,batch_001,2026-07-31T17:58:20
CLM001297,POL01432,2024-02-26,11484.18,Approved,Accidental death claim,batch_001,2026-07-31T17:58:20
CLM001298,POL04246,2024-02-26,11555.76,Pending,Medical procedure,batch_001,2026-07-31T17:58:20
CLM001299,POL00097,2024-02-26,16885.17,Denied,Vandalism damage,batch_001,2026-07-31T17:58:20
CLM001300,POL00826,2024-02-27,8203.36,Pending,Roof damage from storm,batch_001,2026-07-31T17:58:20
CLM001301,POL01534,2024-02-27,13759.23,Approved,Theft of vehicle,batch_001,2026-07-31T17:58:20
CLM001302,POL03862,2024-02-27,23967.32,Denied,Theft of vehicle,batch_001,2026-07-31T17:58:20
CLM001303,POL01507,2024-02-27,12519.37,Approved,Prescription claim,batch_001,2026-07-31T17:58:20
CLM001304,POL03050,2024-02-27,9190.44,Denied,Surgery reimbursement,batch_001,2026-07-31T17:58:20
CLM001305,POL03693,2024-02-28,4579.24,Approved,Accidental death claim,batch_001,2026-07-31T17:58:20
CLM001306,POL01873,2024-02-28,20373.35,Pending,Theft of vehicle,batch_001,2026-07-31T17:58:20
CLM001307,POL01932,2024-02-28,13927.97,Denied,Fire damage,batch_001,2026-07-31T17:58:20
CLM001308,POL01195,2024-02-28,20020.93,Pending,Death benefit claim,batch_001,2026-07-31T17:58:20
CLM001309,POL03875,2024-02-28,20161.14,Approved,Terminal illness claim,batch_001,2026-07-31T17:58:20
CLM001310,POL04093,2024-02-29,3448.34,Pending,Fallen tree damage,batch_001,2026-07-31T17:58:20
CLM001311,POL04375,2024-02-29,18041.95,Denied,Roof damage from storm,batch_001,2026-07-31T17:58:20
CLM001312,POL02056,2024-02-29,14097.25,Pending,Water damage,batch_001,2026-07-31T17:58:20
CLM001313,POL03264,2024-02-29,2564.47,Approved,Water damage,batch_001,2026-07-31T17:58:20
CLM001314,POL01766,2024-02-29,20364.07,Denied,Accidental death claim,batch_001,2026-07-31T17:58:20
CLM001315,POL00789,2024-02-29,11301.38,Denied,Surgery reimbursement,batch_001,2026-07-31T17:58:20
CLM001316,POL02958,2024-02-29,9071.63,Pending,Terminal illness claim,batch_001,2026-07-31T17:58:20
CLM001317,POL02820,2024-02-29,593.90,Approved,Theft of vehicle,batch_001,2026-07-31T17:58:20
CLM001318,POL04961,2024-02-29,5054.06,Pending,Hospital stay,batch_001,2026-07-31T17:58:20
CLM001319,POL01430,2024-02-29,24486.39,Denied,Roof damage from storm,batch_001,2026-07-31T17:58:20
CLM001320,POL02664,2024-02-29,16862.50,Denied,Prescription claim,batch_001,2026-07-31T17:58:20
CLM001321,POL00643,2024-02-29,9588.67,Denied,Prescription claim,batch_001,2026-07-31T17:58:20
CLM001322,POL01187,2024-02-29,21719.62,Pending,Surgery reimbursement,batch_001,2026-07-31T17:58:20
CLM001323,POL03456,2024-02-29,15818.71,Pending,Terminal illness claim,batch_001,2026-07-31T17:58:20
CLM001324,POL00585,2024-03-01,2069.89,Denied,Fire damage,batch_001,2026-07-31T17:58:20
CLM001325,POL02569,2024-03-01,7990.27,Denied,Surgery reimbursement,batch_001,2026-07-31T17:58:20
CLM001326,POL04960,2024-03-01,16151.64,Denied,Burglary,batch_001,2026-07-31T17:58:20
CLM001327,POL02976,2024-03-01,18722.60,Pending,Burglary,batch_001,2026-07-31T17:58:20
CLM001328,POL03392,2024-03-01,4266.22,Approved,Death benefit claim,batch_001,2026-07-31T17:58:20
CLM001329,POL01923,2024-03-01,16584.36,Pending,Accidental death claim,batch_001,2026-07-31T17:58:20
CLM001330,POL00656,2024-03-01,5343.23,Denied,Water damage,batch_001,2026-07-31T17:58:20
CLM001331,POL00783,2024-03-01,1688.43,Denied,Hospital stay,batch_001,2026-07-31T17:58:20
CLM001332,POL00441,2024-03-01,756.49,Denied,Accidental death claim,batch_001,2026-07-31T17:58:20
CLM001333,POL00682,2024-03-02,2687.82,Pending,Fire damage,batch_001,2026-07-31T17:58:20
CLM001334,POL00691,2024-03-02,16405.33,Denied,Surgery reimbursement,batch_001,2026-07-31T17:58:20
CLM001335,POL01879,2024-03-02,6260.17,Denied,Burglary,batch_001,2026-07-31T17:58:20
CLM001336,POL01036,2024-03-02,3368.80,Approved,Vehicle collision,batch_001,2026-07-31T17:58:20
CLM001337,POL00288,2024-03-02,16622.37,Denied,Terminal illness claim,batch_001,2026-07-31T17:58:20
CLM001338,POL03828,2024-03-02,24377.04,Pending,Roof damage from storm,batch_001,2026-07-31T17:58:20
CLM001339,POL04494,2024-03-03,11176.64,Pending,Fallen tree damage,batch_001,2026-07-31T17:58:20
CLM001340,POL01451,2024-03-03,14811.69,Denied,Accidental death claim,batch_001,2026-07-31T17:58:20
CLM001341,POL04621,2024-03-03,10930.94,Pending,Fallen tree damage,batch_001,2026-07-31T17:58:20
CLM001342,POL02537,2024-03-03,22732.19,Denied,Fallen tree damage,batch_001,2026-07-31T17:58:20
CLM001343,POL01861,2024-03-04,20137.22,Denied,Roof damage from storm,batch_001,2026-07-31T17:58:20
CLM001344,POL02997,2024-03-04,10363.87,Approved,Theft of vehicle,batch_001,2026-07-31T17:58:20
CLM001345,POL00087,2024-03-04,102.30,Approved,Surgery reimbursement,batch_001,2026-07-31T17:58:20
CLM001346,POL02350,2024-03-04,11783.03,Approved,Prescription claim,batch_001,2026-07-31T17:58:20
CLM001347,POL03909,2024-03-04,7560.30,Denied,Surgery reimbursement,batch_001,2026-07-31T17:58:20
CLM001348,POL04891,2024-03-04,5857.26,Approved,Vandalism damage,batch_001,2026-07-31T17:58:20
CLM001349,POL03061,2024-03-04,4795.42,Pending,Hit and run,batch_001,2026-07-31T17:58:20
CLM001350,POL03234,2024-03-04,6322.41,Pending,Hit and run,batch_001,2026-07-31T17:58:20
CLM001351,POL03100,2024-03-04,5592.75,Approved,Burglary,batch_001,2026-07-31T17:58:20
CLM001352,POL01963,2024-03-04,12963.59,Pending,Accidental death claim,batch_001,2026-07-31T17:58:20
CLM001353,POL02228,2024-03-04,7188.45,Pending,Accidental death claim,batch_001,2026-07-31T17:58:20
CLM001354,POL02203,2024-03-04,10381.31,Approved,Windshield damage,batch_001,2026-07-31T17:58:20
CLM001355,POL01120,2024-03-05,7310.92,Pending,Prescription claim,batch_001,2026-07-31T17:58:20
CLM001356,POL05061,2024-03-05,11373.90,Pending,Accidental death claim,batch_001,2026-07-31T17:58:20
CLM001357,POL04031,2024-03-05,4775.96,Approved,Windshield damage,batch_001,2026-07-31T17:58:20
CLM001358,POL00407,2024-03-05,24245.93,Approved,Emergency room visit,batch_001,2026-07-31T17:58:20
CLM001359,POL00838,2024-03-05,7124.65,Approved,Hit and run,batch_001,2026-07-31T17:58:20
CLM001360,POL00068,2024-03-05,5896.98,Approved,Water damage,batch_001,2026-07-31T17:58:20
CLM001361,POL04044,2024-03-06,5507.98,Denied,Roof damage from storm,batch_001,2026-07-31T17:58:20
CLM001362,POL04083,2024-03-06,24949.29,Denied,Medical procedure,batch_001,2026-07-31T17:58:20
CLM001363,POL02706,2024-03-06,2097.56,Approved,Vehicle collision,batch_001,2026-07-31T17:58:20
CLM001364,POL02184,2024-03-06,19413.76,Approved,Accidental death claim,batch_001,2026-07-31T17:58:20
CLM001365,POL03852,2024-03-07,4621.93,Denied,Hit and run,batch_001,2026-07-31T17:58:20
CLM001366,POL00104,2024-03-07,3136.84,Pending,Fire damage,batch_001,2026-07-31T17:58:20
CLM001367,POL03153,2024-03-07,19303.51,Denied,Emergency room visit,batch_001,2026-07-31T17:58:20
CLM001368,POL00275,2024-03-07,5059.58,Pending,Water damage,batch_001,2026-07-31T17:58:20
CLM001369,POL04270,2024-03-07,16683.60,Approved,Terminal illness claim,batch_001,2026-07-31T17:58:20
CLM001370,POL03188,2024-03-07,17067.91,Denied,Theft of vehicle,batch_001,2026-07-31T17:58:20
CLM001371,POL01300,2024-03-07,15766.19,Approved,Hospital stay,batch_001,2026-07-31T17:58:20
CLM001372,POL04268,2024-03-08,3141.32,Denied,Surgery reimbursement,batch_001,2026-07-31T17:58:20
CLM001373,POL01628,2024-03-08,9074.62,Approved,Accidental death claim,batch_001,2026-07-31T17:58:20
CLM001374,POL01785,2024-03-08,24334.52,Approved,Accidental death claim,batch_001,2026-07-31T17:58:20
CLM001375,POL03557,2024-03-08,8180.39,Approved,Surgery reimbursement,batch_001,2026-07-31T17:58:20
CLM001376,POL04790,2024-03-08,3079.27,Approved,Vehicle collision,batch_001,2026-07-31T17:58:20
CLM001377,POL00345,2024-03-08,14568.82,Pending,Hit and run,batch_001,2026-07-31T17:58:20
CLM001378,POL04885,2024-03-09,3959.30,Approved,Emergency room visit,batch_001,2026-07-31T17:58:20
CLM001379,POL01292,2024-03-09,12547.99,Pending,Fallen tree damage,batch_001,2026-07-31T17:58:20
CLM001380,POL02773,2024-03-09,23278.13,Pending,Medical procedure,batch_001,2026-07-31T17:58:20
CLM001381,POL00490,2024-03-09,8952.39,Approved,Hospital stay,batch_001,2026-07-31T17:58:20
CLM001382,POL00880,2024-03-10,3233.10,Approved,Surgery reimbursement,batch_001,2026-07-31T17:58:20
CLM001383,POL04575,2024-03-10,19735.19,Denied,Terminal illness claim,batch_001,2026-07-31T17:58:20
CLM001384,POL01581,2024-03-10,631.69,Denied,Terminal illness claim,batch_001,2026-07-31T17:58:20
CLM001385,POL01104,2024-03-10,6342.34,Approved,Burglary,batch_001,2026-07-31T17:58:20
CLM001386,POL03585,2024-03-10,14019.72,Pending,Prescription claim,batch_001,2026-07-31T17:58:20
CLM001387,POL01555,2024-03-10,14210.87,Pending,Terminal illness claim,batch_001,2026-07-31T17:58:20
CLM001388,POL02652,2024-03-11,18336.82,Denied,Vandalism damage,batch_001,2026-07-31T17:58:20
CLM001389,POL04543,2024-03-11,4092.55,Pending,Windshield damage,batch_001,2026-07-31T17:58:20
CLM001390,POL03682,2024-03-11,7462.25,Denied,Hospital stay,batch_001,2026-07-31T17:58:20
CLM001391,POL03008,2024-03-11,11406.57,Pending,Vandalism damage,batch_001,2026-07-31T17:58:20
CLM001392,POL03106,2024-03-11,18368.08,Approved,Fallen tree damage,batch_001,2026-07-31T17:58:20
CLM001393,POL02983,2024-03-12,19422.81,Approved,Roof damage from storm,batch_001,2026-07-31T17:58:20
CLM001394,POL00519,2024-03-12,16491.41,Pending,Burglary,batch_001,2026-07-31T17:58:20
CLM001395,POL01556,2024-03-12,13149.34,Denied,Hospital stay,batch_001,2026-07-31T17:58:20
CLM001396,POL01263,2024-03-12,15364.68,Denied,Terminal illness claim,batch_001,2026-07-31T17:58:20
CLM001397,POL02639,2024-03-13,2850.56,Pending,Water damage,batch_001,2026-07-31T17:58:20
CLM001398,POL00359,2024-03-13,20896.31,Approved,Windshield damage,batch_001,2026-07-31T17:58:20
CLM001399,POL00257,2024-03-13,5131.77,Denied,Fire damage,batch_001,2026-07-31T17:58:20
CLM001400,POL00809,2024-03-13,892.25,Pending,Terminal illness claim,batch_001,2026-07-31T17:58:20
CLM001401,POL04014,2024-03-13,13192.95,Pending,Hospital stay,batch_001,2026-07-31T17:58:20
CLM001402,POL02097,2024-03-13,1322.23,Approved,Accidental death claim,batch_001,2026-07-31T17:58:20
CLM001403,POL00581,2024-03-13,425.84,Approved,Accidental death claim,batch_001,2026-07-31T17:58:20
CLM001404,POL04026,2024-03-13,23217.25,Approved,Prescription claim,batch_001,2026-07-31T17:58:20
CLM001405,POL00498,2024-03-14,9087.06,Pending,Hit and run,batch_001,2026-07-31T17:58:20
CLM001406,POL03024,2024-03-14,19876.81,Approved,Vandalism damage,batch_001,2026-07-31T17:58:20
CLM001407,POL02178,2024-03-14,13272.62,Pending,Vehicle collision,batch_001,2026-07-31T17:58:20
CLM001408,POL02490,2024-03-14,2040.59,Approved,Fallen tree damage,batch_001,2026-07-31T17:58:20
CLM001409,POL00796,2024-03-14,2620.51,Approved,Accidental death claim,batch_001,2026-07-31T17:58:20
CLM001410,POL03157,2024-03-15,4817.56,Pending,Windshield damage,batch_001,2026-07-31T17:58:20
CLM001411,POL04670,2024-03-15,15670.59,Approved,Hospital stay,batch_001,2026-07-31T17:58:20
CLM001412,POL04573,2024-03-15,10438.10,Approved,Hospital stay,batch_001,2026-07-31T17:58:20
CLM001413,POL02933,2024-03-16,16894.86,Pending,Prescription claim,batch_001,2026-07-31T17:58:20
CLM001414,POL00853,2024-03-16,4253.55,Approved,Vandalism damage,batch_001,2026-07-31T17:58:20
CLM001415,POL03290,2024-03-16,12666.85,Pending,Windshield damage,batch_001,2026-07-31T17:58:20
CLM001416,POL04374,2024-03-16,24961.00,Denied,Roof damage from storm,batch_001,2026-07-31T17:58:20
CLM001417,POL02582,2024-03-16,13797.03,Denied,Roof damage from storm,batch_001,2026-07-31T17:58:20
CLM001418,POL03378,2024-03-16,19128.19,Denied,Theft of vehicle,batch_001,2026-07-31T17:58:20
CLM001419,POL04985,2024-03-16,6093.99,Pending,Windshield damage,batch_001,2026-07-31T17:58:20
CLM001420,POL03073,2024-03-16,19166.13,Pending,Theft of vehicle,batch_001,2026-07-31T17:58:20
CLM001421,POL02950,2024-03-16,24045.13,Denied,Prescription claim,batch_001,2026-07-31T17:58:20
CLM001422,POL00002,2024-03-17,18185.20,Denied,Accidental death claim,batch_001,2026-07-31T17:58:20
CLM001423,POL00134,2024-03-17,12988.47,Denied,Death benefit claim,batch_001,2026-07-31T17:58:20
CLM001424,POL02461,2024-03-17,24611.42,Approved,Terminal illness claim,batch_001,2026-07-31T17:58:20
CLM001425,POL00178,2024-03-17,19310.92,Pending,Terminal illness claim,batch_001,2026-07-31T17:58:20
CLM001426,POL04536,2024-03-17,12830.66,Pending,Fallen tree damage,batch_001,2026-07-31T17:58:20
CLM001427,POL01268,2024-03-17,2447.75,Denied,Surgery reimbursement,batch_001,2026-07-31T17:58:20
CLM001428,POL01279,2024-03-17,3546.36,Denied,Vandalism damage,batch_001,2026-07-31T17:58:20
CLM001429,POL02047,2024-03-17,5901.55,Denied,Water damage,batch_001,2026-07-31T17:58:20
CLM001430,POL04674,2024-03-18,10054.98,Approved,Accidental death claim,batch_001,2026-07-31T17:58:20
CLM001431,POL00633,2024-03-18,18117.16,Denied,Emergency room visit,batch_001,2026-07-31T17:58:20
CLM001432,POL04000,2024-03-18,20660.06,Pending,Vandalism damage,batch_001,2026-07-31T17:58:20
CLM001433,POL00782,2024-03-18,14921.26,Denied,Medical procedure,batch_001,2026-07-31T17:58:20
CLM001434,POL04721,2024-03-18,9600.50,Approved,Terminal illness claim,batch_001,2026-07-31T17:58:20
CLM001435,POL02851,2024-03-18,22006.83,Denied,Prescription claim,batch_001,2026-07-31T17:58:20
CLM001436,POL00988,2024-03-18,21757.68,Approved,Accidental death claim,batch_001,2026-07-31T17:58:20
CLM001437,POL04935,2024-03-19,23223.46,Pending,Hit and run,batch_001,2026-07-31T17:58:20
CLM001438,POL00444,2024-03-19,7689.11,Approved,Theft of vehicle,batch_001,2026-07-31T17:58:20
CLM001439,POL04424,2024-03-19,14166.33,Denied,Vandalism damage,batch_001,2026-07-31T17:58:20
CLM001440,POL01809,2024-03-19,3914.62,Pending,Burglary,batch_001,2026-07-31T17:58:20
CLM001441,POL03651,2024-03-19,18845.72,Pending,Fallen tree damage,batch_001,2026-07-31T17:58:20
CLM001442,POL00738,2024-03-19,5629.93,Denied,Prescription claim,batch_001,2026-07-31T17:58:20
CLM001443,POL01213,2024-03-19,3391.51,Approved,Terminal illness claim,batch_001,2026-07-31T17:58:20
CLM001444,POL04682,2024-03-20,18658.34,Pending,Terminal illness claim,batch_001,2026-07-31T17:58:20
CLM001445,POL02151,2024-03-20,2218.47,Pending,Terminal illness claim,batch_001,2026-07-31T17:58:20
CLM001446,POL01069,2024-03-20,19074.62,Denied,Vandalism damage,batch_001,2026-07-31T17:58:20
CLM001447,POL01623,2024-03-20,12247.74,Pending,Vandalism damage,batch_001,2026-07-31T17:58:20
CLM001448,POL01607,2024-03-20,14073.07,Pending,Vandalism damage,batch_001,2026-07-31T17:58:20
CLM001449,POL02018,2024-03-21,6133.65,Denied,Burglary,batch_001,2026-07-31T17:58:20
CLM001450,POL02650,2024-03-21,17149.98,Pending,Death benefit claim,batch_001,2026-07-31T17:58:20
CLM001451,POL00922,2024-03-21,16826.51,Denied,Surgery reimbursement,batch_001,2026-07-31T17:58:20
CLM001452,POL02854,2024-03-21,4843.19,Denied,Vandalism damage,batch_001,2026-07-31T17:58:20
CLM001453,POL00199,2024-03-21,19265.06,Approved,Terminal illness claim,batch_001,2026-07-31T17:58:20
CLM001454,POL05049,2024-03-21,20557.44,Denied,Fallen tree damage,batch_001,2026-07-31T17:58:20
CLM001455,POL01195,2024-03-21,11067.54,Approved,Death benefit claim,batch_001,2026-07-31T17:58:20
CLM001456,POL03063,2024-03-21,3984.18,Pending,Vehicle collision,batch_001,2026-07-31T17:58:20
CLM001457,POL00921,2024-03-22,18515.58,Approved,Vandalism damage,batch_001,2026-07-31T17:58:20
CLM001458,POL01210,2024-03-22,21731.93,Denied,Water damage,batch_001,2026-07-31T17:58:20
CLM001459,POL02813,2024-03-22,17375.50,Approved,Surgery reimbursement,batch_001,2026-07-31T17:58:20
CLM001460,POL03687,2024-03-22,11832.64,Denied,Death benefit claim,batch_001,2026-07-31T17:58:20
CLM001461,POL04408,2024-03-23,5375.70,Pending,Hospital stay,batch_001,2026-07-31T17:58:20
CLM001462,POL02119,2024-03-23,13765.12,Pending,Accidental death claim,batch_001,2026-07-31T17:58:20
CLM001463,POL01158,2024-03-23,17407.27,Pending,Water damage,batch_001,2026-07-31T17:58:20
CLM001464,POL03086,2024-03-23,14616.82,Pending,Vandalism damage,batch_001,2026-07-31T17:58:20
CLM001465,POL00357,2024-03-23,6460.86,Approved,Roof damage from storm,batch_001,2026-07-31T17:58:20
CLM001466,POL01645,2024-03-23,19750.79,Pending,Surgery reimbursement,batch_001,2026-07-31T17:58:20
CLM001467,POL00435,2024-03-24,11677.52,Approved,Death benefit claim,batch_001,2026-07-31T17:58:20
CLM001468,POL03184,2024-03-24,16543.28,Pending,Surgery reimbursement,batch_001,2026-07-31T17:58:20
CLM001469,POL00884,2024-03-24,575.05,Pending,Terminal illness claim,batch_001,2026-07-31T17:58:20
CLM001470,POL01894,2024-03-24,24496.84,Pending,Accidental death claim,batch_001,2026-07-31T17:58:20
CLM001471,POL00816,2024-03-24,22606.41,Denied,Accidental death claim,batch_001,2026-07-31T17:58:20
CLM001472,POL04355,2024-03-24,2291.71,Approved,Vandalism damage,batch_001,2026-07-31T17:58:20
CLM001473,POL03752,2024-03-24,14061.12,Pending,Vehicle collision,batch_001,2026-07-31T17:58:20
CLM001474,POL00326,2024-03-24,6260.06,Pending,Terminal illness claim,batch_001,2026-07-31T17:58:20
CLM001475,POL02733,2024-03-24,12299.33,Pending,Fire damage,batch_001,2026-07-31T17:58:20
CLM001476,POL00151,2024-03-24,8734.82,Denied,Roof damage from storm,batch_001,2026-07-31T17:58:20
CLM001477,POL02477,2024-03-24,5981.50,Pending,Terminal illness claim,batch_001,2026-07-31T17:58:20
CLM001478,POL00508,2024-03-24,15682.23,Denied,Vehicle collision,batch_001,2026-07-31T17:58:20
CLM001479,POL04547,2024-03-25,23733.00,Approved,Death benefit claim,batch_001,2026-07-31T17:58:20
CLM001480,POL02800,2024-03-25,22439.67,Pending,Fire damage,batch_001,2026-07-31T17:58:20
CLM001481,POL00720,2024-03-25,18274.25,Pending,Accidental death claim,batch_001,2026-07-31T17:58:20
CLM001482,POL05018,2024-03-25,21830.27,Pending,Death benefit claim,batch_001,2026-07-31T17:58:20
CLM001483,POL03419,2024-03-26,6084.98,Approved,Burglary,batch_001,2026-07-31T17:58:20
CLM001484,POL02560,2024-03-26,22752.41,Denied,Burglary,batch_001,2026-07-31T17:58:20
CLM001485,POL04442,2024-03-26,3381.13,Pending,Emergency room visit,batch_001,2026-07-31T17:58:20
CLM001486,POL04760,2024-03-26,13579.71,Approved,Death benefit claim,batch_001,2026-07-31T17:58:20
CLM001487,POL02532,2024-03-26,17244.45,Pending,Death benefit claim,batch_001,2026-07-31T17:58:20
CLM001488,POL03524,2024-03-26,24892.58,Approved,Vandalism damage,batch_001,2026-07-31T17:58:20
CLM001489,POL01295,2024-03-26,8005.66,Pending,Vandalism damage,batch_001,2026-07-31T17:58:20
CLM001490,POL00970,2024-03-26,4684.97,Approved,Water damage,batch_001,2026-07-31T17:58:20
CLM001491,POL02611,2024-03-26,22015.28,Denied,Burglary,batch_001,2026-07-31T17:58:20
CLM001492,POL02486,2024-03-27,11130.81,Pending,Accidental death claim,batch_001,2026-07-31T17:58:20
CLM001493,POL02243,2024-03-27,3883.73,Approved,Vehicle collision,batch_001,2026-07-31T17:58:20
CLM001494,POL01078,2024-03-27,4700.19,Pending,Fallen tree damage,batch_001,2026-07-31T17:58:20
CLM001495,POL02187,2024-03-27,15179.55,Pending,Death benefit claim,batch_001,2026-07-31T17:58:20
CLM001496,POL04886,2024-03-27,5881.35,Pending,Water damage,batch_001,2026-07-31T17:58:20
CLM001497,POL02944,2024-03-27,2078.94,Denied,Fire damage,batch_001,2026-07-31T17:58:20
CLM001498,POL04116,2024-03-27,21168.84,Denied,Surgery reimbursement,batch_001,2026-07-31T17:58:20
CLM001499,POL01508,2024-03-27,21318.02,Denied,Hit and run,batch_001,2026-07-31T17:58:20
CLM001500,POL01127,2024-03-27,4178.28,Approved,Vehicle collision,batch_001,2026-07-31T17:58:20
CLM001501,POL03348,2024-03-27,19137.02,Approved,Theft of vehicle,batch_001,2026-07-31T17:58:20
CLM001502,POL03384,2024-03-27,5641.60,Pending,Emergency room visit,batch_001,2026-07-31T17:58:20
CLM001503,POL01676,2024-03-28,1746.79,Denied,Vandalism damage,batch_001,2026-07-31T17:58:20
CLM001504,POL04014,2024-03-28,17227.78,Denied,Emergency room visit,batch_001,2026-07-31T17:58:20
CLM001505,POL03503,2024-03-28,10181.18,Approved,Hospital stay,batch_001,2026-07-31T17:58:20
CLM001506,POL03117,2024-03-28,18033.00,Denied,Fallen tree damage,batch_001,2026-07-31T17:58:20
CLM001507,POL04686,2024-03-28,14885.76,Pending,Accidental death claim,batch_001,2026-07-31T17:58:20
CLM001508,POL00316,2024-03-28,13064.16,Denied,Hit and run,batch_001,2026-07-31T17:58:20
CLM001509,POL00348,2024-03-28,21956.72,Approved,Fallen tree damage,batch_001,2026-07-31T17:58:20
CLM001510,POL04407,2024-03-29,9950.72,Pending,Vehicle collision,batch_001,2026-07-31T17:58:20
CLM001511,POL04569,2024-03-29,9746.21,Pending,Medical procedure,batch_001,2026-07-31T17:58:20
CLM001512,POL01556,2024-03-29,7350.37,Denied,Surgery reimbursement,batch_001,2026-07-31T17:58:20
CLM001513,POL02343,2024-03-29,11587.54,Denied,Theft of vehicle,batch_001,2026-07-31T17:58:20
CLM001514,POL05023,2024-03-30,22983.92,Pending,Accidental death claim,batch_001,2026-07-31T17:58:20
CLM001515,POL01166,2024-03-30,11643.12,Pending,Burglary,batch_001,2026-07-31T17:58:20
CLM001516,POL00741,2024-03-30,18093.91,Approved,Emergency room visit,batch_001,2026-07-31T17:58:20
CLM001517,POL04796,2024-03-30,23452.28,Pending,Fallen tree damage,batch_001,2026-07-31T17:58:20
CLM001518,POL01109,2024-03-31,9887.36,Denied,Burglary,batch_001,2026-07-31T17:58:20
CLM001519,POL00205,2024-03-31,4554.08,Pending,Emergency room visit,batch_001,2026-07-31T17:58:20
CLM001520,POL03725,2024-03-31,2345.47,Denied,Fire damage,batch_001,2026-07-31T17:58:20
CLM001521,POL01013,2024-03-31,2370.66,Pending,Terminal illness claim,batch_001,2026-07-31T17:58:20
CLM001522,POL02974,2024-03-31,2224.13,Pending,Burglary,batch_001,2026-07-31T17:58:20
CLM001523,POL04192,2024-03-31,15340.61,Approved,Burglary,batch_001,2026-07-31T17:58:20
CLM001524,POL04509,2024-03-31,9577.11,Approved,Terminal illness claim,batch_001,2026-07-31T17:58:20
CLM001525,POL04633,2024-03-31,21795.50,Approved,Death benefit claim,batch_001,2026-07-31T17:58:20
CLM001526,POL01185,2024-03-31,4553.78,Pending,Vehicle collision,batch_001,2026-07-31T17:58:20
CLM001527,POL03438,2024-03-31,7770.75,Pending,Burglary,batch_001,2026-07-31T17:58:20
CLM001528,POL02366,2024-03-31,15698.68,Approved,Windshield damage,batch_001,2026-07-31T17:58:20
CLM001529,POL01662,2024-04-01,187.97,Denied,Medical procedure,batch_001,2026-07-31T17:58:20
CLM001530,POL03758,2024-04-01,12490.93,Denied,Vandalism damage,batch_001,2026-07-31T17:58:20
CLM001531,POL00048,2024-04-01,15238.80,Denied,Fire damage,batch_001,2026-07-31T17:58:20
CLM001532,POL01777,2024-04-01,14762.67,Denied,Terminal illness claim,batch_001,2026-07-31T17:58:20
CLM001533,POL03360,2024-04-01,11102.70,Pending,Fallen tree damage,batch_001,2026-07-31T17:58:20
CLM001534,POL00054,2024-04-01,6193.36,Pending,Terminal illness claim,batch_001,2026-07-31T17:58:20
CLM001535,POL05078,2024-04-01,15753.02,Approved,Medical procedure,batch_001,2026-07-31T17:58:20
CLM001536,POL01515,2024-04-01,3791.58,Pending,Surgery reimbursement,batch_001,2026-07-31T17:58:20
CLM001537,POL00301,2024-04-02,3719.82,Approved,Fallen tree damage,batch_001,2026-07-31T17:58:20
CLM001538,POL04943,2024-04-02,7531.19,Approved,Water damage,batch_001,2026-07-31T17:58:20
CLM001539,POL00893,2024-04-02,10482.23,Approved,Death benefit claim,batch_001,2026-07-31T17:58:20
CLM001540,POL02330,2024-04-02,15316.13,Pending,Fallen tree damage,batch_001,2026-07-31T17:58:20
CLM001541,POL04689,2024-04-02,19703.96,Approved,Burglary,batch_001,2026-07-31T17:58:20
CLM001542,POL04743,2024-04-02,9068.70,Approved,Vehicle collision,batch_001,2026-07-31T17:58:20
CLM001543,POL02452,2024-04-03,8138.26,Denied,Water damage,batch_001,2026-07-31T17:58:20
CLM001544,POL03501,2024-04-03,21098.41,Approved,Terminal illness claim,batch_001,2026-07-31T17:58:20
CLM001545,POL03857,2024-04-03,3450.19,Pending,Terminal illness claim,batch_001,2026-07-31T17:58:20
CLM001546,POL02697,2024-04-03,13223.61,Pending,Death benefit claim,batch_001,2026-07-31T17:58:20
CLM001547,POL01713,2024-04-03,15340.14,Approved,Hospital stay,batch_001,2026-07-31T17:58:20
CLM001548,POL04334,2024-04-03,24681.01,Denied,Hospital stay,batch_001,2026-07-31T17:58:20
CLM001549,POL02353,2024-04-03,10733.63,Denied,Surgery reimbursement,batch_001,2026-07-31T17:58:20
CLM001550,POL04305,2024-04-04,14421.05,Pending,Roof damage from storm,batch_001,2026-07-31T17:58:20
CLM001551,POL01063,2024-04-04,15395.82,Denied,Hospital stay,batch_001,2026-07-31T17:58:20
CLM001552,POL04078,2024-04-04,12363.36,Approved,Hospital stay,batch_001,2026-07-31T17:58:20
CLM001553,POL01907,2024-04-04,17743.82,Approved,Death benefit claim,batch_001,2026-07-31T17:58:20
CLM001554,POL00969,2024-04-04,697.27,Pending,Water damage,batch_001,2026-07-31T17:58:20
CLM001555,POL01699,2024-04-04,20009.15,Denied,Prescription claim,batch_001,2026-07-31T17:58:20
CLM001556,POL00373,2024-04-04,8411.43,Pending,Windshield damage,batch_001,2026-07-31T17:58:20
CLM001557,POL00093,2024-04-05,16051.40,Pending,Theft of vehicle,batch_001,2026-07-31T17:58:20
CLM001558,POL02085,2024-04-05,19775.87,Denied,Surgery reimbursement,batch_001,2026-07-31T17:58:20
CLM001559,POL04151,2024-04-05,13794.84,Approved,Vehicle collision,batch_001,2026-07-31T17:58:20
CLM001560,POL02731,2024-04-05,8599.90,Pending,Fallen tree damage,batch_001,2026-07-31T17:58:20
CLM001561,POL05047,2024-04-05,24006.81,Approved,Emergency room visit,batch_001,2026-07-31T17:58:20
CLM001562,POL02708,2024-04-05,20862.25,Pending,Burglary,batch_001,2026-07-31T17:58:20
CLM001563,POL03888,2024-04-05,19951.63,Pending,Death benefit claim,batch_001,2026-07-31T17:58:20
CLM001564,POL03945,2024-04-06,3969.12,Denied,Accidental death claim,batch_001,2026-07-31T17:58:20
CLM001565,POL02746,2024-04-06,11615.50,Denied,Medical procedure,batch_001,2026-07-31T17:58:20
CLM001566,POL04269,2024-04-06,7553.66,Pending,Surgery reimbursement,batch_001,2026-07-31T17:58:20
CLM001567,POL04549,2024-04-06,13443.55,Approved,Accidental death claim,batch_001,2026-07-31T17:58:20
CLM001568,POL02718,2024-04-06,20008.43,Denied,Vehicle collision,batch_001,2026-07-31T17:58:20
CLM001569,POL01224,2024-04-07,7083.45,Approved,Terminal illness claim,batch_001,2026-07-31T17:58:20
CLM001570,POL03074,2024-04-07,15700.12,Approved,Fallen tree damage,batch_001,2026-07-31T17:58:20
CLM001571,POL04962,2024-04-07,9800.20,Pending,Medical procedure,batch_001,2026-07-31T17:58:20
CLM001572,POL02526,2024-04-07,17661.13,Denied,Water damage,batch_001,2026-07-31T17:58:20
CLM001573,POL02225,2024-04-07,10405.35,Denied,Fire damage,batch_001,2026-07-31T17:58:20
CLM001574,POL03045,2024-04-07,11352.47,Denied,Fire damage,batch_001,2026-07-31T17:58:20
CLM001575,POL04302,2024-04-08,7627.73,Approved,Theft of vehicle,batch_001,2026-07-31T17:58:20
CLM001576,POL00307,2024-04-08,19466.98,Approved,Burglary,batch_001,2026-07-31T17:58:20
CLM001577,POL04146,2024-04-08,720.88,Denied,Hospital stay,batch_001,2026-07-31T17:58:20
CLM001578,POL01263,2024-04-08,4836.27,Denied,Accidental death claim,batch_001,2026-07-31T17:58:20
CLM001579,POL04290,2024-04-08,7827.93,Denied,Emergency room visit,batch_001,2026-07-31T17:58:20
CLM001580,POL00805,2024-04-08,20571.25,Pending,Fire damage,batch_001,2026-07-31T17:58:20
CLM001581,POL01681,2024-04-08,18141.81,Denied,Terminal illness claim,batch_001,2026-07-31T17:58:20
CLM001582,POL04280,2024-04-09,2984.32,Denied,Vehicle collision,batch_001,2026-07-31T17:58:20
CLM001583,POL04869,2024-04-09,21809.69,Denied,Prescription claim,batch_001,2026-07-31T17:58:20
CLM001584,POL00378,2024-04-09,2667.26,Pending,Roof damage from storm,batch_001,2026-07-31T17:58:20
CLM001585,POL00185,2024-04-09,14481.24,Denied,Fire damage,batch_001,2026-07-31T17:58:20
CLM001586,POL02629,2024-04-10,5093.83,Denied,Roof damage from storm,batch_001,2026-07-31T17:58:20
CLM001587,POL04361,2024-04-10,8046.83,Denied,Vehicle collision,batch_001,2026-07-31T17:58:20
CLM001588,POL02234,2024-04-10,3818.09,Denied,Vehicle collision,batch_001,2026-07-31T17:58:20
CLM001589,POL00125,2024-04-10,23961.62,Pending,Vandalism damage,batch_001,2026-07-31T17:58:20
CLM001590,POL00839,2024-04-10,5243.78,Denied,Vandalism damage,batch_001,2026-07-31T17:58:20
CLM001591,POL02610,2024-04-10,6849.20,Pending,Theft of vehicle,batch_001,2026-07-31T17:58:20
CLM001592,POL04703,2024-04-11,6196.14,Approved,Theft of vehicle,batch_001,2026-07-31T17:58:20
CLM001593,POL05024,2024-04-11,22316.85,Pending,Burglary,batch_001,2026-07-31T17:58:20
CLM001594,POL00416,2024-04-11,3338.84,Denied,Accidental death claim,batch_001,2026-07-31T17:58:20
CLM001595,POL00414,2024-04-11,2737.58,Approved,Water damage,batch_001,2026-07-31T17:58:20
CLM001596,POL03494,2024-04-11,9858.73,Pending,Vandalism damage,batch_001,2026-07-31T17:58:20
CLM001597,POL04856,2024-04-11,15773.82,Pending,Hit and run,batch_001,2026-07-31T17:58:20
CLM001598,POL05049,2024-04-11,8955.05,Denied,Fire damage,batch_001,2026-07-31T17:58:20
CLM001599,POL04371,2024-04-12,2055.79,Denied,Fallen tree damage,batch_001,2026-07-31T17:58:20
CLM001600,POL01080,2024-04-12,2413.61,Pending,Hit and run,batch_001,2026-07-31T17:58:20
CLM001601,POL00797,2024-04-12,11444.05,Pending,Hit and run,batch_001,2026-07-31T17:58:20
CLM001602,POL03855,2024-04-12,5869.19,Approved,Windshield damage,batch_001,2026-07-31T17:58:20
CLM001603,POL05054,2024-04-12,6525.51,Denied,Burglary,batch_001,2026-07-31T17:58:20
CLM001604,POL01503,2024-04-13,17520.40,Pending,Roof damage from storm,batch_001,2026-07-31T17:58:20
CLM001605,POL02661,2024-04-13,11386.75,Approved,Medical procedure,batch_001,2026-07-31T17:58:20
CLM001606,POL03894,2024-04-13,2910.89,Denied,Burglary,batch_001,2026-07-31T17:58:20
CLM001607,POL01400,2024-04-13,7128.21,Denied,Fallen tree damage,batch_001,2026-07-31T17:58:20
CLM001608,POL04708,2024-04-13,3272.11,Approved,Prescription claim,batch_001,2026-07-31T17:58:20
CLM001609,POL00877,2024-04-13,8214.16,Pending,Medical procedure,batch_001,2026-07-31T17:58:20
CLM001610,POL02475,2024-04-14,13365.36,Denied,Vandalism damage,batch_001,2026-07-31T17:58:20
CLM001611,POL03387,2024-04-14,6040.52,Approved,Vandalism damage,batch_001,2026-07-31T17:58:20
CLM001612,POL01303,2024-04-14,24349.90,Denied,Water damage,batch_001,2026-07-31T17:58:20
CLM001613,POL02792,2024-04-14,5285.13,Pending,Fallen tree damage,batch_001,2026-07-31T17:58:20
CLM001614,POL03532,2024-04-14,19629.42,Denied,Accidental death claim,batch_001,2026-07-31T17:58:20
CLM001615,POL02804,2024-04-14,13658.72,Approved,Emergency room visit,batch_001,2026-07-31T17:58:20
CLM001616,POL00639,2024-04-14,18510.24,Pending,Fallen tree damage,batch_001,2026-07-31T17:58:20
CLM001617,POL03987,2024-04-15,2946.64,Pending,Hit and run,batch_001,2026-07-31T17:58:20
CLM001618,POL02666,2024-04-15,13921.68,Denied,Emergency room visit,batch_001,2026-07-31T17:58:20
CLM001619,POL02524,2024-04-15,23901.50,Approved,Accidental death claim,batch_001,2026-07-31T17:58:20
CLM001620,POL00891,2024-04-15,17169.17,Pending,Prescription claim,batch_001,2026-07-31T17:58:20
CLM001621,POL02683,2024-04-15,12407.95,Pending,Medical procedure,batch_001,2026-07-31T17:58:20
CLM001622,POL00742,2024-04-15,5518.53,Approved,Hospital stay,batch_001,2026-07-31T17:58:20
CLM001623,POL00002,2024-04-15,18951.24,Pending,Death benefit claim,batch_001,2026-07-31T17:58:20
CLM001624,POL03711,2024-04-15,13328.27,Denied,Fallen tree damage,batch_001,2026-07-31T17:58:20
CLM001625,POL04735,2024-04-15,11234.28,Approved,Surgery reimbursement,batch_001,2026-07-31T17:58:20
CLM001626,POL02456,2024-04-15,14299.88,Pending,Terminal illness claim,batch_001,2026-07-31T17:58:20
CLM001627,POL03562,2024-04-15,17973.00,Denied,Water damage,batch_001,2026-07-31T17:58:20
CLM001628,POL04774,2024-04-15,302.17,Pending,Burglary,batch_001,2026-07-31T17:58:20
CLM001629,POL01045,2024-04-16,21327.38,Approved,Roof damage from storm,batch_001,2026-07-31T17:58:20
CLM001630,POL04497,2024-04-16,24200.70,Approved,Fallen tree damage,batch_001,2026-07-31T17:58:20
CLM001631,POL02943,2024-04-16,2831.49,Denied,Water damage,batch_001,2026-07-31T17:58:20
CLM001632,POL01928,2024-04-16,10849.72,Pending,Hit and run,batch_001,2026-07-31T17:58:20
CLM001633,POL02607,2024-04-16,17823.16,Denied,Terminal illness claim,batch_001,2026-07-31T17:58:20
CLM001634,POL03566,2024-04-16,13673.46,Pending,Death benefit claim,batch_001,2026-07-31T17:58:20
CLM001635,POL03891,2024-04-17,3562.81,Pending,Burglary,batch_001,2026-07-31T17:58:20
CLM001636,POL02952,2024-04-17,21015.07,Approved,Terminal illness claim,batch_001,2026-07-31T17:58:20
CLM001637,POL01029,2024-04-17,3443.51,Approved,Accidental death claim,batch_001,2026-07-31T17:58:20
CLM001638,POL00129,2024-04-17,3685.50,Denied,Burglary,batch_001,2026-07-31T17:58:20
CLM001639,POL01113,2024-04-17,2208.12,Pending,Burglary,batch_001,2026-07-31T17:58:20
CLM001640,POL03736,2024-04-17,22350.20,Pending,Accidental death claim,batch_001,2026-07-31T17:58:20
CLM001641,POL03488,2024-04-17,15618.89,Denied,Accidental death claim,batch_001,2026-07-31T17:58:20
CLM001642,POL03475,2024-04-18,13846.05,Denied,Burglary,batch_001,2026-07-31T17:58:20
CLM001643,POL02911,2024-04-18,5720.95,Denied,Accidental death claim,batch_001,2026-07-31T17:58:20
CLM001644,POL00061,2024-04-18,14490.67,Pending,Death benefit claim,batch_001,2026-07-31T17:58:20
CLM001645,POL04111,2024-04-19,6804.34,Pending,Accidental death claim,batch_001,2026-07-31T17:58:20
CLM001646,POL03007,2024-04-19,933.20,Approved,Accidental death claim,batch_001,2026-07-31T17:58:20
CLM001647,POL03959,2024-04-19,17651.58,Approved,Vandalism damage,batch_001,2026-07-31T17:58:20
CLM001648,POL03945,2024-04-19,24047.27,Approved,Death benefit claim,batch_001,2026-07-31T17:58:20
CLM001649,POL04313,2024-04-20,24591.12,Denied,Hit and run,batch_001,2026-07-31T17:58:20
CLM001650,POL04235,2024-04-20,2048.04,Pending,Water damage,batch_001,2026-07-31T17:58:20
CLM001651,POL02009,2024-04-20,11864.04,Pending,Medical procedure,batch_001,2026-07-31T17:58:20
CLM001652,POL04418,2024-04-20,19972.65,Denied,Vandalism damage,batch_001,2026-07-31T17:58:20
CLM001653,POL00433,2024-04-20,22599.27,Pending,Vehicle collision,batch_001,2026-07-31T17:58:20
CLM001654,POL03841,2024-04-20,11405.47,Denied,Hospital stay,batch_001,2026-07-31T17:58:20
CLM001655,POL02716,2024-04-20,10583.30,Denied,Terminal illness claim,batch_001,2026-07-31T17:58:20
CLM001656,POL01373,2024-04-21,979.62,Pending,Roof damage from storm,batch_001,2026-07-31T17:58:20
CLM001657,POL04618,2024-04-21,6585.03,Pending,Hit and run,batch_001,2026-07-31T17:58:20
CLM001658,POL04737,2024-04-21,4310.07,Approved,Surgery reimbursement,batch_001,2026-07-31T17:58:20
CLM001659,POL00224,2024-04-21,7241.71,Approved,Windshield damage,batch_001,2026-07-31T17:58:20
CLM001660,POL04142,2024-04-21,2013.87,Denied,Theft of vehicle,batch_001,2026-07-31T17:58:20
CLM001661,POL01086,2024-04-22,15433.36,Denied,Roof damage from storm,batch_001,2026-07-31T17:58:20
CLM001662,POL00117,2024-04-22,18561.59,Pending,Death benefit claim,batch_001,2026-07-31T17:58:20
CLM001663,POL04848,2024-04-23,18500.28,Pending,Hit and run,batch_001,2026-07-31T17:58:20
CLM001664,POL03030,2024-04-24,20215.23,Denied,Fire damage,batch_001,2026-07-31T17:58:20
CLM001665,POL03973,2024-04-24,4602.15,Pending,Vehicle collision,batch_001,2026-07-31T17:58:20
CLM001666,POL02809,2024-04-24,24603.38,Approved,Vandalism damage,batch_001,2026-07-31T17:58:20
CLM001667,POL01263,2024-04-24,20956.59,Denied,Terminal illness claim,batch_001,2026-07-31T17:58:20
CLM001668,POL01950,2024-04-24,16550.62,Pending,Fire damage,batch_001,2026-07-31T17:58:20
CLM001669,POL01728,2024-04-24,14486.16,Denied,Death benefit claim,batch_001,2026-07-31T17:58:20
CLM001670,POL02166,2024-04-24,18911.55,Approved,Medical procedure,batch_001,2026-07-31T17:58:20
CLM001671,POL01373,2024-04-25,11653.97,Denied,Roof damage from storm,batch_001,2026-07-31T17:58:20
CLM001672,POL03902,2024-04-25,18679.15,Pending,Death benefit claim,batch_001,2026-07-31T17:58:20
CLM001673,POL03112,2024-04-25,17119.40,Denied,Terminal illness claim,batch_001,2026-07-31T17:58:20
CLM001674,POL02152,2024-04-25,3714.23,Denied,Vehicle collision,batch_001,2026-07-31T17:58:20
CLM001675,POL02366,2024-04-25,23187.84,Denied,Hit and run,batch_001,2026-07-31T17:58:20
CLM001676,POL02587,2024-04-25,24047.89,Pending,Medical procedure,batch_001,2026-07-31T17:58:20
CLM001677,POL00798,2024-04-25,22951.03,Pending,Terminal illness claim,batch_001,2026-07-31T17:58:20
CLM001678,POL03538,2024-04-25,15301.09,Pending,Terminal illness claim,batch_001,2026-07-31T17:58:20
CLM001679,POL02745,2024-04-26,6831.12,Approved,Terminal illness claim,batch_001,2026-07-31T17:58:20
CLM001680,POL04786,2024-04-26,9839.73,Pending,Emergency room visit,batch_001,2026-07-31T17:58:20
CLM001681,POL04823,2024-04-26,19285.38,Pending,Roof damage from storm,batch_001,2026-07-31T17:58:20
CLM001682,POL01474,2024-04-26,7900.42,Approved,Medical procedure,batch_001,2026-07-31T17:58:20
CLM001683,POL00557,2024-04-26,397.84,Approved,Fallen tree damage,batch_001,2026-07-31T17:58:20
CLM001684,POL00852,2024-04-26,17168.94,Denied,Windshield damage,batch_001,2026-07-31T17:58:20
CLM001685,POL02321,2024-04-26,6372.21,Approved,Medical procedure,batch_001,2026-07-31T17:58:20
CLM001686,POL05075,2024-04-27,2389.34,Pending,Accidental death claim,batch_001,2026-07-31T17:58:20
CLM001687,POL01777,2024-04-27,23767.18,Pending,Death benefit claim,batch_001,2026-07-31T17:58:20
CLM001688,POL00983,2024-04-27,2251.02,Pending,Death benefit claim,batch_001,2026-07-31T17:58:20
CLM001689,POL03080,2024-04-27,16444.23,Pending,Vandalism damage,batch_001,2026-07-31T17:58:20
CLM001690,POL01514,2024-04-27,22410.44,Pending,Emergency room visit,batch_001,2026-07-31T17:58:20
CLM001691,POL02076,2024-04-27,7434.76,Pending,Vehicle collision,batch_001,2026-07-31T17:58:20
CLM001692,POL03715,2024-04-27,23075.12,Denied,Terminal illness claim,batch_001,2026-07-31T17:58:20
CLM001693,POL02650,2024-04-27,6507.68,Approved,Terminal illness claim,batch_001,2026-07-31T17:58:20
CLM001694,POL00512,2024-04-27,9631.70,Denied,Vehicle collision,batch_001,2026-07-31T17:58:20
CLM001695,POL02116,2024-04-28,23894.58,Denied,Fire damage,batch_001,2026-07-31T17:58:20
CLM001696,POL03610,2024-04-28,1828.02,Approved,Hospital stay,batch_001,2026-07-31T17:58:20
CLM001697,POL03217,2024-04-28,4543.21,Denied,Medical procedure,batch_001,2026-07-31T17:58:20
CLM001698,POL01179,2024-04-28,13561.74,Denied,Windshield damage,batch_001,2026-07-31T17:58:20
CLM001699,POL05030,2024-04-28,16119.12,Denied,Theft of vehicle,batch_001,2026-07-31T17:58:20
CLM001700,POL00847,2024-04-28,968.04,Approved,Accidental death claim,batch_001,2026-07-31T17:58:20
CLM001701,POL02053,2024-04-28,19453.21,Approved,Terminal illness claim,batch_001,2026-07-31T17:58:20
CLM001702,POL01220,2024-04-28,16356.35,Approved,Death benefit claim,batch_001,2026-07-31T17:58:20
CLM001703,POL03199,2024-04-28,6734.27,Pending,Roof damage from storm,batch_001,2026-07-31T17:58:20
CLM001704,POL03206,2024-04-29,14408.54,Pending,Burglary,batch_001,2026-07-31T17:58:20
CLM001705,POL03917,2024-04-29,10957.84,Pending,Death benefit claim,batch_001,2026-07-31T17:58:20
CLM001706,POL04425,2024-04-29,5723.59,Denied,Prescription claim,batch_001,2026-07-31T17:58:20
CLM001707,POL00993,2024-04-29,14224.37,Denied,Terminal illness claim,batch_001,2026-07-31T17:58:20
CLM001708,POL02481,2024-04-29,10075.31,Pending,Water damage,batch_001,2026-07-31T17:58:20
CLM001709,POL02993,2024-04-30,13412.19,Denied,Vehicle collision,batch_001,2026-07-31T17:58:20
CLM001710,POL03766,2024-04-30,19035.28,Denied,Fire damage,batch_001,2026-07-31T17:58:20
CLM001711,POL01447,2024-05-01,13906.44,Denied,Fire damage,batch_001,2026-07-31T17:58:20
CLM001712,POL02449,2024-05-01,17427.47,Approved,Accidental death claim,batch_001,2026-07-31T17:58:20
CLM001713,POL02944,2024-05-01,12213.94,Pending,Burglary,batch_001,2026-07-31T17:58:20
CLM001714,POL01553,2024-05-01,3584.58,Approved,Medical procedure,batch_001,2026-07-31T17:58:20
CLM001715,POL04858,2024-05-01,6038.28,Denied,Medical procedure,batch_001,2026-07-31T17:58:20
CLM001716,POL04429,2024-05-01,16120.85,Denied,Vandalism damage,batch_001,2026-07-31T17:58:20
CLM001717,POL03681,2024-05-01,24167.70,Approved,Medical procedure,batch_001,2026-07-31T17:58:20
CLM001718,POL02780,2024-05-01,1495.76,Pending,Death benefit claim,batch_001,2026-07-31T17:58:20
CLM001719,POL03322,2024-05-01,3042.86,Pending,Hospital stay,batch_001,2026-07-31T17:58:20
CLM001720,POL03755,2024-05-01,23508.24,Pending,Death benefit claim,batch_001,2026-07-31T17:58:20
CLM001721,POL04747,2024-05-02,5901.34,Approved,Vehicle collision,batch_001,2026-07-31T17:58:20
CLM001722,POL01160,2024-05-02,12273.48,Approved,Prescription claim,batch_001,2026-07-31T17:58:20
CLM001723,POL05066,2024-05-02,1240.46,Pending,Fire damage,batch_001,2026-07-31T17:58:20
CLM001724,POL00118,2024-05-03,4389.00,Approved,Roof damage from storm,batch_001,2026-07-31T17:58:20
CLM001725,POL00798,2024-05-03,11459.00,Approved,Accidental death claim,batch_001,2026-07-31T17:58:20
CLM001726,POL00524,2024-05-03,20463.22,Approved,Medical procedure,batch_001,2026-07-31T17:58:20
CLM001727,POL04073,2024-05-03,14914.94,Pending,Windshield damage,batch_001,2026-07-31T17:58:20
CLM001728,POL00517,2024-05-03,20130.89,Denied,Terminal illness claim,batch_001,2026-07-31T17:58:20
CLM001729,POL03294,2024-05-03,8173.45,Pending,Vandalism damage,batch_001,2026-07-31T17:58:20
CLM001730,POL04472,2024-05-03,3519.50,Approved,Water damage,batch_001,2026-07-31T17:58:20
CLM001731,POL04859,2024-05-03,4418.85,Approved,Vehicle collision,batch_001,2026-07-31T17:58:20
CLM001732,POL02244,2024-05-04,3616.80,Denied,Windshield damage,batch_001,2026-07-31T17:58:20
CLM001733,POL03031,2024-05-04,13879.85,Denied,Windshield damage,batch_001,2026-07-31T17:58:20
CLM001734,POL04768,2024-05-04,1113.40,Approved,Vandalism damage,batch_001,2026-07-31T17:58:20
CLM001735,POL03082,2024-05-04,19463.77,Approved,Hit and run,batch_001,2026-07-31T17:58:20
CLM001736,POL00662,2024-05-04,258.10,Approved,Medical procedure,batch_001,2026-07-31T17:58:20
CLM001737,POL04864,2024-05-04,22184.19,Denied,Prescription claim,batch_001,2026-07-31T17:58:20
CLM001738,POL01040,2024-05-04,5233.39,Pending,Theft of vehicle,batch_001,2026-07-31T17:58:20
CLM001739,POL04286,2024-05-05,11315.44,Approved,Death benefit claim,batch_001,2026-07-31T17:58:20
CLM001740,POL05002,2024-05-05,17322.67,Pending,Death benefit claim,batch_001,2026-07-31T17:58:20
CLM001741,POL04096,2024-05-05,15340.04,Approved,Accidental death claim,batch_001,2026-07-31T17:58:20
CLM001742,POL02468,2024-05-05,8761.55,Approved,Vandalism damage,batch_001,2026-07-31T17:58:20
CLM001743,POL01931,2024-05-05,4878.38,Pending,Death benefit claim,batch_001,2026-07-31T17:58:20
CLM001744,POL05071,2024-05-05,9111.34,Pending,Accidental death claim,batch_001,2026-07-31T17:58:20
CLM001745,POL01797,2024-05-05,11658.98,Pending,Windshield damage,batch_001,2026-07-31T17:58:20
CLM001746,POL02265,2024-05-06,1421.42,Approved,Emergency room visit,batch_001,2026-07-31T17:58:20
CLM001747,POL03887,2024-05-06,12488.12,Approved,Accidental death claim,batch_001,2026-07-31T17:58:20
CLM001748,POL00354,2024-05-06,1445.29,Denied,Surgery reimbursement,batch_001,2026-07-31T17:58:20
CLM001749,POL01717,2024-05-06,10923.32,Denied,Fallen tree damage,batch_001,2026-07-31T17:58:20
CLM001750,POL03713,2024-05-06,1178.61,Pending,Death benefit claim,batch_001,2026-07-31T17:58:20
CLM001751,POL04403,2024-05-06,4479.60,Approved,Prescription claim,batch_001,2026-07-31T17:58:20
CLM001752,POL04219,2024-05-07,2990.02,Approved,Prescription claim,batch_001,2026-07-31T17:58:20
CLM001753,POL04856,2024-05-07,14536.07,Denied,Windshield damage,batch_001,2026-07-31T17:58:20
CLM001754,POL02669,2024-05-07,5828.57,Approved,Surgery reimbursement,batch_001,2026-07-31T17:58:20
CLM001755,POL01866,2024-05-07,2541.80,Pending,Terminal illness claim,batch_001,2026-07-31T17:58:20
CLM001756,POL01639,2024-05-07,9450.76,Approved,Death benefit claim,batch_001,2026-07-31T17:58:20
CLM001757,POL03859,2024-05-08,14668.80,Approved,Prescription claim,batch_001,2026-07-31T17:58:20
CLM001758,POL01188,2024-05-08,5482.51,Pending,Prescription claim,batch_001,2026-07-31T17:58:20
CLM001759,POL01459,2024-05-08,9744.52,Approved,Prescription claim,batch_001,2026-07-31T17:58:20
CLM001760,POL01591,2024-05-08,15837.33,Denied,Emergency room visit,batch_001,2026-07-31T17:58:20
CLM001761,POL02752,2024-05-08,3267.57,Pending,Vandalism damage,batch_001,2026-07-31T17:58:20
CLM001762,POL00489,2024-05-08,7087.04,Approved,Hit and run,batch_001,2026-07-31T17:58:20
CLM001763,POL03757,2024-05-09,10513.77,Denied,Windshield damage,batch_001,2026-07-31T17:58:20
CLM001764,POL02418,2024-05-09,15130.54,Pending,Accidental death claim,batch_001,2026-07-31T17:58:20
CLM001765,POL01393,2024-05-09,14495.22,Pending,Fire damage,batch_001,2026-07-31T17:58:20
CLM001766,POL00709,2024-05-10,10351.23,Pending,Terminal illness claim,batch_001,2026-07-31T17:58:20
CLM001767,POL01774,2024-05-10,14830.36,Denied,Surgery reimbursement,batch_001,2026-07-31T17:58:20
CLM001768,POL00119,2024-05-10,18277.44,Pending,Windshield damage,batch_001,2026-07-31T17:58:20
CLM001769,POL02031,2024-05-10,8249.67,Pending,Fire damage,batch_001,2026-07-31T17:58:20
CLM001770,POL04848,2024-05-11,23661.68,Pending,Vehicle collision,batch_001,2026-07-31T17:58:20
CLM001771,POL03423,2024-05-11,24506.58,Approved,Terminal illness claim,batch_001,2026-07-31T17:58:20
CLM001772,POL04131,2024-05-11,937.15,Pending,Burglary,batch_001,2026-07-31T17:58:20
CLM001773,POL03927,2024-05-11,20261.94,Pending,Water damage,batch_001,2026-07-31T17:58:20
CLM001774,POL03707,2024-05-11,12432.60,Approved,Vandalism damage,batch_001,2026-07-31T17:58:20
CLM001775,POL00102,2024-05-11,17359.68,Denied,Emergency room visit,batch_001,2026-07-31T17:58:20
CLM001776,POL01088,2024-05-11,9024.30,Approved,Accidental death claim,batch_001,2026-07-31T17:58:20
CLM001777,POL00744,2024-05-11,496.66,Pending,Roof damage from storm,batch_001,2026-07-31T17:58:20
CLM001778,POL01326,2024-05-12,17612.28,Pending,Accidental death claim,batch_001,2026-07-31T17:58:20
CLM001779,POL04782,2024-05-12,707.90,Denied,Terminal illness claim,batch_001,2026-07-31T17:58:20
CLM001780,POL01136,2024-05-12,21867.56,Denied,Fire damage,batch_001,2026-07-31T17:58:20
CLM001781,POL03035,2024-05-12,15707.59,Pending,Water damage,batch_001,2026-07-31T17:58:20
CLM001782,POL00580,2024-05-13,9683.49,Pending,Surgery reimbursement,batch_001,2026-07-31T17:58:20
CLM001783,POL04350,2024-05-13,914.58,Denied,Theft of vehicle,batch_001,2026-07-31T17:58:20
CLM001784,POL05018,2024-05-13,13606.63,Approved,Accidental death claim,batch_001,2026-07-31T17:58:20
CLM001785,POL00664,2024-05-14,15549.33,Denied,Medical procedure,batch_001,2026-07-31T17:58:20
CLM001786,POL04217,2024-05-14,23638.52,Pending,Theft of vehicle,batch_001,2026-07-31T17:58:20
CLM001787,POL00423,2024-05-14,2863.07,Denied,Burglary,batch_001,2026-07-31T17:58:20
CLM001788,POL05072,2024-05-14,1117.77,Denied,Windshield damage,batch_001,2026-07-31T17:58:20
CLM001789,POL04578,2024-05-14,17651.35,Pending,Fire damage,batch_001,2026-07-31T17:58:20
CLM001790,POL01134,2024-05-15,24533.17,Approved,Accidental death claim,batch_001,2026-07-31T17:58:20
CLM001791,POL00931,2024-05-15,16261.06,Pending,Vandalism damage,batch_001,2026-07-31T17:58:20
CLM001792,POL01719,2024-05-15,18854.02,Approved,Surgery reimbursement,batch_001,2026-07-31T17:58:20
CLM001793,POL02890,2024-05-15,22458.53,Pending,Accidental death claim,batch_001,2026-07-31T17:58:20
CLM001794,POL03465,2024-05-15,7000.92,Approved,Theft of vehicle,batch_001,2026-07-31T17:58:20
CLM001795,POL02829,2024-05-15,11365.03,Pending,Vandalism damage,batch_001,2026-07-31T17:58:20
CLM001796,POL01006,2024-05-15,11807.08,Pending,Vandalism damage,batch_001,2026-07-31T17:58:20
CLM001797,POL02395,2024-05-16,11354.26,Denied,Water damage,batch_001,2026-07-31T17:58:20
CLM001798,POL01543,2024-05-16,22308.39,Denied,Vehicle collision,batch_001,2026-07-31T17:58:20
CLM001799,POL00657,2024-05-16,9827.99,Approved,Surgery reimbursement,batch_001,2026-07-31T17:58:20
CLM001800,POL00631,2024-05-16,2823.19,Denied,Water damage,batch_001,2026-07-31T17:58:20
CLM001801,POL01213,2024-05-16,12458.59,Approved,Accidental death claim,batch_001,2026-07-31T17:58:20
CLM001802,POL00186,2024-05-16,7399.92,Pending,Accidental death claim,batch_001,2026-07-31T17:58:20
CLM001803,POL01082,2024-05-16,11900.23,Denied,Prescription claim,batch_001,2026-07-31T17:58:20
CLM001804,POL00176,2024-05-16,7358.77,Approved,Medical procedure,batch_001,2026-07-31T17:58:20
CLM001805,POL01904,2024-05-17,20890.19,Pending,Theft of vehicle,batch_001,2026-07-31T17:58:20
CLM001806,POL03373,2024-05-17,14509.74,Pending,Roof damage from storm,batch_001,2026-07-31T17:58:20
CLM001807,POL03983,2024-05-17,14874.60,Pending,Fallen tree damage,batch_001,2026-07-31T17:58:20
CLM001808,POL04494,2024-05-17,11186.88,Denied,Fallen tree damage,batch_001,2026-07-31T17:58:20
CLM001809,POL01081,2024-05-17,22467.22,Denied,Emergency room visit,batch_001,2026-07-31T17:58:20
CLM001810,POL02130,2024-05-17,5746.87,Denied,Theft of vehicle,batch_001,2026-07-31T17:58:20
CLM001811,POL00388,2024-05-18,3793.62,Denied,Prescription claim,batch_001,2026-07-31T17:58:20
CLM001812,POL01363,2024-05-18,15503.89,Approved,Hospital stay,batch_001,2026-07-31T17:58:20
CLM001813,POL02337,2024-05-18,4638.78,Approved,Windshield damage,batch_001,2026-07-31T17:58:20
CLM001814,POL01321,2024-05-18,6023.84,Approved,Terminal illness claim,batch_001,2026-07-31T17:58:20
CLM001815,POL04707,2024-05-18,3249.19,Denied,Theft of vehicle,batch_001,2026-07-31T17:58:20
CLM001816,POL01512,2024-05-18,5208.37,Pending,Water damage,batch_001,2026-07-31T17:58:20
CLM001817,POL02597,2024-05-18,24452.76,Approved,Theft of vehicle,batch_001,2026-07-31T17:58:20
CLM001818,POL03674,2024-05-18,13542.68,Approved,Accidental death claim,batch_001,2026-07-31T17:58:20
CLM001819,POL02471,2024-05-19,3125.10,Approved,Terminal illness claim,batch_001,2026-07-31T17:58:20
CLM001820,POL04092,2024-05-19,19236.10,Denied,Roof damage from storm,batch_001,2026-07-31T17:58:20
CLM001821,POL01279,2024-05-19,206.93,Pending,Vandalism damage,batch_001,2026-07-31T17:58:20
CLM001822,POL04157,2024-05-20,8348.89,Pending,Terminal illness claim,batch_001,2026-07-31T17:58:20
CLM001823,POL03883,2024-05-20,22409.84,Pending,Fire damage,batch_001,2026-07-31T17:58:20
CLM001824,POL04631,2024-05-20,18240.74,Denied,Roof damage from storm,batch_001,2026-07-31T17:58:20
CLM001825,POL00921,2024-05-20,18317.85,Approved,Windshield damage,batch_001,2026-07-31T17:58:20
CLM001826,POL04514,2024-05-20,3010.21,Approved,Terminal illness claim,batch_001,2026-07-31T17:58:20
CLM001827,POL05059,2024-05-20,21037.84,Denied,Terminal illness claim,batch_001,2026-07-31T17:58:20
CLM001828,POL00758,2024-05-20,8226.53,Pending,Fire damage,batch_001,2026-07-31T17:58:20
CLM001829,POL04780,2024-05-21,13208.20,Denied,Windshield damage,batch_001,2026-07-31T17:58:20
CLM001830,POL00185,2024-05-21,2181.38,Denied,Water damage,batch_001,2026-07-31T17:58:20
CLM001831,POL04193,2024-05-21,9921.15,Denied,Surgery reimbursement,batch_001,2026-07-31T17:58:20
CLM001832,POL04942,2024-05-21,15166.44,Approved,Roof damage from storm,batch_001,2026-07-31T17:58:20
CLM001833,POL03257,2024-05-21,3783.85,Denied,Theft of vehicle,batch_001,2026-07-31T17:58:20
CLM001834,POL03164,2024-05-21,9383.50,Denied,Roof damage from storm,batch_001,2026-07-31T17:58:20
CLM001835,POL02879,2024-05-21,7771.33,Denied,Accidental death claim,batch_001,2026-07-31T17:58:20
CLM001836,POL00718,2024-05-21,5470.81,Denied,Hit and run,batch_001,2026-07-31T17:58:20
CLM001837,POL03625,2024-05-21,7286.99,Pending,Terminal illness claim,batch_001,2026-07-31T17:58:20
CLM001838,POL03394,2024-05-21,3575.24,Pending,Fallen tree damage,batch_001,2026-07-31T17:58:20
CLM001839,POL00706,2024-05-22,3676.62,Denied,Hit and run,batch_001,2026-07-31T17:58:20
CLM001840,POL04304,2024-05-22,24667.29,Approved,Vandalism damage,batch_001,2026-07-31T17:58:20
CLM001841,POL03079,2024-05-22,2302.36,Denied,Surgery reimbursement,batch_001,2026-07-31T17:58:20
CLM001842,POL03396,2024-05-22,4454.84,Denied,Vandalism damage,batch_001,2026-07-31T17:58:20
CLM001843,POL01122,2024-05-22,5061.51,Denied,Roof damage from storm,batch_001,2026-07-31T17:58:20
CLM001844,POL04538,2024-05-22,12315.58,Denied,Accidental death claim,batch_001,2026-07-31T17:58:20
CLM001845,POL02490,2024-05-23,12403.10,Pending,Burglary,batch_001,2026-07-31T17:58:20
CLM001846,POL01840,2024-05-23,768.32,Approved,Emergency room visit,batch_001,2026-07-31T17:58:20
CLM001847,POL02152,2024-05-23,7574.22,Pending,Hit and run,batch_001,2026-07-31T17:58:20
CLM001848,POL01018,2024-05-24,16379.94,Denied,Hit and run,batch_001,2026-07-31T17:58:20
CLM001849,POL01470,2024-05-24,12347.97,Pending,Emergency room visit,batch_001,2026-07-31T17:58:20
CLM001850,POL00234,2024-05-24,3071.93,Denied,Prescription claim,batch_001,2026-07-31T17:58:20
CLM001851,POL00547,2024-05-24,15012.39,Denied,Fallen tree damage,batch_001,2026-07-31T17:58:20
CLM001852,POL03937,2024-05-24,14182.81,Denied,Accidental death claim,batch_001,2026-07-31T17:58:20
CLM001853,POL03900,2024-05-24,24359.04,Approved,Terminal illness claim,batch_001,2026-07-31T17:58:20
CLM001854,POL04199,2024-05-25,18350.64,Approved,Surgery reimbursement,batch_001,2026-07-31T17:58:20
CLM001855,POL01335,2024-05-25,14583.20,Approved,Terminal illness claim,batch_001,2026-07-31T17:58:20
CLM001856,POL03777,2024-05-25,21970.10,Approved,Roof damage from storm,batch_001,2026-07-31T17:58:20
CLM001857,POL01338,2024-05-25,1416.92,Denied,Prescription claim,batch_001,2026-07-31T17:58:20
CLM001858,POL02917,2024-05-25,1313.00,Denied,Accidental death claim,batch_001,2026-07-31T17:58:20
CLM001859,POL00630,2024-05-25,12895.28,Pending,Death benefit claim,batch_001,2026-07-31T17:58:20
CLM001860,POL00775,2024-05-26,15009.19,Approved,Vandalism damage,batch_001,2026-07-31T17:58:20
CLM001861,POL02643,2024-05-26,21823.83,Pending,Surgery reimbursement,batch_001,2026-07-31T17:58:20
CLM001862,POL02224,2024-05-26,17167.55,Pending,Terminal illness claim,batch_001,2026-07-31T17:58:20
CLM001863,POL00786,2024-05-26,13407.07,Denied,Windshield damage,batch_001,2026-07-31T17:58:20
CLM001864,POL00106,2024-05-26,3510.04,Denied,Roof damage from storm,batch_001,2026-07-31T17:58:20
CLM001865,POL03973,2024-05-26,10358.66,Approved,Vehicle collision,batch_001,2026-07-31T17:58:20
CLM001866,POL01785,2024-05-27,3948.42,Approved,Death benefit claim,batch_001,2026-07-31T17:58:20
CLM001867,POL04577,2024-05-27,15374.37,Pending,Fallen tree damage,batch_001,2026-07-31T17:58:20
CLM001868,POL04515,2024-05-27,17586.40,Approved,Prescription claim,batch_001,2026-07-31T17:58:20
CLM001869,POL03773,2024-05-27,22909.18,Approved,Death benefit claim,batch_001,2026-07-31T17:58:20
CLM001870,POL00143,2024-05-28,12040.00,Denied,Roof damage from storm,batch_001,2026-07-31T17:58:20
CLM001871,POL01139,2024-05-28,20444.26,Pending,Hospital stay,batch_001,2026-07-31T17:58:20
CLM001872,POL02803,2024-05-28,4387.96,Denied,Death benefit claim,batch_001,2026-07-31T17:58:20
CLM001873,POL00972,2024-05-28,5636.71,Pending,Death benefit claim,batch_001,2026-07-31T17:58:20
CLM001874,POL01857,2024-05-28,7754.97,Approved,Emergency room visit,batch_001,2026-07-31T17:58:20
CLM001875,POL00644,2024-05-29,10677.65,Approved,Death benefit claim,batch_001,2026-07-31T17:58:20
CLM001876,POL00155,2024-05-29,19389.84,Denied,Water damage,batch_001,2026-07-31T17:58:20
CLM001877,POL01609,2024-05-29,2784.65,Pending,Hospital stay,batch_001,2026-07-31T17:58:20
CLM001878,POL04860,2024-05-30,1575.70,Approved,Theft of vehicle,batch_001,2026-07-31T17:58:20
CLM001879,POL00355,2024-05-30,1749.56,Pending,Medical procedure,batch_001,2026-07-31T17:58:20
CLM001880,POL00791,2024-05-30,19581.03,Pending,Emergency room visit,batch_001,2026-07-31T17:58:20
CLM001881,POL04814,2024-05-30,22539.25,Approved,Roof damage from storm,batch_001,2026-07-31T17:58:20
CLM001882,POL00240,2024-05-30,2360.40,Pending,Roof damage from storm,batch_001,2026-07-31T17:58:20
CLM001883,POL04750,2024-05-31,8761.13,Approved,Fallen tree damage,batch_001,2026-07-31T17:58:20
CLM001884,POL05022,2024-05-31,6121.38,Pending,Death benefit claim,batch_001,2026-07-31T17:58:20
CLM001885,POL00812,2024-06-01,20507.70,Approved,Hospital stay,batch_001,2026-07-31T17:58:20
CLM001886,POL01778,2024-06-01,17923.71,Denied,Death benefit claim,batch_001,2026-07-31T17:58:20
CLM001887,POL04401,2024-06-01,207.79,Pending,Medical procedure,batch_001,2026-07-31T17:58:20
CLM001888,POL01754,2024-06-01,23019.88,Pending,Burglary,batch_001,2026-07-31T17:58:20
CLM001889,POL03003,2024-06-01,17483.51,Approved,Burglary,batch_001,2026-07-31T17:58:20
CLM001890,POL00880,2024-06-02,4603.13,Denied,Prescription claim,batch_001,2026-07-31T17:58:20
CLM001891,POL03475,2024-06-02,5435.42,Approved,Burglary,batch_001,2026-07-31T17:58:20
CLM001892,POL00925,2024-06-02,19059.10,Denied,Medical procedure,batch_001,2026-07-31T17:58:20
CLM001893,POL03817,2024-06-02,2846.87,Approved,Burglary,batch_001,2026-07-31T17:58:20
CLM001894,POL02960,2024-06-03,17647.80,Pending,Accidental death claim,batch_001,2026-07-31T17:58:20
CLM001895,POL00333,2024-06-03,2147.97,Denied,Vehicle collision,batch_001,2026-07-31T17:58:20
CLM001896,POL03153,2024-06-03,7161.92,Pending,Surgery reimbursement,batch_001,2026-07-31T17:58:20
CLM001897,POL03637,2024-06-03,5724.25,Denied,Roof damage from storm,batch_001,2026-07-31T17:58:20
CLM001898,POL03506,2024-06-03,4800.75,Approved,Terminal illness claim,batch_001,2026-07-31T17:58:20
CLM001899,POL03011,2024-06-03,4564.50,Pending,Burglary,batch_001,2026-07-31T17:58:20
CLM001900,POL00862,2024-06-04,9969.61,Pending,Medical procedure,batch_001,2026-07-31T17:58:20
CLM001901,POL00977,2024-06-04,3669.85,Denied,Accidental death claim,batch_001,2026-07-31T17:58:20
CLM001902,POL04838,2024-06-04,24441.51,Pending,Emergency room visit,batch_001,2026-07-31T17:58:20
CLM001903,POL00531,2024-06-04,9156.38,Approved,Terminal illness claim,batch_001,2026-07-31T17:58:20
CLM001904,POL01641,2024-06-04,14914.52,Denied,Water damage,batch_001,2026-07-31T17:58:20
CLM001905,POL01908,2024-06-04,20968.92,Pending,Burglary,batch_001,2026-07-31T17:58:20
CLM001906,POL02282,2024-06-04,19143.94,Pending,Accidental death claim,batch_001,2026-07-31T17:58:20
CLM001907,POL02237,2024-06-04,18931.94,Pending,Prescription claim,batch_001,2026-07-31T17:58:20
CLM001908,POL02918,2024-06-04,11948.07,Pending,Terminal illness claim,batch_001,2026-07-31T17:58:20
CLM001909,POL03970,2024-06-04,12834.22,Approved,Burglary,batch_001,2026-07-31T17:58:20
CLM001910,POL00886,2024-06-04,3142.53,Denied,Prescription claim,batch_001,2026-07-31T17:58:20
CLM001911,POL01891,2024-06-05,15746.44,Approved,Medical procedure,batch_001,2026-07-31T17:58:20
CLM001912,POL00816,2024-06-05,18471.18,Approved,Terminal illness claim,batch_001,2026-07-31T17:58:20
CLM001913,POL00220,2024-06-05,24304.61,Denied,Accidental death claim,batch_001,2026-07-31T17:58:20
CLM001914,POL02679,2024-06-05,3903.14,Pending,Hospital stay,batch_001,2026-07-31T17:58:20
CLM001915,POL00790,2024-06-05,19028.27,Pending,Vandalism damage,batch_001,2026-07-31T17:58:20
CLM001916,POL04033,2024-06-05,19839.01,Approved,Terminal illness claim,batch_001,2026-07-31T17:58:20
CLM001917,POL04079,2024-06-05,12307.23,Denied,Hospital stay,batch_001,2026-07-31T17:58:20
CLM001918,POL02815,2024-06-05,20256.09,Pending,Accidental death claim,batch_001,2026-07-31T17:58:20
CLM001919,POL00145,2024-06-05,23819.25,Approved,Prescription claim,batch_001,2026-07-31T17:58:20
CLM001920,POL00976,2024-06-06,9652.38,Denied,Burglary,batch_001,2026-07-31T17:58:20
CLM001921,POL03626,2024-06-06,11545.44,Approved,Emergency room visit,batch_001,2026-07-31T17:58:20
CLM001922,POL04561,2024-06-06,16519.33,Denied,Windshield damage,batch_001,2026-07-31T17:58:20
CLM001923,POL04027,2024-06-06,10823.96,Denied,Accidental death claim,batch_001,2026-07-31T17:58:20
CLM001924,POL03188,2024-06-06,12237.63,Approved,Vandalism damage,batch_001,2026-07-31T17:58:20
CLM001925,POL04019,2024-06-06,16535.96,Pending,Vandalism damage,batch_001,2026-07-31T17:58:20
CLM001926,POL04688,2024-06-07,11798.48,Pending,Emergency room visit,batch_001,2026-07-31T17:58:20
CLM001927,POL04151,2024-06-07,1487.85,Denied,Hit and run,batch_001,2026-07-31T17:58:20
CLM001928,POL04842,2024-06-07,24274.68,Pending,Theft of vehicle,batch_001,2026-07-31T17:58:20
CLM001929,POL02331,2024-06-07,8080.02,Approved,Vandalism damage,batch_001,2026-07-31T17:58:20
CLM001930,POL00370,2024-06-07,3292.13,Denied,Roof damage from storm,batch_001,2026-07-31T17:58:20
CLM001931,POL04784,2024-06-08,769.81,Pending,Theft of vehicle,batch_001,2026-07-31T17:58:20
CLM001932,POL03118,2024-06-08,2524.02,Denied,Surgery reimbursement,batch_001,2026-07-31T17:58:20
CLM001933,POL03375,2024-06-08,8846.60,Pending,Emergency room visit,batch_001,2026-07-31T17:58:20
CLM001934,POL02029,2024-06-08,5942.09,Denied,Vandalism damage,batch_001,2026-07-31T17:58:20
CLM001935,POL00696,2024-06-08,22768.69,Approved,Terminal illness claim,batch_001,2026-07-31T17:58:20
CLM001936,POL00938,2024-06-08,8506.10,Approved,Fallen tree damage,batch_001,2026-07-31T17:58:20
CLM001937,POL02672,2024-06-08,1030.70,Pending,Prescription claim,batch_001,2026-07-31T17:58:20
CLM001938,POL04654,2024-06-09,12917.52,Denied,Roof damage from storm,batch_001,2026-07-31T17:58:20
CLM001939,POL00168,2024-06-09,17429.37,Pending,Water damage,batch_001,2026-07-31T17:58:20
CLM001940,POL02593,2024-06-09,9505.67,Denied,Terminal illness claim,batch_001,2026-07-31T17:58:20
CLM001941,POL04691,2024-06-09,2533.37,Denied,Water damage,batch_001,2026-07-31T17:58:20
CLM001942,POL01687,2024-06-09,8465.59,Pending,Surgery reimbursement,batch_001,2026-07-31T17:58:20
CLM001943,POL01366,2024-06-09,15409.21,Denied,Terminal illness claim,batch_001,2026-07-31T17:58:20
CLM001944,POL01653,2024-06-10,12474.10,Approved,Fallen tree damage,batch_001,2026-07-31T17:58:20
CLM001945,POL01754,2024-06-10,7255.15,Approved,Roof damage from storm,batch_001,2026-07-31T17:58:20
CLM001946,POL04699,2024-06-10,10110.48,Approved,Vandalism damage,batch_001,2026-07-31T17:58:20
CLM001947,POL00754,2024-06-10,17970.90,Pending,Vehicle collision,batch_001,2026-07-31T17:58:20
CLM001948,POL04849,2024-06-10,8487.27,Approved,Fallen tree damage,batch_001,2026-07-31T17:58:20
CLM001949,POL04351,2024-06-11,11934.18,Approved,Theft of vehicle,batch_001,2026-07-31T17:58:20
CLM001950,POL00629,2024-06-11,16323.27,Denied,Fallen tree damage,batch_001,2026-07-31T17:58:20
CLM001951,POL02457,2024-06-11,10879.47,Pending,Terminal illness claim,batch_001,2026-07-31T17:58:20
CLM001952,POL01640,2024-06-11,10416.42,Denied,Vandalism damage,batch_001,2026-07-31T17:58:20
CLM001953,POL04222,2024-06-11,11385.39,Pending,Emergency room visit,batch_001,2026-07-31T17:58:20
CLM001954,POL00153,2024-06-11,15733.31,Pending,Death benefit claim,batch_001,2026-07-31T17:58:20
CLM001955,POL04726,2024-06-11,12530.17,Pending,Burglary,batch_001,2026-07-31T17:58:20
CLM001956,POL02195,2024-06-12,23435.36,Pending,Vandalism damage,batch_001,2026-07-31T17:58:20
CLM001957,POL03554,2024-06-12,23372.43,Pending,Medical procedure,batch_001,2026-07-31T17:58:20
CLM001958,POL04279,2024-06-12,5096.14,Denied,Fire damage,batch_001,2026-07-31T17:58:20
CLM001959,POL01970,2024-06-12,3846.77,Pending,Roof damage from storm,batch_001,2026-07-31T17:58:20
CLM001960,POL03567,2024-06-13,10315.48,Approved,Fire damage,batch_001,2026-07-31T17:58:20
CLM001961,POL03379,2024-06-13,6746.68,Denied,Accidental death claim,batch_001,2026-07-31T17:58:20
CLM001962,POL01316,2024-06-14,6485.52,Pending,Fire damage,batch_001,2026-07-31T17:58:20
CLM001963,POL03325,2024-06-14,6038.24,Approved,Death benefit claim,batch_001,2026-07-31T17:58:20
CLM001964,POL00227,2024-06-14,6215.11,Denied,Terminal illness claim,batch_001,2026-07-31T17:58:20
CLM001965,POL03977,2024-06-14,14039.64,Denied,Burglary,batch_001,2026-07-31T17:58:20
CLM001966,POL00304,2024-06-14,5129.56,Denied,Fire damage,batch_001,2026-07-31T17:58:20
CLM001967,POL00239,2024-06-14,6534.08,Denied,Accidental death claim,batch_001,2026-07-31T17:58:20
CLM001968,POL04512,2024-06-14,4482.03,Approved,Prescription claim,batch_001,2026-07-31T17:58:20
CLM001969,POL00164,2024-06-15,1477.65,Approved,Theft of vehicle,batch_001,2026-07-31T17:58:20
CLM001970,POL04929,2024-06-15,7519.68,Approved,Terminal illness claim,batch_001,2026-07-31T17:58:20
CLM001971,POL02978,2024-06-16,16824.63,Approved,Prescription claim,batch_001,2026-07-31T17:58:20
CLM001972,POL01152,2024-06-16,5977.42,Pending,Fallen tree damage,batch_001,2026-07-31T17:58:20
CLM001973,POL00989,2024-06-16,13096.74,Pending,Accidental death claim,batch_001,2026-07-31T17:58:20
CLM001974,POL02063,2024-06-16,12461.63,Approved,Fire damage,batch_001,2026-07-31T17:58:20
CLM001975,POL04914,2024-06-16,3144.69,Denied,Terminal illness claim,batch_001,2026-07-31T17:58:20
CLM001976,POL04787,2024-06-16,18457.19,Pending,Windshield damage,batch_001,2026-07-31T17:58:20
CLM001977,POL03465,2024-06-16,5528.41,Approved,Windshield damage,batch_001,2026-07-31T17:58:20
CLM001978,POL01754,2024-06-16,24251.09,Denied,Burglary,batch_001,2026-07-31T17:58:20
CLM001979,POL02084,2024-06-16,21586.21,Approved,Prescription claim,batch_001,2026-07-31T17:58:20
CLM001980,POL04371,2024-06-16,9430.15,Approved,Roof damage from storm,batch_001,2026-07-31T17:58:20
CLM001981,POL04471,2024-06-16,10652.15,Pending,Windshield damage,batch_001,2026-07-31T17:58:20
CLM001982,POL02276,2024-06-16,21997.90,Approved,Theft of vehicle,batch_001,2026-07-31T17:58:20
CLM001983,POL03894,2024-06-17,17920.21,Denied,Water damage,batch_001,2026-07-31T17:58:20
CLM001984,POL04963,2024-06-17,966.75,Pending,Medical procedure,batch_001,2026-07-31T17:58:20
CLM001985,POL01964,2024-06-17,6399.27,Denied,Terminal illness claim,batch_001,2026-07-31T17:58:20
CLM001986,POL02973,2024-06-17,22588.61,Pending,Vehicle collision,batch_001,2026-07-31T17:58:20
CLM001987,POL04382,2024-06-18,21687.13,Denied,Terminal illness claim,batch_001,2026-07-31T17:58:20
CLM001988,POL00065,2024-06-19,22753.75,Denied,Roof damage from storm,batch_001,2026-07-31T17:58:20
CLM001989,POL02465,2024-06-19,2347.23,Approved,Roof damage from storm,batch_001,2026-07-31T17:58:20
CLM001990,POL01724,2024-06-19,21499.48,Approved,Hit and run,batch_001,2026-07-31T17:58:20
CLM001991,POL02599,2024-06-20,21998.73,Pending,Prescription claim,batch_001,2026-07-31T17:58:20
CLM001992,POL00278,2024-06-20,6923.51,Approved,Prescription claim,batch_001,2026-07-31T17:58:20
CLM001993,POL03860,2024-06-20,18449.85,Denied,Accidental death claim,batch_001,2026-07-31T17:58:20
CLM001994,POL03461,2024-06-20,21931.35,Approved,Fire damage,batch_001,2026-07-31T17:58:20
CLM001995,POL02138,2024-06-20,12707.73,Denied,Terminal illness claim,batch_001,2026-07-31T17:58:20
CLM001996,POL04933,2024-06-21,18257.87,Pending,Theft of vehicle,batch_001,2026-07-31T17:58:20
CLM001997,POL03714,2024-06-21,17410.73,Approved,Windshield damage,batch_001,2026-07-31T17:58:20
CLM001998,POL03633,2024-06-21,19796.38,Approved,Vehicle collision,batch_001,2026-07-31T17:58:20
CLM001999,POL03283,2024-06-21,5081.88,Denied,Theft of vehicle,batch_001,2026-07-31T17:58:20
CLM002000,POL04718,2024-06-22,2147.58,Approved,Death benefit claim,batch_001,2026-07-31T17:58:20
CLM002001,POL04231,2024-06-22,17867.74,Pending,Emergency room visit,batch_001,2026-07-31T17:58:20
CLM002002,POL04867,2024-06-22,17175.26,Denied,Terminal illness claim,batch_001,2026-07-31T17:58:20
CLM002003,POL03919,2024-06-22,21850.30,Approved,Roof damage from storm,batch_001,2026-07-31T17:58:20
CLM002004,POL01422,2024-06-22,17217.93,Denied,Roof damage from storm,batch_001,2026-07-31T17:58:20
CLM002005,POL01628,2024-06-22,2201.53,Denied,Death benefit claim,batch_001,2026-07-31T17:58:20
CLM002006,POL03224,2024-06-22,21922.11,Pending,Windshield damage,batch_001,2026-07-31T17:58:20
CLM002007,POL00170,2024-06-22,23707.92,Pending,Vandalism damage,batch_001,2026-07-31T17:58:20
CLM002008,POL01874,2024-06-22,22680.44,Denied,Emergency room visit,batch_001,2026-07-31T17:58:20
CLM002009,POL02145,2024-06-23,17561.40,Approved,Vehicle collision,batch_001,2026-07-31T17:58:20
CLM002010,POL03286,2024-06-23,15488.30,Pending,Surgery reimbursement,batch_001,2026-07-31T17:58:20
CLM002011,POL01223,2024-06-23,2317.63,Denied,Emergency room visit,batch_001,2026-07-31T17:58:20
CLM002012,POL04647,2024-06-23,3022.03,Pending,Hospital stay,batch_001,2026-07-31T17:58:20
CLM002013,POL03565,2024-06-23,19356.65,Denied,Hit and run,batch_001,2026-07-31T17:58:20
CLM002014,POL00971,2024-06-23,5689.65,Approved,Death benefit claim,batch_001,2026-07-31T17:58:20
CLM002015,POL02181,2024-06-23,7270.25,Denied,Hit and run,batch_001,2026-07-31T17:58:20
CLM002016,POL01067,2024-06-24,10839.58,Approved,Fallen tree damage,batch_001,2026-07-31T17:58:20
CLM002017,POL01766,2024-06-24,24880.67,Denied,Accidental death claim,batch_001,2026-07-31T17:58:20
CLM002018,POL01552,2024-06-24,10516.44,Denied,Emergency room visit,batch_001,2026-07-31T17:58:20
CLM002019,POL00236,2024-06-24,7325.80,Denied,Windshield damage,batch_001,2026-07-31T17:58:20
CLM002020,POL05061,2024-06-24,11329.32,Approved,Terminal illness claim,batch_001,2026-07-31T17:58:20
CLM002021,POL04776,2024-06-24,17138.25,Denied,Death benefit claim,batch_001,2026-07-31T17:58:20
CLM002022,POL00085,2024-06-24,11775.15,Denied,Prescription claim,batch_001,2026-07-31T17:58:20
CLM002023,POL01739,2024-06-25,17862.07,Pending,Prescription claim,batch_001,2026-07-31T17:58:20
CLM002024,POL04893,2024-06-25,6480.02,Approved,Fallen tree damage,batch_001,2026-07-31T17:58:20
CLM002025,POL00482,2024-06-25,1397.60,Approved,Burglary,batch_001,2026-07-31T17:58:20
CLM002026,POL02903,2024-06-25,24918.81,Pending,Hospital stay,batch_001,2026-07-31T17:58:20
CLM002027,POL00373,2024-06-26,233.49,Pending,Vandalism damage,batch_001,2026-07-31T17:58:20
CLM002028,POL03121,2024-06-26,7632.43,Denied,Theft of vehicle,batch_001,2026-07-31T17:58:20
CLM002029,POL01084,2024-06-26,24204.64,Pending,Death benefit claim,batch_001,2026-07-31T17:58:20
CLM002030,POL04756,2024-06-26,4566.37,Approved,Hospital stay,batch_001,2026-07-31T17:58:20
CLM002031,POL04038,2024-06-26,23265.14,Denied,Fire damage,batch_001,2026-07-31T17:58:20
CLM002032,POL00735,2024-06-27,8001.20,Pending,Terminal illness claim,batch_001,2026-07-31T17:58:20
CLM002033,POL01162,2024-06-27,6584.11,Denied,Medical procedure,batch_001,2026-07-31T17:58:20
CLM002034,POL01048,2024-06-27,12530.34,Denied,Surgery reimbursement,batch_001,2026-07-31T17:58:20
CLM002035,POL03524,2024-06-27,7144.85,Denied,Vandalism damage,batch_001,2026-07-31T17:58:20
CLM002036,POL02161,2024-06-27,12972.62,Denied,Death benefit claim,batch_001,2026-07-31T17:58:20
CLM002037,POL02585,2024-06-27,18448.04,Denied,Emergency room visit,batch_001,2026-07-31T17:58:20
CLM002038,POL04553,2024-06-27,21340.54,Pending,Burglary,batch_001,2026-07-31T17:58:20
CLM002039,POL00436,2024-06-28,4804.11,Approved,Fire damage,batch_001,2026-07-31T17:58:20
CLM002040,POL01501,2024-06-28,992.97,Denied,Fire damage,batch_001,2026-07-31T17:58:20
CLM002041,POL03827,2024-06-28,10967.10,Denied,Water damage,batch_001,2026-07-31T17:58:20
CLM002042,POL03617,2024-06-28,8977.35,Pending,Accidental death claim,batch_001,2026-07-31T17:58:20
CLM002043,POL03975,2024-06-28,11498.22,Approved,Fire damage,batch_001,2026-07-31T17:58:20
CLM002044,POL01013,2024-06-29,8805.15,Approved,Terminal illness claim,batch_001,2026-07-31T17:58:20
CLM002045,POL01480,2024-06-29,20890.35,Pending,Hospital stay,batch_001,2026-07-31T17:58:20
CLM002046,POL02235,2024-06-29,14124.86,Pending,Fallen tree damage,batch_001,2026-07-31T17:58:20
CLM002047,POL01740,2024-06-29,14630.33,Approved,Hospital stay,batch_001,2026-07-31T17:58:20
CLM002048,POL04676,2024-06-29,4596.16,Approved,Emergency room visit,batch_001,2026-07-31T17:58:20
CLM002049,POL04081,2024-06-29,16955.02,Denied,Water damage,batch_001,2026-07-31T17:58:20
CLM002050,POL02329,2024-06-29,17064.68,Pending,Death benefit claim,batch_001,2026-07-31T17:58:20
CLM002051,POL03230,2024-06-29,9401.60,Approved,Roof damage from storm,batch_001,2026-07-31T17:58:20
CLM002052,POL01260,2024-06-30,818.98,Denied,Accidental death claim,batch_001,2026-07-31T17:58:20
CLM002053,POL03931,2024-06-30,11405.98,Denied,Vandalism damage,batch_001,2026-07-31T17:58:20
CLM002054,POL00048,2024-06-30,8302.73,Approved,Fallen tree damage,batch_001,2026-07-31T17:58:20
CLM002055,POL03712,2024-06-30,8190.40,Pending,Hospital stay,batch_001,2026-07-31T17:58:20
CLM002056,POL01060,2024-07-01,5363.03,Approved,Surgery reimbursement,batch_001,2026-07-31T17:58:20
CLM002057,POL02648,2024-07-01,19973.86,Pending,Death benefit claim,batch_001,2026-07-31T17:58:20
CLM002058,POL04483,2024-07-02,23802.31,Denied,Water damage,batch_001,2026-07-31T17:58:20
CLM002059,POL03268,2024-07-02,6453.58,Approved,Burglary,batch_001,2026-07-31T17:58:20
CLM002060,POL00731,2024-07-02,610.75,Approved,Death benefit claim,batch_001,2026-07-31T17:58:20
CLM002061,POL03183,2024-07-02,19509.36,Denied,Accidental death claim,batch_001,2026-07-31T17:58:20
CLM002062,POL01263,2024-07-02,3102.99,Denied,Terminal illness claim,batch_001,2026-07-31T17:58:20
CLM002063,POL02541,2024-07-02,22602.98,Pending,Death benefit claim,batch_001,2026-07-31T17:58:20
CLM002064,POL02942,2024-07-02,16671.46,Denied,Fallen tree damage,batch_001,2026-07-31T17:58:20
CLM002065,POL01638,2024-07-03,12291.61,Denied,Hit and run,batch_001,2026-07-31T17:58:20
CLM002066,POL02200,2024-07-03,14120.12,Denied,Vehicle collision,batch_001,2026-07-31T17:58:20
CLM002067,POL03462,2024-07-03,20293.76,Pending,Emergency room visit,batch_001,2026-07-31T17:58:20
CLM002068,POL03557,2024-07-03,15804.09,Approved,Medical procedure,batch_001,2026-07-31T17:58:20
CLM002069,POL04206,2024-07-03,8609.45,Denied,Emergency room visit,batch_001,2026-07-31T17:58:20
CLM002070,POL01271,2024-07-03,23273.62,Pending,Accidental death claim,batch_001,2026-07-31T17:58:20
CLM002071,POL04299,2024-07-04,2190.86,Denied,Terminal illness claim,batch_001,2026-07-31T17:58:20
CLM002072,POL00649,2024-07-04,22689.47,Denied,Roof damage from storm,batch_001,2026-07-31T17:58:20
CLM002073,POL01218,2024-07-04,24606.24,Pending,Surgery reimbursement,batch_001,2026-07-31T17:58:20
CLM002074,POL02037,2024-07-04,13124.99,Denied,Hospital stay,batch_001,2026-07-31T17:58:20
CLM002075,POL00391,2024-07-04,13819.76,Approved,Vandalism damage,batch_001,2026-07-31T17:58:20
CLM002076,POL00882,2024-07-04,12815.22,Denied,Death benefit claim,batch_001,2026-07-31T17:58:20
CLM002077,POL03807,2024-07-04,16555.30,Pending,Theft of vehicle,batch_001,2026-07-31T17:58:20
CLM002078,POL02912,2024-07-04,6446.02,Approved,Vandalism damage,batch_001,2026-07-31T17:58:20
CLM002079,POL00134,2024-07-04,2936.99,Pending,Terminal illness claim,batch_001,2026-07-31T17:58:20
CLM002080,POL01471,2024-07-05,19675.81,Denied,Death benefit claim,batch_001,2026-07-31T17:58:20
CLM002081,POL00683,2024-07-05,10464.66,Pending,Theft of vehicle,batch_001,2026-07-31T17:58:20
CLM002082,POL02572,2024-07-05,14721.49,Denied,Prescription claim,batch_001,2026-07-31T17:58:20
CLM002083,POL02172,2024-07-05,8599.23,Approved,Windshield damage,batch_001,2026-07-31T17:58:20
CLM002084,POL01517,2024-07-05,2047.69,Pending,Theft of vehicle,batch_001,2026-07-31T17:58:20
CLM002085,POL00872,2024-07-05,10901.59,Approved,Medical procedure,batch_001,2026-07-31T17:58:20
CLM002086,POL03236,2024-07-05,3005.29,Approved,Prescription claim,batch_001,2026-07-31T17:58:20
CLM002087,POL03770,2024-07-06,17325.98,Pending,Hospital stay,batch_001,2026-07-31T17:58:20
CLM002088,POL03988,2024-07-06,7639.72,Pending,Theft of vehicle,batch_001,2026-07-31T17:58:20
CLM002089,POL03236,2024-07-06,20135.55,Approved,Emergency room visit,batch_001,2026-07-31T17:58:20
CLM002090,POL01107,2024-07-07,445.51,Approved,Medical procedure,batch_001,2026-07-31T17:58:20
CLM002091,POL01542,2024-07-07,21489.40,Approved,Burglary,batch_001,2026-07-31T17:58:20
CLM002092,POL01190,2024-07-07,16278.52,Denied,Hospital stay,batch_001,2026-07-31T17:58:20
CLM002093,POL01564,2024-07-07,2243.73,Denied,Emergency room visit,batch_001,2026-07-31T17:58:20
CLM002094,POL03883,2024-07-07,10604.79,Approved,Fire damage,batch_001,2026-07-31T17:58:20
CLM002095,POL01249,2024-07-07,18495.65,Denied,Hit and run,batch_001,2026-07-31T17:58:20
CLM002096,POL03863,2024-07-07,588.73,Denied,Hospital stay,batch_001,2026-07-31T17:58:20
CLM002097,POL01988,2024-07-07,5113.33,Pending,Burglary,batch_001,2026-07-31T17:58:20
CLM002098,POL00418,2024-07-07,8412.87,Approved,Burglary,batch_001,2026-07-31T17:58:20
CLM002099,POL03406,2024-07-07,21230.54,Pending,Hospital stay,batch_001,2026-07-31T17:58:20
CLM002100,POL04882,2024-07-08,18303.86,Denied,Vehicle collision,batch_001,2026-07-31T17:58:20
CLM002101,POL03994,2024-07-08,10052.04,Pending,Hospital stay,batch_001,2026-07-31T17:58:20
CLM002102,POL05010,2024-07-08,23388.50,Denied,Death benefit claim,batch_001,2026-07-31T17:58:20
CLM002103,POL00498,2024-07-08,13254.89,Denied,Vandalism damage,batch_001,2026-07-31T17:58:20
CLM002104,POL02588,2024-07-08,13876.07,Denied,Accidental death claim,batch_001,2026-07-31T17:58:20
CLM002105,POL03418,2024-07-08,22239.60,Approved,Hit and run,batch_001,2026-07-31T17:58:20
CLM002106,POL02841,2024-07-08,11263.30,Denied,Water damage,batch_001,2026-07-31T17:58:20
CLM002107,POL01322,2024-07-08,7271.47,Approved,Hit and run,batch_001,2026-07-31T17:58:20
CLM002108,POL02817,2024-07-09,11008.96,Pending,Emergency room visit,batch_001,2026-07-31T17:58:20
CLM002109,POL04815,2024-07-09,22735.85,Denied,Accidental death claim,batch_001,2026-07-31T17:58:20
CLM002110,POL03838,2024-07-09,3365.85,Denied,Hit and run,batch_001,2026-07-31T17:58:20
CLM002111,POL03415,2024-07-09,20843.71,Pending,Roof damage from storm,batch_001,2026-07-31T17:58:20
CLM002112,POL03870,2024-07-09,20013.90,Approved,Fallen tree damage,batch_001,2026-07-31T17:58:20
CLM002113,POL01698,2024-07-09,7133.18,Pending,Vehicle collision,batch_001,2026-07-31T17:58:20
CLM002114,POL03956,2024-07-09,3314.50,Approved,Fire damage,batch_001,2026-07-31T17:58:20
CLM002115,POL04963,2024-07-09,12355.42,Denied,Prescription claim,batch_001,2026-07-31T17:58:20
CLM002116,POL02488,2024-07-09,5944.50,Pending,Death benefit claim,batch_001,2026-07-31T17:58:20
CLM002117,POL00149,2024-07-09,9033.79,Denied,Surgery reimbursement,batch_001,2026-07-31T17:58:20
CLM002118,POL01300,2024-07-10,4450.40,Pending,Medical procedure,batch_001,2026-07-31T17:58:20
CLM002119,POL00522,2024-07-10,8509.60,Approved,Hospital stay,batch_001,2026-07-31T17:58:20
CLM002120,POL01858,2024-07-10,3105.13,Approved,Burglary,batch_001,2026-07-31T17:58:20
CLM002121,POL02113,2024-07-10,24842.20,Denied,Medical procedure,batch_001,2026-07-31T17:58:20
CLM002122,POL04564,2024-07-10,6760.53,Approved,Vandalism damage,batch_001,2026-07-31T17:58:20
CLM002123,POL04951,2024-07-10,16770.20,Pending,Death benefit claim,batch_001,2026-07-31T17:58:20
CLM002124,POL03587,2024-07-10,19994.77,Approved,Death benefit claim,batch_001,2026-07-31T17:58:20
CLM002125,POL05002,2024-07-10,15280.43,Approved,Accidental death claim,batch_001,2026-07-31T17:58:20
CLM002126,POL00344,2024-07-11,12731.91,Approved,Vehicle collision,batch_001,2026-07-31T17:58:20
CLM002127,POL01683,2024-07-11,22783.55,Approved,Theft of vehicle,batch_001,2026-07-31T17:58:20
CLM002128,POL03617,2024-07-11,19072.92,Denied,Accidental death claim,batch_001,2026-07-31T17:58:20
CLM002129,POL00814,2024-07-11,3941.96,Denied,Theft of vehicle,batch_001,2026-07-31T17:58:20
CLM002130,POL01129,2024-07-11,3162.29,Approved,Prescription claim,batch_001,2026-07-31T17:58:20
CLM002131,POL03406,2024-07-11,19253.56,Approved,Emergency room visit,batch_001,2026-07-31T17:58:20
CLM002132,POL03881,2024-07-11,8598.87,Pending,Emergency room visit,batch_001,2026-07-31T17:58:20
CLM002133,POL00699,2024-07-11,6723.79,Pending,Hit and run,batch_001,2026-07-31T17:58:20
CLM002134,POL02955,2024-07-12,15773.07,Approved,Emergency room visit,batch_001,2026-07-31T17:58:20
CLM002135,POL04339,2024-07-12,10600.88,Approved,Emergency room visit,batch_001,2026-07-31T17:58:20
CLM002136,POL03513,2024-07-13,10393.89,Denied,Burglary,batch_001,2026-07-31T17:58:20
CLM002137,POL04229,2024-07-13,19885.72,Denied,Medical procedure,batch_001,2026-07-31T17:58:20
CLM002138,POL03626,2024-07-13,3725.05,Approved,Hospital stay,batch_001,2026-07-31T17:58:20
CLM002139,POL00571,2024-07-13,2210.98,Denied,Burglary,batch_001,2026-07-31T17:58:20
CLM002140,POL01347,2024-07-13,10908.40,Denied,Vehicle collision,batch_001,2026-07-31T17:58:20
CLM002141,POL01237,2024-07-13,22572.53,Approved,Vandalism damage,batch_001,2026-07-31T17:58:20
CLM002142,POL02423,2024-07-13,10540.70,Pending,Accidental death claim,batch_001,2026-07-31T17:58:20
CLM002143,POL04536,2024-07-13,21851.30,Pending,Roof damage from storm,batch_001,2026-07-31T17:58:20
CLM002144,POL02820,2024-07-14,296.77,Denied,Vandalism damage,batch_001,2026-07-31T17:58:20
CLM002145,POL05001,2024-07-14,23019.22,Pending,Prescription claim,batch_001,2026-07-31T17:58:20
CLM002146,POL03656,2024-07-14,16132.60,Pending,Fallen tree damage,batch_001,2026-07-31T17:58:20
CLM002147,POL05065,2024-07-14,16335.72,Pending,Roof damage from storm,batch_001,2026-07-31T17:58:20
CLM002148,POL03314,2024-07-14,19407.47,Denied,Medical procedure,batch_001,2026-07-31T17:58:20
CLM002149,POL00303,2024-07-14,13482.09,Denied,Emergency room visit,batch_001,2026-07-31T17:58:20
CLM002150,POL04264,2024-07-15,24798.91,Denied,Death benefit claim,batch_001,2026-07-31T17:58:20
CLM002151,POL00761,2024-07-15,12840.62,Denied,Fallen tree damage,batch_001,2026-07-31T17:58:20
CLM002152,POL02792,2024-07-15,18950.45,Approved,Water damage,batch_001,2026-07-31T17:58:20
CLM002153,POL00229,2024-07-15,22268.95,Pending,Hospital stay,batch_001,2026-07-31T17:58:20
CLM002154,POL02120,2024-07-15,6109.36,Denied,Prescription claim,batch_001,2026-07-31T17:58:20
CLM002155,POL04140,2024-07-15,2850.00,Approved,Roof damage from storm,batch_001,2026-07-31T17:58:20
CLM002156,POL02128,2024-07-15,15712.04,Denied,Vehicle collision,batch_001,2026-07-31T17:58:20
CLM002157,POL00392,2024-07-15,18938.34,Approved,Terminal illness claim,batch_001,2026-07-31T17:58:20
CLM002158,POL02441,2024-07-15,14353.64,Approved,Hit and run,batch_001,2026-07-31T17:58:20
CLM002159,POL02777,2024-07-16,24575.47,Pending,Vandalism damage,batch_001,2026-07-31T17:58:20
CLM002160,POL04634,2024-07-16,17894.71,Pending,Accidental death claim,batch_001,2026-07-31T17:58:20
CLM002161,POL04369,2024-07-16,21127.94,Approved,Theft of vehicle,batch_001,2026-07-31T17:58:20
CLM002162,POL02452,2024-07-16,7184.93,Pending,Fallen tree damage,batch_001,2026-07-31T17:58:20
CLM002163,POL01147,2024-07-16,17887.34,Pending,Accidental death claim,batch_001,2026-07-31T17:58:20
CLM002164,POL02029,2024-07-16,2720.15,Pending,Vandalism damage,batch_001,2026-07-31T17:58:20
CLM002165,POL01578,2024-07-16,20588.78,Denied,Terminal illness claim,batch_001,2026-07-31T17:58:20
CLM002166,POL00803,2024-07-17,3749.18,Denied,Hit and run,batch_001,2026-07-31T17:58:20
CLM002167,POL00672,2024-07-17,2396.99,Denied,Windshield damage,batch_001,2026-07-31T17:58:20
CLM002168,POL03902,2024-07-18,5448.13,Approved,Terminal illness claim,batch_001,2026-07-31T17:58:20
CLM002169,POL04312,2024-07-18,10128.57,Pending,Accidental death claim,batch_001,2026-07-31T17:58:20
CLM002170,POL03235,2024-07-18,21813.17,Pending,Hit and run,batch_001,2026-07-31T17:58:20
CLM002171,POL03469,2024-07-18,24913.14,Pending,Prescription claim,batch_001,2026-07-31T17:58:20
CLM002172,POL03416,2024-07-18,20612.91,Approved,Accidental death claim,batch_001,2026-07-31T17:58:20
CLM002173,POL01042,2024-07-18,12170.63,Denied,Death benefit claim,batch_001,2026-07-31T17:58:20
CLM002174,POL04205,2024-07-18,21595.46,Approved,Accidental death claim,batch_001,2026-07-31T17:58:20
CLM002175,POL01742,2024-07-19,11440.27,Approved,Emergency room visit,batch_001,2026-07-31T17:58:20
CLM002176,POL04580,2024-07-19,9296.37,Approved,Hospital stay,batch_001,2026-07-31T17:58:20
CLM002177,POL03348,2024-07-19,2847.37,Denied,Vandalism damage,batch_001,2026-07-31T17:58:20
CLM002178,POL02373,2024-07-19,1103.03,Approved,Water damage,batch_001,2026-07-31T17:58:20
CLM002179,POL03044,2024-07-19,7692.62,Denied,Roof damage from storm,batch_001,2026-07-31T17:58:20
CLM002180,POL02409,2024-07-19,12199.55,Approved,Emergency room visit,batch_001,2026-07-31T17:58:20
CLM002181,POL04831,2024-07-19,10601.75,Denied,Roof damage from storm,batch_001,2026-07-31T17:58:20
CLM002182,POL01767,2024-07-20,4658.62,Pending,Terminal illness claim,batch_001,2026-07-31T17:58:20
CLM002183,POL00018,2024-07-20,3145.96,Denied,Water damage,batch_001,2026-07-31T17:58:20
CLM002184,POL00367,2024-07-20,10497.62,Pending,Theft of vehicle,batch_001,2026-07-31T17:58:20
CLM002185,POL04635,2024-07-20,11364.12,Denied,Terminal illness claim,batch_001,2026-07-31T17:58:20
CLM002186,POL03894,2024-07-20,20878.05,Pending,Fire damage,batch_001,2026-07-31T17:58:20
CLM002187,POL01135,2024-07-21,12668.62,Denied,Terminal illness claim,batch_001,2026-07-31T17:58:20
CLM002188,POL03679,2024-07-21,3809.67,Pending,Theft of vehicle,batch_001,2026-07-31T17:58:20
CLM002189,POL00732,2024-07-21,20015.31,Pending,Hospital stay,batch_001,2026-07-31T17:58:20
CLM002190,POL03356,2024-07-21,9742.15,Denied,Terminal illness claim,batch_001,2026-07-31T17:58:20
CLM002191,POL04432,2024-07-21,1240.91,Pending,Hit and run,batch_001,2026-07-31T17:58:20
CLM002192,POL02273,2024-07-21,16183.32,Approved,Accidental death claim,batch_001,2026-07-31T17:58:20
CLM002193,POL00204,2024-07-22,14342.67,Pending,Surgery reimbursement,batch_001,2026-07-31T17:58:20
CLM002194,POL04597,2024-07-22,16164.48,Pending,Vandalism damage,batch_001,2026-07-31T17:58:20
CLM002195,POL00698,2024-07-22,4891.43,Pending,Accidental death claim,batch_001,2026-07-31T17:58:20
CLM002196,POL04726,2024-07-22,18964.62,Pending,Fallen tree damage,batch_001,2026-07-31T17:58:20
CLM002197,POL01552,2024-07-22,18788.91,Pending,Medical procedure,batch_001,2026-07-31T17:58:20
CLM002198,POL00986,2024-07-22,16490.53,Pending,Death benefit claim,batch_001,2026-07-31T17:58:20
CLM002199,POL00156,2024-07-22,6946.57,Approved,Fire damage,batch_001,2026-07-31T17:58:20
CLM002200,POL04748,2024-07-22,11161.31,Pending,Accidental death claim,batch_001,2026-07-31T17:58:20
CLM002201,POL02625,2024-07-23,10104.77,Approved,Hit and run,batch_001,2026-07-31T17:58:20
CLM002202,POL00191,2024-07-23,8564.92,Approved,Hit and run,batch_001,2026-07-31T17:58:20
CLM002203,POL00198,2024-07-23,21505.25,Denied,Hit and run,batch_001,2026-07-31T17:58:20
CLM002204,POL02107,2024-07-23,2366.52,Approved,Hospital stay,batch_001,2026-07-31T17:58:20
CLM002205,POL01378,2024-07-24,7205.26,Approved,Terminal illness claim,batch_001,2026-07-31T17:58:20
CLM002206,POL00735,2024-07-24,3940.26,Denied,Accidental death claim,batch_001,2026-07-31T17:58:20
CLM002207,POL01387,2024-07-24,1566.95,Denied,Death benefit claim,batch_001,2026-07-31T17:58:20
CLM002208,POL00223,2024-07-24,17861.19,Denied,Prescription claim,batch_001,2026-07-31T17:58:20
CLM002209,POL00809,2024-07-24,8069.03,Denied,Terminal illness claim,batch_001,2026-07-31T17:58:20
CLM002210,POL02113,2024-07-24,9450.28,Approved,Medical procedure,batch_001,2026-07-31T17:58:20
CLM002211,POL01660,2024-07-24,6066.61,Pending,Hospital stay,batch_001,2026-07-31T17:58:20
CLM002212,POL01938,2024-07-24,12375.19,Pending,Hit and run,batch_001,2026-07-31T17:58:20
CLM002213,POL00943,2024-07-25,6805.26,Denied,Terminal illness claim,batch_001,2026-07-31T17:58:20
CLM002214,POL04532,2024-07-25,10236.20,Denied,Vehicle collision,batch_001,2026-07-31T17:58:20
CLM002215,POL03339,2024-07-25,15875.18,Approved,Terminal illness claim,batch_001,2026-07-31T17:58:20
CLM002216,POL04539,2024-07-25,24090.52,Pending,Water damage,batch_001,2026-07-31T17:58:20
CLM002217,POL02018,2024-07-25,19098.16,Pending,Fire damage,batch_001,2026-07-31T17:58:20
CLM002218,POL02496,2024-07-25,14249.32,Denied,Death benefit claim,batch_001,2026-07-31T17:58:20
CLM002219,POL04100,2024-07-26,5166.08,Approved,Theft of vehicle,batch_001,2026-07-31T17:58:20
CLM002220,POL04428,2024-07-26,24634.19,Approved,Accidental death claim,batch_001,2026-07-31T17:58:20
CLM002221,POL03472,2024-07-26,24037.67,Pending,Burglary,batch_001,2026-07-31T17:58:20
CLM002222,POL00343,2024-07-26,124.93,Denied,Vandalism damage,batch_001,2026-07-31T17:58:20
CLM002223,POL02370,2024-07-26,16361.17,Approved,Water damage,batch_001,2026-07-31T17:58:20
CLM002224,POL00493,2024-07-26,23344.32,Denied,Theft of vehicle,batch_001,2026-07-31T17:58:20
CLM002225,POL04898,2024-07-26,6347.14,Pending,Terminal illness claim,batch_001,2026-07-31T17:58:20
CLM002226,POL02879,2024-07-26,21076.72,Approved,Accidental death claim,batch_001,2026-07-31T17:58:20
CLM002227,POL04181,2024-07-26,7104.65,Approved,Fallen tree damage,batch_001,2026-07-31T17:58:20
CLM002228,POL04613,2024-07-26,1841.39,Approved,Terminal illness claim,batch_001,2026-07-31T17:58:20
CLM002229,POL01008,2024-07-26,20779.40,Pending,Vandalism damage,batch_001,2026-07-31T17:58:20
CLM002230,POL02290,2024-07-27,21969.15,Approved,Vandalism damage,batch_001,2026-07-31T17:58:20
CLM002231,POL04136,2024-07-27,23939.69,Denied,Surgery reimbursement,batch_001,2026-07-31T17:58:20
CLM002232,POL02142,2024-07-27,24493.04,Pending,Prescription claim,batch_001,2026-07-31T17:58:20
CLM002233,POL02237,2024-07-27,6223.61,Denied,Surgery reimbursement,batch_001,2026-07-31T17:58:20
CLM002234,POL01726,2024-07-28,11549.00,Pending,Roof damage from storm,batch_001,2026-07-31T17:58:20
CLM002235,POL00131,2024-07-28,22859.05,Approved,Medical procedure,batch_001,2026-07-31T17:58:20
CLM002236,POL04988,2024-07-28,11965.57,Approved,Accidental death claim,batch_001,2026-07-31T17:58:20
CLM002237,POL01422,2024-07-28,10387.76,Pending,Burglary,batch_001,2026-07-31T17:58:20
CLM002238,POL03218,2024-07-28,13499.47,Pending,Water damage,batch_001,2026-07-31T17:58:20
CLM002239,POL04413,2024-07-29,870.59,Pending,Terminal illness claim,batch_001,2026-07-31T17:58:20
CLM002240,POL01012,2024-07-29,8889.57,Denied,Accidental death claim,batch_001,2026-07-31T17:58:20
CLM002241,POL02933,2024-07-29,9730.10,Pending,Medical procedure,batch_001,2026-07-31T17:58:20
CLM002242,POL01023,2024-07-29,11621.04,Approved,Hit and run,batch_001,2026-07-31T17:58:20
CLM002243,POL00077,2024-07-29,5615.87,Approved,Terminal illness claim,batch_001,2026-07-31T17:58:20
CLM002244,POL02932,2024-07-29,4868.64,Pending,Accidental death claim,batch_001,2026-07-31T17:58:20
CLM002245,POL02484,2024-07-29,20229.52,Approved,Emergency room visit,batch_001,2026-07-31T17:58:20
CLM002246,POL04046,2024-07-29,24185.68,Approved,Terminal illness claim,batch_001,2026-07-31T17:58:20
CLM002247,POL04038,2024-07-29,22622.24,Pending,Fallen tree damage,batch_001,2026-07-31T17:58:20
CLM002248,POL01713,2024-07-30,277.67,Pending,Prescription claim,batch_001,2026-07-31T17:58:20
CLM002249,POL00909,2024-07-30,21760.91,Pending,Vandalism damage,batch_001,2026-07-31T17:58:20
CLM002250,POL04047,2024-07-30,4344.88,Approved,Fallen tree damage,batch_001,2026-07-31T17:58:20
CLM002251,POL04940,2024-07-31,14171.99,Approved,Hospital stay,batch_001,2026-07-31T17:58:20
CLM002252,POL01051,2024-07-31,18674.74,Approved,Surgery reimbursement,batch_001,2026-07-31T17:58:20
CLM002253,POL04669,2024-07-31,21401.43,Pending,Theft of vehicle,batch_001,2026-07-31T17:58:20
CLM002254,POL01572,2024-07-31,21206.91,Approved,Fallen tree damage,batch_001,2026-07-31T17:58:20
CLM002255,POL05034,2024-07-31,6397.73,Pending,Hit and run,batch_001,2026-07-31T17:58:20
CLM002256,POL00017,2024-07-31,23453.47,Pending,Accidental death claim,batch_001,2026-07-31T17:58:20
CLM002257,POL00425,2024-07-31,21361.11,Denied,Burglary,batch_001,2026-07-31T17:58:20
CLM002258,POL03334,2024-08-01,6923.49,Pending,Accidental death claim,batch_001,2026-07-31T17:58:20
CLM002259,POL03823,2024-08-01,12439.81,Pending,Medical procedure,batch_001,2026-07-31T17:58:20
CLM002260,POL01840,2024-08-01,1269.42,Denied,Hospital stay,batch_001,2026-07-31T17:58:20
CLM002261,POL03678,2024-08-01,7974.42,Denied,Emergency room visit,batch_001,2026-07-31T17:58:20
CLM002262,POL02742,2024-08-01,2137.04,Pending,Death benefit claim,batch_001,2026-07-31T17:58:20
CLM002263,POL01849,2024-08-01,24454.58,Denied,Water damage,batch_001,2026-07-31T17:58:20
CLM002264,POL02048,2024-08-01,5002.23,Denied,Roof damage from storm,batch_001,2026-07-31T17:58:20
CLM002265,POL00515,2024-08-02,15687.27,Approved,Water damage,batch_001,2026-07-31T17:58:20
CLM002266,POL03932,2024-08-02,10855.53,Approved,Vandalism damage,batch_001,2026-07-31T17:58:20
CLM002267,POL02739,2024-08-02,21028.64,Approved,Water damage,batch_001,2026-07-31T17:58:20
CLM002268,POL03880,2024-08-02,6035.14,Denied,Water damage,batch_001,2026-07-31T17:58:20
CLM002269,POL02733,2024-08-02,13039.91,Approved,Water damage,batch_001,2026-07-31T17:58:20
CLM002270,POL04915,2024-08-03,15527.21,Approved,Accidental death claim,batch_001,2026-07-31T17:58:20
CLM002271,POL03658,2024-08-03,14515.47,Approved,Medical procedure,batch_001,2026-07-31T17:58:20
CLM002272,POL00274,2024-08-03,9497.14,Pending,Medical procedure,batch_001,2026-07-31T17:58:20
CLM002273,POL01045,2024-08-03,1643.86,Denied,Water damage,batch_001,2026-07-31T17:58:20
CLM002274,POL02470,2024-08-03,15307.39,Denied,Vehicle collision,batch_001,2026-07-31T17:58:20
CLM002275,POL00835,2024-08-03,16971.35,Pending,Medical procedure,batch_001,2026-07-31T17:58:20
CLM002276,POL02416,2024-08-03,21263.24,Denied,Water damage,batch_001,2026-07-31T17:58:20
CLM002277,POL05057,2024-08-03,18823.89,Approved,Fallen tree damage,batch_001,2026-07-31T17:58:20
CLM002278,POL00087,2024-08-04,11389.94,Denied,Prescription claim,batch_001,2026-07-31T17:58:20
CLM002279,POL05081,2024-08-04,15518.84,Denied,Accidental death claim,batch_001,2026-07-31T17:58:20
CLM002280,POL00213,2024-08-04,11406.51,Denied,Hospital stay,batch_001,2026-07-31T17:58:20
CLM002281,POL01577,2024-08-04,2789.36,Approved,Fallen tree damage,batch_001,2026-07-31T17:58:20
CLM002282,POL00554,2024-08-04,14862.87,Approved,Hospital stay,batch_001,2026-07-31T17:58:20
CLM002283,POL01033,2024-08-04,15970.36,Denied,Surgery reimbursement,batch_001,2026-07-31T17:58:20
CLM002284,POL03449,2024-08-04,12086.84,Pending,Prescription claim,batch_001,2026-07-31T17:58:20
CLM002285,POL01524,2024-08-05,6154.50,Approved,Death benefit claim,batch_001,2026-07-31T17:58:20
CLM002286,POL01046,2024-08-05,7860.50,Denied,Accidental death claim,batch_001,2026-07-31T17:58:20
CLM002287,POL02931,2024-08-05,7848.59,Pending,Death benefit claim,batch_001,2026-07-31T17:58:20
CLM002288,POL01208,2024-08-05,11791.14,Pending,Theft of vehicle,batch_001,2026-07-31T17:58:20
CLM002289,POL02385,2024-08-05,9283.87,Approved,Fallen tree damage,batch_001,2026-07-31T17:58:20
CLM002290,POL04805,2024-08-05,16476.15,Approved,Water damage,batch_001,2026-07-31T17:58:20
CLM002291,POL01945,2024-08-05,12726.99,Pending,Death benefit claim,batch_001,2026-07-31T17:58:20
CLM002292,POL03458,2024-08-05,8661.02,Approved,Accidental death claim,batch_001,2026-07-31T17:58:20
CLM002293,POL01649,2024-08-05,19653.07,Denied,Windshield damage,batch_001,2026-07-31T17:58:20
CLM002294,POL03898,2024-08-06,17400.06,Denied,Hospital stay,batch_001,2026-07-31T17:58:20
CLM002295,POL02713,2024-08-06,21315.02,Pending,Theft of vehicle,batch_001,2026-07-31T17:58:20
CLM002296,POL05048,2024-08-07,7560.83,Denied,Emergency room visit,batch_001,2026-07-31T17:58:20
CLM002297,POL00859,2024-08-07,11412.12,Approved,Hit and run,batch_001,2026-07-31T17:58:20
CLM002298,POL01798,2024-08-07,23006.84,Pending,Emergency room visit,batch_001,2026-07-31T17:58:20
CLM002299,POL01887,2024-08-07,11716.77,Approved,Emergency room visit,batch_001,2026-07-31T17:58:20
CLM002300,POL03939,2024-08-07,18391.20,Denied,Accidental death claim,batch_001,2026-07-31T17:58:20
CLM002301,POL03080,2024-08-07,5212.38,Approved,Vehicle collision,batch_001,2026-07-31T17:58:20
CLM002302,POL02973,2024-08-07,346.31,Denied,Vehicle collision,batch_001,2026-07-31T17:58:20
CLM002303,POL04545,2024-08-07,2968.21,Denied,Burglary,batch_001,2026-07-31T17:58:20
CLM002304,POL01593,2024-08-07,15820.23,Denied,Water damage,batch_001,2026-07-31T17:58:20
CLM002305,POL00244,2024-08-08,5058.16,Denied,Fire damage,batch_001,2026-07-31T17:58:20
CLM002306,POL01794,2024-08-08,22146.02,Pending,Emergency room visit,batch_001,2026-07-31T17:58:20
CLM002307,POL02784,2024-08-08,21203.60,Approved,Emergency room visit,batch_001,2026-07-31T17:58:20
CLM002308,POL01606,2024-08-08,635.15,Denied,Water damage,batch_001,2026-07-31T17:58:20
CLM002309,POL00172,2024-08-08,20803.00,Approved,Terminal illness claim,batch_001,2026-07-31T17:58:20
CLM002310,POL00910,2024-08-08,8525.74,Approved,Terminal illness claim,batch_001,2026-07-31T17:58:20
CLM002311,POL03738,2024-08-08,6079.73,Denied,Emergency room visit,batch_001,2026-07-31T17:58:20
CLM002312,POL04317,2024-08-08,24429.84,Pending,Hit and run,batch_001,2026-07-31T17:58:20
CLM002313,POL00536,2024-08-08,3050.48,Approved,Fire damage,batch_001,2026-07-31T17:58:20
CLM002314,POL01571,2024-08-09,13360.61,Pending,Terminal illness claim,batch_001,2026-07-31T17:58:20
CLM002315,POL02605,2024-08-09,15028.77,Pending,Death benefit claim,batch_001,2026-07-31T17:58:20
CLM002316,POL00379,2024-08-09,19100.75,Pending,Death benefit claim,batch_001,2026-07-31T17:58:20
CLM002317,POL04387,2024-08-09,7425.15,Approved,Theft of vehicle,batch_001,2026-07-31T17:58:20
CLM002318,POL02025,2024-08-10,1426.15,Denied,Windshield damage,batch_001,2026-07-31T17:58:20
CLM002319,POL04164,2024-08-10,24212.77,Denied,Fire damage,batch_001,2026-07-31T17:58:20
CLM002320,POL00667,2024-08-10,19638.16,Pending,Hospital stay,batch_001,2026-07-31T17:58:20
CLM002321,POL00532,2024-08-10,4269.10,Denied,Vandalism damage,batch_001,2026-07-31T17:58:20
CLM002322,POL03066,2024-08-10,12514.84,Denied,Death benefit claim,batch_001,2026-07-31T17:58:20
CLM002323,POL02637,2024-08-10,17840.92,Pending,Prescription claim,batch_001,2026-07-31T17:58:20
CLM002324,POL04054,2024-08-10,11896.58,Pending,Hit and run,batch_001,2026-07-31T17:58:20
CLM002325,POL04784,2024-08-11,16278.46,Approved,Windshield damage,batch_001,2026-07-31T17:58:20
CLM002326,POL01663,2024-08-11,11356.79,Approved,Burglary,batch_001,2026-07-31T17:58:20
CLM002327,POL01791,2024-08-11,7719.38,Denied,Vandalism damage,batch_001,2026-07-31T17:58:20
CLM002328,POL01288,2024-08-11,23393.92,Denied,Roof damage from storm,batch_001,2026-07-31T17:58:20
CLM002329,POL04511,2024-08-11,2210.50,Approved,Terminal illness claim,batch_001,2026-07-31T17:58:20
CLM002330,POL03642,2024-08-11,13018.64,Approved,Accidental death claim,batch_001,2026-07-31T17:58:20
CLM002331,POL00338,2024-08-11,11684.80,Pending,Surgery reimbursement,batch_001,2026-07-31T17:58:20
CLM002332,POL03491,2024-08-11,11333.66,Denied,Hit and run,batch_001,2026-07-31T17:58:20
CLM002333,POL03011,2024-08-11,20132.16,Denied,Roof damage from storm,batch_001,2026-07-31T17:58:20
CLM002334,POL03133,2024-08-11,715.48,Denied,Windshield damage,batch_001,2026-07-31T17:58:20
CLM002335,POL02176,2024-08-12,16169.34,Denied,Vehicle collision,batch_001,2026-07-31T17:58:20
CLM002336,POL02413,2024-08-12,21080.82,Pending,Accidental death claim,batch_001,2026-07-31T17:58:20
CLM002337,POL00641,2024-08-12,19668.25,Approved,Medical procedure,batch_001,2026-07-31T17:58:20
CLM002338,POL00972,2024-08-12,1876.58,Approved,Accidental death claim,batch_001,2026-07-31T17:58:20
CLM002339,POL01641,2024-08-12,8410.57,Pending,Roof damage from storm,batch_001,2026-07-31T17:58:20
CLM002340,POL02049,2024-08-12,7637.62,Pending,Theft of vehicle,batch_001,2026-07-31T17:58:20
CLM002341,POL01562,2024-08-13,17670.50,Approved,Fallen tree damage,batch_001,2026-07-31T17:58:20
CLM002342,POL02140,2024-08-13,312.49,Denied,Theft of vehicle,batch_001,2026-07-31T17:58:20
CLM002343,POL02840,2024-08-13,19599.89,Denied,Terminal illness claim,batch_001,2026-07-31T17:58:20
CLM002344,POL04751,2024-08-13,18969.37,Approved,Burglary,batch_001,2026-07-31T17:58:20
CLM002345,POL04200,2024-08-13,24732.94,Approved,Terminal illness claim,batch_001,2026-07-31T17:58:20
CLM002346,POL01865,2024-08-14,5750.46,Pending,Emergency room visit,batch_001,2026-07-31T17:58:20
CLM002347,POL03887,2024-08-14,5919.71,Pending,Accidental death claim,batch_001,2026-07-31T17:58:20
CLM002348,POL03840,2024-08-14,18090.51,Denied,Surgery reimbursement,batch_001,2026-07-31T17:58:20
CLM002349,POL00704,2024-08-14,7895.56,Approved,Hit and run,batch_001,2026-07-31T17:58:20
CLM002350,POL03422,2024-08-14,5318.66,Denied,Vandalism damage,batch_001,2026-07-31T17:58:20
CLM002351,POL00247,2024-08-14,9430.03,Pending,Death benefit claim,batch_001,2026-07-31T17:58:20
CLM002352,POL02504,2024-08-15,23589.51,Approved,Burglary,batch_001,2026-07-31T17:58:20
CLM002353,POL02906,2024-08-15,8561.57,Denied,Prescription claim,batch_001,2026-07-31T17:58:20
CLM002354,POL03305,2024-08-15,19094.76,Pending,Hospital stay,batch_001,2026-07-31T17:58:20
CLM002355,POL02455,2024-08-15,8219.38,Approved,Vandalism damage,batch_001,2026-07-31T17:58:20
CLM002356,POL00264,2024-08-16,23061.39,Approved,Theft of vehicle,batch_001,2026-07-31T17:58:20
CLM002357,POL04655,2024-08-16,15783.00,Pending,Accidental death claim,batch_001,2026-07-31T17:58:20
CLM002358,POL04702,2024-08-16,21686.92,Denied,Fire damage,batch_001,2026-07-31T17:58:20
CLM002359,POL03201,2024-08-16,1686.36,Denied,Windshield damage,batch_001,2026-07-31T17:58:20
CLM002360,POL03890,2024-08-16,2805.10,Pending,Burglary,batch_001,2026-07-31T17:58:20
CLM002361,POL02496,2024-08-17,2421.71,Approved,Accidental death claim,batch_001,2026-07-31T17:58:20
CLM002362,POL04530,2024-08-17,4523.14,Pending,Fallen tree damage,batch_001,2026-07-31T17:58:20
CLM002363,POL04003,2024-08-17,768.28,Approved,Death benefit claim,batch_001,2026-07-31T17:58:20
CLM002364,POL03162,2024-08-17,7167.06,Approved,Roof damage from storm,batch_001,2026-07-31T17:58:20
CLM002365,POL04296,2024-08-18,1842.49,Approved,Roof damage from storm,batch_001,2026-07-31T17:58:20
CLM002366,POL04248,2024-08-18,375.07,Denied,Burglary,batch_001,2026-07-31T17:58:20
CLM002367,POL03204,2024-08-18,4010.18,Approved,Emergency room visit,batch_001,2026-07-31T17:58:20
CLM002368,POL04395,2024-08-18,10518.49,Pending,Vehicle collision,batch_001,2026-07-31T17:58:20
CLM002369,POL03187,2024-08-18,23881.91,Approved,Death benefit claim,batch_001,2026-07-31T17:58:20
CLM002370,POL01685,2024-08-18,7812.95,Pending,Burglary,batch_001,2026-07-31T17:58:20
CLM002371,POL01301,2024-08-18,15132.37,Denied,Vandalism damage,batch_001,2026-07-31T17:58:20
CLM002372,POL01663,2024-08-18,12611.63,Pending,Burglary,batch_001,2026-07-31T17:58:20
CLM002373,POL02257,2024-08-18,5122.40,Approved,Prescription claim,batch_001,2026-07-31T17:58:20
CLM002374,POL00525,2024-08-18,20632.11,Pending,Emergency room visit,batch_001,2026-07-31T17:58:20
CLM002375,POL04308,2024-08-19,8289.40,Pending,Prescription claim,batch_001,2026-07-31T17:58:20
CLM002376,POL03770,2024-08-19,11621.12,Approved,Medical procedure,batch_001,2026-07-31T17:58:20
CLM002377,POL02359,2024-08-19,16192.85,Denied,Surgery reimbursement,batch_001,2026-07-31T17:58:20
CLM002378,POL02437,2024-08-19,9838.15,Approved,Hit and run,batch_001,2026-07-31T17:58:20
CLM002379,POL02041,2024-08-19,4571.49,Pending,Hit and run,batch_001,2026-07-31T17:58:20
CLM002380,POL03751,2024-08-19,9678.16,Pending,Windshield damage,batch_001,2026-07-31T17:58:20
CLM002381,POL04659,2024-08-19,2478.80,Pending,Death benefit claim,batch_001,2026-07-31T17:58:20
CLM002382,POL01964,2024-08-19,22149.99,Approved,Terminal illness claim,batch_001,2026-07-31T17:58:20
CLM002383,POL04406,2024-08-19,7368.05,Approved,Accidental death claim,batch_001,2026-07-31T17:58:20
CLM002384,POL01780,2024-08-19,22727.54,Denied,Accidental death claim,batch_001,2026-07-31T17:58:20
CLM002385,POL00994,2024-08-19,24883.38,Approved,Medical procedure,batch_001,2026-07-31T17:58:20
CLM002386,POL04133,2024-08-19,19186.82,Denied,Hit and run,batch_001,2026-07-31T17:58:20
CLM002387,POL03695,2024-08-19,4204.49,Approved,Vandalism damage,batch_001,2026-07-31T17:58:20
CLM002388,POL00366,2024-08-20,11607.97,Approved,Burglary,batch_001,2026-07-31T17:58:20
CLM002389,POL03123,2024-08-20,8657.08,Denied,Death benefit claim,batch_001,2026-07-31T17:58:20
CLM002390,POL03250,2024-08-20,1040.59,Denied,Death benefit claim,batch_001,2026-07-31T17:58:20
CLM002391,POL01119,2024-08-20,8245.05,Pending,Terminal illness claim,batch_001,2026-07-31T17:58:20
CLM002392,POL03972,2024-08-20,11587.79,Approved,Fallen tree damage,batch_001,2026-07-31T17:58:20
CLM002393,POL01985,2024-08-20,17868.18,Denied,Emergency room visit,batch_001,2026-07-31T17:58:20
CLM002394,POL03857,2024-08-21,20528.62,Approved,Death benefit claim,batch_001,2026-07-31T17:58:20
CLM002395,POL00148,2024-08-21,15214.02,Approved,Terminal illness claim,batch_001,2026-07-31T17:58:20
CLM002396,POL01018,2024-08-21,13412.88,Denied,Windshield damage,batch_001,2026-07-31T17:58:20
CLM002397,POL00636,2024-08-21,16817.66,Approved,Theft of vehicle,batch_001,2026-07-31T17:58:20
CLM002398,POL01258,2024-08-21,11072.38,Approved,Death benefit claim,batch_001,2026-07-31T17:58:20
CLM002399,POL00283,2024-08-21,22327.92,Pending,Emergency room visit,batch_001,2026-07-31T17:58:20
CLM002400,POL03622,2024-08-21,17448.88,Pending,Fallen tree damage,batch_001,2026-07-31T17:58:20
CLM002401,POL00843,2024-08-21,9826.40,Denied,Terminal illness claim,batch_001,2026-07-31T17:58:20
CLM002402,POL00430,2024-08-22,14995.31,Approved,Prescription claim,batch_001,2026-07-31T17:58:20
CLM002403,POL01653,2024-08-22,23227.63,Denied,Fire damage,batch_001,2026-07-31T17:58:20
CLM002404,POL01639,2024-08-22,2375.52,Denied,Death benefit claim,batch_001,2026-07-31T17:58:20
CLM002405,POL00120,2024-08-22,8494.20,Approved,Water damage,batch_001,2026-07-31T17:58:20
CLM002406,POL01807,2024-08-22,23972.76,Approved,Windshield damage,batch_001,2026-07-31T17:58:20
CLM002407,POL01369,2024-08-22,1195.91,Pending,Vehicle collision,batch_001,2026-07-31T17:58:20
CLM002408,POL02680,2024-08-22,8134.72,Pending,Emergency room visit,batch_001,2026-07-31T17:58:20
CLM002409,POL01697,2024-08-22,23364.75,Denied,Prescription claim,batch_001,2026-07-31T17:58:20
CLM002410,POL00990,2024-08-22,5886.96,Approved,Theft of vehicle,batch_001,2026-07-31T17:58:20
CLM002411,POL02650,2024-08-22,4423.18,Denied,Accidental death claim,batch_001,2026-07-31T17:58:20
CLM002412,POL02591,2024-08-22,398.34,Approved,Terminal illness claim,batch_001,2026-07-31T17:58:20
CLM002413,POL01804,2024-08-23,1743.81,Denied,Accidental death claim,batch_001,2026-07-31T17:58:20
CLM002414,POL03023,2024-08-23,1194.08,Approved,Terminal illness claim,batch_001,2026-07-31T17:58:20
CLM002415,POL02471,2024-08-23,19211.87,Denied,Death benefit claim,batch_001,2026-07-31T17:58:20
CLM002416,POL04393,2024-08-23,19802.37,Pending,Death benefit claim,batch_001,2026-07-31T17:58:20
CLM002417,POL02064,2024-08-23,23979.96,Pending,Terminal illness claim,batch_001,2026-07-31T17:58:20
CLM002418,POL03184,2024-08-23,16979.72,Pending,Emergency room visit,batch_001,2026-07-31T17:58:20
CLM002419,POL02721,2024-08-23,4465.74,Pending,Roof damage from storm,batch_001,2026-07-31T17:58:20
CLM002420,POL03950,2024-08-24,1781.09,Approved,Hospital stay,batch_001,2026-07-31T17:58:20
CLM002421,POL04793,2024-08-24,11277.90,Pending,Fire damage,batch_001,2026-07-31T17:58:20
CLM002422,POL04125,2024-08-24,14727.97,Approved,Fire damage,batch_001,2026-07-31T17:58:20
CLM002423,POL00174,2024-08-24,15447.08,Approved,Terminal illness claim,batch_001,2026-07-31T17:58:20
CLM002424,POL01937,2024-08-24,18474.04,Approved,Fallen tree damage,batch_001,2026-07-31T17:58:20
CLM002425,POL00651,2024-08-24,1592.08,Denied,Burglary,batch_001,2026-07-31T17:58:20
CLM002426,POL02430,2024-08-25,5130.09,Denied,Fire damage,batch_001,2026-07-31T17:58:20
CLM002427,POL00311,2024-08-25,6027.79,Pending,Vandalism damage,batch_001,2026-07-31T17:58:20
CLM002428,POL03636,2024-08-25,18507.47,Denied,Windshield damage,batch_001,2026-07-31T17:58:20
CLM002429,POL02279,2024-08-25,8006.71,Approved,Hospital stay,batch_001,2026-07-31T17:58:20
CLM002430,POL03399,2024-08-25,16236.36,Denied,Water damage,batch_001,2026-07-31T17:58:20
CLM002431,POL01877,2024-08-26,21188.68,Denied,Theft of vehicle,batch_001,2026-07-31T17:58:20
CLM002432,POL01985,2024-08-26,5224.85,Approved,Emergency room visit,batch_001,2026-07-31T17:58:20
CLM002433,POL01823,2024-08-26,15240.77,Denied,Accidental death claim,batch_001,2026-07-31T17:58:20
CLM002434,POL02635,2024-08-26,4670.28,Pending,Water damage,batch_001,2026-07-31T17:58:20
CLM002435,POL00530,2024-08-26,21759.68,Approved,Fire damage,batch_001,2026-07-31T17:58:20
CLM002436,POL00427,2024-08-26,15895.74,Approved,Death benefit claim,batch_001,2026-07-31T17:58:20
CLM002437,POL01029,2024-08-26,2384.81,Pending,Accidental death claim,batch_001,2026-07-31T17:58:20
CLM002438,POL01675,2024-08-27,5984.12,Approved,Terminal illness claim,batch_001,2026-07-31T17:58:20
CLM002439,POL03827,2024-08-27,7855.43,Pending,Fire damage,batch_001,2026-07-31T17:58:20
CLM002440,POL02007,2024-08-28,10658.02,Pending,Fire damage,batch_001,2026-07-31T17:58:20
CLM002441,POL02484,2024-08-28,7205.29,Denied,Emergency room visit,batch_001,2026-07-31T17:58:20
CLM002442,POL02228,2024-08-28,21574.40,Denied,Death benefit claim,batch_001,2026-07-31T17:58:20
CLM002443,POL02946,2024-08-28,10016.29,Approved,Burglary,batch_001,2026-07-31T17:58:20
CLM002444,POL03616,2024-08-28,10625.16,Pending,Accidental death claim,batch_001,2026-07-31T17:58:20
CLM002445,POL03551,2024-08-29,19032.08,Denied,Medical procedure,batch_001,2026-07-31T17:58:20
CLM002446,POL03125,2024-08-29,10742.19,Approved,Surgery reimbursement,batch_001,2026-07-31T17:58:20
CLM002447,POL04876,2024-08-29,13476.22,Pending,Windshield damage,batch_001,2026-07-31T17:58:20
CLM002448,POL02108,2024-08-29,9573.21,Denied,Terminal illness claim,batch_001,2026-07-31T17:58:20
CLM002449,POL02321,2024-08-29,9441.16,Pending,Prescription claim,batch_001,2026-07-31T17:58:20
CLM002450,POL00590,2024-08-29,8397.53,Pending,Terminal illness claim,batch_001,2026-07-31T17:58:20
CLM002451,POL01604,2024-08-30,3952.64,Approved,Medical procedure,batch_001,2026-07-31T17:58:20
CLM002452,POL00106,2024-08-30,21555.21,Pending,Roof damage from storm,batch_001,2026-07-31T17:58:20
CLM002453,POL04026,2024-08-30,10173.43,Denied,Prescription claim,batch_001,2026-07-31T17:58:20
CLM002454,POL03057,2024-08-30,9662.53,Denied,Hospital stay,batch_001,2026-07-31T17:58:20
CLM002455,POL00584,2024-08-30,10278.81,Approved,Water damage,batch_001,2026-07-31T17:58:20
CLM002456,POL03153,2024-08-30,23310.03,Approved,Emergency room visit,batch_001,2026-07-31T17:58:20
CLM002457,POL03575,2024-08-31,23931.71,Pending,Terminal illness claim,batch_001,2026-07-31T17:58:20
CLM002458,POL04175,2024-08-31,17757.30,Pending,Surgery reimbursement,batch_001,2026-07-31T17:58:20
CLM002459,POL00473,2024-08-31,16307.57,Denied,Fire damage,batch_001,2026-07-31T17:58:20
CLM002460,POL01986,2024-08-31,11995.37,Denied,Accidental death claim,batch_001,2026-07-31T17:58:20
CLM002461,POL00232,2024-08-31,17467.04,Pending,Windshield damage,batch_001,2026-07-31T17:58:20
CLM002462,POL02141,2024-09-01,15175.35,Pending,Death benefit claim,batch_001,2026-07-31T17:58:20
CLM002463,POL02084,2024-09-01,6260.63,Pending,Emergency room visit,batch_001,2026-07-31T17:58:20
CLM002464,POL00102,2024-09-01,3006.59,Approved,Prescription claim,batch_001,2026-07-31T17:58:20
CLM002465,POL03258,2024-09-01,17681.14,Approved,Vandalism damage,batch_001,2026-07-31T17:58:20
CLM002466,POL01547,2024-09-01,21912.55,Approved,Terminal illness claim,batch_001,2026-07-31T17:58:20
CLM002467,POL02072,2024-09-02,17326.74,Pending,Vandalism damage,batch_001,2026-07-31T17:58:20
CLM002468,POL03136,2024-09-02,14693.39,Pending,Prescription claim,batch_001,2026-07-31T17:58:20
CLM002469,POL00729,2024-09-02,2820.92,Pending,Roof damage from storm,batch_001,2026-07-31T17:58:20
CLM002470,POL01170,2024-09-03,6798.63,Approved,Burglary,batch_001,2026-07-31T17:58:20
CLM002471,POL02524,2024-09-03,259.87,Approved,Terminal illness claim,batch_001,2026-07-31T17:58:20
CLM002472,POL00013,2024-09-03,2512.08,Pending,Prescription claim,batch_001,2026-07-31T17:58:20
CLM002473,POL04301,2024-09-03,10479.37,Denied,Burglary,batch_001,2026-07-31T17:58:20
CLM002474,POL01398,2024-09-03,4492.39,Approved,Windshield damage,batch_001,2026-07-31T17:58:20
CLM002475,POL01623,2024-09-03,12213.13,Pending,Vehicle collision,batch_001,2026-07-31T17:58:20
CLM002476,POL03692,2024-09-04,14220.59,Approved,Windshield damage,batch_001,2026-07-31T17:58:20
CLM002477,POL01647,2024-09-04,1568.65,Approved,Windshield damage,batch_001,2026-07-31T17:58:20
CLM002478,POL02125,2024-09-04,24575.38,Denied,Hit and run,batch_001,2026-07-31T17:58:20
CLM002479,POL00895,2024-09-04,21722.21,Approved,Water damage,batch_001,2026-07-31T17:58:20
CLM002480,POL02402,2024-09-04,2234.11,Approved,Theft of vehicle,batch_001,2026-07-31T17:58:20
CLM002481,POL00527,2024-09-04,8619.58,Pending,Windshield damage,batch_001,2026-07-31T17:58:20
CLM002482,POL03915,2024-09-04,12181.34,Approved,Vehicle collision,batch_001,2026-07-31T17:58:20
CLM002483,POL00501,2024-09-05,6725.41,Approved,Hospital stay,batch_001,2026-07-31T17:58:20
CLM002484,POL00343,2024-09-05,2511.36,Pending,Vehicle collision,batch_001,2026-07-31T17:58:20
CLM002485,POL03078,2024-09-05,15114.32,Denied,Burglary,batch_001,2026-07-31T17:58:20
CLM002486,POL03877,2024-09-06,18947.10,Pending,Hit and run,batch_001,2026-07-31T17:58:20
CLM002487,POL02758,2024-09-06,9332.55,Denied,Roof damage from storm,batch_001,2026-07-31T17:58:20
CLM002488,POL01963,2024-09-06,23530.68,Pending,Terminal illness claim,batch_001,2026-07-31T17:58:20
CLM002489,POL03101,2024-09-06,15309.15,Denied,Theft of vehicle,batch_001,2026-07-31T17:58:20
CLM002490,POL00821,2024-09-07,176.81,Pending,Terminal illness claim,batch_001,2026-07-31T17:58:20
CLM002491,POL01138,2024-09-07,739.44,Approved,Vandalism damage,batch_001,2026-07-31T17:58:20
CLM002492,POL02290,2024-09-07,23781.44,Approved,Theft of vehicle,batch_001,2026-07-31T17:58:20
CLM002493,POL03703,2024-09-07,15496.96,Pending,Burglary,batch_001,2026-07-31T17:58:20
CLM002494,POL04219,2024-09-07,10386.85,Approved,Medical procedure,batch_001,2026-07-31T17:58:20
CLM002495,POL02640,2024-09-08,514.09,Denied,Death benefit claim,batch_001,2026-07-31T17:58:20
CLM002496,POL02667,2024-09-08,16980.44,Approved,Hospital stay,batch_001,2026-07-31T17:58:20
CLM002497,POL03970,2024-09-08,10064.11,Pending,Water damage,batch_001,2026-07-31T17:58:20
CLM002498,POL02854,2024-09-08,10755.12,Denied,Vehicle collision,batch_001,2026-07-31T17:58:20
CLM002499,POL03153,2024-09-08,7417.19,Approved,Emergency room visit,batch_001,2026-07-31T17:58:20
CLM002500,POL04261,2024-09-08,21918.23,Pending,Hospital stay,batch_001,2026-07-31T17:58:20
CLM002501,POL00261,2024-09-08,3283.75,Approved,Theft of vehicle,batch_001,2026-07-31T17:58:20
CLM002502,POL04496,2024-09-08,24681.77,Denied,Death benefit claim,batch_001,2026-07-31T17:58:20
CLM002503,POL03656,2024-09-08,23880.78,Denied,Fallen tree damage,batch_001,2026-07-31T17:58:20
CLM002504,POL01974,2024-09-09,6159.56,Approved,Accidental death claim,batch_001,2026-07-31T17:58:20
CLM002505,POL00733,2024-09-09,2726.19,Pending,Medical procedure,batch_001,2026-07-31T17:58:20
CLM002506,POL01313,2024-09-09,23232.19,Denied,Burglary,batch_001,2026-07-31T17:58:20
CLM002507,POL02297,2024-09-09,5587.36,Denied,Burglary,batch_001,2026-07-31T17:58:20
CLM002508,POL01009,2024-09-09,16670.36,Pending,Accidental death claim,batch_001,2026-07-31T17:58:20
CLM002509,POL04031,2024-09-10,2352.00,Pending,Theft of vehicle,batch_001,2026-07-31T17:58:20
CLM002510,POL01834,2024-09-10,23301.32,Pending,Vehicle collision,batch_001,2026-07-31T17:58:20
CLM002511,POL02812,2024-09-10,9487.56,Pending,Hit and run,batch_001,2026-07-31T17:58:20
CLM002512,POL04604,2024-09-10,24159.58,Denied,Death benefit claim,batch_001,2026-07-31T17:58:20
CLM002513,POL01832,2024-09-10,6551.44,Denied,Death benefit claim,batch_001,2026-07-31T17:58:20
CLM002514,POL00913,2024-09-11,2319.57,Pending,Accidental death claim,batch_001,2026-07-31T17:58:20
CLM002515,POL01542,2024-09-11,18640.98,Approved,Fallen tree damage,batch_001,2026-07-31T17:58:20
CLM002516,POL03013,2024-09-11,3272.69,Denied,Burglary,batch_001,2026-07-31T17:58:20
CLM002517,POL04727,2024-09-11,18449.26,Denied,Vehicle collision,batch_001,2026-07-31T17:58:20
CLM002518,POL04834,2024-09-11,13436.52,Denied,Hit and run,batch_001,2026-07-31T17:58:20
CLM002519,POL02619,2024-09-11,19304.89,Pending,Death benefit claim,batch_001,2026-07-31T17:58:20
CLM002520,POL04258,2024-09-11,16627.20,Pending,Fire damage,batch_001,2026-07-31T17:58:20
CLM002521,POL00874,2024-09-11,9943.28,Pending,Burglary,batch_001,2026-07-31T17:58:20
CLM002522,POL02589,2024-09-12,3703.05,Denied,Emergency room visit,batch_001,2026-07-31T17:58:20
CLM002523,POL04095,2024-09-12,17031.52,Approved,Accidental death claim,batch_001,2026-07-31T17:58:20
CLM002524,POL02322,2024-09-12,3732.18,Pending,Water damage,batch_001,2026-07-31T17:58:20
CLM002525,POL04907,2024-09-12,8071.47,Pending,Medical procedure,batch_001,2026-07-31T17:58:20
CLM002526,POL02241,2024-09-12,24921.53,Pending,Fallen tree damage,batch_001,2026-07-31T17:58:20
CLM002527,POL03919,2024-09-12,15813.82,Approved,Burglary,batch_001,2026-07-31T17:58:20
CLM002528,POL02388,2024-09-13,17633.10,Denied,Vehicle collision,batch_001,2026-07-31T17:58:20
CLM002529,POL02730,2024-09-13,3902.29,Pending,Emergency room visit,batch_001,2026-07-31T17:58:20
CLM002530,POL01844,2024-09-13,17540.14,Approved,Emergency room visit,batch_001,2026-07-31T17:58:20
CLM002531,POL03994,2024-09-13,18212.15,Denied,Emergency room visit,batch_001,2026-07-31T17:58:20
CLM002532,POL00177,2024-09-13,13743.78,Denied,Burglary,batch_001,2026-07-31T17:58:20
CLM002533,POL03879,2024-09-13,24758.83,Denied,Hit and run,batch_001,2026-07-31T17:58:20
CLM002534,POL00589,2024-09-13,13243.33,Denied,Roof damage from storm,batch_001,2026-07-31T17:58:20
CLM002535,POL01599,2024-09-13,17557.61,Pending,Terminal illness claim,batch_001,2026-07-31T17:58:20
CLM002536,POL00798,2024-09-13,3359.43,Pending,Death benefit claim,batch_001,2026-07-31T17:58:20
CLM002537,POL02491,2024-09-13,11492.56,Approved,Hospital stay,batch_001,2026-07-31T17:58:20
CLM002538,POL01127,2024-09-13,11102.91,Denied,Theft of vehicle,batch_001,2026-07-31T17:58:20
CLM002539,POL01187,2024-09-13,5323.18,Pending,Emergency room visit,batch_001,2026-07-31T17:58:20
CLM002540,POL00075,2024-09-14,9119.42,Pending,Water damage,batch_001,2026-07-31T17:58:20
CLM002541,POL01210,2024-09-14,9476.24,Denied,Fire damage,batch_001,2026-07-31T17:58:20
CLM002542,POL00462,2024-09-14,2491.59,Denied,Death benefit claim,batch_001,2026-07-31T17:58:20
CLM002543,POL00430,2024-09-14,3021.94,Pending,Surgery reimbursement,batch_001,2026-07-31T17:58:20
CLM002544,POL04862,2024-09-14,10902.15,Approved,Hit and run,batch_001,2026-07-31T17:58:20
CLM002545,POL02008,2024-09-14,946.42,Approved,Burglary,batch_001,2026-07-31T17:58:20
CLM002546,POL04003,2024-09-14,7636.97,Pending,Death benefit claim,batch_001,2026-07-31T17:58:20
CLM002547,POL03076,2024-09-14,19418.66,Pending,Accidental death claim,batch_001,2026-07-31T17:58:20
CLM002548,POL00735,2024-09-14,19465.50,Pending,Terminal illness claim,batch_001,2026-07-31T17:58:20
CLM002549,POL02255,2024-09-14,15845.10,Denied,Terminal illness claim,batch_001,2026-07-31T17:58:20
CLM002550,POL00096,2024-09-14,3088.01,Approved,Death benefit claim,batch_001,2026-07-31T17:58:20
CLM002551,POL04008,2024-09-15,16071.09,Pending,Fire damage,batch_001,2026-07-31T17:58:20
CLM002552,POL00189,2024-09-15,14712.58,Pending,Terminal illness claim,batch_001,2026-07-31T17:58:20
CLM002553,POL02243,2024-09-15,17373.77,Approved,Vandalism damage,batch_001,2026-07-31T17:58:20
CLM002554,POL01484,2024-09-15,9660.60,Pending,Accidental death claim,batch_001,2026-07-31T17:58:20
CLM002555,POL03553,2024-09-15,7529.25,Approved,Death benefit claim,batch_001,2026-07-31T17:58:20
CLM002556,POL02665,2024-09-15,1681.11,Pending,Emergency room visit,batch_001,2026-07-31T17:58:20
CLM002557,POL03321,2024-09-15,20340.41,Approved,Hit and run,batch_001,2026-07-31T17:58:20
CLM002558,POL04556,2024-09-15,20454.82,Pending,Terminal illness claim,batch_001,2026-07-31T17:58:20
CLM002559,POL00524,2024-09-16,13020.64,Pending,Hospital stay,batch_001,2026-07-31T17:58:20
CLM002560,POL01017,2024-09-16,18862.35,Approved,Medical procedure,batch_001,2026-07-31T17:58:20
CLM002561,POL01481,2024-09-17,21563.89,Pending,Emergency room visit,batch_001,2026-07-31T17:58:20
CLM002562,POL00044,2024-09-17,13912.57,Denied,Water damage,batch_001,2026-07-31T17:58:20
CLM002563,POL00321,2024-09-17,3307.52,Approved,Windshield damage,batch_001,2026-07-31T17:58:20
CLM002564,POL00720,2024-09-17,14106.16,Approved,Death benefit claim,batch_001,2026-07-31T17:58:20
CLM002565,POL01022,2024-09-17,12703.09,Denied,Fallen tree damage,batch_001,2026-07-31T17:58:20
CLM002566,POL01406,2024-09-17,10633.98,Pending,Water damage,batch_001,2026-07-31T17:58:20
CLM002567,POL02035,2024-09-17,7584.94,Pending,Theft of vehicle,batch_001,2026-07-31T17:58:20
CLM002568,POL04376,2024-09-17,11178.52,Pending,Burglary,batch_001,2026-07-31T17:58:20
CLM002569,POL02564,2024-09-17,13114.39,Denied,Hospital stay,batch_001,2026-07-31T17:58:20
CLM002570,POL04410,2024-09-18,12813.70,Pending,Death benefit claim,batch_001,2026-07-31T17:58:20
CLM002571,POL00367,2024-09-18,6003.80,Approved,Windshield damage,batch_001,2026-07-31T17:58:20
CLM002572,POL02456,2024-09-18,21416.52,Approved,Death benefit claim,batch_001,2026-07-31T17:58:20
CLM002573,POL04933,2024-09-18,13846.56,Pending,Theft of vehicle,batch_001,2026-07-31T17:58:20
CLM002574,POL02273,2024-09-18,3299.45,Pending,Terminal illness claim,batch_001,2026-07-31T17:58:20
CLM002575,POL00610,2024-09-18,13791.23,Denied,Burglary,batch_001,2026-07-31T17:58:20
CLM002576,POL01338,2024-09-18,10061.48,Approved,Surgery reimbursement,batch_001,2026-07-31T17:58:20
CLM002577,POL03485,2024-09-19,23510.96,Approved,Fallen tree damage,batch_001,2026-07-31T17:58:20
CLM002578,POL01670,2024-09-19,1856.90,Pending,Theft of vehicle,batch_001,2026-07-31T17:58:20
CLM002579,POL01579,2024-09-19,17889.68,Pending,Vandalism damage,batch_001,2026-07-31T17:58:20
CLM002580,POL04956,2024-09-19,4184.67,Approved,Roof damage from storm,batch_001,2026-07-31T17:58:20
CLM002581,POL03553,2024-09-19,9535.65,Pending,Death benefit claim,batch_001,2026-07-31T17:58:20
CLM002582,POL00636,2024-09-20,6826.12,Pending,Vehicle collision,batch_001,2026-07-31T17:58:20
CLM002583,POL04493,2024-09-20,10228.85,Denied,Vehicle collision,batch_001,2026-07-31T17:58:20
CLM002584,POL02973,2024-09-20,22740.21,Denied,Windshield damage,batch_001,2026-07-31T17:58:20
CLM002585,POL01850,2024-09-20,6913.80,Approved,Prescription claim,batch_001,2026-07-31T17:58:20
CLM002586,POL01821,2024-09-20,9527.95,Approved,Death benefit claim,batch_001,2026-07-31T17:58:20
CLM002587,POL01440,2024-09-20,13209.24,Denied,Vandalism damage,batch_001,2026-07-31T17:58:20
CLM002588,POL04011,2024-09-20,2478.96,Denied,Hospital stay,batch_001,2026-07-31T17:58:20
CLM002589,POL02311,2024-09-20,13833.40,Pending,Water damage,batch_001,2026-07-31T17:58:20
CLM002590,POL00393,2024-09-20,4351.61,Denied,Emergency room visit,batch_001,2026-07-31T17:58:20
CLM002591,POL02828,2024-09-21,20171.52,Pending,Hospital stay,batch_001,2026-07-31T17:58:20
CLM002592,POL04520,2024-09-21,14905.96,Denied,Hit and run,batch_001,2026-07-31T17:58:20
CLM002593,POL04853,2024-09-21,3276.55,Approved,Fallen tree damage,batch_001,2026-07-31T17:58:20
CLM002594,POL01274,2024-09-21,16473.32,Approved,Hit and run,batch_001,2026-07-31T17:58:20
CLM002595,POL04650,2024-09-21,18412.02,Approved,Roof damage from storm,batch_001,2026-07-31T17:58:20
CLM002596,POL02041,2024-09-22,16987.56,Denied,Hit and run,batch_001,2026-07-31T17:58:20
CLM002597,POL01500,2024-09-22,11030.10,Denied,Terminal illness claim,batch_001,2026-07-31T17:58:20
CLM002598,POL04115,2024-09-22,7241.81,Denied,Fallen tree damage,batch_001,2026-07-31T17:58:20
CLM002599,POL01875,2024-09-22,7699.17,Approved,Terminal illness claim,batch_001,2026-07-31T17:58:20
CLM002600,POL03331,2024-09-22,19287.40,Approved,Medical procedure,batch_001,2026-07-31T17:58:20
CLM002601,POL00629,2024-09-22,18275.83,Approved,Fire damage,batch_001,2026-07-31T17:58:20
CLM002602,POL04713,2024-09-23,1529.55,Pending,Surgery reimbursement,batch_001,2026-07-31T17:58:20
CLM002603,POL04540,2024-09-23,23246.77,Approved,Prescription claim,batch_001,2026-07-31T17:58:20
CLM002604,POL04168,2024-09-24,23317.79,Approved,Hit and run,batch_001,2026-07-31T17:58:20
CLM002605,POL04079,2024-09-24,12923.79,Pending,Hospital stay,batch_001,2026-07-31T17:58:20
CLM002606,POL01022,2024-09-24,10196.24,Pending,Fire damage,batch_001,2026-07-31T17:58:20
CLM002607,POL00060,2024-09-24,17882.59,Pending,Hospital stay,batch_001,2026-07-31T17:58:20
CLM002608,POL02827,2024-09-24,6181.23,Pending,Fallen tree damage,batch_001,2026-07-31T17:58:20
CLM002609,POL04991,2024-09-24,1154.66,Denied,Fire damage,batch_001,2026-07-31T17:58:20
CLM002610,POL04289,2024-09-24,22604.59,Approved,Death benefit claim,batch_001,2026-07-31T17:58:20
CLM002611,POL03007,2024-09-25,21001.28,Pending,Terminal illness claim,batch_001,2026-07-31T17:58:20
CLM002612,POL00418,2024-09-25,10625.78,Denied,Fire damage,batch_001,2026-07-31T17:58:20
CLM002613,POL03058,2024-09-25,24246.24,Denied,Fire damage,batch_001,2026-07-31T17:58:20
CLM002614,POL04417,2024-09-25,21284.35,Approved,Theft of vehicle,batch_001,2026-07-31T17:58:20
CLM002615,POL02451,2024-09-25,12129.80,Denied,Windshield damage,batch_001,2026-07-31T17:58:20
CLM002616,POL00019,2024-09-25,18476.84,Pending,Burglary,batch_001,2026-07-31T17:58:20
CLM002617,POL01782,2024-09-25,23084.10,Pending,Vandalism damage,batch_001,2026-07-31T17:58:20
CLM002618,POL00291,2024-09-25,23391.82,Pending,Terminal illness claim,batch_001,2026-07-31T17:58:20
CLM002619,POL00472,2024-09-26,8958.03,Pending,Burglary,batch_001,2026-07-31T17:58:20
CLM002620,POL02692,2024-09-26,7528.93,Approved,Water damage,batch_001,2026-07-31T17:58:20
CLM002621,POL02865,2024-09-26,22265.89,Approved,Hit and run,batch_001,2026-07-31T17:58:20
CLM002622,POL02905,2024-09-26,320.71,Denied,Terminal illness claim,batch_001,2026-07-31T17:58:20
CLM002623,POL01619,2024-09-26,2210.12,Pending,Fire damage,batch_001,2026-07-31T17:58:20
CLM002624,POL03365,2024-09-26,3183.68,Denied,Vehicle collision,batch_001,2026-07-31T17:58:20
CLM002625,POL01275,2024-09-27,19259.25,Denied,Death benefit claim,batch_001,2026-07-31T17:58:20
CLM002626,POL03856,2024-09-27,9944.43,Denied,Terminal illness claim,batch_001,2026-07-31T17:58:20
CLM002627,POL03509,2024-09-27,22315.62,Pending,Terminal illness claim,batch_001,2026-07-31T17:58:20
CLM002628,POL00891,2024-09-27,24735.29,Pending,Prescription claim,batch_001,2026-07-31T17:58:20
CLM002629,POL01326,2024-09-27,3582.87,Pending,Terminal illness claim,batch_001,2026-07-31T17:58:20
CLM002630,POL00048,2024-09-27,9044.99,Pending,Fire damage,batch_001,2026-07-31T17:58:20
CLM002631,POL00907,2024-09-27,4820.22,Approved,Windshield damage,batch_001,2026-07-31T17:58:20
CLM002632,POL03233,2024-09-27,10584.29,Denied,Water damage,batch_001,2026-07-31T17:58:20
CLM002633,POL01314,2024-09-28,16688.50,Denied,Theft of vehicle,batch_001,2026-07-31T17:58:20
CLM002634,POL00974,2024-09-28,10585.27,Pending,Prescription claim,batch_001,2026-07-31T17:58:20
CLM002635,POL01044,2024-09-28,8189.70,Denied,Vandalism damage,batch_001,2026-07-31T17:58:20
CLM002636,POL03186,2024-09-28,3372.30,Approved,Medical procedure,batch_001,2026-07-31T17:58:20
CLM002637,POL01034,2024-09-29,3973.00,Pending,Water damage,batch_001,2026-07-31T17:58:20
CLM002638,POL01938,2024-09-29,1395.79,Denied,Hit and run,batch_001,2026-07-31T17:58:20
CLM002639,POL04892,2024-09-29,18462.05,Denied,Terminal illness claim,batch_001,2026-07-31T17:58:20
CLM002640,POL02372,2024-09-29,7127.36,Approved,Prescription claim,batch_001,2026-07-31T17:58:20
CLM002641,POL02030,2024-09-29,15478.57,Pending,Accidental death claim,batch_001,2026-07-31T17:58:20
CLM002642,POL01531,2024-09-29,6311.72,Approved,Roof damage from storm,batch_001,2026-07-31T17:58:20
CLM002643,POL02027,2024-09-29,16691.63,Denied,Fire damage,batch_001,2026-07-31T17:58:20
CLM002644,POL03883,2024-09-29,17690.88,Approved,Fallen tree damage,batch_001,2026-07-31T17:58:20
CLM002645,POL05007,2024-09-29,4611.59,Pending,Fire damage,batch_001,2026-07-31T17:58:20
CLM002646,POL01880,2024-09-30,3099.48,Denied,Water damage,batch_001,2026-07-31T17:58:20
CLM002647,POL02244,2024-09-30,24760.93,Approved,Hit and run,batch_001,2026-07-31T17:58:20
CLM002648,POL00145,2024-09-30,15450.04,Approved,Medical procedure,batch_001,2026-07-31T17:58:20
CLM002649,POL03116,2024-09-30,10241.70,Denied,Fire damage,batch_001,2026-07-31T17:58:20
CLM002650,POL01817,2024-09-30,8470.83,Denied,Water damage,batch_001,2026-07-31T17:58:20
CLM002651,POL04177,2024-09-30,10734.11,Approved,Surgery reimbursement,batch_001,2026-07-31T17:58:20
CLM002652,POL00902,2024-09-30,6804.23,Denied,Roof damage from storm,batch_001,2026-07-31T17:58:20
CLM002653,POL03425,2024-10-01,6249.52,Approved,Windshield damage,batch_001,2026-07-31T17:58:20
CLM002654,POL00335,2024-10-01,113.34,Pending,Theft of vehicle,batch_001,2026-07-31T17:58:20
CLM002655,POL01737,2024-10-01,7204.39,Denied,Hospital stay,batch_001,2026-07-31T17:58:20
CLM002656,POL00826,2024-10-01,10829.60,Denied,Burglary,batch_001,2026-07-31T17:58:20
CLM002657,POL02979,2024-10-01,8423.63,Approved,Medical procedure,batch_001,2026-07-31T17:58:20
CLM002658,POL00112,2024-10-01,17105.74,Approved,Roof damage from storm,batch_001,2026-07-31T17:58:20
CLM002659,POL02954,2024-10-01,18558.17,Denied,Hospital stay,batch_001,2026-07-31T17:58:20
CLM002660,POL04333,2024-10-01,15157.37,Approved,Surgery reimbursement,batch_001,2026-07-31T17:58:20
CLM002661,POL01721,2024-10-02,14649.75,Approved,Vehicle collision,batch_001,2026-07-31T17:58:20
CLM002662,POL01069,2024-10-02,15776.01,Pending,Vehicle collision,batch_001,2026-07-31T17:58:20
CLM002663,POL00337,2024-10-02,14705.38,Pending,Emergency room visit,batch_001,2026-07-31T17:58:20
CLM002664,POL01581,2024-10-02,17646.04,Approved,Death benefit claim,batch_001,2026-07-31T17:58:20
CLM002665,POL04478,2024-10-02,15513.36,Denied,Prescription claim,batch_001,2026-07-31T17:58:20
CLM002666,POL01655,2024-10-02,13385.58,Approved,Water damage,batch_001,2026-07-31T17:58:20
CLM002667,POL01048,2024-10-02,4873.50,Pending,Surgery reimbursement,batch_001,2026-07-31T17:58:20
CLM002668,POL04591,2024-10-02,24380.64,Denied,Hit and run,batch_001,2026-07-31T17:58:20
CLM002669,POL00962,2024-10-03,22780.14,Approved,Hit and run,batch_001,2026-07-31T17:58:20
CLM002670,POL03433,2024-10-03,13141.69,Pending,Death benefit claim,batch_001,2026-07-31T17:58:20
CLM002671,POL01368,2024-10-03,15018.93,Pending,Fire damage,batch_001,2026-07-31T17:58:20
CLM002672,POL02373,2024-10-03,1231.59,Pending,Water damage,batch_001,2026-07-31T17:58:20
CLM002673,POL01559,2024-10-03,18543.81,Denied,Burglary,batch_001,2026-07-31T17:58:20
CLM002674,POL04362,2024-10-04,21769.37,Approved,Emergency room visit,batch_001,2026-07-31T17:58:20
CLM002675,POL03587,2024-10-04,18793.12,Denied,Accidental death claim,batch_001,2026-07-31T17:58:20
CLM002676,POL03197,2024-10-04,10081.14,Denied,Windshield damage,batch_001,2026-07-31T17:58:20
CLM002677,POL01508,2024-10-05,189.65,Pending,Windshield damage,batch_001,2026-07-31T17:58:20
CLM002678,POL04851,2024-10-05,17448.37,Pending,Prescription claim,batch_001,2026-07-31T17:58:20
CLM002679,POL04128,2024-10-05,17723.08,Pending,Terminal illness claim,batch_001,2026-07-31T17:58:20
CLM002680,POL02486,2024-10-05,21326.63,Denied,Accidental death claim,batch_001,2026-07-31T17:58:20
CLM002681,POL02200,2024-10-05,13848.56,Approved,Windshield damage,batch_001,2026-07-31T17:58:20
CLM002682,POL00374,2024-10-05,13385.79,Denied,Death benefit claim,batch_001,2026-07-31T17:58:20
CLM002683,POL01214,2024-10-05,23556.95,Denied,Windshield damage,batch_001,2026-07-31T17:58:20
CLM002684,POL02216,2024-10-05,21847.23,Approved,Accidental death claim,batch_001,2026-07-31T17:58:20
CLM002685,POL02040,2024-10-05,24739.45,Approved,Hospital stay,batch_001,2026-07-31T17:58:20
CLM002686,POL00952,2024-10-05,134.86,Denied,Fallen tree damage,batch_001,2026-07-31T17:58:20
CLM002687,POL03024,2024-10-05,8181.59,Pending,Vandalism damage,batch_001,2026-07-31T17:58:20
CLM002688,POL02164,2024-10-06,18079.78,Denied,Vandalism damage,batch_001,2026-07-31T17:58:20
CLM002689,POL02416,2024-10-06,8183.41,Approved,Water damage,batch_001,2026-07-31T17:58:20
CLM002690,POL02913,2024-10-06,5560.06,Denied,Fire damage,batch_001,2026-07-31T17:58:20
CLM002691,POL02098,2024-10-06,24292.96,Pending,Hospital stay,batch_001,2026-07-31T17:58:20
CLM002692,POL00872,2024-10-07,18092.79,Pending,Prescription claim,batch_001,2026-07-31T17:58:20
CLM002693,POL02109,2024-10-07,21763.64,Pending,Accidental death claim,batch_001,2026-07-31T17:58:20
CLM002694,POL04513,2024-10-07,5233.36,Denied,Windshield damage,batch_001,2026-07-31T17:58:20
CLM002695,POL02657,2024-10-07,6792.96,Pending,Accidental death claim,batch_001,2026-07-31T17:58:20
CLM002696,POL03240,2024-10-07,3975.47,Approved,Prescription claim,batch_001,2026-07-31T17:58:20
CLM002697,POL03020,2024-10-07,3793.52,Denied,Medical procedure,batch_001,2026-07-31T17:58:20
CLM002698,POL04063,2024-10-07,4619.69,Approved,Death benefit claim,batch_001,2026-07-31T17:58:20
CLM002699,POL01548,2024-10-08,14284.48,Pending,Emergency room visit,batch_001,2026-07-31T17:58:20
CLM002700,POL02311,2024-10-08,624.08,Approved,Fire damage,batch_001,2026-07-31T17:58:20
CLM002701,POL03230,2024-10-08,17215.43,Approved,Water damage,batch_001,2026-07-31T17:58:20
CLM002702,POL01176,2024-10-08,1894.01,Approved,Prescription claim,batch_001,2026-07-31T17:58:20
CLM002703,POL03298,2024-10-08,2595.82,Pending,Windshield damage,batch_001,2026-07-31T17:58:20
CLM002704,POL00097,2024-10-08,15122.01,Denied,Hit and run,batch_001,2026-07-31T17:58:20
CLM002705,POL00170,2024-10-09,2839.88,Approved,Vehicle collision,batch_001,2026-07-31T17:58:20
CLM002706,POL01083,2024-10-09,6283.74,Approved,Roof damage from storm,batch_001,2026-07-31T17:58:20
CLM002707,POL01169,2024-10-09,23471.10,Pending,Medical procedure,batch_001,2026-07-31T17:58:20
CLM002708,POL00077,2024-10-10,23944.68,Approved,Accidental death claim,batch_001,2026-07-31T17:58:20
CLM002709,POL02773,2024-10-10,21332.73,Approved,Emergency room visit,batch_001,2026-07-31T17:58:20
CLM002710,POL01141,2024-10-10,12062.59,Pending,Terminal illness claim,batch_001,2026-07-31T17:58:20
CLM002711,POL01337,2024-10-10,7753.89,Denied,Fire damage,batch_001,2026-07-31T17:58:20
CLM002712,POL01998,2024-10-10,1491.30,Pending,Surgery reimbursement,batch_001,2026-07-31T17:58:20
CLM002713,POL04454,2024-10-11,3164.58,Approved,Death benefit claim,batch_001,2026-07-31T17:58:20
CLM002714,POL04462,2024-10-11,7488.79,Pending,Terminal illness claim,batch_001,2026-07-31T17:58:20
CLM002715,POL01162,2024-10-12,130.14,Approved,Medical procedure,batch_001,2026-07-31T17:58:20
CLM002716,POL01857,2024-10-12,10735.67,Approved,Surgery reimbursement,batch_001,2026-07-31T17:58:20
CLM002717,POL02350,2024-10-12,5724.52,Pending,Prescription claim,batch_001,2026-07-31T17:58:20
CLM002718,POL00921,2024-10-12,12346.33,Approved,Windshield damage,batch_001,2026-07-31T17:58:20
CLM002719,POL00834,2024-10-12,23916.02,Denied,Roof damage from storm,batch_001,2026-07-31T17:58:20
CLM002720,POL00625,2024-10-12,15430.85,Approved,Surgery reimbursement,batch_001,2026-07-31T17:58:20
CLM002721,POL00695,2024-10-12,22400.10,Pending,Fire damage,batch_001,2026-07-31T17:58:20
CLM002722,POL01459,2024-10-12,10772.85,Denied,Hospital stay,batch_001,2026-07-31T17:58:20
CLM002723,POL01486,2024-10-12,17017.89,Approved,Accidental death claim,batch_001,2026-07-31T17:58:20
CLM002724,POL02471,2024-10-13,15656.48,Denied,Terminal illness claim,batch_001,2026-07-31T17:58:20
CLM002725,POL00852,2024-10-13,6850.22,Denied,Theft of vehicle,batch_001,2026-07-31T17:58:20
CLM002726,POL02175,2024-10-13,20286.91,Pending,Water damage,batch_001,2026-07-31T17:58:20
CLM002727,POL00018,2024-10-13,21556.68,Approved,Fire damage,batch_001,2026-07-31T17:58:20
CLM002728,POL02624,2024-10-13,3779.73,Denied,Prescription claim,batch_001,2026-07-31T17:58:20
CLM002729,POL00552,2024-10-14,2917.78,Denied,Surgery reimbursement,batch_001,2026-07-31T17:58:20
CLM002730,POL01186,2024-10-14,2352.13,Approved,Death benefit claim,batch_001,2026-07-31T17:58:20
CLM002731,POL03155,2024-10-14,8879.96,Denied,Burglary,batch_001,2026-07-31T17:58:20
CLM002732,POL03943,2024-10-14,17366.18,Denied,Vandalism damage,batch_001,2026-07-31T17:58:20
CLM002733,POL02732,2024-10-14,3541.71,Pending,Death benefit claim,batch_001,2026-07-31T17:58:20
CLM002734,POL03140,2024-10-14,10524.62,Denied,Fallen tree damage,batch_001,2026-07-31T17:58:20
CLM002735,POL04373,2024-10-14,12365.78,Pending,Emergency room visit,batch_001,2026-07-31T17:58:20
CLM002736,POL03151,2024-10-15,2182.08,Pending,Terminal illness claim,batch_001,2026-07-31T17:58:20
CLM002737,POL04317,2024-10-15,14489.12,Pending,Windshield damage,batch_001,2026-07-31T17:58:20
CLM002738,POL00715,2024-10-15,5956.31,Approved,Death benefit claim,batch_001,2026-07-31T17:58:20
CLM002739,POL00141,2024-10-15,9123.72,Denied,Death benefit claim,batch_001,2026-07-31T17:58:20
CLM002740,POL00903,2024-10-15,1583.48,Denied,Roof damage from storm,batch_001,2026-07-31T17:58:20
CLM002741,POL01142,2024-10-15,7437.96,Approved,Vandalism damage,batch_001,2026-07-31T17:58:20
CLM002742,POL03450,2024-10-15,6138.19,Approved,Water damage,batch_001,2026-07-31T17:58:20
CLM002743,POL01129,2024-10-15,3019.17,Pending,Emergency room visit,batch_001,2026-07-31T17:58:20
CLM002744,POL03093,2024-10-15,18353.73,Pending,Terminal illness claim,batch_001,2026-07-31T17:58:20
CLM002745,POL03045,2024-10-16,1446.68,Approved,Fallen tree damage,batch_001,2026-07-31T17:58:20
CLM002746,POL00605,2024-10-16,11972.98,Pending,Windshield damage,batch_001,2026-07-31T17:58:20
CLM002747,POL00248,2024-10-16,3757.48,Approved,Death benefit claim,batch_001,2026-07-31T17:58:20
CLM002748,POL02008,2024-10-16,2018.93,Pending,Burglary,batch_001,2026-07-31T17:58:20
CLM002749,POL01227,2024-10-16,19158.90,Denied,Fire damage,batch_001,2026-07-31T17:58:20
CLM002750,POL04321,2024-10-17,17494.24,Denied,Hit and run,batch_001,2026-07-31T17:58:20
CLM002751,POL03372,2024-10-17,18091.68,Denied,Vehicle collision,batch_001,2026-07-31T17:58:20
CLM002752,POL02350,2024-10-17,2870.54,Approved,Medical procedure,batch_001,2026-07-31T17:58:20
CLM002753,POL04950,2024-10-17,18803.21,Pending,Windshield damage,batch_001,2026-07-31T17:58:20
CLM002754,POL00090,2024-10-17,9970.13,Denied,Prescription claim,batch_001,2026-07-31T17:58:20
CLM002755,POL04540,2024-10-17,17814.03,Denied,Hospital stay,batch_001,2026-07-31T17:58:20
CLM002756,POL04112,2024-10-18,7720.25,Approved,Burglary,batch_001,2026-07-31T17:58:20
CLM002757,POL01285,2024-10-18,6868.51,Approved,Vandalism damage,batch_001,2026-07-31T17:58:20
CLM002758,POL03093,2024-10-18,24450.36,Approved,Accidental death claim,batch_001,2026-07-31T17:58:20
CLM002759,POL01736,2024-10-18,10070.02,Approved,Death benefit claim,batch_001,2026-07-31T17:58:20
CLM002760,POL03214,2024-10-18,4673.97,Pending,Fallen tree damage,batch_001,2026-07-31T17:58:20
CLM002761,POL04957,2024-10-18,21058.65,Pending,Terminal illness claim,batch_001,2026-07-31T17:58:20
CLM002762,POL03911,2024-10-18,7898.42,Pending,Burglary,batch_001,2026-07-31T17:58:20
CLM002763,POL03117,2024-10-18,4204.13,Denied,Burglary,batch_001,2026-07-31T17:58:20
CLM002764,POL01596,2024-10-18,6821.00,Approved,Vehicle collision,batch_001,2026-07-31T17:58:20
CLM002765,POL02972,2024-10-18,15119.44,Denied,Medical procedure,batch_001,2026-07-31T17:58:20
CLM002766,POL01963,2024-10-19,7126.95,Pending,Death benefit claim,batch_001,2026-07-31T17:58:20
CLM002767,POL00536,2024-10-19,5376.56,Approved,Roof damage from storm,batch_001,2026-07-31T17:58:20
CLM002768,POL01538,2024-10-19,13837.12,Pending,Water damage,batch_001,2026-07-31T17:58:20
CLM002769,POL01969,2024-10-19,6802.28,Pending,Hospital stay,batch_001,2026-07-31T17:58:20
CLM002770,POL00368,2024-10-19,14137.11,Denied,Water damage,batch_001,2026-07-31T17:58:20
CLM002771,POL00394,2024-10-19,7933.05,Denied,Medical procedure,batch_001,2026-07-31T17:58:20
CLM002772,POL02922,2024-10-19,18816.82,Denied,Hospital stay,batch_001,2026-07-31T17:58:20
CLM002773,POL01597,2024-10-19,7930.36,Denied,Accidental death claim,batch_001,2026-07-31T17:58:20
CLM002774,POL02916,2024-10-20,24348.88,Pending,Vehicle collision,batch_001,2026-07-31T17:58:20
CLM002775,POL02715,2024-10-20,10241.44,Pending,Accidental death claim,batch_001,2026-07-31T17:58:20
CLM002776,POL00828,2024-10-20,12604.21,Approved,Water damage,batch_001,2026-07-31T17:58:20
CLM002777,POL04811,2024-10-20,19922.13,Denied,Accidental death claim,batch_001,2026-07-31T17:58:20
CLM002778,POL00307,2024-10-20,7323.97,Approved,Burglary,batch_001,2026-07-31T17:58:20
CLM002779,POL00646,2024-10-21,22141.58,Approved,Fire damage,batch_001,2026-07-31T17:58:20
CLM002780,POL01767,2024-10-21,20206.15,Pending,Death benefit claim,batch_001,2026-07-31T17:58:20
CLM002781,POL01320,2024-10-21,24836.07,Pending,Accidental death claim,batch_001,2026-07-31T17:58:20
CLM002782,POL04987,2024-10-21,16319.73,Denied,Burglary,batch_001,2026-07-31T17:58:20
CLM002783,POL01075,2024-10-21,8541.62,Denied,Vandalism damage,batch_001,2026-07-31T17:58:20
CLM002784,POL03530,2024-10-22,1096.32,Pending,Prescription claim,batch_001,2026-07-31T17:58:20
CLM002785,POL01959,2024-10-22,5299.63,Pending,Vandalism damage,batch_001,2026-07-31T17:58:20
CLM002786,POL00615,2024-10-22,23954.59,Pending,Burglary,batch_001,2026-07-31T17:58:20
CLM002787,POL00798,2024-10-22,20137.69,Approved,Terminal illness claim,batch_001,2026-07-31T17:58:20
CLM002788,POL04483,2024-10-22,21701.59,Approved,Burglary,batch_001,2026-07-31T17:58:20
CLM002789,POL00771,2024-10-22,11424.72,Approved,Theft of vehicle,batch_001,2026-07-31T17:58:20
CLM002790,POL01323,2024-10-22,1797.23,Pending,Terminal illness claim,batch_001,2026-07-31T17:58:20
CLM002791,POL02895,2024-10-22,2321.81,Approved,Prescription claim,batch_001,2026-07-31T17:58:20
CLM002792,POL02114,2024-10-23,24654.97,Denied,Terminal illness claim,batch_001,2026-07-31T17:58:20
CLM002793,POL01151,2024-10-23,23501.75,Pending,Burglary,batch_001,2026-07-31T17:58:20
CLM002794,POL00325,2024-10-23,9150.46,Denied,Prescription claim,batch_001,2026-07-31T17:58:20
CLM002795,POL03351,2024-10-24,21439.32,Pending,Windshield damage,batch_001,2026-07-31T17:58:20
CLM002796,POL03612,2024-10-24,9231.63,Pending,Roof damage from storm,batch_001,2026-07-31T17:58:20
CLM002797,POL03062,2024-10-24,2178.91,Denied,Vandalism damage,batch_001,2026-07-31T17:58:20
CLM002798,POL03688,2024-10-24,6644.40,Pending,Death benefit claim,batch_001,2026-07-31T17:58:20
CLM002799,POL05085,2024-10-24,24438.05,Approved,Accidental death claim,batch_001,2026-07-31T17:58:20
CLM002800,POL02006,2024-10-24,17523.66,Pending,Vehicle collision,batch_001,2026-07-31T17:58:20
CLM002801,POL01267,2024-10-25,21341.19,Denied,Prescription claim,batch_001,2026-07-31T17:58:20
CLM002802,POL01297,2024-10-25,14296.33,Approved,Fire damage,batch_001,2026-07-31T17:58:20
CLM002803,POL03181,2024-10-25,21866.56,Pending,Death benefit claim,batch_001,2026-07-31T17:58:20
CLM002804,POL02859,2024-10-25,11700.35,Pending,Vandalism damage,batch_001,2026-07-31T17:58:20
CLM002805,POL03809,2024-10-25,2817.06,Approved,Medical procedure,batch_001,2026-07-31T17:58:20
CLM002806,POL03252,2024-10-25,19228.59,Approved,Hit and run,batch_001,2026-07-31T17:58:20
CLM002807,POL02693,2024-10-25,1705.34,Denied,Fallen tree damage,batch_001,2026-07-31T17:58:20
CLM002808,POL03984,2024-10-25,5394.62,Pending,Hit and run,batch_001,2026-07-31T17:58:20
CLM002809,POL00937,2024-10-26,7031.54,Approved,Fallen tree damage,batch_001,2026-07-31T17:58:20
CLM002810,POL01276,2024-10-26,23718.49,Approved,Fire damage,batch_001,2026-07-31T17:58:20
CLM002811,POL02623,2024-10-26,14248.34,Pending,Burglary,batch_001,2026-07-31T17:58:20
CLM002812,POL00512,2024-10-26,23417.85,Denied,Hit and run,batch_001,2026-07-31T17:58:20
CLM002813,POL03879,2024-10-26,5414.18,Approved,Vehicle collision,batch_001,2026-07-31T17:58:20
CLM002814,POL03465,2024-10-26,6819.22,Pending,Windshield damage,batch_001,2026-07-31T17:58:20
CLM002815,POL00685,2024-10-26,3629.27,Denied,Prescription claim,batch_001,2026-07-31T17:58:20
CLM002816,POL00670,2024-10-27,7528.59,Pending,Prescription claim,batch_001,2026-07-31T17:58:20
CLM002817,POL03439,2024-10-27,13166.97,Pending,Surgery reimbursement,batch_001,2026-07-31T17:58:20
CLM002818,POL01508,2024-10-28,20780.67,Approved,Hit and run,batch_001,2026-07-31T17:58:20
CLM002819,POL02802,2024-10-28,24087.81,Denied,Death benefit claim,batch_001,2026-07-31T17:58:20
CLM002820,POL01627,2024-10-28,8796.98,Denied,Hit and run,batch_001,2026-07-31T17:58:20
CLM002821,POL03896,2024-10-28,13434.11,Approved,Prescription claim,batch_001,2026-07-31T17:58:20
CLM002822,POL02906,2024-10-28,22823.69,Pending,Prescription claim,batch_001,2026-07-31T17:58:20
CLM002823,POL00082,2024-10-29,14066.62,Pending,Windshield damage,batch_001,2026-07-31T17:58:20
CLM002824,POL00638,2024-10-29,18095.82,Pending,Accidental death claim,batch_001,2026-07-31T17:58:20
CLM002825,POL01185,2024-10-29,8160.94,Pending,Theft of vehicle,batch_001,2026-07-31T17:58:20
CLM002826,POL00117,2024-10-29,3847.61,Denied,Death benefit claim,batch_001,2026-07-31T17:58:20
CLM002827,POL04092,2024-10-29,21621.10,Approved,Burglary,batch_001,2026-07-31T17:58:20
CLM002828,POL02153,2024-10-29,13065.22,Approved,Hit and run,batch_001,2026-07-31T17:58:20
CLM002829,POL01030,2024-10-30,15893.90,Pending,Vandalism damage,batch_001,2026-07-31T17:58:20
CLM002830,POL00799,2024-10-30,1008.50,Pending,Windshield damage,batch_001,2026-07-31T17:58:20
CLM002831,POL03443,2024-10-30,17441.51,Approved,Hospital stay,batch_001,2026-07-31T17:58:20
CLM002832,POL03093,2024-10-30,5481.82,Approved,Death benefit claim,batch_001,2026-07-31T17:58:20
CLM002833,POL04726,2024-10-30,23882.10,Denied,Roof damage from storm,batch_001,2026-07-31T17:58:20
CLM002834,POL00133,2024-10-30,7618.42,Denied,Hospital stay,batch_001,2026-07-31T17:58:20
CLM002835,POL01022,2024-10-31,17513.00,Pending,Burglary,batch_001,2026-07-31T17:58:20
CLM002836,POL03392,2024-10-31,10318.63,Denied,Accidental death claim,batch_001,2026-07-31T17:58:20
CLM002837,POL03489,2024-10-31,13126.93,Denied,Vehicle collision,batch_001,2026-07-31T17:58:20
CLM002838,POL01441,2024-10-31,11524.71,Denied,Emergency room visit,batch_001,2026-07-31T17:58:20
CLM002839,POL04529,2024-10-31,14912.81,Pending,Prescription claim,batch_001,2026-07-31T17:58:20
CLM002840,POL03126,2024-10-31,7197.20,Pending,Hit and run,batch_001,2026-07-31T17:58:20
CLM002841,POL02321,2024-10-31,17582.11,Approved,Medical procedure,batch_001,2026-07-31T17:58:20
CLM002842,POL00851,2024-10-31,2331.98,Approved,Hospital stay,batch_001,2026-07-31T17:58:20
CLM002843,POL03370,2024-10-31,2681.52,Pending,Fallen tree damage,batch_001,2026-07-31T17:58:20
CLM002844,POL04463,2024-10-31,2582.58,Denied,Accidental death claim,batch_001,2026-07-31T17:58:20
CLM002845,POL04762,2024-10-31,20166.18,Pending,Theft of vehicle,batch_001,2026-07-31T17:58:20
CLM002846,POL03446,2024-10-31,5375.59,Denied,Fallen tree damage,batch_001,2026-07-31T17:58:20
CLM002847,POL03122,2024-10-31,2951.08,Denied,Water damage,batch_001,2026-07-31T17:58:20
CLM002848,POL02873,2024-10-31,24193.64,Denied,Terminal illness claim,batch_001,2026-07-31T17:58:20
CLM002849,POL03243,2024-11-01,289.37,Denied,Windshield damage,batch_001,2026-07-31T17:58:20
CLM002850,POL04158,2024-11-01,7161.75,Pending,Roof damage from storm,batch_001,2026-07-31T17:58:20
CLM002851,POL02519,2024-11-01,20978.26,Denied,Accidental death claim,batch_001,2026-07-31T17:58:20
CLM002852,POL01979,2024-11-01,203.52,Denied,Water damage,batch_001,2026-07-31T17:58:20
CLM002853,POL00128,2024-11-01,753.55,Denied,Accidental death claim,batch_001,2026-07-31T17:58:20
CLM002854,POL04915,2024-11-01,8005.03,Approved,Accidental death claim,batch_001,2026-07-31T17:58:20
CLM002855,POL03523,2024-11-01,6121.59,Denied,Windshield damage,batch_001,2026-07-31T17:58:20
CLM002856,POL05049,2024-11-01,16146.42,Approved,Fallen tree damage,batch_001,2026-07-31T17:58:20
CLM002857,POL03516,2024-11-02,3308.87,Pending,Terminal illness claim,batch_001,2026-07-31T17:58:20
CLM002858,POL01424,2024-11-02,10137.66,Denied,Hospital stay,batch_001,2026-07-31T17:58:20
CLM002859,POL01298,2024-11-02,10991.30,Approved,Accidental death claim,batch_001,2026-07-31T17:58:20
CLM002860,POL01035,2024-11-03,12656.00,Pending,Hospital stay,batch_001,2026-07-31T17:58:20
CLM002861,POL03212,2024-11-03,21091.47,Pending,Surgery reimbursement,batch_001,2026-07-31T17:58:20
CLM002862,POL04530,2024-11-04,4060.42,Denied,Fire damage,batch_001,2026-07-31T17:58:20
CLM002863,POL00764,2024-11-04,2422.31,Denied,Vehicle collision,batch_001,2026-07-31T17:58:20
CLM002864,POL04861,2024-11-04,3910.91,Pending,Hospital stay,batch_001,2026-07-31T17:58:20
CLM002865,POL00646,2024-11-04,14337.67,Approved,Fire damage,batch_001,2026-07-31T17:58:20
CLM002866,POL03717,2024-11-05,15898.13,Denied,Death benefit claim,batch_001,2026-07-31T17:58:20
CLM002867,POL01964,2024-11-05,16347.82,Approved,Terminal illness claim,batch_001,2026-07-31T17:58:20
CLM002868,POL01588,2024-11-05,13431.89,Approved,Accidental death claim,batch_001,2026-07-31T17:58:20
CLM002869,POL03098,2024-11-05,19282.75,Pending,Water damage,batch_001,2026-07-31T17:58:20
CLM002870,POL02253,2024-11-05,2165.79,Approved,Medical procedure,batch_001,2026-07-31T17:58:20
CLM002871,POL04747,2024-11-05,21686.78,Approved,Hit and run,batch_001,2026-07-31T17:58:20
CLM002872,POL04882,2024-11-05,3154.84,Approved,Theft of vehicle,batch_001,2026-07-31T17:58:20
CLM002873,POL02147,2024-11-05,22375.66,Approved,Medical procedure,batch_001,2026-07-31T17:58:20
CLM002874,POL04049,2024-11-05,21131.13,Approved,Burglary,batch_001,2026-07-31T17:58:20
CLM002875,POL00825,2024-11-05,12326.82,Approved,Prescription claim,batch_001,2026-07-31T17:58:20
CLM002876,POL00603,2024-11-06,12214.28,Pending,Vehicle collision,batch_001,2026-07-31T17:58:20
CLM002877,POL01723,2024-11-06,17214.68,Denied,Surgery reimbursement,batch_001,2026-07-31T17:58:20
CLM002878,POL03694,2024-11-06,20232.87,Approved,Roof damage from storm,batch_001,2026-07-31T17:58:20
CLM002879,POL00084,2024-11-06,22600.59,Pending,Hospital stay,batch_001,2026-07-31T17:58:20
CLM002880,POL04970,2024-11-06,21384.74,Approved,Theft of vehicle,batch_001,2026-07-31T17:58:20
CLM002881,POL02841,2024-11-06,12149.38,Pending,Fallen tree damage,batch_001,2026-07-31T17:58:20
CLM002882,POL04477,2024-11-06,224.86,Pending,Theft of vehicle,batch_001,2026-07-31T17:58:20
CLM002883,POL00997,2024-11-06,4901.85,Approved,Hospital stay,batch_001,2026-07-31T17:58:20
CLM002884,POL00189,2024-11-06,12998.07,Approved,Death benefit claim,batch_001,2026-07-31T17:58:20
CLM002885,POL02990,2024-11-07,2958.23,Approved,Water damage,batch_001,2026-07-31T17:58:20
CLM002886,POL02684,2024-11-07,3550.27,Approved,Fire damage,batch_001,2026-07-31T17:58:20
CLM002887,POL02193,2024-11-07,6914.30,Approved,Death benefit claim,batch_001,2026-07-31T17:58:20
CLM002888,POL02856,2024-11-07,17731.28,Pending,Theft of vehicle,batch_001,2026-07-31T17:58:20
CLM002889,POL03827,2024-11-07,18655.34,Denied,Burglary,batch_001,2026-07-31T17:58:20
CLM002890,POL04200,2024-11-07,23664.01,Approved,Terminal illness claim,batch_001,2026-07-31T17:58:20
CLM002891,POL01417,2024-11-07,5027.12,Pending,Roof damage from storm,batch_001,2026-07-31T17:58:20
CLM002892,POL03219,2024-11-07,2662.08,Pending,Theft of vehicle,batch_001,2026-07-31T17:58:20
CLM002893,POL01358,2024-11-08,19873.08,Pending,Hit and run,batch_001,2026-07-31T17:58:20
CLM002894,POL03551,2024-11-08,22083.15,Denied,Hospital stay,batch_001,2026-07-31T17:58:20
CLM002895,POL02226,2024-11-08,20415.72,Pending,Vehicle collision,batch_001,2026-07-31T17:58:20
CLM002896,POL04975,2024-11-08,9637.84,Approved,Fallen tree damage,batch_001,2026-07-31T17:58:20
CLM002897,POL02892,2024-11-08,9411.62,Pending,Water damage,batch_001,2026-07-31T17:58:20
CLM002898,POL03682,2024-11-08,4264.50,Approved,Hospital stay,batch_001,2026-07-31T17:58:20
CLM002899,POL02074,2024-11-08,14713.04,Denied,Vandalism damage,batch_001,2026-07-31T17:58:20
CLM002900,POL04346,2024-11-08,8871.11,Approved,Medical procedure,batch_001,2026-07-31T17:58:20
CLM002901,POL01474,2024-11-08,20245.11,Denied,Emergency room visit,batch_001,2026-07-31T17:58:20
CLM002902,POL02931,2024-11-08,6208.42,Approved,Accidental death claim,batch_001,2026-07-31T17:58:20
CLM002903,POL03045,2024-11-08,9361.91,Denied,Water damage,batch_001,2026-07-31T17:58:20
CLM002904,POL00079,2024-11-09,8032.87,Approved,Accidental death claim,batch_001,2026-07-31T17:58:20
CLM002905,POL02695,2024-11-09,5422.93,Pending,Theft of vehicle,batch_001,2026-07-31T17:58:20
CLM002906,POL01906,2024-11-09,14084.85,Denied,Surgery reimbursement,batch_001,2026-07-31T17:58:20
CLM002907,POL04930,2024-11-09,5383.16,Approved,Water damage,batch_001,2026-07-31T17:58:20
CLM002908,POL04596,2024-11-09,7023.41,Pending,Water damage,batch_001,2026-07-31T17:58:20
CLM002909,POL04702,2024-11-09,22327.33,Denied,Burglary,batch_001,2026-07-31T17:58:20
CLM002910,POL02604,2024-11-10,20353.52,Approved,Fire damage,batch_001,2026-07-31T17:58:20
CLM002911,POL00407,2024-11-10,20087.86,Denied,Medical procedure,batch_001,2026-07-31T17:58:20
CLM002912,POL02249,2024-11-10,10588.81,Approved,Prescription claim,batch_001,2026-07-31T17:58:20
CLM002913,POL01402,2024-11-10,15075.62,Pending,Hit and run,batch_001,2026-07-31T17:58:20
CLM002914,POL01937,2024-11-10,14452.70,Denied,Water damage,batch_001,2026-07-31T17:58:20
CLM002915,POL04717,2024-11-10,24700.07,Denied,Surgery reimbursement,batch_001,2026-07-31T17:58:20
CLM002916,POL01074,2024-11-10,21056.91,Denied,Water damage,batch_001,2026-07-31T17:58:20
CLM002917,POL04371,2024-11-10,22959.06,Approved,Roof damage from storm,batch_001,2026-07-31T17:58:20
CLM002918,POL00134,2024-11-10,1829.41,Approved,Terminal illness claim,batch_001,2026-07-31T17:58:20
CLM002919,POL02466,2024-11-11,6939.37,Denied,Prescription claim,batch_001,2026-07-31T17:58:20
CLM002920,POL00654,2024-11-11,13955.61,Denied,Hit and run,batch_001,2026-07-31T17:58:20
CLM002921,POL05017,2024-11-11,1272.11,Denied,Burglary,batch_001,2026-07-31T17:58:20
CLM002922,POL04042,2024-11-11,21231.94,Approved,Theft of vehicle,batch_001,2026-07-31T17:58:20
CLM002923,POL05063,2024-11-11,2658.32,Approved,Vehicle collision,batch_001,2026-07-31T17:58:20
CLM002924,POL00086,2024-11-11,3554.49,Denied,Prescription claim,batch_001,2026-07-31T17:58:20
CLM002925,POL01855,2024-11-11,4337.77,Approved,Theft of vehicle,batch_001,2026-07-31T17:58:20
CLM002926,POL04404,2024-11-11,24740.17,Pending,Vehicle collision,batch_001,2026-07-31T17:58:20
CLM002927,POL02128,2024-11-12,22094.65,Approved,Vehicle collision,batch_001,2026-07-31T17:58:20
CLM002928,POL00394,2024-11-12,23683.91,Approved,Surgery reimbursement,batch_001,2026-07-31T17:58:20
CLM002929,POL02698,2024-11-12,17229.25,Denied,Roof damage from storm,batch_001,2026-07-31T17:58:20
CLM002930,POL01396,2024-11-12,23128.97,Pending,Terminal illness claim,batch_001,2026-07-31T17:58:20
CLM002931,POL00983,2024-11-12,3244.59,Approved,Accidental death claim,batch_001,2026-07-31T17:58:20
CLM002932,POL03386,2024-11-13,15958.90,Pending,Medical procedure,batch_001,2026-07-31T17:58:20
CLM002933,POL04275,2024-11-13,13236.96,Pending,Hit and run,batch_001,2026-07-31T17:58:20
CLM002934,POL04015,2024-11-13,24411.10,Denied,Accidental death claim,batch_001,2026-07-31T17:58:20
CLM002935,POL03955,2024-11-14,5723.18,Denied,Roof damage from storm,batch_001,2026-07-31T17:58:20
CLM002936,POL00679,2024-11-14,8889.94,Approved,Fire damage,batch_001,2026-07-31T17:58:20
CLM002937,POL00640,2024-11-14,1971.10,Denied,Death benefit claim,batch_001,2026-07-31T17:58:20
CLM002938,POL01741,2024-11-14,426.89,Approved,Hit and run,batch_001,2026-07-31T17:58:20
CLM002939,POL03155,2024-11-14,4779.14,Approved,Roof damage from storm,batch_001,2026-07-31T17:58:20
CLM002940,POL01710,2024-11-14,20368.49,Pending,Accidental death claim,batch_001,2026-07-31T17:58:20
CLM002941,POL02568,2024-11-14,19036.15,Denied,Burglary,batch_001,2026-07-31T17:58:20
CLM002942,POL01262,2024-11-15,21210.39,Approved,Death benefit claim,batch_001,2026-07-31T17:58:20
CLM002943,POL01793,2024-11-15,22925.76,Denied,Hit and run,batch_001,2026-07-31T17:58:20
CLM002944,POL05083,2024-11-15,12885.25,Denied,Fire damage,batch_001,2026-07-31T17:58:20
CLM002945,POL00563,2024-11-15,7018.18,Approved,Roof damage from storm,batch_001,2026-07-31T17:58:20
CLM002946,POL04729,2024-11-15,16244.74,Approved,Prescription claim,batch_001,2026-07-31T17:58:20
CLM002947,POL00878,2024-11-15,18651.15,Approved,Medical procedure,batch_001,2026-07-31T17:58:20
CLM002948,POL03776,2024-11-15,4757.04,Approved,Terminal illness claim,batch_001,2026-07-31T17:58:20
CLM002949,POL04350,2024-11-15,11370.76,Denied,Vehicle collision,batch_001,2026-07-31T17:58:20
CLM002950,POL04509,2024-11-16,2193.26,Denied,Death benefit claim,batch_001,2026-07-31T17:58:20
CLM002951,POL01234,2024-11-16,9983.51,Denied,Accidental death claim,batch_001,2026-07-31T17:58:20
CLM002952,POL02734,2024-11-16,1423.61,Denied,Roof damage from storm,batch_001,2026-07-31T17:58:20
CLM002953,POL00802,2024-11-16,1323.45,Denied,Accidental death claim,batch_001,2026-07-31T17:58:20
CLM002954,POL03462,2024-11-16,4928.90,Approved,Prescription claim,batch_001,2026-07-31T17:58:20
CLM002955,POL01448,2024-11-16,14891.82,Pending,Hospital stay,batch_001,2026-07-31T17:58:20
CLM002956,POL04044,2024-11-16,13013.60,Approved,Water damage,batch_001,2026-07-31T17:58:20
CLM002957,POL02040,2024-11-17,23978.40,Approved,Medical procedure,batch_001,2026-07-31T17:58:20
CLM002958,POL00436,2024-11-17,22386.96,Pending,Roof damage from storm,batch_001,2026-07-31T17:58:20
CLM002959,POL01956,2024-11-18,1739.60,Approved,Terminal illness claim,batch_001,2026-07-31T17:58:20
CLM002960,POL01856,2024-11-18,22076.75,Pending,Prescription claim,batch_001,2026-07-31T17:58:20
CLM002961,POL03211,2024-11-18,9882.85,Approved,Accidental death claim,batch_001,2026-07-31T17:58:20
CLM002962,POL02198,2024-11-18,12429.77,Approved,Death benefit claim,batch_001,2026-07-31T17:58:20
CLM002963,POL02848,2024-11-18,15958.79,Pending,Hospital stay,batch_001,2026-07-31T17:58:20
CLM002964,POL02360,2024-11-19,18373.67,Approved,Windshield damage,batch_001,2026-07-31T17:58:20
CLM002965,POL04123,2024-11-19,22703.78,Pending,Prescription claim,batch_001,2026-07-31T17:58:20
CLM002966,POL02502,2024-11-19,21328.84,Pending,Fire damage,batch_001,2026-07-31T17:58:20
CLM002967,POL01395,2024-11-19,7946.30,Approved,Death benefit claim,batch_001,2026-07-31T17:58:20
CLM002968,POL01535,2024-11-19,8370.67,Denied,Emergency room visit,batch_001,2026-07-31T17:58:20
CLM002969,POL00105,2024-11-20,16684.18,Denied,Roof damage from storm,batch_001,2026-07-31T17:58:20
CLM002970,POL00171,2024-11-20,4520.12,Denied,Medical procedure,batch_001,2026-07-31T17:58:20
CLM002971,POL01399,2024-11-20,17012.15,Approved,Fallen tree damage,batch_001,2026-07-31T17:58:20
CLM002972,POL02885,2024-11-20,24241.58,Pending,Vehicle collision,batch_001,2026-07-31T17:58:20
CLM002973,POL04001,2024-11-20,21843.14,Denied,Water damage,batch_001,2026-07-31T17:58:20
CLM002974,POL00371,2024-11-21,20491.27,Pending,Accidental death claim,batch_001,2026-07-31T17:58:20
CLM002975,POL02382,2024-11-21,20900.44,Pending,Fallen tree damage,batch_001,2026-07-31T17:58:20
CLM002976,POL01371,2024-11-21,18899.31,Approved,Water damage,batch_001,2026-07-31T17:58:20
CLM002977,POL02496,2024-11-21,20116.93,Denied,Terminal illness claim,batch_001,2026-07-31T17:58:20
CLM002978,POL04020,2024-11-21,18396.89,Pending,Surgery reimbursement,batch_001,2026-07-31T17:58:20
CLM002979,POL03986,2024-11-21,6413.07,Denied,Water damage,batch_001,2026-07-31T17:58:20
CLM002980,POL02889,2024-11-21,7598.24,Denied,Fallen tree damage,batch_001,2026-07-31T17:58:20
CLM002981,POL04881,2024-11-22,12160.44,Denied,Fallen tree damage,batch_001,2026-07-31T17:58:20
CLM002982,POL00170,2024-11-22,3782.72,Denied,Windshield damage,batch_001,2026-07-31T17:58:20
CLM002983,POL01161,2024-11-22,8994.14,Approved,Emergency room visit,batch_001,2026-07-31T17:58:20
CLM002984,POL04732,2024-11-22,18551.21,Denied,Terminal illness claim,batch_001,2026-07-31T17:58:20
CLM002985,POL01691,2024-11-22,18634.69,Approved,Burglary,batch_001,2026-07-31T17:58:20
CLM002986,POL00885,2024-11-22,24139.78,Pending,Accidental death claim,batch_001,2026-07-31T17:58:20
CLM002987,POL04464,2024-11-22,22490.61,Denied,Vandalism damage,batch_001,2026-07-31T17:58:20
CLM002988,POL01434,2024-11-22,6706.20,Pending,Surgery reimbursement,batch_001,2026-07-31T17:58:20
CLM002989,POL02714,2024-11-23,9836.55,Denied,Theft of vehicle,batch_001,2026-07-31T17:58:20
CLM002990,POL02534,2024-11-23,4845.26,Pending,Fallen tree damage,batch_001,2026-07-31T17:58:20
CLM002991,POL02813,2024-11-23,20870.87,Approved,Prescription claim,batch_001,2026-07-31T17:58:20
CLM002992,POL03728,2024-11-23,14209.89,Denied,Surgery reimbursement,batch_001,2026-07-31T17:58:20
CLM002993,POL00903,2024-11-23,24239.80,Denied,Fire damage,batch_001,2026-07-31T17:58:20
CLM002994,POL03821,2024-11-23,17054.98,Pending,Theft of vehicle,batch_001,2026-07-31T17:58:20
CLM002995,POL04573,2024-11-24,16641.58,Denied,Prescription claim,batch_001,2026-07-31T17:58:20
CLM002996,POL02362,2024-11-24,1708.95,Denied,Medical procedure,batch_001,2026-07-31T17:58:20
CLM002997,POL03719,2024-11-24,1119.73,Denied,Accidental death claim,batch_001,2026-07-31T17:58:20
CLM002998,POL01012,2024-11-24,1424.51,Denied,Death benefit claim,batch_001,2026-07-31T17:58:20
CLM002999,POL03526,2024-11-25,8871.16,Approved,Water damage,batch_001,2026-07-31T17:58:20
CLM003000,POL02060,2024-11-25,3529.20,Denied,Accidental death claim,batch_001,2026-07-31T17:58:20
CLM003001,POL04594,2024-11-25,3960.42,Approved,Surgery reimbursement,batch_001,2026-07-31T17:58:20
CLM003002,POL01169,2024-11-25,24898.26,Approved,Prescription claim,batch_001,2026-07-31T17:58:20
CLM003003,POL04795,2024-11-26,22964.67,Denied,Emergency room visit,batch_001,2026-07-31T17:58:20
CLM003004,POL00264,2024-11-26,11882.13,Denied,Windshield damage,batch_001,2026-07-31T17:58:20
CLM003005,POL03165,2024-11-26,10621.83,Approved,Theft of vehicle,batch_001,2026-07-31T17:58:20
CLM003006,POL02475,2024-11-26,14966.27,Approved,Vandalism damage,batch_001,2026-07-31T17:58:20
CLM003007,POL03571,2024-11-26,17005.19,Denied,Accidental death claim,batch_001,2026-07-31T17:58:20
CLM003008,POL01141,2024-11-26,17114.70,Approved,Terminal illness claim,batch_001,2026-07-31T17:58:20
CLM003009,POL01112,2024-11-26,10466.18,Approved,Surgery reimbursement,batch_001,2026-07-31T17:58:20
CLM003010,POL02499,2024-11-27,2231.39,Pending,Hit and run,batch_001,2026-07-31T17:58:20
CLM003011,POL04472,2024-11-27,4665.97,Denied,Water damage,batch_001,2026-07-31T17:58:20
CLM003012,POL01136,2024-11-27,13211.63,Pending,Roof damage from storm,batch_001,2026-07-31T17:58:20
CLM003013,POL04128,2024-11-27,23378.51,Pending,Terminal illness claim,batch_001,2026-07-31T17:58:20
CLM003014,POL03837,2024-11-27,8919.43,Denied,Burglary,batch_001,2026-07-31T17:58:20
CLM003015,POL03361,2024-11-27,11585.97,Pending,Death benefit claim,batch_001,2026-07-31T17:58:20
CLM003016,POL03449,2024-11-27,2301.88,Approved,Hospital stay,batch_001,2026-07-31T17:58:20
CLM003017,POL02478,2024-11-27,19687.14,Pending,Accidental death claim,batch_001,2026-07-31T17:58:20
CLM003018,POL03057,2024-11-28,3269.14,Pending,Hospital stay,batch_001,2026-07-31T17:58:20
CLM003019,POL02404,2024-11-28,1433.05,Denied,Emergency room visit,batch_001,2026-07-31T17:58:20
CLM003020,POL03301,2024-11-28,16784.97,Denied,Vandalism damage,batch_001,2026-07-31T17:58:20
CLM003021,POL03771,2024-11-28,20996.03,Approved,Medical procedure,batch_001,2026-07-31T17:58:20
CLM003022,POL02214,2024-11-28,20764.37,Pending,Water damage,batch_001,2026-07-31T17:58:20
CLM003023,POL02732,2024-11-28,14899.06,Denied,Accidental death claim,batch_001,2026-07-31T17:58:20
CLM003024,POL03945,2024-11-28,17295.76,Approved,Death benefit claim,batch_001,2026-07-31T17:58:20
CLM003025,POL04790,2024-11-28,16892.88,Pending,Vehicle collision,batch_001,2026-07-31T17:58:20
CLM003026,POL01680,2024-11-28,12954.97,Pending,Prescription claim,batch_001,2026-07-31T17:58:20
CLM003027,POL01118,2024-11-29,5666.24,Pending,Fire damage,batch_001,2026-07-31T17:58:20
CLM003028,POL02465,2024-11-29,15743.16,Pending,Water damage,batch_001,2026-07-31T17:58:20
CLM003029,POL03973,2024-11-29,15629.23,Approved,Vehicle collision,batch_001,2026-07-31T17:58:20
CLM003030,POL00551,2024-11-29,100.89,Pending,Medical procedure,batch_001,2026-07-31T17:58:20
CLM003031,POL04259,2024-11-29,2511.90,Approved,Death benefit claim,batch_001,2026-07-31T17:58:20
CLM003032,POL03881,2024-11-29,713.94,Pending,Prescription claim,batch_001,2026-07-31T17:58:20
CLM003033,POL03201,2024-11-29,1485.76,Approved,Theft of vehicle,batch_001,2026-07-31T17:58:20
CLM003034,POL03315,2024-11-29,12144.62,Approved,Death benefit claim,batch_001,2026-07-31T17:58:20
CLM003035,POL04479,2024-11-30,6580.76,Pending,Accidental death claim,batch_001,2026-07-31T17:58:20
CLM003036,POL03598,2024-11-30,21496.92,Pending,Death benefit claim,batch_001,2026-07-31T17:58:20
CLM003037,POL03542,2024-11-30,3741.53,Approved,Emergency room visit,batch_001,2026-07-31T17:58:20
CLM003038,POL01161,2024-11-30,20481.90,Pending,Emergency room visit,batch_001,2026-07-31T17:58:20
CLM003039,POL01399,2024-11-30,12836.72,Pending,Fallen tree damage,batch_001,2026-07-31T17:58:20
CLM003040,POL01642,2024-11-30,11956.34,Denied,Surgery reimbursement,batch_001,2026-07-31T17:58:20
CLM003041,POL00820,2024-11-30,23981.38,Denied,Terminal illness claim,batch_001,2026-07-31T17:58:20
CLM003042,POL02255,2024-11-30,9840.61,Pending,Death benefit claim,batch_001,2026-07-31T17:58:20
CLM003043,POL03801,2024-11-30,10480.72,Denied,Windshield damage,batch_001,2026-07-31T17:58:20
CLM003044,POL00230,2024-12-01,7157.21,Approved,Hospital stay,batch_001,2026-07-31T17:58:20
CLM003045,POL03191,2024-12-01,374.39,Denied,Vehicle collision,batch_001,2026-07-31T17:58:20
CLM003046,POL05079,2024-12-01,11167.54,Denied,Fire damage,batch_001,2026-07-31T17:58:20
CLM003047,POL03834,2024-12-01,22072.36,Denied,Surgery reimbursement,batch_001,2026-07-31T17:58:20
CLM003048,POL00075,2024-12-02,24545.67,Denied,Fallen tree damage,batch_001,2026-07-31T17:58:20
CLM003049,POL04123,2024-12-02,5348.43,Pending,Hospital stay,batch_001,2026-07-31T17:58:20
CLM003050,POL03200,2024-12-02,12874.82,Approved,Accidental death claim,batch_001,2026-07-31T17:58:20
CLM003051,POL01241,2024-12-02,8861.49,Pending,Vandalism damage,batch_001,2026-07-31T17:58:20
CLM003052,POL02780,2024-12-02,11541.10,Approved,Terminal illness claim,batch_001,2026-07-31T17:58:20
CLM003053,POL02482,2024-12-02,23094.58,Approved,Prescription claim,batch_001,2026-07-31T17:58:20
CLM003054,POL03085,2024-12-02,24067.62,Pending,Accidental death claim,batch_001,2026-07-31T17:58:20
CLM003055,POL01478,2024-12-02,14443.37,Pending,Hospital stay,batch_001,2026-07-31T17:58:20
CLM003056,POL02124,2024-12-02,3322.61,Denied,Vandalism damage,batch_001,2026-07-31T17:58:20
CLM003057,POL04758,2024-12-03,8767.57,Pending,Hit and run,batch_001,2026-07-31T17:58:20
CLM003058,POL00554,2024-12-03,1218.74,Pending,Emergency room visit,batch_001,2026-07-31T17:58:20
CLM003059,POL01899,2024-12-03,2503.86,Approved,Hit and run,batch_001,2026-07-31T17:58:20
CLM003060,POL03903,2024-12-03,8159.12,Approved,Windshield damage,batch_001,2026-07-31T17:58:20
CLM003061,POL00864,2024-12-03,22504.88,Approved,Accidental death claim,batch_001,2026-07-31T17:58:20
CLM003062,POL03147,2024-12-03,18919.77,Denied,Death benefit claim,batch_001,2026-07-31T17:58:20
CLM003063,POL00508,2024-12-03,15336.40,Approved,Vehicle collision,batch_001,2026-07-31T17:58:20
CLM003064,POL00598,2024-12-03,11094.06,Denied,Hospital stay,batch_001,2026-07-31T17:58:20
CLM003065,POL00242,2024-12-03,23096.42,Denied,Death benefit claim,batch_001,2026-07-31T17:58:20
CLM003066,POL03683,2024-12-04,9502.96,Pending,Vandalism damage,batch_001,2026-07-31T17:58:20
CLM003067,POL04559,2024-12-04,5073.39,Denied,Hit and run,batch_001,2026-07-31T17:58:20
CLM003068,POL03585,2024-12-04,17003.34,Approved,Emergency room visit,batch_001,2026-07-31T17:58:20
CLM003069,POL01328,2024-12-04,10908.17,Pending,Windshield damage,batch_001,2026-07-31T17:58:20
CLM003070,POL00705,2024-12-04,14594.49,Pending,Medical procedure,batch_001,2026-07-31T17:58:20
CLM003071,POL01668,2024-12-04,927.66,Approved,Death benefit claim,batch_001,2026-07-31T17:58:20
CLM003072,POL02946,2024-12-05,19382.20,Pending,Fallen tree damage,batch_001,2026-07-31T17:58:20
CLM003073,POL00590,2024-12-05,8583.71,Pending,Accidental death claim,batch_001,2026-07-31T17:58:20
CLM003074,POL04327,2024-12-05,12454.77,Approved,Fallen tree damage,batch_001,2026-07-31T17:58:20
CLM003075,POL03881,2024-12-05,12571.17,Denied,Hospital stay,batch_001,2026-07-31T17:58:20
CLM003076,POL04577,2024-12-06,21350.20,Approved,Burglary,batch_001,2026-07-31T17:58:20
CLM003077,POL03503,2024-12-06,15674.22,Approved,Hospital stay,batch_001,2026-07-31T17:58:20
CLM003078,POL00641,2024-12-06,3267.09,Pending,Surgery reimbursement,batch_001,2026-07-31T17:58:20
CLM003079,POL00827,2024-12-06,3036.39,Approved,Medical procedure,batch_001,2026-07-31T17:58:20
CLM003080,POL04928,2024-12-06,13559.40,Approved,Windshield damage,batch_001,2026-07-31T17:58:20
CLM003081,POL02375,2024-12-07,23064.61,Denied,Burglary,batch_001,2026-07-31T17:58:20
CLM003082,POL02932,2024-12-07,1792.03,Approved,Terminal illness claim,batch_001,2026-07-31T17:58:20
CLM003083,POL00613,2024-12-07,13407.15,Approved,Accidental death claim,batch_001,2026-07-31T17:58:20
CLM003084,POL05008,2024-12-07,12551.17,Denied,Accidental death claim,batch_001,2026-07-31T17:58:20
CLM003085,POL00465,2024-12-07,13693.95,Approved,Accidental death claim,batch_001,2026-07-31T17:58:20
CLM003086,POL03859,2024-12-07,23429.48,Denied,Medical procedure,batch_001,2026-07-31T17:58:20
CLM003087,POL00265,2024-12-07,8517.33,Denied,Death benefit claim,batch_001,2026-07-31T17:58:20
CLM003088,POL02741,2024-12-07,22211.90,Approved,Death benefit claim,batch_001,2026-07-31T17:58:20
CLM003089,POL01674,2024-12-07,13722.47,Pending,Theft of vehicle,batch_001,2026-07-31T17:58:20
CLM003090,POL00511,2024-12-08,5966.87,Approved,Fallen tree damage,batch_001,2026-07-31T17:58:20
CLM003091,POL04998,2024-12-08,17606.96,Approved,Surgery reimbursement,batch_001,2026-07-31T17:58:20
CLM003092,POL00580,2024-12-08,23752.70,Pending,Hospital stay,batch_001,2026-07-31T17:58:20
CLM003093,POL00661,2024-12-08,22199.21,Denied,Death benefit claim,batch_001,2026-07-31T17:58:20
CLM003094,POL02217,2024-12-08,18110.91,Approved,Medical procedure,batch_001,2026-07-31T17:58:20
CLM003095,POL04069,2024-12-08,12739.35,Pending,Roof damage from storm,batch_001,2026-07-31T17:58:20
CLM003096,POL03535,2024-12-08,11992.06,Approved,Vehicle collision,batch_001,2026-07-31T17:58:20
CLM003097,POL00454,2024-12-09,756.21,Approved,Accidental death claim,batch_001,2026-07-31T17:58:20
CLM003098,POL04982,2024-12-09,21521.33,Pending,Medical procedure,batch_001,2026-07-31T17:58:20
CLM003099,POL04527,2024-12-09,12106.12,Denied,Prescription claim,batch_001,2026-07-31T17:58:20
CLM003100,POL01026,2024-12-10,10799.99,Denied,Hospital stay,batch_001,2026-07-31T17:58:20
CLM003101,POL01129,2024-12-10,2978.02,Approved,Hospital stay,batch_001,2026-07-31T17:58:20
CLM003102,POL03013,2024-12-10,8859.55,Denied,Burglary,batch_001,2026-07-31T17:58:20
CLM003103,POL00475,2024-12-10,6030.44,Approved,Hospital stay,batch_001,2026-07-31T17:58:20
CLM003104,POL00083,2024-12-10,5755.43,Pending,Accidental death claim,batch_001,2026-07-31T17:58:20
CLM003105,POL04654,2024-12-10,1239.92,Approved,Fire damage,batch_001,2026-07-31T17:58:20
CLM003106,POL00466,2024-12-10,2007.63,Approved,Burglary,batch_001,2026-07-31T17:58:20
CLM003107,POL01480,2024-12-10,7136.64,Denied,Surgery reimbursement,batch_001,2026-07-31T17:58:20
CLM003108,POL04935,2024-12-10,16414.70,Approved,Theft of vehicle,batch_001,2026-07-31T17:58:20
CLM003109,POL01063,2024-12-10,15192.48,Denied,Medical procedure,batch_001,2026-07-31T17:58:20
CLM003110,POL00630,2024-12-10,2001.81,Pending,Death benefit claim,batch_001,2026-07-31T17:58:20
CLM003111,POL04055,2024-12-11,17660.85,Denied,Emergency room visit,batch_001,2026-07-31T17:58:20
CLM003112,POL03634,2024-12-11,17857.03,Denied,Fallen tree damage,batch_001,2026-07-31T17:58:20
CLM003113,POL02398,2024-12-11,21737.38,Approved,Hospital stay,batch_001,2026-07-31T17:58:20
CLM003114,POL02192,2024-12-11,8039.59,Pending,Accidental death claim,batch_001,2026-07-31T17:58:20
CLM003115,POL00856,2024-12-11,1444.54,Denied,Hospital stay,batch_001,2026-07-31T17:58:20
CLM003116,POL03984,2024-12-11,7066.62,Approved,Windshield damage,batch_001,2026-07-31T17:58:20
CLM003117,POL04268,2024-12-12,5840.34,Pending,Hospital stay,batch_001,2026-07-31T17:58:20
CLM003118,POL01727,2024-12-12,3156.43,Pending,Windshield damage,batch_001,2026-07-31T17:58:20
CLM003119,POL00294,2024-12-12,24449.95,Pending,Hit and run,batch_001,2026-07-31T17:58:20
CLM003120,POL03718,2024-12-12,23830.82,Approved,Burglary,batch_001,2026-07-31T17:58:20
CLM003121,POL00277,2024-12-12,6830.43,Pending,Hit and run,batch_001,2026-07-31T17:58:20
CLM003122,POL02461,2024-12-12,20696.75,Approved,Death benefit claim,batch_001,2026-07-31T17:58:20
CLM003123,POL02287,2024-12-12,21378.90,Denied,Burglary,batch_001,2026-07-31T17:58:20
CLM003124,POL00155,2024-12-12,21583.04,Denied,Burglary,batch_001,2026-07-31T17:58:20
CLM003125,POL00364,2024-12-13,5688.77,Denied,Emergency room visit,batch_001,2026-07-31T17:58:20
CLM003126,POL03532,2024-12-13,13359.05,Pending,Terminal illness claim,batch_001,2026-07-31T17:58:20
CLM003127,POL00257,2024-12-13,13584.57,Denied,Water damage,batch_001,2026-07-31T17:58:20
CLM003128,POL04987,2024-12-13,18886.50,Denied,Roof damage from storm,batch_001,2026-07-31T17:58:20
CLM003129,POL04842,2024-12-13,5491.95,Approved,Theft of vehicle,batch_001,2026-07-31T17:58:20
CLM003130,POL05092,2024-12-13,10908.49,Denied,Water damage,batch_001,2026-07-31T17:58:20
CLM003131,POL00895,2024-12-14,13877.02,Pending,Roof damage from storm,batch_001,2026-07-31T17:58:20
CLM003132,POL04381,2024-12-14,11641.21,Pending,Hospital stay,batch_001,2026-07-31T17:58:20
CLM003133,POL04251,2024-12-14,6576.51,Denied,Terminal illness claim,batch_001,2026-07-31T17:58:20
CLM003134,POL01952,2024-12-14,3383.63,Approved,Theft of vehicle,batch_001,2026-07-31T17:58:20
CLM003135,POL02248,2024-12-14,2229.87,Approved,Accidental death claim,batch_001,2026-07-31T17:58:20
CLM003136,POL02424,2024-12-14,8504.56,Denied,Medical procedure,batch_001,2026-07-31T17:58:20
CLM003137,POL05043,2024-12-14,6929.32,Denied,Accidental death claim,batch_001,2026-07-31T17:58:20
CLM003138,POL02053,2024-12-14,19582.41,Pending,Death benefit claim,batch_001,2026-07-31T17:58:20
CLM003139,POL01019,2024-12-14,7741.69,Pending,Terminal illness claim,batch_001,2026-07-31T17:58:20
CLM003140,POL02167,2024-12-14,21205.06,Denied,Terminal illness claim,batch_001,2026-07-31T17:58:20
CLM003141,POL00142,2024-12-15,11053.74,Denied,Water damage,batch_001,2026-07-31T17:58:20
CLM003142,POL02939,2024-12-15,12057.18,Pending,Emergency room visit,batch_001,2026-07-31T17:58:20
CLM003143,POL03348,2024-12-15,1558.76,Approved,Theft of vehicle,batch_001,2026-07-31T17:58:20
CLM003144,POL05000,2024-12-15,13831.05,Approved,Hit and run,batch_001,2026-07-31T17:58:20
CLM003145,POL01473,2024-12-15,6524.37,Denied,Terminal illness claim,batch_001,2026-07-31T17:58:20
CLM003146,POL04055,2024-12-15,3267.84,Pending,Emergency room visit,batch_001,2026-07-31T17:58:20
CLM003147,POL01204,2024-12-15,21793.86,Pending,Medical procedure,batch_001,2026-07-31T17:58:20
CLM003148,POL01907,2024-12-16,2949.72,Approved,Death benefit claim,batch_001,2026-07-31T17:58:20
CLM003149,POL04152,2024-12-16,21528.20,Pending,Roof damage from storm,batch_001,2026-07-31T17:58:20
CLM003150,POL00344,2024-12-16,13879.85,Approved,Vehicle collision,batch_001,2026-07-31T17:58:20
CLM003151,POL02123,2024-12-16,24384.53,Approved,Surgery reimbursement,batch_001,2026-07-31T17:58:20
CLM003152,POL04428,2024-12-16,17986.15,Pending,Death benefit claim,batch_001,2026-07-31T17:58:20
CLM003153,POL02865,2024-12-16,2818.17,Pending,Hit and run,batch_001,2026-07-31T17:58:20
CLM003154,POL00928,2024-12-16,12824.78,Approved,Emergency room visit,batch_001,2026-07-31T17:58:20
CLM003155,POL02669,2024-12-17,14302.11,Pending,Prescription claim,batch_001,2026-07-31T17:58:20
CLM003156,POL00585,2024-12-17,16082.99,Denied,Fire damage,batch_001,2026-07-31T17:58:20
CLM003157,POL00203,2024-12-17,8230.86,Denied,Surgery reimbursement,batch_001,2026-07-31T17:58:20
CLM003158,POL03344,2024-12-17,22445.07,Denied,Burglary,batch_001,2026-07-31T17:58:20
CLM003159,POL02409,2024-12-17,15585.72,Approved,Surgery reimbursement,batch_001,2026-07-31T17:58:20
CLM003160,POL00366,2024-12-18,7342.73,Approved,Fallen tree damage,batch_001,2026-07-31T17:58:20
CLM003161,POL00210,2024-12-18,2745.18,Approved,Roof damage from storm,batch_001,2026-07-31T17:58:20
CLM003162,POL04185,2024-12-18,17922.62,Pending,Hospital stay,batch_001,2026-07-31T17:58:20
CLM003163,POL04764,2024-12-18,17849.72,Approved,Burglary,batch_001,2026-07-31T17:58:20
CLM003164,POL04774,2024-12-18,911.73,Pending,Fire damage,batch_001,2026-07-31T17:58:20
CLM003165,POL03122,2024-12-19,19089.03,Pending,Water damage,batch_001,2026-07-31T17:58:20
CLM003166,POL00634,2024-12-19,23969.77,Approved,Vandalism damage,batch_001,2026-07-31T17:58:20
CLM003167,POL04125,2024-12-19,24945.54,Pending,Fallen tree damage,batch_001,2026-07-31T17:58:20
CLM003168,POL03425,2024-12-19,13520.29,Approved,Vandalism damage,batch_001,2026-07-31T17:58:20
CLM003169,POL00422,2024-12-19,15216.84,Pending,Hospital stay,batch_001,2026-07-31T17:58:20
CLM003170,POL04263,2024-12-20,11081.33,Denied,Windshield damage,batch_001,2026-07-31T17:58:20
CLM003171,POL04713,2024-12-20,7397.33,Approved,Surgery reimbursement,batch_001,2026-07-31T17:58:20
CLM003172,POL01992,2024-12-20,19995.25,Denied,Death benefit claim,batch_001,2026-07-31T17:58:20
CLM003173,POL03735,2024-12-20,7938.93,Approved,Windshield damage,batch_001,2026-07-31T17:58:20
CLM003174,POL03646,2024-12-21,18346.68,Denied,Terminal illness claim,batch_001,2026-07-31T17:58:20
CLM003175,POL00653,2024-12-21,8864.42,Pending,Death benefit claim,batch_001,2026-07-31T17:58:20
CLM003176,POL02968,2024-12-21,16367.92,Pending,Emergency room visit,batch_001,2026-07-31T17:58:20
CLM003177,POL03678,2024-12-21,19678.97,Approved,Hospital stay,batch_001,2026-07-31T17:58:20
CLM003178,POL01027,2024-12-21,23150.35,Approved,Terminal illness claim,batch_001,2026-07-31T17:58:20
CLM003179,POL04791,2024-12-21,16680.98,Pending,Theft of vehicle,batch_001,2026-07-31T17:58:20
CLM003180,POL02351,2024-12-21,8605.14,Approved,Vehicle collision,batch_001,2026-07-31T17:58:20
CLM003181,POL03347,2024-12-21,10583.46,Approved,Vandalism damage,batch_001,2026-07-31T17:58:20
CLM003182,POL04049,2024-12-22,15852.48,Approved,Fire damage,batch_001,2026-07-31T17:58:20
CLM003183,POL03720,2024-12-22,486.26,Approved,Terminal illness claim,batch_001,2026-07-31T17:58:20
CLM003184,POL02158,2024-12-22,19161.19,Pending,Prescription claim,batch_001,2026-07-31T17:58:20
CLM003185,POL00828,2024-12-22,3247.31,Approved,Burglary,batch_001,2026-07-31T17:58:20
CLM003186,POL00197,2024-12-22,17282.16,Approved,Windshield damage,batch_001,2026-07-31T17:58:20
CLM003187,POL04219,2024-12-23,21685.31,Denied,Prescription claim,batch_001,2026-07-31T17:58:20
CLM003188,POL02903,2024-12-23,3273.58,Pending,Hospital stay,batch_001,2026-07-31T17:58:20
CLM003189,POL01978,2024-12-24,17828.39,Approved,Roof damage from storm,batch_001,2026-07-31T17:58:20
CLM003190,POL02758,2024-12-24,14827.80,Pending,Water damage,batch_001,2026-07-31T17:58:20
CLM003191,POL00371,2024-12-24,1936.44,Denied,Terminal illness claim,batch_001,2026-07-31T17:58:20
CLM003192,POL03350,2024-12-24,15807.72,Pending,Terminal illness claim,batch_001,2026-07-31T17:58:20
CLM003193,POL02370,2024-12-24,18965.74,Pending,Fire damage,batch_001,2026-07-31T17:58:20
CLM003194,POL01503,2024-12-24,18120.32,Pending,Fallen tree damage,batch_001,2026-07-31T17:58:20
CLM003195,POL00687,2024-12-24,3891.18,Approved,Vandalism damage,batch_001,2026-07-31T17:58:20
CLM003196,POL04859,2024-12-25,9309.86,Pending,Hit and run,batch_001,2026-07-31T17:58:20
CLM003197,POL03108,2024-12-25,8078.88,Approved,Vandalism damage,batch_001,2026-07-31T17:58:20
CLM003198,POL04818,2024-12-25,7054.56,Approved,Fire damage,batch_001,2026-07-31T17:58:20
CLM003199,POL02436,2024-12-25,12383.01,Approved,Accidental death claim,batch_001,2026-07-31T17:58:20
CLM003200,POL04241,2024-12-25,22442.81,Pending,Fallen tree damage,batch_001,2026-07-31T17:58:20
CLM003201,POL03496,2024-12-25,7202.90,Denied,Roof damage from storm,batch_001,2026-07-31T17:58:20
CLM003202,POL01462,2024-12-25,23842.49,Approved,Windshield damage,batch_001,2026-07-31T17:58:20
CLM003203,POL03527,2024-12-25,13026.46,Pending,Vandalism damage,batch_001,2026-07-31T17:58:20
CLM003204,POL02576,2024-12-25,2576.72,Denied,Fire damage,batch_001,2026-07-31T17:58:20
CLM003205,POL00972,2024-12-26,7267.29,Denied,Terminal illness claim,batch_001,2026-07-31T17:58:20
CLM003206,POL01833,2024-12-26,22145.19,Denied,Terminal illness claim,batch_001,2026-07-31T17:58:20
CLM003207,POL04966,2024-12-26,18861.37,Approved,Accidental death claim,batch_001,2026-07-31T17:58:20
CLM003208,POL02283,2024-12-26,3610.98,Approved,Accidental death claim,batch_001,2026-07-31T17:58:20
CLM003209,POL04168,2024-12-26,18896.13,Approved,Vandalism damage,batch_001,2026-07-31T17:58:20
CLM003210,POL00326,2024-12-26,24000.43,Pending,Accidental death claim,batch_001,2026-07-31T17:58:20
CLM003211,POL01599,2024-12-26,265.96,Approved,Terminal illness claim,batch_001,2026-07-31T17:58:20
CLM003212,POL01665,2024-12-26,7117.75,Pending,Burglary,batch_001,2026-07-31T17:58:20
CLM003213,POL03645,2024-12-26,13070.26,Denied,Surgery reimbursement,batch_001,2026-07-31T17:58:20
CLM003214,POL00898,2024-12-26,17934.65,Approved,Terminal illness claim,batch_001,2026-07-31T17:58:20
CLM003215,POL03542,2024-12-26,12382.06,Approved,Emergency room visit,batch_001,2026-07-31T17:58:20
CLM003216,POL02282,2024-12-27,18317.68,Approved,Terminal illness claim,batch_001,2026-07-31T17:58:20
CLM003217,POL00648,2024-12-27,18632.51,Approved,Medical procedure,batch_001,2026-07-31T17:58:20
CLM003218,POL02680,2024-12-27,4002.51,Denied,Surgery reimbursement,batch_001,2026-07-31T17:58:20
CLM003219,POL03715,2024-12-27,15802.54,Pending,Accidental death claim,batch_001,2026-07-31T17:58:20
CLM003220,POL00607,2024-12-27,17699.56,Denied,Medical procedure,batch_001,2026-07-31T17:58:20
CLM003221,POL03551,2024-12-27,2600.93,Pending,Hospital stay,batch_001,2026-07-31T17:58:20
CLM003222,POL02602,2024-12-27,4840.93,Pending,Accidental death claim,batch_001,2026-07-31T17:58:20
CLM003223,POL00292,2024-12-27,23734.65,Pending,Medical procedure,batch_001,2026-07-31T17:58:20
CLM003224,POL02015,2024-12-27,3508.18,Denied,Fire damage,batch_001,2026-07-31T17:58:20
CLM003225,POL01603,2024-12-27,6705.62,Approved,Hit and run,batch_001,2026-07-31T17:58:20
CLM003226,POL01533,2024-12-27,18365.66,Denied,Emergency room visit,batch_001,2026-07-31T17:58:20
CLM003227,POL01627,2024-12-28,15905.84,Approved,Vandalism damage,batch_001,2026-07-31T17:58:20
CLM003228,POL01755,2024-12-28,179.62,Approved,Terminal illness claim,batch_001,2026-07-31T17:58:20
CLM003229,POL04569,2024-12-28,15319.31,Pending,Emergency room visit,batch_001,2026-07-31T17:58:20
CLM003230,POL00318,2024-12-28,10512.17,Denied,Fallen tree damage,batch_001,2026-07-31T17:58:20
CLM003231,POL03116,2024-12-28,15812.56,Approved,Roof damage from storm,batch_001,2026-07-31T17:58:20
CLM003232,POL03967,2024-12-29,13308.48,Approved,Theft of vehicle,batch_001,2026-07-31T17:58:20
CLM003233,POL01900,2024-12-29,21888.47,Pending,Burglary,batch_001,2026-07-31T17:58:20
CLM003234,POL04016,2024-12-29,19938.98,Denied,Vandalism damage,batch_001,2026-07-31T17:58:20
CLM003235,POL02926,2024-12-29,13630.99,Denied,Water damage,batch_001,2026-07-31T17:58:20
CLM003236,POL01794,2024-12-29,2897.95,Denied,Prescription claim,batch_001,2026-07-31T17:58:20
CLM003237,POL03664,2024-12-30,8202.39,Pending,Hit and run,batch_001,2026-07-31T17:58:20
CLM003238,POL00949,2024-12-30,4487.24,Denied,Water damage,batch_001,2026-07-31T17:58:20
CLM003239,POL02848,2024-12-30,17454.52,Pending,Emergency room visit,batch_001,2026-07-31T17:58:20
CLM003240,POL03963,2024-12-31,21019.01,Denied,Accidental death claim,batch_001,2026-07-31T17:58:20
CLM003241,POL03376,2024-12-31,17211.83,Approved,Theft of vehicle,batch_001,2026-07-31T17:58:20
CLM003242,POL02195,2024-12-31,12736.44,Denied,Vehicle collision,batch_001,2026-07-31T17:58:20
CLM003243,POL04607,2024-12-31,19317.79,Denied,Roof damage from storm,batch_001,2026-07-31T17:58:20
CLM003244,POL03369,2025-01-01,9845.32,Denied,Burglary,batch_001,2026-07-31T17:58:20
CLM003245,POL03266,2025-01-01,6591.41,Approved,Theft of vehicle,batch_001,2026-07-31T17:58:20
CLM003246,POL03978,2025-01-01,18231.85,Denied,Vehicle collision,batch_001,2026-07-31T17:58:20
CLM003247,POL02528,2025-01-01,11246.15,Approved,Vandalism damage,batch_001,2026-07-31T17:58:20
CLM003248,POL01365,2025-01-01,13446.73,Pending,Water damage,batch_001,2026-07-31T17:58:20
CLM003249,POL05025,2025-01-01,15307.71,Approved,Vandalism damage,batch_001,2026-07-31T17:58:20
CLM003250,POL04422,2025-01-02,596.01,Pending,Medical procedure,batch_001,2026-07-31T17:58:20
CLM003251,POL03107,2025-01-02,2347.29,Pending,Roof damage from storm,batch_001,2026-07-31T17:58:20
CLM003252,POL02890,2025-01-02,19194.37,Pending,Death benefit claim,batch_001,2026-07-31T17:58:20
CLM003253,POL00404,2025-01-03,13014.36,Denied,Accidental death claim,batch_001,2026-07-31T17:58:20
CLM003254,POL01626,2025-01-03,24631.91,Pending,Burglary,batch_001,2026-07-31T17:58:20
CLM003255,POL01879,2025-01-03,7325.67,Approved,Roof damage from storm,batch_001,2026-07-31T17:58:20
CLM003256,POL02716,2025-01-03,10393.54,Pending,Accidental death claim,batch_001,2026-07-31T17:58:20
CLM003257,POL02038,2025-01-03,23506.34,Approved,Medical procedure,batch_001,2026-07-31T17:58:20
CLM003258,POL04314,2025-01-03,2652.77,Denied,Prescription claim,batch_001,2026-07-31T17:58:20
CLM003259,POL00347,2025-01-03,4007.94,Denied,Death benefit claim,batch_001,2026-07-31T17:58:20
CLM003260,POL01885,2025-01-04,15825.73,Pending,Emergency room visit,batch_001,2026-07-31T17:58:20
CLM003261,POL00277,2025-01-04,6884.21,Approved,Hit and run,batch_001,2026-07-31T17:58:20
CLM003262,POL03283,2025-01-05,3366.71,Pending,Theft of vehicle,batch_001,2026-07-31T17:58:20
CLM003263,POL00696,2025-01-05,2005.52,Pending,Accidental death claim,batch_001,2026-07-31T17:58:20
CLM003264,POL03403,2025-01-05,601.84,Pending,Fallen tree damage,batch_001,2026-07-31T17:58:20
CLM003265,POL04956,2025-01-05,22982.47,Approved,Fallen tree damage,batch_001,2026-07-31T17:58:20
CLM003266,POL03205,2025-01-05,4937.67,Pending,Surgery reimbursement,batch_001,2026-07-31T17:58:20
CLM003267,POL02652,2025-01-05,10686.30,Pending,Vehicle collision,batch_001,2026-07-31T17:58:20
CLM003268,POL02476,2025-01-05,6923.84,Approved,Medical procedure,batch_001,2026-07-31T17:58:20
CLM003269,POL02165,2025-01-05,24234.63,Pending,Prescription claim,batch_001,2026-07-31T17:58:20
CLM003270,POL03085,2025-01-05,7351.84,Approved,Death benefit claim,batch_001,2026-07-31T17:58:20
CLM003271,POL03329,2025-01-05,14068.81,Denied,Roof damage from storm,batch_001,2026-07-31T17:58:20
CLM003272,POL04369,2025-01-06,12714.18,Denied,Vehicle collision,batch_001,2026-07-31T17:58:20
CLM003273,POL04072,2025-01-06,18216.18,Denied,Fallen tree damage,batch_001,2026-07-31T17:58:20
CLM003274,POL00888,2025-01-06,11361.53,Pending,Water damage,batch_001,2026-07-31T17:58:20
CLM003275,POL03256,2025-01-06,19303.02,Denied,Roof damage from storm,batch_001,2026-07-31T17:58:20
CLM003276,POL03906,2025-01-06,14122.52,Pending,Theft of vehicle,batch_001,2026-07-31T17:58:20
CLM003277,POL02724,2025-01-06,3679.90,Pending,Medical procedure,batch_001,2026-07-31T17:58:20
CLM003278,POL00782,2025-01-06,14066.05,Approved,Prescription claim,batch_001,2026-07-31T17:58:20
CLM003279,POL04862,2025-01-07,6324.23,Approved,Hit and run,batch_001,2026-07-31T17:58:20
CLM003280,POL05051,2025-01-07,20967.95,Pending,Vandalism damage,batch_001,2026-07-31T17:58:20
CLM003281,POL01905,2025-01-07,1567.43,Denied,Roof damage from storm,batch_001,2026-07-31T17:58:20
CLM003282,POL03374,2025-01-07,7855.23,Denied,Death benefit claim,batch_001,2026-07-31T17:58:20
CLM003283,POL00300,2025-01-08,8103.93,Pending,Fallen tree damage,batch_001,2026-07-31T17:58:20
CLM003284,POL03331,2025-01-08,21798.56,Denied,Emergency room visit,batch_001,2026-07-31T17:58:20
CLM003285,POL04608,2025-01-08,19887.93,Pending,Terminal illness claim,batch_001,2026-07-31T17:58:20
CLM003286,POL02565,2025-01-08,23990.93,Approved,Terminal illness claim,batch_001,2026-07-31T17:58:20
CLM003287,POL03780,2025-01-08,17750.82,Pending,Accidental death claim,batch_001,2026-07-31T17:58:20
CLM003288,POL00668,2025-01-09,23038.64,Denied,Medical procedure,batch_001,2026-07-31T17:58:20
CLM003289,POL03078,2025-01-09,3269.33,Approved,Fire damage,batch_001,2026-07-31T17:58:20
CLM003290,POL04260,2025-01-09,18728.90,Approved,Fire damage,batch_001,2026-07-31T17:58:20
CLM003291,POL03585,2025-01-09,21756.75,Approved,Medical procedure,batch_001,2026-07-31T17:58:20
CLM003292,POL03475,2025-01-09,12430.09,Pending,Fallen tree damage,batch_001,2026-07-31T17:58:20
CLM003293,POL03992,2025-01-10,3582.65,Pending,Terminal illness claim,batch_001,2026-07-31T17:58:20
CLM003294,POL03272,2025-01-10,330.54,Approved,Prescription claim,batch_001,2026-07-31T17:58:20
CLM003295,POL02411,2025-01-10,18026.58,Pending,Theft of vehicle,batch_001,2026-07-31T17:58:20
CLM003296,POL04281,2025-01-10,8127.41,Denied,Vandalism damage,batch_001,2026-07-31T17:58:20
CLM003297,POL01360,2025-01-10,3623.79,Pending,Fire damage,batch_001,2026-07-31T17:58:20
CLM003298,POL05030,2025-01-11,23804.68,Denied,Vandalism damage,batch_001,2026-07-31T17:58:20
CLM003299,POL04953,2025-01-11,6355.86,Denied,Death benefit claim,batch_001,2026-07-31T17:58:20
CLM003300,POL02705,2025-01-11,23184.28,Pending,Emergency room visit,batch_001,2026-07-31T17:58:20
CLM003301,POL01346,2025-01-11,13157.02,Denied,Water damage,batch_001,2026-07-31T17:58:20
CLM003302,POL02603,2025-01-11,10465.94,Approved,Terminal illness claim,batch_001,2026-07-31T17:58:20
CLM003303,POL00550,2025-01-12,24833.43,Approved,Terminal illness claim,batch_001,2026-07-31T17:58:20
CLM003304,POL01538,2025-01-12,5061.76,Approved,Fallen tree damage,batch_001,2026-07-31T17:58:20
CLM003305,POL03757,2025-01-12,8342.77,Approved,Vandalism damage,batch_001,2026-07-31T17:58:20
CLM003306,POL03840,2025-01-13,14901.92,Approved,Surgery reimbursement,batch_001,2026-07-31T17:58:20
CLM003307,POL04581,2025-01-13,22095.25,Denied,Medical procedure,batch_001,2026-07-31T17:58:20
CLM003308,POL01579,2025-01-13,6937.06,Denied,Vandalism damage,batch_001,2026-07-31T17:58:20
CLM003309,POL02505,2025-01-13,9245.14,Denied,Roof damage from storm,batch_001,2026-07-31T17:58:20
CLM003310,POL04597,2025-01-13,13571.32,Pending,Windshield damage,batch_001,2026-07-31T17:58:20
CLM003311,POL00635,2025-01-13,14856.71,Approved,Accidental death claim,batch_001,2026-07-31T17:58:20
CLM003312,POL01774,2025-01-13,7071.64,Denied,Hospital stay,batch_001,2026-07-31T17:58:20
CLM003313,POL00839,2025-01-13,3254.93,Pending,Vandalism damage,batch_001,2026-07-31T17:58:20
CLM003314,POL03138,2025-01-13,8320.99,Pending,Fallen tree damage,batch_001,2026-07-31T17:58:20
CLM003315,POL02272,2025-01-14,24169.81,Pending,Fallen tree damage,batch_001,2026-07-31T17:58:20
CLM003316,POL03879,2025-01-14,5311.74,Approved,Windshield damage,batch_001,2026-07-31T17:58:20
CLM003317,POL01774,2025-01-14,2374.32,Pending,Emergency room visit,batch_001,2026-07-31T17:58:20
CLM003318,POL01175,2025-01-14,4203.98,Approved,Terminal illness claim,batch_001,2026-07-31T17:58:20
CLM003319,POL00638,2025-01-14,22409.24,Approved,Death benefit claim,batch_001,2026-07-31T17:58:20
CLM003320,POL04192,2025-01-14,20200.14,Denied,Burglary,batch_001,2026-07-31T17:58:20
CLM003321,POL02680,2025-01-15,7633.70,Approved,Emergency room visit,batch_001,2026-07-31T17:58:20
CLM003322,POL04589,2025-01-15,9891.84,Denied,Accidental death claim,batch_001,2026-07-31T17:58:20
CLM003323,POL03887,2025-01-15,8939.29,Pending,Terminal illness claim,batch_001,2026-07-31T17:58:20
CLM003324,POL04348,2025-01-15,2047.17,Pending,Death benefit claim,batch_001,2026-07-31T17:58:20
CLM003325,POL01361,2025-01-15,23642.70,Denied,Windshield damage,batch_001,2026-07-31T17:58:20
CLM003326,POL03582,2025-01-15,14056.10,Denied,Surgery reimbursement,batch_001,2026-07-31T17:58:20
CLM003327,POL00986,2025-01-15,13991.84,Denied,Accidental death claim,batch_001,2026-07-31T17:58:20
CLM003328,POL02853,2025-01-15,4532.51,Denied,Prescription claim,batch_001,2026-07-31T17:58:20
CLM003329,POL02835,2025-01-15,18239.44,Approved,Fallen tree damage,batch_001,2026-07-31T17:58:20
CLM003330,POL04586,2025-01-15,21919.74,Approved,Burglary,batch_001,2026-07-31T17:58:20
CLM003331,POL03066,2025-01-15,4557.24,Pending,Death benefit claim,batch_001,2026-07-31T17:58:20
CLM003332,POL01605,2025-01-16,11107.81,Pending,Emergency room visit,batch_001,2026-07-31T17:58:20
CLM003333,POL00046,2025-01-16,14696.09,Denied,Death benefit claim,batch_001,2026-07-31T17:58:20
CLM003334,POL03022,2025-01-16,22903.60,Pending,Death benefit claim,batch_001,2026-07-31T17:58:20
CLM003335,POL04971,2025-01-16,6898.39,Pending,Surgery reimbursement,batch_001,2026-07-31T17:58:20
CLM003336,POL03922,2025-01-16,10017.52,Pending,Theft of vehicle,batch_001,2026-07-31T17:58:20
CLM003337,POL02247,2025-01-16,15669.23,Pending,Death benefit claim,batch_001,2026-07-31T17:58:20
CLM003338,POL03857,2025-01-16,24931.07,Pending,Terminal illness claim,batch_001,2026-07-31T17:58:20
CLM003339,POL04017,2025-01-17,4426.90,Pending,Vandalism damage,batch_001,2026-07-31T17:58:20
CLM003340,POL00852,2025-01-17,1051.02,Approved,Vandalism damage,batch_001,2026-07-31T17:58:20
CLM003341,POL01255,2025-01-17,17670.43,Approved,Death benefit claim,batch_001,2026-07-31T17:58:20
CLM003342,POL00679,2025-01-17,10547.36,Approved,Water damage,batch_001,2026-07-31T17:58:20
CLM003343,POL03633,2025-01-17,15973.21,Approved,Theft of vehicle,batch_001,2026-07-31T17:58:20
CLM003344,POL00799,2025-01-17,21461.47,Denied,Windshield damage,batch_001,2026-07-31T17:58:20
CLM003345,POL05030,2025-01-18,18462.60,Denied,Theft of vehicle,batch_001,2026-07-31T17:58:20
CLM003346,POL01387,2025-01-18,22652.55,Pending,Accidental death claim,batch_001,2026-07-31T17:58:20
CLM003347,POL03001,2025-01-18,12956.88,Pending,Terminal illness claim,batch_001,2026-07-31T17:58:20
CLM003348,POL03411,2025-01-18,20959.15,Pending,Water damage,batch_001,2026-07-31T17:58:20
CLM003349,POL00533,2025-01-18,4904.20,Pending,Windshield damage,batch_001,2026-07-31T17:58:20
CLM003350,POL02185,2025-01-18,2190.82,Denied,Vehicle collision,batch_001,2026-07-31T17:58:20
CLM003351,POL02258,2025-01-19,15252.37,Pending,Vandalism damage,batch_001,2026-07-31T17:58:20
CLM003352,POL03353,2025-01-19,4406.91,Pending,Water damage,batch_001,2026-07-31T17:58:20
CLM003353,POL02550,2025-01-19,6916.70,Denied,Death benefit claim,batch_001,2026-07-31T17:58:20
CLM003354,POL02798,2025-01-19,11709.68,Pending,Water damage,batch_001,2026-07-31T17:58:20
CLM003355,POL04639,2025-01-19,23263.79,Approved,Death benefit claim,batch_001,2026-07-31T17:58:20
CLM003356,POL00742,2025-01-20,4644.27,Approved,Emergency room visit,batch_001,2026-07-31T17:58:20
CLM003357,POL02601,2025-01-20,14819.60,Approved,Death benefit claim,batch_001,2026-07-31T17:58:20
CLM003358,POL00086,2025-01-20,5516.39,Denied,Prescription claim,batch_001,2026-07-31T17:58:20
CLM003359,POL00666,2025-01-20,21942.24,Approved,Theft of vehicle,batch_001,2026-07-31T17:58:20
CLM003360,POL01566,2025-01-20,18710.47,Pending,Death benefit claim,batch_001,2026-07-31T17:58:20
CLM003361,POL02544,2025-01-20,1428.05,Pending,Terminal illness claim,batch_001,2026-07-31T17:58:20
CLM003362,POL01459,2025-01-21,7046.19,Pending,Surgery reimbursement,batch_001,2026-07-31T17:58:20
CLM003363,POL03392,2025-01-21,5726.41,Approved,Terminal illness claim,batch_001,2026-07-31T17:58:20
CLM003364,POL01633,2025-01-21,4510.09,Denied,Theft of vehicle,batch_001,2026-07-31T17:58:20
CLM003365,POL03602,2025-01-21,6687.17,Denied,Surgery reimbursement,batch_001,2026-07-31T17:58:20
CLM003366,POL04741,2025-01-21,9153.97,Pending,Hospital stay,batch_001,2026-07-31T17:58:20
CLM003367,POL03684,2025-01-21,20754.55,Pending,Emergency room visit,batch_001,2026-07-31T17:58:20
CLM003368,POL00301,2025-01-22,23746.66,Pending,Burglary,batch_001,2026-07-31T17:58:20
CLM003369,POL01276,2025-01-22,13494.92,Approved,Burglary,batch_001,2026-07-31T17:58:20
CLM003370,POL02842,2025-01-22,16185.60,Pending,Roof damage from storm,batch_001,2026-07-31T17:58:20
CLM003371,POL01700,2025-01-22,8620.31,Pending,Fallen tree damage,batch_001,2026-07-31T17:58:20
CLM003372,POL02204,2025-01-22,2359.86,Approved,Roof damage from storm,batch_001,2026-07-31T17:58:20
CLM003373,POL01788,2025-01-22,11745.44,Approved,Vehicle collision,batch_001,2026-07-31T17:58:20
CLM003374,POL04236,2025-01-23,16492.47,Approved,Burglary,batch_001,2026-07-31T17:58:20
CLM003375,POL01146,2025-01-23,11734.45,Denied,Theft of vehicle,batch_001,2026-07-31T17:58:20
CLM003376,POL04619,2025-01-23,9509.96,Pending,Death benefit claim,batch_001,2026-07-31T17:58:20
CLM003377,POL02641,2025-01-24,17562.08,Pending,Surgery reimbursement,batch_001,2026-07-31T17:58:20
CLM003378,POL00065,2025-01-24,4052.89,Denied,Roof damage from storm,batch_001,2026-07-31T17:58:20
CLM003379,POL02759,2025-01-24,16232.24,Approved,Windshield damage,batch_001,2026-07-31T17:58:20
CLM003380,POL02933,2025-01-24,7726.26,Denied,Hospital stay,batch_001,2026-07-31T17:58:20
CLM003381,POL01526,2025-01-24,18825.92,Denied,Accidental death claim,batch_001,2026-07-31T17:58:20
CLM003382,POL03740,2025-01-24,14880.01,Pending,Burglary,batch_001,2026-07-31T17:58:20
CLM003383,POL03272,2025-01-24,11891.94,Approved,Surgery reimbursement,batch_001,2026-07-31T17:58:20
CLM003384,POL03058,2025-01-25,15063.45,Denied,Burglary,batch_001,2026-07-31T17:58:20
CLM003385,POL02460,2025-01-25,1099.21,Approved,Fallen tree damage,batch_001,2026-07-31T17:58:20
CLM003386,POL00884,2025-01-25,10582.55,Denied,Accidental death claim,batch_001,2026-07-31T17:58:20
CLM003387,POL03283,2025-01-25,14867.59,Approved,Vandalism damage,batch_001,2026-07-31T17:58:20
CLM003388,POL01364,2025-01-26,23066.60,Pending,Hospital stay,batch_001,2026-07-31T17:58:20
CLM003389,POL01626,2025-01-26,23792.20,Pending,Fire damage,batch_001,2026-07-31T17:58:20
CLM003390,POL01065,2025-01-26,16618.82,Approved,Death benefit claim,batch_001,2026-07-31T17:58:20
CLM003391,POL02534,2025-01-26,19842.30,Approved,Roof damage from storm,batch_001,2026-07-31T17:58:20
CLM003392,POL03758,2025-01-26,9960.25,Denied,Vehicle collision,batch_001,2026-07-31T17:58:20
CLM003393,POL01209,2025-01-26,5090.12,Approved,Surgery reimbursement,batch_001,2026-07-31T17:58:20
CLM003394,POL02520,2025-01-27,2101.34,Approved,Fire damage,batch_001,2026-07-31T17:58:20
CLM003395,POL03577,2025-01-27,2345.16,Approved,Emergency room visit,batch_001,2026-07-31T17:58:20
CLM003396,POL04550,2025-01-27,21157.14,Denied,Vehicle collision,batch_001,2026-07-31T17:58:20
CLM003397,POL03911,2025-01-27,4067.31,Approved,Burglary,batch_001,2026-07-31T17:58:20
CLM003398,POL04505,2025-01-27,17200.98,Pending,Emergency room visit,batch_001,2026-07-31T17:58:20
CLM003399,POL03870,2025-01-27,16744.08,Denied,Fire damage,batch_001,2026-07-31T17:58:20
CLM003400,POL00785,2025-01-27,9750.59,Denied,Windshield damage,batch_001,2026-07-31T17:58:20
CLM003401,POL03276,2025-01-27,19354.18,Denied,Burglary,batch_001,2026-07-31T17:58:20
CLM003402,POL04891,2025-01-27,9906.87,Approved,Theft of vehicle,batch_001,2026-07-31T17:58:20
CLM003403,POL04001,2025-01-28,16779.93,Pending,Water damage,batch_001,2026-07-31T17:58:20
CLM003404,POL01817,2025-01-28,22151.14,Approved,Fire damage,batch_001,2026-07-31T17:58:20
CLM003405,POL03024,2025-01-28,9120.78,Pending,Vehicle collision,batch_001,2026-07-31T17:58:20
CLM003406,POL05002,2025-01-28,15019.34,Denied,Death benefit claim,batch_001,2026-07-31T17:58:20
CLM003407,POL01885,2025-01-28,3538.19,Approved,Medical procedure,batch_001,2026-07-31T17:58:20
CLM003408,POL01731,2025-01-28,7618.25,Approved,Roof damage from storm,batch_001,2026-07-31T17:58:20
CLM003409,POL03147,2025-01-29,16385.72,Denied,Death benefit claim,batch_001,2026-07-31T17:58:20
CLM003410,POL02335,2025-01-29,7846.19,Pending,Hit and run,batch_001,2026-07-31T17:58:20
CLM003411,POL00286,2025-01-29,6599.39,Denied,Emergency room visit,batch_001,2026-07-31T17:58:20
CLM003412,POL01340,2025-01-29,10015.58,Pending,Medical procedure,batch_001,2026-07-31T17:58:20
CLM003413,POL03809,2025-01-29,20175.10,Denied,Medical procedure,batch_001,2026-07-31T17:58:20
CLM003414,POL03314,2025-01-30,20108.40,Approved,Emergency room visit,batch_001,2026-07-31T17:58:20
CLM003415,POL02614,2025-01-30,3305.61,Pending,Hit and run,batch_001,2026-07-31T17:58:20
CLM003416,POL03725,2025-01-30,388.56,Pending,Burglary,batch_001,2026-07-31T17:58:20
CLM003417,POL03461,2025-01-30,19306.86,Denied,Burglary,batch_001,2026-07-31T17:58:20
CLM003418,POL02119,2025-01-30,18577.42,Approved,Accidental death claim,batch_001,2026-07-31T17:58:20
CLM003419,POL03689,2025-01-31,12601.33,Denied,Roof damage from storm,batch_001,2026-07-31T17:58:20
CLM003420,POL04383,2025-01-31,24297.08,Approved,Windshield damage,batch_001,2026-07-31T17:58:20
CLM003421,POL03474,2025-01-31,13339.62,Denied,Vehicle collision,batch_001,2026-07-31T17:58:20
CLM003422,POL01232,2025-01-31,273.22,Pending,Hospital stay,batch_001,2026-07-31T17:58:20
CLM003423,POL02113,2025-02-01,5020.56,Pending,Prescription claim,batch_001,2026-07-31T17:58:20
CLM003424,POL03563,2025-02-01,1308.74,Denied,Water damage,batch_001,2026-07-31T17:58:20
CLM003425,POL00996,2025-02-01,21710.63,Denied,Surgery reimbursement,batch_001,2026-07-31T17:58:20
CLM003426,POL00411,2025-02-01,22240.23,Pending,Roof damage from storm,batch_001,2026-07-31T17:58:20
CLM003427,POL02068,2025-02-01,10699.99,Pending,Theft of vehicle,batch_001,2026-07-31T17:58:20
CLM003428,POL00193,2025-02-01,13614.44,Approved,Theft of vehicle,batch_001,2026-07-31T17:58:20
CLM003429,POL02924,2025-02-01,10484.80,Denied,Roof damage from storm,batch_001,2026-07-31T17:58:20
CLM003430,POL02439,2025-02-02,15935.97,Pending,Death benefit claim,batch_001,2026-07-31T17:58:20
CLM003431,POL02927,2025-02-02,18324.42,Pending,Prescription claim,batch_001,2026-07-31T17:58:20
CLM003432,POL02037,2025-02-02,4463.32,Pending,Medical procedure,batch_001,2026-07-31T17:58:20
CLM003433,POL01033,2025-02-02,18197.01,Pending,Prescription claim,batch_001,2026-07-31T17:58:20
CLM003434,POL03532,2025-02-02,22328.65,Denied,Terminal illness claim,batch_001,2026-07-31T17:58:20
CLM003435,POL05057,2025-02-03,6178.11,Pending,Fallen tree damage,batch_001,2026-07-31T17:58:20
CLM003436,POL04662,2025-02-04,11514.65,Approved,Theft of vehicle,batch_001,2026-07-31T17:58:20
CLM003437,POL03054,2025-02-04,1053.36,Pending,Water damage,batch_001,2026-07-31T17:58:20
CLM003438,POL03129,2025-02-04,12864.54,Pending,Death benefit claim,batch_001,2026-07-31T17:58:20
CLM003439,POL02768,2025-02-04,23193.27,Pending,Theft of vehicle,batch_001,2026-07-31T17:58:20
CLM003440,POL03462,2025-02-04,10078.42,Approved,Surgery reimbursement,batch_001,2026-07-31T17:58:20
CLM003441,POL00650,2025-02-05,20937.65,Denied,Vehicle collision,batch_001,2026-07-31T17:58:20
CLM003442,POL01570,2025-02-05,14315.29,Denied,Accidental death claim,batch_001,2026-07-31T17:58:20
CLM003443,POL04212,2025-02-05,13525.02,Approved,Vehicle collision,batch_001,2026-07-31T17:58:20
CLM003444,POL03066,2025-02-05,14376.07,Approved,Terminal illness claim,batch_001,2026-07-31T17:58:20
CLM003445,POL02252,2025-02-06,18697.06,Approved,Roof damage from storm,batch_001,2026-07-31T17:58:20
CLM003446,POL04109,2025-02-06,16818.85,Pending,Prescription claim,batch_001,2026-07-31T17:58:20
CLM003447,POL01485,2025-02-06,16987.39,Denied,Medical procedure,batch_001,2026-07-31T17:58:20
CLM003448,POL03336,2025-02-06,5257.69,Denied,Emergency room visit,batch_001,2026-07-31T17:58:20
CLM003449,POL02251,2025-02-06,6749.63,Pending,Roof damage from storm,batch_001,2026-07-31T17:58:20
CLM003450,POL00796,2025-02-06,5610.96,Approved,Accidental death claim,batch_001,2026-07-31T17:58:20
CLM003451,POL02660,2025-02-06,5604.34,Pending,Roof damage from storm,batch_001,2026-07-31T17:58:20
CLM003452,POL04992,2025-02-06,20691.68,Pending,Terminal illness claim,batch_001,2026-07-31T17:58:20
CLM003453,POL04877,2025-02-06,8285.93,Denied,Hit and run,batch_001,2026-07-31T17:58:20
CLM003454,POL04569,2025-02-07,412.92,Denied,Surgery reimbursement,batch_001,2026-07-31T17:58:20
CLM003455,POL02838,2025-02-07,20583.45,Approved,Burglary,batch_001,2026-07-31T17:58:20
CLM003456,POL04088,2025-02-07,5344.87,Pending,Windshield damage,batch_001,2026-07-31T17:58:20
CLM003457,POL03196,2025-02-07,6466.75,Approved,Hospital stay,batch_001,2026-07-31T17:58:20
CLM003458,POL00644,2025-02-07,15821.46,Pending,Terminal illness claim,batch_001,2026-07-31T17:58:20
CLM003459,POL00681,2025-02-07,5268.02,Pending,Theft of vehicle,batch_001,2026-07-31T17:58:20
CLM003460,POL02491,2025-02-07,7366.39,Denied,Prescription claim,batch_001,2026-07-31T17:58:20
CLM003461,POL03829,2025-02-07,836.16,Pending,Vandalism damage,batch_001,2026-07-31T17:58:20
CLM003462,POL01366,2025-02-07,15644.20,Pending,Terminal illness claim,batch_001,2026-07-31T17:58:20
CLM003463,POL03403,2025-02-07,24896.06,Approved,Roof damage from storm,batch_001,2026-07-31T17:58:20
CLM003464,POL04559,2025-02-08,18626.90,Approved,Hit and run,batch_001,2026-07-31T17:58:20
CLM003465,POL04404,2025-02-08,3379.26,Pending,Vehicle collision,batch_001,2026-07-31T17:58:20
CLM003466,POL00795,2025-02-08,9954.17,Approved,Water damage,batch_001,2026-07-31T17:58:20
CLM003467,POL04676,2025-02-08,7304.79,Approved,Prescription claim,batch_001,2026-07-31T17:58:20
CLM003468,POL04507,2025-02-08,10272.05,Approved,Burglary,batch_001,2026-07-31T17:58:20
CLM003469,POL04910,2025-02-08,7044.11,Denied,Vehicle collision,batch_001,2026-07-31T17:58:20
CLM003470,POL02604,2025-02-08,12607.39,Pending,Burglary,batch_001,2026-07-31T17:58:20
CLM003471,POL01845,2025-02-08,21490.51,Denied,Hit and run,batch_001,2026-07-31T17:58:20
CLM003472,POL02346,2025-02-09,20670.85,Denied,Fire damage,batch_001,2026-07-31T17:58:20
CLM003473,POL01456,2025-02-09,10061.35,Approved,Fallen tree damage,batch_001,2026-07-31T17:58:20
CLM003474,POL02737,2025-02-09,19097.08,Pending,Emergency room visit,batch_001,2026-07-31T17:58:20
CLM003475,POL00806,2025-02-09,9645.50,Pending,Terminal illness claim,batch_001,2026-07-31T17:58:20
CLM003476,POL03427,2025-02-09,10316.32,Pending,Water damage,batch_001,2026-07-31T17:58:20
CLM003477,POL05070,2025-02-09,5682.40,Pending,Hospital stay,batch_001,2026-07-31T17:58:20
CLM003478,POL04124,2025-02-09,24972.86,Pending,Fallen tree damage,batch_001,2026-07-31T17:58:20
CLM003479,POL03349,2025-02-09,23642.68,Denied,Vandalism damage,batch_001,2026-07-31T17:58:20
CLM003480,POL02048,2025-02-09,4244.83,Pending,Burglary,batch_001,2026-07-31T17:58:20
CLM003481,POL00746,2025-02-10,23800.97,Approved,Accidental death claim,batch_001,2026-07-31T17:58:20
CLM003482,POL04927,2025-02-10,22099.46,Pending,Burglary,batch_001,2026-07-31T17:58:20
CLM003483,POL04523,2025-02-10,12832.25,Approved,Death benefit claim,batch_001,2026-07-31T17:58:20
CLM003484,POL03751,2025-02-10,9289.70,Approved,Windshield damage,batch_001,2026-07-31T17:58:20
CLM003485,POL03869,2025-02-10,23434.81,Approved,Surgery reimbursement,batch_001,2026-07-31T17:58:20
CLM003486,POL01087,2025-02-10,7395.25,Approved,Windshield damage,batch_001,2026-07-31T17:58:20
CLM003487,POL04732,2025-02-10,11583.37,Approved,Accidental death claim,batch_001,2026-07-31T17:58:20
CLM003488,POL04942,2025-02-10,11146.96,Approved,Fire damage,batch_001,2026-07-31T17:58:20
CLM003489,POL03780,2025-02-10,12555.35,Approved,Accidental death claim,batch_001,2026-07-31T17:58:20
CLM003490,POL02714,2025-02-10,21814.93,Approved,Windshield damage,batch_001,2026-07-31T17:58:20
CLM003491,POL03787,2025-02-11,18078.95,Approved,Death benefit claim,batch_001,2026-07-31T17:58:20
CLM003492,POL00265,2025-02-11,17082.39,Denied,Accidental death claim,batch_001,2026-07-31T17:58:20
CLM003493,POL03852,2025-02-11,21568.01,Approved,Hit and run,batch_001,2026-07-31T17:58:20
CLM003494,POL02131,2025-02-11,22095.59,Pending,Medical procedure,batch_001,2026-07-31T17:58:20
CLM003495,POL04973,2025-02-12,16212.52,Pending,Medical procedure,batch_001,2026-07-31T17:58:20
CLM003496,POL03593,2025-02-12,12072.11,Pending,Water damage,batch_001,2026-07-31T17:58:20
CLM003497,POL02400,2025-02-12,20310.39,Pending,Medical procedure,batch_001,2026-07-31T17:58:20
CLM003498,POL02977,2025-02-12,10045.79,Pending,Burglary,batch_001,2026-07-31T17:58:20
CLM003499,POL03511,2025-02-12,19706.85,Approved,Fire damage,batch_001,2026-07-31T17:58:20
CLM003500,POL02151,2025-02-12,18972.72,Pending,Death benefit claim,batch_001,2026-07-31T17:58:20
CLM003501,POL01385,2025-02-12,9224.97,Pending,Surgery reimbursement,batch_001,2026-07-31T17:58:20
CLM003502,POL01163,2025-02-12,22833.07,Denied,Death benefit claim,batch_001,2026-07-31T17:58:20
CLM003503,POL02167,2025-02-12,2518.43,Pending,Accidental death claim,batch_001,2026-07-31T17:58:20
CLM003504,POL00607,2025-02-12,11510.23,Pending,Prescription claim,batch_001,2026-07-31T17:58:20
CLM003505,POL02005,2025-02-13,18948.82,Denied,Roof damage from storm,batch_001,2026-07-31T17:58:20
CLM003506,POL03643,2025-02-13,8333.46,Denied,Roof damage from storm,batch_001,2026-07-31T17:58:20
CLM003507,POL04655,2025-02-13,6954.94,Approved,Death benefit claim,batch_001,2026-07-31T17:58:20
CLM003508,POL01213,2025-02-13,13092.30,Approved,Death benefit claim,batch_001,2026-07-31T17:58:20
CLM003509,POL03039,2025-02-13,14132.13,Pending,Surgery reimbursement,batch_001,2026-07-31T17:58:20
CLM003510,POL02513,2025-02-14,23625.32,Approved,Fallen tree damage,batch_001,2026-07-31T17:58:20
CLM003511,POL02497,2025-02-14,11934.59,Denied,Theft of vehicle,batch_001,2026-07-31T17:58:20
CLM003512,POL01266,2025-02-14,18618.96,Pending,Emergency room visit,batch_001,2026-07-31T17:58:20
CLM003513,POL01201,2025-02-14,15225.49,Denied,Roof damage from storm,batch_001,2026-07-31T17:58:20
CLM003514,POL01868,2025-02-15,797.32,Approved,Accidental death claim,batch_001,2026-07-31T17:58:20
CLM003515,POL02482,2025-02-15,3794.25,Approved,Surgery reimbursement,batch_001,2026-07-31T17:58:20
CLM003516,POL02984,2025-02-15,18056.37,Pending,Fallen tree damage,batch_001,2026-07-31T17:58:20
CLM003517,POL03325,2025-02-15,11976.66,Approved,Terminal illness claim,batch_001,2026-07-31T17:58:20
CLM003518,POL01277,2025-02-15,14719.67,Pending,Theft of vehicle,batch_001,2026-07-31T17:58:20
CLM003519,POL04288,2025-02-15,9421.63,Denied,Accidental death claim,batch_001,2026-07-31T17:58:20
CLM003520,POL01386,2025-02-16,21782.48,Denied,Windshield damage,batch_001,2026-07-31T17:58:20
CLM003521,POL03965,2025-02-16,22438.63,Approved,Vehicle collision,batch_001,2026-07-31T17:58:20
CLM003522,POL02805,2025-02-16,5698.15,Approved,Death benefit claim,batch_001,2026-07-31T17:58:20
CLM003523,POL01230,2025-02-16,7030.06,Pending,Medical procedure,batch_001,2026-07-31T17:58:20
CLM003524,POL01614,2025-02-16,8976.89,Denied,Accidental death claim,batch_001,2026-07-31T17:58:20
CLM003525,POL00100,2025-02-17,21015.43,Pending,Death benefit claim,batch_001,2026-07-31T17:58:20
CLM003526,POL01660,2025-02-17,9152.65,Approved,Prescription claim,batch_001,2026-07-31T17:58:20
CLM003527,POL00810,2025-02-17,23805.50,Pending,Medical procedure,batch_001,2026-07-31T17:58:20
CLM003528,POL02224,2025-02-17,13876.78,Pending,Accidental death claim,batch_001,2026-07-31T17:58:20
CLM003529,POL04406,2025-02-17,21828.13,Approved,Terminal illness claim,batch_001,2026-07-31T17:58:20
CLM003530,POL04643,2025-02-17,13121.43,Approved,Roof damage from storm,batch_001,2026-07-31T17:58:20
CLM003531,POL01497,2025-02-18,17273.51,Pending,Windshield damage,batch_001,2026-07-31T17:58:20
CLM003532,POL01871,2025-02-18,17271.97,Denied,Death benefit claim,batch_001,2026-07-31T17:58:20
CLM003533,POL00330,2025-02-18,24486.50,Denied,Fallen tree damage,batch_001,2026-07-31T17:58:20
CLM003534,POL02274,2025-02-18,2374.84,Approved,Accidental death claim,batch_001,2026-07-31T17:58:20
CLM003535,POL00522,2025-02-18,22662.91,Approved,Hospital stay,batch_001,2026-07-31T17:58:20
CLM003536,POL02481,2025-02-18,1615.54,Approved,Fire damage,batch_001,2026-07-31T17:58:20
CLM003537,POL04798,2025-02-18,19065.84,Denied,Burglary,batch_001,2026-07-31T17:58:20
CLM003538,POL00806,2025-02-18,13469.65,Approved,Terminal illness claim,batch_001,2026-07-31T17:58:20
CLM003539,POL00599,2025-02-18,4991.00,Approved,Prescription claim,batch_001,2026-07-31T17:58:20
CLM003540,POL00684,2025-02-19,11953.29,Approved,Fallen tree damage,batch_001,2026-07-31T17:58:20
CLM003541,POL04829,2025-02-19,5453.35,Denied,Theft of vehicle,batch_001,2026-07-31T17:58:20
CLM003542,POL04664,2025-02-19,339.10,Denied,Medical procedure,batch_001,2026-07-31T17:58:20
CLM003543,POL03627,2025-02-19,19457.16,Approved,Hospital stay,batch_001,2026-07-31T17:58:20
CLM003544,POL05034,2025-02-20,18913.02,Approved,Theft of vehicle,batch_001,2026-07-31T17:58:20
CLM003545,POL03336,2025-02-20,15073.72,Denied,Emergency room visit,batch_001,2026-07-31T17:58:20
CLM003546,POL02693,2025-02-20,12731.60,Pending,Roof damage from storm,batch_001,2026-07-31T17:58:20
CLM003547,POL02455,2025-02-20,6678.58,Pending,Windshield damage,batch_001,2026-07-31T17:58:20
CLM003548,POL02795,2025-02-20,6954.68,Pending,Hospital stay,batch_001,2026-07-31T17:58:20
CLM003549,POL02530,2025-02-20,15685.45,Approved,Emergency room visit,batch_001,2026-07-31T17:58:20
CLM003550,POL03995,2025-02-20,262.28,Pending,Prescription claim,batch_001,2026-07-31T17:58:20
CLM003551,POL04062,2025-02-20,4161.96,Approved,Burglary,batch_001,2026-07-31T17:58:20
CLM003552,POL02496,2025-02-21,2454.74,Denied,Terminal illness claim,batch_001,2026-07-31T17:58:20
CLM003553,POL04413,2025-02-21,20581.69,Approved,Death benefit claim,batch_001,2026-07-31T17:58:20
CLM003554,POL01899,2025-02-21,5409.09,Pending,Theft of vehicle,batch_001,2026-07-31T17:58:20
CLM003555,POL02622,2025-02-21,19183.87,Denied,Medical procedure,batch_001,2026-07-31T17:58:20
CLM003556,POL02459,2025-02-22,23196.03,Approved,Vandalism damage,batch_001,2026-07-31T17:58:20
CLM003557,POL01267,2025-02-22,8161.76,Approved,Prescription claim,batch_001,2026-07-31T17:58:20
CLM003558,POL01408,2025-02-22,21323.70,Pending,Fire damage,batch_001,2026-07-31T17:58:20
CLM003559,POL02668,2025-02-22,23922.00,Denied,Accidental death claim,batch_001,2026-07-31T17:58:20
CLM003560,POL04877,2025-02-22,19739.84,Pending,Theft of vehicle,batch_001,2026-07-31T17:58:20
CLM003561,POL01874,2025-02-23,23327.80,Denied,Surgery reimbursement,batch_001,2026-07-31T17:58:20
CLM003562,POL03038,2025-02-23,3710.16,Denied,Surgery reimbursement,batch_001,2026-07-31T17:58:20
CLM003563,POL02584,2025-02-23,11297.73,Denied,Accidental death claim,batch_001,2026-07-31T17:58:20
CLM003564,POL03224,2025-02-23,19091.11,Approved,Hit and run,batch_001,2026-07-31T17:58:20
CLM003565,POL00454,2025-02-23,24220.13,Denied,Accidental death claim,batch_001,2026-07-31T17:58:20
CLM003566,POL01147,2025-02-23,24377.15,Denied,Death benefit claim,batch_001,2026-07-31T17:58:20
CLM003567,POL01657,2025-02-23,5294.37,Pending,Surgery reimbursement,batch_001,2026-07-31T17:58:20
CLM003568,POL02415,2025-02-23,20830.54,Approved,Roof damage from storm,batch_001,2026-07-31T17:58:20
CLM003569,POL03503,2025-02-23,19793.91,Denied,Hospital stay,batch_001,2026-07-31T17:58:20
CLM003570,POL04588,2025-02-24,18501.52,Approved,Vandalism damage,batch_001,2026-07-31T17:58:20
CLM003571,POL04121,2025-02-24,11058.57,Denied,Water damage,batch_001,2026-07-31T17:58:20
CLM003572,POL00610,2025-02-25,6154.13,Denied,Burglary,batch_001,2026-07-31T17:58:20
CLM003573,POL04858,2025-02-25,11799.81,Approved,Prescription claim,batch_001,2026-07-31T17:58:20
CLM003574,POL03990,2025-02-25,6321.17,Pending,Vandalism damage,batch_001,2026-07-31T17:58:20
CLM003575,POL03073,2025-02-25,1576.99,Approved,Theft of vehicle,batch_001,2026-07-31T17:58:20
CLM003576,POL02262,2025-02-25,13493.60,Denied,Theft of vehicle,batch_001,2026-07-31T17:58:20
CLM003577,POL00910,2025-02-25,11848.84,Pending,Death benefit claim,batch_001,2026-07-31T17:58:20
CLM003578,POL02659,2025-02-25,24431.75,Pending,Prescription claim,batch_001,2026-07-31T17:58:20
CLM003579,POL01244,2025-02-26,21861.37,Pending,Roof damage from storm,batch_001,2026-07-31T17:58:20
CLM003580,POL04703,2025-02-26,5079.86,Approved,Hit and run,batch_001,2026-07-31T17:58:20
CLM003581,POL02009,2025-02-26,8263.27,Pending,Surgery reimbursement,batch_001,2026-07-31T17:58:20
CLM003582,POL04561,2025-02-26,13322.58,Denied,Vehicle collision,batch_001,2026-07-31T17:58:20
CLM003583,POL01151,2025-02-26,19325.31,Approved,Roof damage from storm,batch_001,2026-07-31T17:58:20
CLM003584,POL02960,2025-02-26,22637.08,Denied,Accidental death claim,batch_001,2026-07-31T17:58:20
CLM003585,POL01760,2025-02-26,4685.09,Denied,Emergency room visit,batch_001,2026-07-31T17:58:20
CLM003586,POL03775,2025-02-26,9118.87,Approved,Accidental death claim,batch_001,2026-07-31T17:58:20
CLM003587,POL02122,2025-02-26,6458.41,Pending,Water damage,batch_001,2026-07-31T17:58:20
CLM003588,POL01150,2025-02-27,3067.84,Denied,Terminal illness claim,batch_001,2026-07-31T17:58:20
CLM003589,POL03247,2025-02-27,20171.01,Approved,Hospital stay,batch_001,2026-07-31T17:58:20
CLM003590,POL00494,2025-02-27,22833.26,Pending,Theft of vehicle,batch_001,2026-07-31T17:58:20
CLM003591,POL00133,2025-02-27,14186.29,Approved,Hospital stay,batch_001,2026-07-31T17:58:20
CLM003592,POL02680,2025-02-27,19774.42,Denied,Surgery reimbursement,batch_001,2026-07-31T17:58:20
CLM003593,POL04709,2025-02-27,8410.44,Approved,Vehicle collision,batch_001,2026-07-31T17:58:20
CLM003594,POL04631,2025-02-28,2394.37,Pending,Water damage,batch_001,2026-07-31T17:58:20
CLM003595,POL04357,2025-02-28,4039.78,Pending,Water damage,batch_001,2026-07-31T17:58:20
CLM003596,POL04702,2025-02-28,23070.17,Pending,Fire damage,batch_001,2026-07-31T17:58:20
CLM003597,POL00599,2025-02-28,19201.17,Denied,Surgery reimbursement,batch_001,2026-07-31T17:58:20
CLM003598,POL03816,2025-02-28,11337.09,Pending,Death benefit claim,batch_001,2026-07-31T17:58:20
CLM003599,POL02707,2025-02-28,1918.34,Pending,Accidental death claim,batch_001,2026-07-31T17:58:20
CLM003600,POL02784,2025-02-28,11405.77,Pending,Prescription claim,batch_001,2026-07-31T17:58:20
CLM003601,POL00176,2025-03-01,10096.51,Denied,Medical procedure,batch_001,2026-07-31T17:58:20
CLM003602,POL03195,2025-03-01,569.90,Approved,Theft of vehicle,batch_001,2026-07-31T17:58:20
CLM003603,POL03500,2025-03-01,3847.32,Approved,Fallen tree damage,batch_001,2026-07-31T17:58:20
CLM003604,POL02676,2025-03-01,13355.87,Pending,Fire damage,batch_001,2026-07-31T17:58:20
CLM003605,POL04706,2025-03-01,23141.38,Pending,Hospital stay,batch_001,2026-07-31T17:58:20
CLM003606,POL01251,2025-03-01,4802.30,Approved,Windshield damage,batch_001,2026-07-31T17:58:20
CLM003607,POL02528,2025-03-01,4621.51,Approved,Vandalism damage,batch_001,2026-07-31T17:58:20
CLM003608,POL04931,2025-03-01,23617.92,Approved,Fire damage,batch_001,2026-07-31T17:58:20
CLM003609,POL04425,2025-03-01,8778.14,Approved,Surgery reimbursement,batch_001,2026-07-31T17:58:20
CLM003610,POL02584,2025-03-02,23218.79,Pending,Death benefit claim,batch_001,2026-07-31T17:58:20
CLM003611,POL01653,2025-03-02,7642.94,Denied,Roof damage from storm,batch_001,2026-07-31T17:58:20
CLM003612,POL01909,2025-03-02,23413.93,Approved,Terminal illness claim,batch_001,2026-07-31T17:58:20
CLM003613,POL00224,2025-03-02,3519.07,Denied,Vehicle collision,batch_001,2026-07-31T17:58:20
CLM003614,POL03073,2025-03-02,733.05,Pending,Windshield damage,batch_001,2026-07-31T17:58:20
CLM003615,POL03117,2025-03-02,1325.44,Denied,Burglary,batch_001,2026-07-31T17:58:20
CLM003616,POL01628,2025-03-02,5220.24,Denied,Accidental death claim,batch_001,2026-07-31T17:58:20
CLM003617,POL01022,2025-03-02,2412.01,Approved,Fallen tree damage,batch_001,2026-07-31T17:58:20
CLM003618,POL04738,2025-03-02,18140.51,Approved,Death benefit claim,batch_001,2026-07-31T17:58:20
CLM003619,POL01718,2025-03-02,3096.92,Denied,Vandalism damage,batch_001,2026-07-31T17:58:20
CLM003620,POL02936,2025-03-03,18767.10,Denied,Burglary,batch_001,2026-07-31T17:58:20
CLM003621,POL01565,2025-03-03,5337.15,Approved,Vandalism damage,batch_001,2026-07-31T17:58:20
CLM003622,POL02948,2025-03-03,12001.68,Pending,Water damage,batch_001,2026-07-31T17:58:20
CLM003623,POL03744,2025-03-03,502.02,Denied,Burglary,batch_001,2026-07-31T17:58:20
CLM003624,POL03280,2025-03-04,24043.06,Approved,Theft of vehicle,batch_001,2026-07-31T17:58:20
CLM003625,POL02953,2025-03-04,23648.72,Approved,Hit and run,batch_001,2026-07-31T17:58:20
CLM003626,POL02464,2025-03-04,5811.04,Pending,Medical procedure,batch_001,2026-07-31T17:58:20
CLM003627,POL03193,2025-03-04,21910.95,Approved,Surgery reimbursement,batch_001,2026-07-31T17:58:20
CLM003628,POL02649,2025-03-04,1229.70,Approved,Emergency room visit,batch_001,2026-07-31T17:58:20
CLM003629,POL04626,2025-03-04,330.92,Pending,Death benefit claim,batch_001,2026-07-31T17:58:20
CLM003630,POL01149,2025-03-04,17407.25,Approved,Water damage,batch_001,2026-07-31T17:58:20
CLM003631,POL04885,2025-03-05,20079.27,Pending,Surgery reimbursement,batch_001,2026-07-31T17:58:20
CLM003632,POL03045,2025-03-05,15477.12,Approved,Burglary,batch_001,2026-07-31T17:58:20
CLM003633,POL01413,2025-03-05,4448.47,Pending,Fire damage,batch_001,2026-07-31T17:58:20
CLM003634,POL01488,2025-03-05,9190.19,Approved,Emergency room visit,batch_001,2026-07-31T17:58:20
CLM003635,POL00246,2025-03-05,12489.13,Denied,Hit and run,batch_001,2026-07-31T17:58:20
CLM003636,POL03058,2025-03-06,22733.62,Denied,Fallen tree damage,batch_001,2026-07-31T17:58:20
CLM003637,POL02631,2025-03-06,809.11,Approved,Surgery reimbursement,batch_001,2026-07-31T17:58:20
CLM003638,POL00234,2025-03-06,22231.63,Approved,Emergency room visit,batch_001,2026-07-31T17:58:20
CLM003639,POL03340,2025-03-06,1257.84,Denied,Vandalism damage,batch_001,2026-07-31T17:58:20
CLM003640,POL04303,2025-03-06,4326.53,Approved,Medical procedure,batch_001,2026-07-31T17:58:20
CLM003641,POL02857,2025-03-06,22440.00,Approved,Prescription claim,batch_001,2026-07-31T17:58:20
CLM003642,POL00544,2025-03-07,2899.02,Denied,Burglary,batch_001,2026-07-31T17:58:20
CLM003643,POL03401,2025-03-07,21417.90,Pending,Terminal illness claim,batch_001,2026-07-31T17:58:20
CLM003644,POL01102,2025-03-07,21437.20,Pending,Death benefit claim,batch_001,2026-07-31T17:58:20
CLM003645,POL02552,2025-03-07,11958.46,Denied,Emergency room visit,batch_001,2026-07-31T17:58:20
CLM003646,POL02646,2025-03-07,16443.72,Denied,Vandalism damage,batch_001,2026-07-31T17:58:20
CLM003647,POL00790,2025-03-07,11996.97,Pending,Vandalism damage,batch_001,2026-07-31T17:58:20
CLM003648,POL01608,2025-03-07,3233.24,Pending,Windshield damage,batch_001,2026-07-31T17:58:20
CLM003649,POL01169,2025-03-07,5716.24,Approved,Medical procedure,batch_001,2026-07-31T17:58:20
CLM003650,POL03309,2025-03-07,7129.26,Pending,Water damage,batch_001,2026-07-31T17:58:20
CLM003651,POL02047,2025-03-07,5732.96,Approved,Roof damage from storm,batch_001,2026-07-31T17:58:20
CLM003652,POL02693,2025-03-07,17790.47,Denied,Fallen tree damage,batch_001,2026-07-31T17:58:20
CLM003653,POL04260,2025-03-08,12970.92,Denied,Fire damage,batch_001,2026-07-31T17:58:20
CLM003654,POL02687,2025-03-08,10608.32,Pending,Windshield damage,batch_001,2026-07-31T17:58:20
CLM003655,POL04747,2025-03-09,18436.62,Approved,Hit and run,batch_001,2026-07-31T17:58:20
CLM003656,POL00394,2025-03-09,19875.45,Approved,Medical procedure,batch_001,2026-07-31T17:58:20
CLM003657,POL01172,2025-03-09,15902.30,Approved,Emergency room visit,batch_001,2026-07-31T17:58:20
CLM003658,POL03251,2025-03-10,8131.06,Pending,Terminal illness claim,batch_001,2026-07-31T17:58:20
CLM003659,POL03964,2025-03-10,21456.24,Approved,Hospital stay,batch_001,2026-07-31T17:58:20
CLM003660,POL03324,2025-03-10,11357.39,Approved,Burglary,batch_001,2026-07-31T17:58:20
CLM003661,POL05090,2025-03-10,6643.84,Denied,Medical procedure,batch_001,2026-07-31T17:58:20
CLM003662,POL02289,2025-03-10,16420.97,Pending,Roof damage from storm,batch_001,2026-07-31T17:58:20
CLM003663,POL02763,2025-03-10,24917.47,Approved,Roof damage from storm,batch_001,2026-07-31T17:58:20
CLM003664,POL02794,2025-03-10,20194.01,Denied,Fallen tree damage,batch_001,2026-07-31T17:58:20
CLM003665,POL03739,2025-03-10,16614.88,Pending,Roof damage from storm,batch_001,2026-07-31T17:58:20
CLM003666,POL04253,2025-03-10,6645.30,Denied,Hit and run,batch_001,2026-07-31T17:58:20
CLM003667,POL00209,2025-03-10,24122.36,Approved,Death benefit claim,batch_001,2026-07-31T17:58:20
CLM003668,POL01861,2025-03-10,24379.69,Approved,Water damage,batch_001,2026-07-31T17:58:20
CLM003669,POL04510,2025-03-11,17846.11,Approved,Terminal illness claim,batch_001,2026-07-31T17:58:20
CLM003670,POL02516,2025-03-11,11368.86,Pending,Medical procedure,batch_001,2026-07-31T17:58:20
CLM003671,POL04135,2025-03-11,4647.05,Pending,Fire damage,batch_001,2026-07-31T17:58:20
CLM003672,POL01161,2025-03-11,21016.32,Approved,Medical procedure,batch_001,2026-07-31T17:58:20
CLM003673,POL01628,2025-03-11,18361.97,Denied,Accidental death claim,batch_001,2026-07-31T17:58:20
CLM003674,POL04923,2025-03-11,19520.45,Pending,Hospital stay,batch_001,2026-07-31T17:58:20
CLM003675,POL04302,2025-03-12,1270.18,Pending,Theft of vehicle,batch_001,2026-07-31T17:58:20
CLM003676,POL04420,2025-03-12,5837.55,Pending,Windshield damage,batch_001,2026-07-31T17:58:20
CLM003677,POL03068,2025-03-12,4052.87,Pending,Death benefit claim,batch_001,2026-07-31T17:58:20
CLM003678,POL05065,2025-03-12,5733.81,Pending,Fire damage,batch_001,2026-07-31T17:58:20
CLM003679,POL04431,2025-03-12,23560.58,Pending,Terminal illness claim,batch_001,2026-07-31T17:58:20
CLM003680,POL01657,2025-03-12,7032.69,Denied,Surgery reimbursement,batch_001,2026-07-31T17:58:20
CLM003681,POL03194,2025-03-12,22533.82,Denied,Hit and run,batch_001,2026-07-31T17:58:20
CLM003682,POL03834,2025-03-12,8115.84,Pending,Surgery reimbursement,batch_001,2026-07-31T17:58:20
CLM003683,POL00003,2025-03-12,1964.28,Pending,Vandalism damage,batch_001,2026-07-31T17:58:20
CLM003684,POL02553,2025-03-12,5297.99,Pending,Accidental death claim,batch_001,2026-07-31T17:58:20
CLM003685,POL04866,2025-03-12,23985.97,Approved,Burglary,batch_001,2026-07-31T17:58:20
CLM003686,POL01150,2025-03-12,3680.41,Approved,Death benefit claim,batch_001,2026-07-31T17:58:20
CLM003687,POL03206,2025-03-12,19679.19,Pending,Burglary,batch_001,2026-07-31T17:58:20
CLM003688,POL03204,2025-03-13,14826.27,Approved,Surgery reimbursement,batch_001,2026-07-31T17:58:20
CLM003689,POL00578,2025-03-13,5735.00,Denied,Death benefit claim,batch_001,2026-07-31T17:58:20
CLM003690,POL03289,2025-03-13,3174.44,Pending,Hospital stay,batch_001,2026-07-31T17:58:20
CLM003691,POL01244,2025-03-13,5225.19,Approved,Roof damage from storm,batch_001,2026-07-31T17:58:20
CLM003692,POL02683,2025-03-13,368.15,Approved,Hospital stay,batch_001,2026-07-31T17:58:20
CLM003693,POL02550,2025-03-13,13153.60,Pending,Accidental death claim,batch_001,2026-07-31T17:58:20
CLM003694,POL03860,2025-03-13,5881.31,Denied,Terminal illness claim,batch_001,2026-07-31T17:58:20
CLM003695,POL01023,2025-03-13,13577.36,Pending,Hit and run,batch_001,2026-07-31T17:58:20
CLM003696,POL01259,2025-03-13,1853.03,Pending,Surgery reimbursement,batch_001,2026-07-31T17:58:20
CLM003697,POL02230,2025-03-14,23742.25,Approved,Hit and run,batch_001,2026-07-31T17:58:20
CLM003698,POL02093,2025-03-14,2909.66,Denied,Prescription claim,batch_001,2026-07-31T17:58:20
CLM003699,POL04793,2025-03-14,4294.55,Pending,Burglary,batch_001,2026-07-31T17:58:20
CLM003700,POL02385,2025-03-14,5693.37,Approved,Water damage,batch_001,2026-07-31T17:58:20
CLM003701,POL04943,2025-03-14,23997.39,Denied,Fire damage,batch_001,2026-07-31T17:58:20
CLM003702,POL04052,2025-03-14,20934.06,Denied,Burglary,batch_001,2026-07-31T17:58:20
CLM003703,POL00465,2025-03-14,15987.69,Denied,Accidental death claim,batch_001,2026-07-31T17:58:20
CLM003704,POL02260,2025-03-14,22627.81,Pending,Vandalism damage,batch_001,2026-07-31T17:58:20
CLM003705,POL02694,2025-03-14,10549.17,Denied,Terminal illness claim,batch_001,2026-07-31T17:58:20
CLM003706,POL00681,2025-03-14,421.86,Pending,Hit and run,batch_001,2026-07-31T17:58:20
CLM003707,POL01989,2025-03-14,14686.02,Approved,Hospital stay,batch_001,2026-07-31T17:58:20
CLM003708,POL03554,2025-03-14,16674.15,Approved,Prescription claim,batch_001,2026-07-31T17:58:20
CLM003709,POL04594,2025-03-15,15205.35,Pending,Prescription claim,batch_001,2026-07-31T17:58:20
CLM003710,POL04970,2025-03-15,13022.27,Pending,Hit and run,batch_001,2026-07-31T17:58:20
CLM003711,POL00345,2025-03-16,15081.39,Pending,Vehicle collision,batch_001,2026-07-31T17:58:20
CLM003712,POL04716,2025-03-16,2463.35,Approved,Terminal illness claim,batch_001,2026-07-31T17:58:20
CLM003713,POL04753,2025-03-16,16847.97,Pending,Hit and run,batch_001,2026-07-31T17:58:20
CLM003714,POL03226,2025-03-16,17985.40,Approved,Theft of vehicle,batch_001,2026-07-31T17:58:20
CLM003715,POL03607,2025-03-16,21320.60,Pending,Fallen tree damage,batch_001,2026-07-31T17:58:20
CLM003716,POL00306,2025-03-16,23510.91,Pending,Accidental death claim,batch_001,2026-07-31T17:58:20
CLM003717,POL03538,2025-03-16,16759.80,Approved,Death benefit claim,batch_001,2026-07-31T17:58:20
CLM003718,POL04645,2025-03-16,4600.37,Pending,Roof damage from storm,batch_001,2026-07-31T17:58:20
CLM003719,POL00810,2025-03-16,7377.69,Denied,Medical procedure,batch_001,2026-07-31T17:58:20
CLM003720,POL03741,2025-03-16,21250.81,Denied,Terminal illness claim,batch_001,2026-07-31T17:58:20
CLM003721,POL02819,2025-03-16,8874.22,Approved,Theft of vehicle,batch_001,2026-07-31T17:58:20
CLM003722,POL03654,2025-03-16,19614.37,Denied,Burglary,batch_001,2026-07-31T17:58:20
CLM003723,POL02156,2025-03-17,19238.42,Approved,Emergency room visit,batch_001,2026-07-31T17:58:20
CLM003724,POL04576,2025-03-17,19293.14,Pending,Accidental death claim,batch_001,2026-07-31T17:58:20
CLM003725,POL02637,2025-03-17,18543.55,Denied,Emergency room visit,batch_001,2026-07-31T17:58:20
CLM003726,POL04095,2025-03-17,21430.49,Denied,Terminal illness claim,batch_001,2026-07-31T17:58:20
CLM003727,POL05050,2025-03-17,13502.05,Approved,Terminal illness claim,batch_001,2026-07-31T17:58:20
CLM003728,POL02506,2025-03-17,2622.32,Pending,Death benefit claim,batch_001,2026-07-31T17:58:20
CLM003729,POL03327,2025-03-17,7891.82,Denied,Windshield damage,batch_001,2026-07-31T17:58:20
CLM003730,POL03136,2025-03-18,5133.51,Pending,Prescription claim,batch_001,2026-07-31T17:58:20
CLM003731,POL02873,2025-03-18,8491.33,Denied,Terminal illness claim,batch_001,2026-07-31T17:58:20
CLM003732,POL01305,2025-03-18,23986.78,Denied,Water damage,batch_001,2026-07-31T17:58:20
CLM003733,POL00914,2025-03-18,4825.76,Denied,Accidental death claim,batch_001,2026-07-31T17:58:20
CLM003734,POL04592,2025-03-18,7475.47,Pending,Vandalism damage,batch_001,2026-07-31T17:58:20
CLM003735,POL01458,2025-03-18,10009.48,Pending,Water damage,batch_001,2026-07-31T17:58:20
CLM003736,POL01628,2025-03-18,2424.76,Pending,Accidental death claim,batch_001,2026-07-31T17:58:20
CLM003737,POL03315,2025-03-19,21320.00,Approved,Accidental death claim,batch_001,2026-07-31T17:58:20
CLM003738,POL02787,2025-03-19,13367.41,Denied,Emergency room visit,batch_001,2026-07-31T17:58:20
CLM003739,POL03156,2025-03-19,2680.29,Pending,Terminal illness claim,batch_001,2026-07-31T17:58:20
CLM003740,POL05026,2025-03-19,14295.66,Approved,Theft of vehicle,batch_001,2026-07-31T17:58:20
CLM003741,POL01842,2025-03-19,11119.15,Approved,Windshield damage,batch_001,2026-07-31T17:58:20
CLM003742,POL04490,2025-03-19,3959.79,Denied,Medical procedure,batch_001,2026-07-31T17:58:20
CLM003743,POL04051,2025-03-19,5689.27,Pending,Emergency room visit,batch_001,2026-07-31T17:58:20
CLM003744,POL02010,2025-03-20,21890.89,Denied,Fire damage,batch_001,2026-07-31T17:58:20
CLM003745,POL01191,2025-03-20,409.22,Approved,Death benefit claim,batch_001,2026-07-31T17:58:20
CLM003746,POL05016,2025-03-20,12133.50,Denied,Prescription claim,batch_001,2026-07-31T17:58:20
CLM003747,POL04558,2025-03-20,13825.53,Pending,Fire damage,batch_001,2026-07-31T17:58:20
CLM003748,POL03378,2025-03-21,4732.85,Pending,Vandalism damage,batch_001,2026-07-31T17:58:20
CLM003749,POL03274,2025-03-21,15718.65,Denied,Accidental death claim,batch_001,2026-07-31T17:58:20
CLM003750,POL02143,2025-03-21,17697.97,Denied,Surgery reimbursement,batch_001,2026-07-31T17:58:20
CLM003751,POL03534,2025-03-21,9318.69,Approved,Terminal illness claim,batch_001,2026-07-31T17:58:20
CLM003752,POL04427,2025-03-21,8991.15,Pending,Death benefit claim,batch_001,2026-07-31T17:58:20
CLM003753,POL02636,2025-03-21,21512.62,Pending,Emergency room visit,batch_001,2026-07-31T17:58:20
CLM003754,POL04410,2025-03-22,14516.07,Approved,Accidental death claim,batch_001,2026-07-31T17:58:20
CLM003755,POL03898,2025-03-22,13430.46,Approved,Hospital stay,batch_001,2026-07-31T17:58:20
CLM003756,POL01867,2025-03-22,18030.65,Pending,Vandalism damage,batch_001,2026-07-31T17:58:20
CLM003757,POL01835,2025-03-22,11685.63,Pending,Water damage,batch_001,2026-07-31T17:58:20
CLM003758,POL03771,2025-03-22,15508.27,Denied,Hospital stay,batch_001,2026-07-31T17:58:20
CLM003759,POL03574,2025-03-22,1709.98,Approved,Death benefit claim,batch_001,2026-07-31T17:58:20
CLM003760,POL04588,2025-03-22,11266.86,Pending,Vehicle collision,batch_001,2026-07-31T17:58:20
CLM003761,POL02848,2025-03-23,11968.00,Pending,Emergency room visit,batch_001,2026-07-31T17:58:20
CLM003762,POL00523,2025-03-23,17081.97,Approved,Accidental death claim,batch_001,2026-07-31T17:58:20
CLM003763,POL02262,2025-03-23,14286.87,Pending,Vehicle collision,batch_001,2026-07-31T17:58:20
CLM003764,POL04897,2025-03-23,12321.16,Pending,Windshield damage,batch_001,2026-07-31T17:58:20
CLM003765,POL03247,2025-03-23,5458.58,Denied,Surgery reimbursement,batch_001,2026-07-31T17:58:20
CLM003766,POL04411,2025-03-23,17460.43,Denied,Roof damage from storm,batch_001,2026-07-31T17:58:20
CLM003767,POL01906,2025-03-23,14289.45,Pending,Prescription claim,batch_001,2026-07-31T17:58:20
CLM003768,POL01182,2025-03-23,19180.88,Pending,Fallen tree damage,batch_001,2026-07-31T17:58:20
CLM003769,POL02577,2025-03-24,21582.08,Pending,Medical procedure,batch_001,2026-07-31T17:58:20
CLM003770,POL02936,2025-03-24,14727.45,Approved,Fallen tree damage,batch_001,2026-07-31T17:58:20
CLM003771,POL00522,2025-03-24,13291.32,Pending,Emergency room visit,batch_001,2026-07-31T17:58:20
CLM003772,POL01595,2025-03-24,6295.11,Pending,Windshield damage,batch_001,2026-07-31T17:58:20
CLM003773,POL01485,2025-03-24,834.24,Denied,Medical procedure,batch_001,2026-07-31T17:58:20
CLM003774,POL02719,2025-03-24,2318.73,Denied,Vandalism damage,batch_001,2026-07-31T17:58:20
CLM003775,POL03174,2025-03-25,20142.36,Denied,Accidental death claim,batch_001,2026-07-31T17:58:20
CLM003776,POL03887,2025-03-25,3548.89,Denied,Death benefit claim,batch_001,2026-07-31T17:58:20
CLM003777,POL00786,2025-03-25,7848.77,Approved,Hit and run,batch_001,2026-07-31T17:58:20
CLM003778,POL02065,2025-03-25,12542.08,Approved,Terminal illness claim,batch_001,2026-07-31T17:58:20
CLM003779,POL03289,2025-03-25,5095.12,Denied,Medical procedure,batch_001,2026-07-31T17:58:20
CLM003780,POL02783,2025-03-25,11348.01,Approved,Hospital stay,batch_001,2026-07-31T17:58:20
CLM003781,POL02112,2025-03-25,607.98,Pending,Vehicle collision,batch_001,2026-07-31T17:58:20
CLM003782,POL04564,2025-03-25,1572.74,Denied,Vehicle collision,batch_001,2026-07-31T17:58:20
CLM003783,POL01381,2025-03-25,143.05,Pending,Medical procedure,batch_001,2026-07-31T17:58:20
CLM003784,POL00039,2025-03-26,8238.81,Denied,Water damage,batch_001,2026-07-31T17:58:20
CLM003785,POL04654,2025-03-26,14127.78,Approved,Fire damage,batch_001,2026-07-31T17:58:20
CLM003786,POL01545,2025-03-26,15948.40,Denied,Fire damage,batch_001,2026-07-31T17:58:20
CLM003787,POL04385,2025-03-26,5537.51,Denied,Death benefit claim,batch_001,2026-07-31T17:58:20
CLM003788,POL01268,2025-03-26,15032.99,Pending,Emergency room visit,batch_001,2026-07-31T17:58:20
CLM003789,POL03611,2025-03-26,17688.55,Approved,Fallen tree damage,batch_001,2026-07-31T17:58:20
CLM003790,POL01220,2025-03-27,20377.60,Denied,Death benefit claim,batch_001,2026-07-31T17:58:20
CLM003791,POL05097,2025-03-27,1065.48,Pending,Medical procedure,batch_001,2026-07-31T17:58:20
CLM003792,POL02554,2025-03-27,23382.31,Approved,Terminal illness claim,batch_001,2026-07-31T17:58:20
CLM003793,POL01478,2025-03-27,14793.65,Approved,Medical procedure,batch_001,2026-07-31T17:58:20
CLM003794,POL04077,2025-03-27,4909.68,Approved,Vandalism damage,batch_001,2026-07-31T17:58:20
CLM003795,POL02764,2025-03-27,23451.67,Pending,Vandalism damage,batch_001,2026-07-31T17:58:20
CLM003796,POL03186,2025-03-28,19623.16,Approved,Hospital stay,batch_001,2026-07-31T17:58:20
CLM003797,POL00537,2025-03-28,8524.76,Denied,Death benefit claim,batch_001,2026-07-31T17:58:20
CLM003798,POL01962,2025-03-28,24013.64,Denied,Death benefit claim,batch_001,2026-07-31T17:58:20
CLM003799,POL03312,2025-03-29,1135.60,Approved,Hit and run,batch_001,2026-07-31T17:58:20
CLM003800,POL04843,2025-03-29,2559.63,Pending,Death benefit claim,batch_001,2026-07-31T17:58:20
CLM003801,POL02626,2025-03-30,22805.49,Pending,Fallen tree damage,batch_001,2026-07-31T17:58:20
CLM003802,POL04358,2025-03-30,13089.65,Pending,Windshield damage,batch_001,2026-07-31T17:58:20
CLM003803,POL02315,2025-03-30,8075.88,Denied,Windshield damage,batch_001,2026-07-31T17:58:20
CLM003804,POL02400,2025-03-31,23611.76,Denied,Prescription claim,batch_001,2026-07-31T17:58:20
CLM003805,POL03565,2025-03-31,9488.97,Denied,Vehicle collision,batch_001,2026-07-31T17:58:20
CLM003806,POL04025,2025-03-31,2697.53,Pending,Burglary,batch_001,2026-07-31T17:58:20
CLM003807,POL04995,2025-04-01,9781.34,Denied,Theft of vehicle,batch_001,2026-07-31T17:58:20
CLM003808,POL00452,2025-04-01,13236.00,Approved,Death benefit claim,batch_001,2026-07-31T17:58:20
CLM003809,POL00731,2025-04-01,7747.28,Pending,Accidental death claim,batch_001,2026-07-31T17:58:20
CLM003810,POL04680,2025-04-01,13615.40,Pending,Surgery reimbursement,batch_001,2026-07-31T17:58:20
CLM003811,POL00393,2025-04-01,13403.87,Approved,Surgery reimbursement,batch_001,2026-07-31T17:58:20
CLM003812,POL03154,2025-04-01,4787.15,Pending,Death benefit claim,batch_001,2026-07-31T17:58:20
CLM003813,POL03554,2025-04-01,18489.65,Pending,Emergency room visit,batch_001,2026-07-31T17:58:20
CLM003814,POL04168,2025-04-01,9333.52,Pending,Vehicle collision,batch_001,2026-07-31T17:58:20
CLM003815,POL01758,2025-04-01,2556.40,Approved,Windshield damage,batch_001,2026-07-31T17:58:20
CLM003816,POL02624,2025-04-01,1916.79,Approved,Prescription claim,batch_001,2026-07-31T17:58:20
CLM003817,POL01694,2025-04-01,14321.52,Pending,Water damage,batch_001,2026-07-31T17:58:20
CLM003818,POL00371,2025-04-02,23059.95,Approved,Accidental death claim,batch_001,2026-07-31T17:58:20
CLM003819,POL00953,2025-04-02,23115.37,Approved,Death benefit claim,batch_001,2026-07-31T17:58:20
CLM003820,POL02710,2025-04-02,24611.61,Denied,Fire damage,batch_001,2026-07-31T17:58:20
CLM003821,POL03046,2025-04-03,22947.83,Denied,Medical procedure,batch_001,2026-07-31T17:58:20
CLM003822,POL01278,2025-04-03,3627.57,Approved,Accidental death claim,batch_001,2026-07-31T17:58:20
CLM003823,POL02116,2025-04-03,22060.43,Denied,Fallen tree damage,batch_001,2026-07-31T17:58:20
CLM003824,POL02538,2025-04-03,5201.42,Pending,Roof damage from storm,batch_001,2026-07-31T17:58:20
CLM003825,POL03353,2025-04-03,17288.00,Denied,Burglary,batch_001,2026-07-31T17:58:20
CLM003826,POL03090,2025-04-03,7024.36,Approved,Hit and run,batch_001,2026-07-31T17:58:20
CLM003827,POL02077,2025-04-03,15043.23,Pending,Hit and run,batch_001,2026-07-31T17:58:20
CLM003828,POL00343,2025-04-04,17430.44,Denied,Windshield damage,batch_001,2026-07-31T17:58:20
CLM003829,POL01827,2025-04-04,1856.06,Approved,Water damage,batch_001,2026-07-31T17:58:20
CLM003830,POL01302,2025-04-04,22565.21,Denied,Water damage,batch_001,2026-07-31T17:58:20
CLM003831,POL01503,2025-04-04,13469.80,Approved,Roof damage from storm,batch_001,2026-07-31T17:58:20
CLM003832,POL03263,2025-04-04,7191.69,Denied,Theft of vehicle,batch_001,2026-07-31T17:58:20
CLM003833,POL04671,2025-04-05,6611.33,Approved,Burglary,batch_001,2026-07-31T17:58:20
CLM003834,POL01656,2025-04-05,23760.21,Pending,Prescription claim,batch_001,2026-07-31T17:58:20
CLM003835,POL01645,2025-04-05,3265.16,Approved,Prescription claim,batch_001,2026-07-31T17:58:20
CLM003836,POL03923,2025-04-05,2822.66,Approved,Medical procedure,batch_001,2026-07-31T17:58:20
CLM003837,POL03180,2025-04-05,4693.51,Pending,Water damage,batch_001,2026-07-31T17:58:20
CLM003838,POL01981,2025-04-05,10955.12,Denied,Burglary,batch_001,2026-07-31T17:58:20
CLM003839,POL01170,2025-04-05,11106.39,Approved,Fallen tree damage,batch_001,2026-07-31T17:58:20
CLM003840,POL01549,2025-04-05,19236.88,Pending,Theft of vehicle,batch_001,2026-07-31T17:58:20
CLM003841,POL00359,2025-04-05,14263.15,Approved,Theft of vehicle,batch_001,2026-07-31T17:58:20
CLM003842,POL02055,2025-04-05,23053.81,Denied,Burglary,batch_001,2026-07-31T17:58:20
CLM003843,POL01644,2025-04-05,22548.91,Approved,Hit and run,batch_001,2026-07-31T17:58:20
CLM003844,POL03114,2025-04-05,3912.13,Denied,Vandalism damage,batch_001,2026-07-31T17:58:20
CLM003845,POL00522,2025-04-05,5708.37,Pending,Emergency room visit,batch_001,2026-07-31T17:58:20
CLM003846,POL02752,2025-04-06,16484.50,Denied,Vehicle collision,batch_001,2026-07-31T17:58:20
CLM003847,POL03609,2025-04-06,1827.63,Approved,Accidental death claim,batch_001,2026-07-31T17:58:20
CLM003848,POL04330,2025-04-06,7266.38,Approved,Death benefit claim,batch_001,2026-07-31T17:58:20
CLM003849,POL04483,2025-04-06,24108.00,Approved,Water damage,batch_001,2026-07-31T17:58:20
CLM003850,POL00534,2025-04-07,10307.11,Pending,Vehicle collision,batch_001,2026-07-31T17:58:20
CLM003851,POL05068,2025-04-07,18040.01,Pending,Terminal illness claim,batch_001,2026-07-31T17:58:20
CLM003852,POL03035,2025-04-07,1056.91,Approved,Fire damage,batch_001,2026-07-31T17:58:20
CLM003853,POL00049,2025-04-07,9592.21,Pending,Death benefit claim,batch_001,2026-07-31T17:58:20
CLM003854,POL03175,2025-04-07,19240.52,Approved,Death benefit claim,batch_001,2026-07-31T17:58:20
CLM003855,POL00289,2025-04-07,14134.61,Approved,Water damage,batch_001,2026-07-31T17:58:20
CLM003856,POL03903,2025-04-07,23436.55,Pending,Hit and run,batch_001,2026-07-31T17:58:20
CLM003857,POL02314,2025-04-07,17171.69,Denied,Terminal illness claim,batch_001,2026-07-31T17:58:20
CLM003858,POL01947,2025-04-07,17103.74,Pending,Terminal illness claim,batch_001,2026-07-31T17:58:20
CLM003859,POL02828,2025-04-07,24505.26,Pending,Prescription claim,batch_001,2026-07-31T17:58:20
CLM003860,POL03926,2025-04-07,22993.72,Approved,Hit and run,batch_001,2026-07-31T17:58:20
CLM003861,POL04395,2025-04-07,21998.16,Approved,Windshield damage,batch_001,2026-07-31T17:58:20
CLM003862,POL02350,2025-04-08,15963.62,Approved,Prescription claim,batch_001,2026-07-31T17:58:20
CLM003863,POL02108,2025-04-08,22060.24,Denied,Accidental death claim,batch_001,2026-07-31T17:58:20
CLM003864,POL00172,2025-04-08,10850.24,Denied,Death benefit claim,batch_001,2026-07-31T17:58:20
CLM003865,POL00349,2025-04-08,11552.31,Pending,Fallen tree damage,batch_001,2026-07-31T17:58:20
CLM003866,POL01860,2025-04-08,24688.49,Approved,Roof damage from storm,batch_001,2026-07-31T17:58:20
CLM003867,POL01705,2025-04-08,23552.84,Denied,Hit and run,batch_001,2026-07-31T17:58:20
CLM003868,POL03774,2025-04-09,18362.89,Denied,Prescription claim,batch_001,2026-07-31T17:58:20
CLM003869,POL03798,2025-04-09,9152.65,Denied,Prescription claim,batch_001,2026-07-31T17:58:20
CLM003870,POL01091,2025-04-09,18110.36,Approved,Emergency room visit,batch_001,2026-07-31T17:58:20
CLM003871,POL01778,2025-04-09,17843.49,Pending,Death benefit claim,batch_001,2026-07-31T17:58:20
CLM003872,POL05070,2025-04-09,9149.03,Denied,Hospital stay,batch_001,2026-07-31T17:58:20
CLM003873,POL03345,2025-04-09,9432.93,Denied,Windshield damage,batch_001,2026-07-31T17:58:20
CLM003874,POL03219,2025-04-09,3619.15,Approved,Vandalism damage,batch_001,2026-07-31T17:58:20
CLM003875,POL03706,2025-04-09,7577.97,Pending,Prescription claim,batch_001,2026-07-31T17:58:20
CLM003876,POL00417,2025-04-09,5065.30,Denied,Hospital stay,batch_001,2026-07-31T17:58:20
CLM003877,POL01284,2025-04-09,16525.32,Pending,Prescription claim,batch_001,2026-07-31T17:58:20
CLM003878,POL01478,2025-04-09,23585.66,Approved,Emergency room visit,batch_001,2026-07-31T17:58:20
CLM003879,POL03162,2025-04-09,14228.08,Approved,Roof damage from storm,batch_001,2026-07-31T17:58:20
CLM003880,POL04616,2025-04-09,19254.08,Pending,Terminal illness claim,batch_001,2026-07-31T17:58:20
CLM003881,POL04711,2025-04-10,19568.29,Approved,Death benefit claim,batch_001,2026-07-31T17:58:20
CLM003882,POL03370,2025-04-10,7980.62,Approved,Fire damage,batch_001,2026-07-31T17:58:20
CLM003883,POL03987,2025-04-10,7973.74,Pending,Vandalism damage,batch_001,2026-07-31T17:58:20
CLM003884,POL00290,2025-04-10,16937.12,Approved,Vehicle collision,batch_001,2026-07-31T17:58:20
CLM003885,POL00176,2025-04-10,315.85,Approved,Surgery reimbursement,batch_001,2026-07-31T17:58:20
CLM003886,POL00737,2025-04-11,7901.02,Denied,Fire damage,batch_001,2026-07-31T17:58:20
CLM003887,POL01234,2025-04-11,23953.12,Denied,Death benefit claim,batch_001,2026-07-31T17:58:20
CLM003888,POL02974,2025-04-11,15618.47,Denied,Fallen tree damage,batch_001,2026-07-31T17:58:20
CLM003889,POL03659,2025-04-11,11929.67,Pending,Fire damage,batch_001,2026-07-31T17:58:20
CLM003890,POL02374,2025-04-11,7650.69,Pending,Fire damage,batch_001,2026-07-31T17:58:20
CLM003891,POL01246,2025-04-11,4165.09,Approved,Vandalism damage,batch_001,2026-07-31T17:58:20
CLM003892,POL05066,2025-04-12,10301.03,Pending,Fallen tree damage,batch_001,2026-07-31T17:58:20
CLM003893,POL03847,2025-04-12,17526.58,Denied,Fire damage,batch_001,2026-07-31T17:58:20
CLM003894,POL00929,2025-04-12,16630.34,Approved,Burglary,batch_001,2026-07-31T17:58:20
CLM003895,POL00796,2025-04-13,18916.27,Approved,Terminal illness claim,batch_001,2026-07-31T17:58:20
CLM003896,POL03874,2025-04-13,9546.31,Approved,Medical procedure,batch_001,2026-07-31T17:58:20
CLM003897,POL04802,2025-04-13,17234.23,Denied,Hit and run,batch_001,2026-07-31T17:58:20
CLM003898,POL04792,2025-04-13,14340.57,Denied,Vehicle collision,batch_001,2026-07-31T17:58:20
CLM003899,POL04029,2025-04-13,23670.44,Pending,Theft of vehicle,batch_001,2026-07-31T17:58:20
CLM003900,POL02784,2025-04-13,24696.60,Denied,Medical procedure,batch_001,2026-07-31T17:58:20
CLM003901,POL01452,2025-04-13,3460.09,Denied,Burglary,batch_001,2026-07-31T17:58:20
CLM003902,POL01225,2025-04-13,2863.20,Pending,Death benefit claim,batch_001,2026-07-31T17:58:20
CLM003903,POL02628,2025-04-13,7379.50,Approved,Terminal illness claim,batch_001,2026-07-31T17:58:20
CLM003904,POL04939,2025-04-13,24590.92,Denied,Medical procedure,batch_001,2026-07-31T17:58:20
CLM003905,POL05095,2025-04-13,22287.09,Denied,Fire damage,batch_001,2026-07-31T17:58:20
CLM003906,POL02992,2025-04-13,21296.20,Approved,Hospital stay,batch_001,2026-07-31T17:58:20
CLM003907,POL02296,2025-04-13,24552.71,Approved,Hit and run,batch_001,2026-07-31T17:58:20
CLM003908,POL02610,2025-04-13,22654.83,Approved,Windshield damage,batch_001,2026-07-31T17:58:20
CLM003909,POL02512,2025-04-14,6651.52,Denied,Theft of vehicle,batch_001,2026-07-31T17:58:20
CLM003910,POL00332,2025-04-14,6893.63,Pending,Hit and run,batch_001,2026-07-31T17:58:20
CLM003911,POL00658,2025-04-14,8389.68,Approved,Emergency room visit,batch_001,2026-07-31T17:58:20
CLM003912,POL00088,2025-04-14,18392.57,Approved,Roof damage from storm,batch_001,2026-07-31T17:58:20
CLM003913,POL03119,2025-04-15,5071.10,Denied,Burglary,batch_001,2026-07-31T17:58:20
CLM003914,POL03182,2025-04-15,995.98,Pending,Terminal illness claim,batch_001,2026-07-31T17:58:20
CLM003915,POL03074,2025-04-15,8457.31,Pending,Burglary,batch_001,2026-07-31T17:58:20
CLM003916,POL03336,2025-04-16,17711.28,Approved,Surgery reimbursement,batch_001,2026-07-31T17:58:20
CLM003917,POL02143,2025-04-16,13854.33,Denied,Surgery reimbursement,batch_001,2026-07-31T17:58:20
CLM003918,POL02185,2025-04-16,2174.32,Denied,Vehicle collision,batch_001,2026-07-31T17:58:20
CLM003919,POL02611,2025-04-16,21550.83,Approved,Water damage,batch_001,2026-07-31T17:58:20
CLM003920,POL01053,2025-04-16,20175.04,Approved,Death benefit claim,batch_001,2026-07-31T17:58:20
CLM003921,POL00610,2025-04-17,4509.97,Approved,Fire damage,batch_001,2026-07-31T17:58:20
CLM003922,POL04686,2025-04-17,20056.28,Approved,Death benefit claim,batch_001,2026-07-31T17:58:20
CLM003923,POL00080,2025-04-17,18105.37,Pending,Surgery reimbursement,batch_001,2026-07-31T17:58:20
CLM003924,POL05059,2025-04-17,1852.53,Pending,Accidental death claim,batch_001,2026-07-31T17:58:20
CLM003925,POL03775,2025-04-17,15811.97,Denied,Accidental death claim,batch_001,2026-07-31T17:58:20
CLM003926,POL00867,2025-04-17,15352.87,Approved,Windshield damage,batch_001,2026-07-31T17:58:20
CLM003927,POL01635,2025-04-17,22958.25,Approved,Fire damage,batch_001,2026-07-31T17:58:20
CLM003928,POL00752,2025-04-18,17984.53,Approved,Medical procedure,batch_001,2026-07-31T17:58:20
CLM003929,POL03547,2025-04-18,19810.66,Approved,Death benefit claim,batch_001,2026-07-31T17:58:20
CLM003930,POL00410,2025-04-18,17952.78,Denied,Theft of vehicle,batch_001,2026-07-31T17:58:20
CLM003931,POL04337,2025-04-18,4896.70,Approved,Prescription claim,batch_001,2026-07-31T17:58:20
CLM003932,POL04960,2025-04-19,17686.22,Denied,Roof damage from storm,batch_001,2026-07-31T17:58:20
CLM003933,POL04849,2025-04-19,21638.70,Approved,Burglary,batch_001,2026-07-31T17:58:20
CLM003934,POL01515,2025-04-19,12738.85,Approved,Emergency room visit,batch_001,2026-07-31T17:58:20
CLM003935,POL01620,2025-04-19,6655.21,Pending,Fallen tree damage,batch_001,2026-07-31T17:58:20
CLM003936,POL01552,2025-04-19,17529.18,Pending,Medical procedure,batch_001,2026-07-31T17:58:20
CLM003937,POL01542,2025-04-19,4757.50,Denied,Fire damage,batch_001,2026-07-31T17:58:20
CLM003938,POL01331,2025-04-19,9927.23,Pending,Roof damage from storm,batch_001,2026-07-31T17:58:20
CLM003939,POL04928,2025-04-19,10365.82,Pending,Theft of vehicle,batch_001,2026-07-31T17:58:20
CLM003940,POL01788,2025-04-20,10720.43,Denied,Windshield damage,batch_001,2026-07-31T17:58:20
CLM003941,POL04347,2025-04-20,273.88,Pending,Roof damage from storm,batch_001,2026-07-31T17:58:20
CLM003942,POL02306,2025-04-20,18882.00,Approved,Death benefit claim,batch_001,2026-07-31T17:58:20
CLM003943,POL00515,2025-04-20,12398.68,Pending,Water damage,batch_001,2026-07-31T17:58:20
CLM003944,POL05078,2025-04-20,18915.69,Denied,Medical procedure,batch_001,2026-07-31T17:58:20
CLM003945,POL03654,2025-04-20,398.77,Pending,Water damage,batch_001,2026-07-31T17:58:20
CLM003946,POL02609,2025-04-20,14744.65,Denied,Accidental death claim,batch_001,2026-07-31T17:58:20
CLM003947,POL04961,2025-04-20,16987.07,Approved,Hospital stay,batch_001,2026-07-31T17:58:20
CLM003948,POL02150,2025-04-21,18206.01,Denied,Burglary,batch_001,2026-07-31T17:58:20
CLM003949,POL02934,2025-04-21,18580.60,Denied,Theft of vehicle,batch_001,2026-07-31T17:58:20
CLM003950,POL04094,2025-04-21,7576.15,Denied,Roof damage from storm,batch_001,2026-07-31T17:58:20
CLM003951,POL04473,2025-04-21,24977.53,Approved,Fire damage,batch_001,2026-07-31T17:58:20
CLM003952,POL04811,2025-04-22,4346.77,Pending,Terminal illness claim,batch_001,2026-07-31T17:58:20
CLM003953,POL03357,2025-04-22,11677.13,Denied,Terminal illness claim,batch_001,2026-07-31T17:58:20
CLM003954,POL03304,2025-04-22,11644.23,Denied,Terminal illness claim,batch_001,2026-07-31T17:58:20
CLM003955,POL01251,2025-04-22,3637.86,Denied,Hit and run,batch_001,2026-07-31T17:58:20
CLM003956,POL00201,2025-04-22,21846.71,Denied,Burglary,batch_001,2026-07-31T17:58:20
CLM003957,POL01224,2025-04-23,10045.51,Approved,Terminal illness claim,batch_001,2026-07-31T17:58:20
CLM003958,POL01416,2025-04-23,3860.86,Approved,Fire damage,batch_001,2026-07-31T17:58:20
CLM003959,POL00777,2025-04-23,508.10,Denied,Windshield damage,batch_001,2026-07-31T17:58:20
CLM003960,POL02220,2025-04-23,8499.15,Approved,Burglary,batch_001,2026-07-31T17:58:20
CLM003961,POL03214,2025-04-24,4042.08,Pending,Roof damage from storm,batch_001,2026-07-31T17:58:20
CLM003962,POL01866,2025-04-24,4829.66,Pending,Accidental death claim,batch_001,2026-07-31T17:58:20
CLM003963,POL04089,2025-04-24,10878.12,Approved,Prescription claim,batch_001,2026-07-31T17:58:20
CLM003964,POL00490,2025-04-24,8898.90,Approved,Medical procedure,batch_001,2026-07-31T17:58:20
CLM003965,POL02649,2025-04-24,17680.00,Pending,Surgery reimbursement,batch_001,2026-07-31T17:58:20
CLM003966,POL01159,2025-04-25,5955.30,Denied,Death benefit claim,batch_001,2026-07-31T17:58:20
CLM003967,POL03411,2025-04-25,12313.62,Denied,Fire damage,batch_001,2026-07-31T17:58:20
CLM003968,POL02774,2025-04-25,15798.43,Pending,Fallen tree damage,batch_001,2026-07-31T17:58:20
CLM003969,POL03515,2025-04-25,15329.51,Pending,Windshield damage,batch_001,2026-07-31T17:58:20
CLM003970,POL04339,2025-04-25,7119.24,Pending,Surgery reimbursement,batch_001,2026-07-31T17:58:20
CLM003971,POL01050,2025-04-25,9302.23,Denied,Water damage,batch_001,2026-07-31T17:58:20
CLM003972,POL00146,2025-04-25,11232.25,Denied,Windshield damage,batch_001,2026-07-31T17:58:20
CLM003973,POL01716,2025-04-26,23619.96,Pending,Fire damage,batch_001,2026-07-31T17:58:20
CLM003974,POL02561,2025-04-26,15883.40,Denied,Terminal illness claim,batch_001,2026-07-31T17:58:20
CLM003975,POL04547,2025-04-26,8584.86,Denied,Accidental death claim,batch_001,2026-07-31T17:58:20
CLM003976,POL01593,2025-04-26,22556.21,Denied,Fallen tree damage,batch_001,2026-07-31T17:58:20
CLM003977,POL01876,2025-04-26,17731.81,Pending,Windshield damage,batch_001,2026-07-31T17:58:20
CLM003978,POL02041,2025-04-26,12265.84,Denied,Vehicle collision,batch_001,2026-07-31T17:58:20
CLM003979,POL02568,2025-04-26,12822.92,Approved,Burglary,batch_001,2026-07-31T17:58:20
CLM003980,POL01216,2025-04-26,15627.81,Approved,Accidental death claim,batch_001,2026-07-31T17:58:20
CLM003981,POL04022,2025-04-27,11620.96,Pending,Theft of vehicle,batch_001,2026-07-31T17:58:20
CLM003982,POL00549,2025-04-27,11292.17,Approved,Theft of vehicle,batch_001,2026-07-31T17:58:20
CLM003983,POL01173,2025-04-27,9158.18,Approved,Hit and run,batch_001,2026-07-31T17:58:20
CLM003984,POL02021,2025-04-27,5661.00,Approved,Theft of vehicle,batch_001,2026-07-31T17:58:20
CLM003985,POL02918,2025-04-27,20638.44,Denied,Accidental death claim,batch_001,2026-07-31T17:58:20
CLM003986,POL01198,2025-04-27,19613.74,Denied,Terminal illness claim,batch_001,2026-07-31T17:58:20
CLM003987,POL02574,2025-04-28,15158.80,Pending,Death benefit claim,batch_001,2026-07-31T17:58:20
CLM003988,POL01542,2025-04-29,23947.37,Pending,Fallen tree damage,batch_001,2026-07-31T17:58:20
CLM003989,POL00987,2025-04-29,7460.93,Approved,Windshield damage,batch_001,2026-07-31T17:58:20
CLM003990,POL04289,2025-04-29,19991.33,Denied,Death benefit claim,batch_001,2026-07-31T17:58:20
CLM003991,POL03081,2025-04-29,10632.48,Approved,Terminal illness claim,batch_001,2026-07-31T17:58:20
CLM003992,POL02139,2025-04-29,5185.58,Denied,Medical procedure,batch_001,2026-07-31T17:58:20
CLM003993,POL00237,2025-04-29,16325.71,Denied,Medical procedure,batch_001,2026-07-31T17:58:20
CLM003994,POL03020,2025-04-29,11676.99,Approved,Prescription claim,batch_001,2026-07-31T17:58:20
CLM003995,POL03130,2025-04-29,13926.08,Pending,Prescription claim,batch_001,2026-07-31T17:58:20
CLM003996,POL02574,2025-04-29,2782.85,Denied,Terminal illness claim,batch_001,2026-07-31T17:58:20
CLM003997,POL02261,2025-04-29,5024.74,Pending,Prescription claim,batch_001,2026-07-31T17:58:20
CLM003998,POL02333,2025-04-29,4156.24,Approved,Surgery reimbursement,batch_001,2026-07-31T17:58:20
CLM003999,POL00139,2025-04-30,3185.48,Denied,Fallen tree damage,batch_001,2026-07-31T17:58:20
CLM004000,POL03909,2025-04-30,9283.67,Denied,Prescription claim,batch_001,2026-07-31T17:58:20
CLM004001,POL04507,2025-04-30,734.09,Denied,Roof damage from storm,batch_001,2026-07-31T17:58:20
CLM004002,POL03241,2025-04-30,4532.16,Pending,Death benefit claim,batch_001,2026-07-31T17:58:20
CLM004003,POL02318,2025-04-30,8167.95,Pending,Death benefit claim,batch_001,2026-07-31T17:58:20
CLM004004,POL04192,2025-04-30,1490.89,Pending,Fire damage,batch_001,2026-07-31T17:58:20
CLM004005,POL04069,2025-05-01,1690.56,Approved,Fire damage,batch_001,2026-07-31T17:58:20
CLM004006,POL01242,2025-05-01,2646.11,Approved,Emergency room visit,batch_001,2026-07-31T17:58:20
CLM004007,POL00753,2025-05-01,18891.02,Denied,Surgery reimbursement,batch_001,2026-07-31T17:58:20
CLM004008,POL00665,2025-05-01,10374.78,Approved,Burglary,batch_001,2026-07-31T17:58:20
CLM004009,POL03282,2025-05-01,13673.27,Pending,Hit and run,batch_001,2026-07-31T17:58:20
CLM004010,POL03244,2025-05-01,17395.21,Pending,Medical procedure,batch_001,2026-07-31T17:58:20
CLM004011,POL01698,2025-05-01,11267.60,Approved,Theft of vehicle,batch_001,2026-07-31T17:58:20
CLM004012,POL01863,2025-05-01,6057.71,Pending,Vandalism damage,batch_001,2026-07-31T17:58:20
CLM004013,POL00199,2025-05-02,1406.83,Pending,Death benefit claim,batch_001,2026-07-31T17:58:20
CLM004014,POL03922,2025-05-02,1155.63,Approved,Windshield damage,batch_001,2026-07-31T17:58:20
CLM004015,POL01251,2025-05-02,23865.08,Approved,Vandalism damage,batch_001,2026-07-31T17:58:20
CLM004016,POL02618,2025-05-02,8141.46,Pending,Hit and run,batch_001,2026-07-31T17:58:20
CLM004017,POL00158,2025-05-02,12805.15,Denied,Prescription claim,batch_001,2026-07-31T17:58:20
CLM004018,POL00193,2025-05-02,16774.09,Pending,Hit and run,batch_001,2026-07-31T17:58:20
CLM004019,POL04506,2025-05-02,1792.24,Approved,Accidental death claim,batch_001,2026-07-31T17:58:20
CLM004020,POL00295,2025-05-02,5300.03,Pending,Burglary,batch_001,2026-07-31T17:58:20
CLM004021,POL00059,2025-05-02,8799.60,Approved,Vandalism damage,batch_001,2026-07-31T17:58:20
CLM004022,POL03016,2025-05-02,12777.80,Approved,Burglary,batch_001,2026-07-31T17:58:20
CLM004023,POL01744,2025-05-03,3891.17,Approved,Vandalism damage,batch_001,2026-07-31T17:58:20
CLM004024,POL02306,2025-05-03,6714.60,Denied,Accidental death claim,batch_001,2026-07-31T17:58:20
CLM004025,POL03182,2025-05-03,4080.60,Approved,Accidental death claim,batch_001,2026-07-31T17:58:20
CLM004026,POL02100,2025-05-03,8428.69,Denied,Terminal illness claim,batch_001,2026-07-31T17:58:20
CLM004027,POL03217,2025-05-03,3067.27,Denied,Prescription claim,batch_001,2026-07-31T17:58:20
CLM004028,POL00237,2025-05-03,11194.03,Pending,Hospital stay,batch_001,2026-07-31T17:58:20
CLM004029,POL03324,2025-05-04,5194.29,Approved,Water damage,batch_001,2026-07-31T17:58:20
CLM004030,POL03175,2025-05-04,20135.43,Pending,Death benefit claim,batch_001,2026-07-31T17:58:20
CLM004031,POL01640,2025-05-04,19018.01,Pending,Theft of vehicle,batch_001,2026-07-31T17:58:20
CLM004032,POL01756,2025-05-04,22177.64,Denied,Roof damage from storm,batch_001,2026-07-31T17:58:20
CLM004033,POL03800,2025-05-04,1453.75,Pending,Emergency room visit,batch_001,2026-07-31T17:58:20
CLM004034,POL04644,2025-05-04,22266.14,Denied,Fire damage,batch_001,2026-07-31T17:58:20
CLM004035,POL04187,2025-05-04,692.93,Approved,Death benefit claim,batch_001,2026-07-31T17:58:20
CLM004036,POL01483,2025-05-04,21522.91,Approved,Terminal illness claim,batch_001,2026-07-31T17:58:20
CLM004037,POL03184,2025-05-04,18027.23,Denied,Prescription claim,batch_001,2026-07-31T17:58:20
CLM004038,POL04931,2025-05-04,18871.08,Denied,Burglary,batch_001,2026-07-31T17:58:20
CLM004039,POL04595,2025-05-05,14958.84,Pending,Death benefit claim,batch_001,2026-07-31T17:58:20
CLM004040,POL00637,2025-05-05,15447.62,Approved,Death benefit claim,batch_001,2026-07-31T17:58:20
CLM004041,POL05074,2025-05-05,1345.70,Approved,Theft of vehicle,batch_001,2026-07-31T17:58:20
CLM004042,POL00001,2025-05-05,7655.82,Denied,Fallen tree damage,batch_001,2026-07-31T17:58:20
CLM004043,POL01307,2025-05-05,2521.09,Denied,Death benefit claim,batch_001,2026-07-31T17:58:20
CLM004044,POL01563,2025-05-05,24276.41,Pending,Terminal illness claim,batch_001,2026-07-31T17:58:20
CLM004045,POL00624,2025-05-06,7071.47,Pending,Water damage,batch_001,2026-07-31T17:58:20
CLM004046,POL02437,2025-05-06,19284.05,Approved,Theft of vehicle,batch_001,2026-07-31T17:58:20
CLM004047,POL01162,2025-05-06,6641.87,Approved,Medical procedure,batch_001,2026-07-31T17:58:20
CLM004048,POL00249,2025-05-06,22019.24,Denied,Emergency room visit,batch_001,2026-07-31T17:58:20
CLM004049,POL00118,2025-05-06,2903.41,Pending,Fire damage,batch_001,2026-07-31T17:58:20
CLM004050,POL03730,2025-05-06,21757.82,Pending,Hospital stay,batch_001,2026-07-31T17:58:20
CLM004051,POL02238,2025-05-06,6824.66,Pending,Vandalism damage,batch_001,2026-07-31T17:58:20
CLM004052,POL03930,2025-05-06,1675.77,Pending,Windshield damage,batch_001,2026-07-31T17:58:20
CLM004053,POL01766,2025-05-07,1722.43,Pending,Terminal illness claim,batch_001,2026-07-31T17:58:20
CLM004054,POL00245,2025-05-07,1025.31,Denied,Terminal illness claim,batch_001,2026-07-31T17:58:20
CLM004055,POL03379,2025-05-07,4458.07,Approved,Accidental death claim,batch_001,2026-07-31T17:58:20
CLM004056,POL00361,2025-05-07,16449.59,Denied,Theft of vehicle,batch_001,2026-07-31T17:58:20
CLM004057,POL03926,2025-05-07,5147.20,Denied,Vehicle collision,batch_001,2026-07-31T17:58:20
CLM004058,POL02228,2025-05-07,24083.42,Approved,Death benefit claim,batch_001,2026-07-31T17:58:20
CLM004059,POL03670,2025-05-07,20277.81,Pending,Medical procedure,batch_001,2026-07-31T17:58:20
CLM004060,POL04614,2025-05-07,20901.27,Denied,Hospital stay,batch_001,2026-07-31T17:58:20
CLM004061,POL04003,2025-05-08,19819.90,Pending,Accidental death claim,batch_001,2026-07-31T17:58:20
CLM004062,POL00388,2025-05-08,7234.28,Approved,Hospital stay,batch_001,2026-07-31T17:58:20
CLM004063,POL03009,2025-05-08,11460.81,Denied,Vandalism damage,batch_001,2026-07-31T17:58:20
CLM004064,POL01343,2025-05-08,9394.36,Denied,Hospital stay,batch_001,2026-07-31T17:58:20
CLM004065,POL04430,2025-05-08,3727.82,Pending,Theft of vehicle,batch_001,2026-07-31T17:58:20
CLM004066,POL03335,2025-05-08,4431.67,Denied,Theft of vehicle,batch_001,2026-07-31T17:58:20
CLM004067,POL03830,2025-05-08,24589.47,Denied,Windshield damage,batch_001,2026-07-31T17:58:20
CLM004068,POL04052,2025-05-08,16925.20,Denied,Roof damage from storm,batch_001,2026-07-31T17:58:20
CLM004069,POL03537,2025-05-09,2252.49,Denied,Death benefit claim,batch_001,2026-07-31T17:58:20
CLM004070,POL02727,2025-05-09,23125.50,Pending,Hit and run,batch_001,2026-07-31T17:58:20
CLM004071,POL03693,2025-05-09,18867.21,Pending,Death benefit claim,batch_001,2026-07-31T17:58:20
CLM004072,POL00351,2025-05-09,8652.00,Pending,Death benefit claim,batch_001,2026-07-31T17:58:20
CLM004073,POL04906,2025-05-10,8607.08,Pending,Windshield damage,batch_001,2026-07-31T17:58:20
CLM004074,POL04700,2025-05-10,3574.08,Approved,Burglary,batch_001,2026-07-31T17:58:20
CLM004075,POL00670,2025-05-10,20603.74,Approved,Hospital stay,batch_001,2026-07-31T17:58:20
CLM004076,POL04457,2025-05-10,1145.26,Approved,Fallen tree damage,batch_001,2026-07-31T17:58:20
CLM004077,POL00034,2025-05-11,6442.46,Pending,Fire damage,batch_001,2026-07-31T17:58:20
CLM004078,POL01858,2025-05-11,17131.87,Denied,Burglary,batch_001,2026-07-31T17:58:20
CLM004079,POL00958,2025-05-11,8204.63,Denied,Accidental death claim,batch_001,2026-07-31T17:58:20
CLM004080,POL03236,2025-05-11,13125.71,Denied,Emergency room visit,batch_001,2026-07-31T17:58:20
CLM004081,POL04727,2025-05-11,8843.25,Denied,Vehicle collision,batch_001,2026-07-31T17:58:20
CLM004082,POL01850,2025-05-11,16047.69,Denied,Emergency room visit,batch_001,2026-07-31T17:58:20
CLM004083,POL01543,2025-05-11,17933.43,Pending,Vehicle collision,batch_001,2026-07-31T17:58:20
CLM004084,POL04057,2025-05-12,3694.45,Approved,Accidental death claim,batch_001,2026-07-31T17:58:20
CLM004085,POL02512,2025-05-12,6121.65,Denied,Theft of vehicle,batch_001,2026-07-31T17:58:20
CLM004086,POL01715,2025-05-12,13594.98,Approved,Windshield damage,batch_001,2026-07-31T17:58:20
CLM004087,POL00193,2025-05-12,503.88,Denied,Vehicle collision,batch_001,2026-07-31T17:58:20
CLM004088,POL01697,2025-05-12,4724.28,Pending,Medical procedure,batch_001,2026-07-31T17:58:20
CLM004089,POL00550,2025-05-12,6410.50,Approved,Terminal illness claim,batch_001,2026-07-31T17:58:20
CLM004090,POL02929,2025-05-12,16573.47,Approved,Vandalism damage,batch_001,2026-07-31T17:58:20
CLM004091,POL02460,2025-05-12,8644.92,Denied,Fire damage,batch_001,2026-07-31T17:58:20
CLM004092,POL02489,2025-05-12,10770.24,Pending,Burglary,batch_001,2026-07-31T17:58:20
CLM004093,POL05037,2025-05-13,14874.07,Pending,Hit and run,batch_001,2026-07-31T17:58:20
CLM004094,POL00259,2025-05-13,12549.87,Denied,Medical procedure,batch_001,2026-07-31T17:58:20
CLM004095,POL02096,2025-05-13,17545.72,Denied,Vandalism damage,batch_001,2026-07-31T17:58:20
CLM004096,POL00803,2025-05-13,10625.27,Pending,Vandalism damage,batch_001,2026-07-31T17:58:20
CLM004097,POL02876,2025-05-13,23733.15,Pending,Terminal illness claim,batch_001,2026-07-31T17:58:20
CLM004098,POL00224,2025-05-13,9561.19,Denied,Vehicle collision,batch_001,2026-07-31T17:58:20
CLM004099,POL03891,2025-05-13,6378.69,Approved,Water damage,batch_001,2026-07-31T17:58:20
CLM004100,POL02011,2025-05-14,18134.54,Pending,Vehicle collision,batch_001,2026-07-31T17:58:20
CLM004101,POL03725,2025-05-14,9558.29,Denied,Fire damage,batch_001,2026-07-31T17:58:20
CLM004102,POL04945,2025-05-14,24601.61,Approved,Theft of vehicle,batch_001,2026-07-31T17:58:20
CLM004103,POL02538,2025-05-14,13860.38,Pending,Burglary,batch_001,2026-07-31T17:58:20
CLM004104,POL01775,2025-05-14,15381.56,Approved,Water damage,batch_001,2026-07-31T17:58:20
CLM004105,POL01052,2025-05-14,14876.38,Pending,Death benefit claim,batch_001,2026-07-31T17:58:20
CLM004106,POL04148,2025-05-14,11166.31,Pending,Fire damage,batch_001,2026-07-31T17:58:20
CLM004107,POL03795,2025-05-15,6941.05,Pending,Prescription claim,batch_001,2026-07-31T17:58:20
CLM004108,POL04389,2025-05-15,16377.19,Approved,Terminal illness claim,batch_001,2026-07-31T17:58:20
CLM004109,POL04798,2025-05-15,3029.95,Pending,Burglary,batch_001,2026-07-31T17:58:20
CLM004110,POL01425,2025-05-16,22566.32,Denied,Windshield damage,batch_001,2026-07-31T17:58:20
CLM004111,POL00327,2025-05-16,7328.14,Denied,Prescription claim,batch_001,2026-07-31T17:58:20
CLM004112,POL00899,2025-05-16,17201.50,Approved,Emergency room visit,batch_001,2026-07-31T17:58:20
CLM004113,POL03950,2025-05-16,12207.56,Approved,Prescription claim,batch_001,2026-07-31T17:58:20
CLM004114,POL01447,2025-05-16,19334.32,Approved,Roof damage from storm,batch_001,2026-07-31T17:58:20
CLM004115,POL01497,2025-05-16,5663.22,Pending,Vandalism damage,batch_001,2026-07-31T17:58:20
CLM004116,POL04042,2025-05-17,5795.44,Denied,Vehicle collision,batch_001,2026-07-31T17:58:20
CLM004117,POL00832,2025-05-17,4194.39,Approved,Accidental death claim,batch_001,2026-07-31T17:58:20
CLM004118,POL04958,2025-05-17,14112.99,Denied,Terminal illness claim,batch_001,2026-07-31T17:58:20
CLM004119,POL03004,2025-05-17,19879.00,Denied,Vehicle collision,batch_001,2026-07-31T17:58:20
CLM004120,POL04303,2025-05-18,22452.47,Denied,Hospital stay,batch_001,2026-07-31T17:58:20
CLM004121,POL00872,2025-05-18,10523.75,Approved,Surgery reimbursement,batch_001,2026-07-31T17:58:20
CLM004122,POL03575,2025-05-18,13976.31,Denied,Death benefit claim,batch_001,2026-07-31T17:58:20
CLM004123,POL00534,2025-05-18,2272.35,Pending,Theft of vehicle,batch_001,2026-07-31T17:58:20
CLM004124,POL03889,2025-05-18,10093.04,Approved,Death benefit claim,batch_001,2026-07-31T17:58:20
CLM004125,POL00992,2025-05-18,700.32,Approved,Fallen tree damage,batch_001,2026-07-31T17:58:20
CLM004126,POL01531,2025-05-18,16649.56,Denied,Fallen tree damage,batch_001,2026-07-31T17:58:20
CLM004127,POL03059,2025-05-18,13978.48,Denied,Vehicle collision,batch_001,2026-07-31T17:58:20
CLM004128,POL01520,2025-05-18,14594.80,Approved,Accidental death claim,batch_001,2026-07-31T17:58:20
CLM004129,POL00326,2025-05-18,5882.98,Approved,Terminal illness claim,batch_001,2026-07-31T17:58:20
CLM004130,POL01092,2025-05-18,18691.39,Denied,Water damage,batch_001,2026-07-31T17:58:20
CLM004131,POL03047,2025-05-19,1593.85,Approved,Death benefit claim,batch_001,2026-07-31T17:58:20
CLM004132,POL04298,2025-05-19,16681.19,Pending,Accidental death claim,batch_001,2026-07-31T17:58:20
CLM004133,POL00073,2025-05-19,7653.27,Approved,Surgery reimbursement,batch_001,2026-07-31T17:58:20
CLM004134,POL01997,2025-05-19,21528.58,Approved,Fire damage,batch_001,2026-07-31T17:58:20
CLM004135,POL03890,2025-05-19,12009.06,Approved,Water damage,batch_001,2026-07-31T17:58:20
CLM004136,POL01413,2025-05-19,9757.65,Pending,Fallen tree damage,batch_001,2026-07-31T17:58:20
CLM004137,POL00581,2025-05-19,3738.20,Approved,Accidental death claim,batch_001,2026-07-31T17:58:20
CLM004138,POL01192,2025-05-19,21543.52,Approved,Prescription claim,batch_001,2026-07-31T17:58:20
CLM004139,POL04206,2025-05-19,24747.69,Approved,Hospital stay,batch_001,2026-07-31T17:58:20
CLM004140,POL01350,2025-05-20,6251.99,Denied,Roof damage from storm,batch_001,2026-07-31T17:58:20
CLM004141,POL01847,2025-05-20,20716.59,Denied,Water damage,batch_001,2026-07-31T17:58:20
CLM004142,POL03538,2025-05-21,1168.43,Denied,Terminal illness claim,batch_001,2026-07-31T17:58:20
CLM004143,POL00227,2025-05-21,4895.88,Pending,Terminal illness claim,batch_001,2026-07-31T17:58:20
CLM004144,POL03202,2025-05-21,11300.73,Approved,Accidental death claim,batch_001,2026-07-31T17:58:20
CLM004145,POL01044,2025-05-21,12036.21,Pending,Hit and run,batch_001,2026-07-31T17:58:20
CLM004146,POL01289,2025-05-21,6109.38,Pending,Roof damage from storm,batch_001,2026-07-31T17:58:20
CLM004147,POL04073,2025-05-22,19350.17,Denied,Vandalism damage,batch_001,2026-07-31T17:58:20
CLM004148,POL00254,2025-05-22,10491.18,Pending,Vehicle collision,batch_001,2026-07-31T17:58:20
CLM004149,POL01193,2025-05-22,19345.66,Approved,Roof damage from storm,batch_001,2026-07-31T17:58:20
CLM004150,POL02273,2025-05-23,9892.36,Denied,Accidental death claim,batch_001,2026-07-31T17:58:20
CLM004151,POL02798,2025-05-23,7657.07,Pending,Fallen tree damage,batch_001,2026-07-31T17:58:20
CLM004152,POL02680,2025-05-23,22991.24,Denied,Hospital stay,batch_001,2026-07-31T17:58:20
CLM004153,POL03996,2025-05-23,9713.74,Pending,Accidental death claim,batch_001,2026-07-31T17:58:20
CLM004154,POL04590,2025-05-23,23094.00,Pending,Accidental death claim,batch_001,2026-07-31T17:58:20
CLM004155,POL04703,2025-05-23,3517.96,Denied,Vehicle collision,batch_001,2026-07-31T17:58:20
CLM004156,POL04012,2025-05-24,24383.14,Pending,Accidental death claim,batch_001,2026-07-31T17:58:20
CLM004157,POL05050,2025-05-24,15821.01,Denied,Accidental death claim,batch_001,2026-07-31T17:58:20
CLM004158,POL02198,2025-05-25,23360.61,Denied,Accidental death claim,batch_001,2026-07-31T17:58:20
CLM004159,POL04207,2025-05-25,5773.27,Denied,Death benefit claim,batch_001,2026-07-31T17:58:20
CLM004160,POL04637,2025-05-25,4862.54,Denied,Windshield damage,batch_001,2026-07-31T17:58:20
CLM004161,POL02745,2025-05-25,12990.03,Denied,Terminal illness claim,batch_001,2026-07-31T17:58:20
CLM004162,POL02162,2025-05-25,14984.24,Pending,Fire damage,batch_001,2026-07-31T17:58:20
CLM004163,POL05023,2025-05-26,22274.70,Approved,Accidental death claim,batch_001,2026-07-31T17:58:20
CLM004164,POL02417,2025-05-26,4830.15,Pending,Surgery reimbursement,batch_001,2026-07-31T17:58:20
CLM004165,POL04447,2025-05-26,13867.29,Approved,Terminal illness claim,batch_001,2026-07-31T17:58:20
CLM004166,POL04766,2025-05-26,13050.81,Approved,Theft of vehicle,batch_001,2026-07-31T17:58:20
CLM004167,POL02024,2025-05-26,5222.77,Pending,Roof damage from storm,batch_001,2026-07-31T17:58:20
CLM004168,POL01500,2025-05-26,22193.10,Denied,Terminal illness claim,batch_001,2026-07-31T17:58:20
CLM004169,POL02013,2025-05-27,9851.59,Pending,Terminal illness claim,batch_001,2026-07-31T17:58:20
CLM004170,POL04655,2025-05-27,11531.07,Denied,Death benefit claim,batch_001,2026-07-31T17:58:20
CLM004171,POL02087,2025-05-27,15189.00,Denied,Water damage,batch_001,2026-07-31T17:58:20
CLM004172,POL03085,2025-05-27,20346.55,Denied,Death benefit claim,batch_001,2026-07-31T17:58:20
CLM004173,POL00546,2025-05-27,4804.31,Denied,Burglary,batch_001,2026-07-31T17:58:20
CLM004174,POL03726,2025-05-27,23375.30,Pending,Hospital stay,batch_001,2026-07-31T17:58:20
CLM004175,POL02270,2025-05-27,12826.85,Denied,Fire damage,batch_001,2026-07-31T17:58:20
CLM004176,POL02177,2025-05-27,1369.73,Denied,Burglary,batch_001,2026-07-31T17:58:20
CLM004177,POL04877,2025-05-28,2791.17,Denied,Hit and run,batch_001,2026-07-31T17:58:20
CLM004178,POL02566,2025-05-28,3074.17,Approved,Medical procedure,batch_001,2026-07-31T17:58:20
CLM004179,POL02961,2025-05-28,19027.10,Approved,Water damage,batch_001,2026-07-31T17:58:20
CLM004180,POL00576,2025-05-28,7006.16,Pending,Accidental death claim,batch_001,2026-07-31T17:58:20
CLM004181,POL02199,2025-05-28,3272.81,Approved,Prescription claim,batch_001,2026-07-31T17:58:20
CLM004182,POL01679,2025-05-28,1094.44,Pending,Accidental death claim,batch_001,2026-07-31T17:58:20
CLM004183,POL00491,2025-05-28,345.42,Denied,Hospital stay,batch_001,2026-07-31T17:58:20
CLM004184,POL02271,2025-05-29,7176.28,Approved,Windshield damage,batch_001,2026-07-31T17:58:20
CLM004185,POL01806,2025-05-29,15495.97,Pending,Surgery reimbursement,batch_001,2026-07-31T17:58:20
CLM004186,POL04528,2025-05-29,8903.43,Approved,Windshield damage,batch_001,2026-07-31T17:58:20
CLM004187,POL00189,2025-05-29,13887.39,Denied,Death benefit claim,batch_001,2026-07-31T17:58:20
CLM004188,POL01408,2025-05-29,20162.19,Denied,Fire damage,batch_001,2026-07-31T17:58:20
CLM004189,POL04438,2025-05-29,15445.79,Approved,Medical procedure,batch_001,2026-07-31T17:58:20
CLM004190,POL04680,2025-05-29,18537.36,Denied,Prescription claim,batch_001,2026-07-31T17:58:20
CLM004191,POL01021,2025-05-29,2482.52,Denied,Death benefit claim,batch_001,2026-07-31T17:58:20
CLM004192,POL01983,2025-05-29,11541.71,Approved,Emergency room visit,batch_001,2026-07-31T17:58:20
CLM004193,POL01806,2025-05-29,7058.82,Approved,Emergency room visit,batch_001,2026-07-31T17:58:20
CLM004194,POL02528,2025-05-29,10936.31,Pending,Hit and run,batch_001,2026-07-31T17:58:20
CLM004195,POL03655,2025-05-30,5413.36,Approved,Vehicle collision,batch_001,2026-07-31T17:58:20
CLM004196,POL03347,2025-05-30,17839.38,Denied,Windshield damage,batch_001,2026-07-31T17:58:20
CLM004197,POL03150,2025-05-30,21279.60,Denied,Death benefit claim,batch_001,2026-07-31T17:58:20
CLM004198,POL04435,2025-05-30,19149.89,Approved,Burglary,batch_001,2026-07-31T17:58:20
CLM004199,POL03578,2025-05-30,19760.74,Pending,Surgery reimbursement,batch_001,2026-07-31T17:58:20
CLM004200,POL02639,2025-05-31,615.82,Pending,Fallen tree damage,batch_001,2026-07-31T17:58:20
CLM004201,POL03178,2025-05-31,20971.65,Pending,Emergency room visit,batch_001,2026-07-31T17:58:20
CLM004202,POL03056,2025-05-31,3698.44,Approved,Accidental death claim,batch_001,2026-07-31T17:58:20
CLM004203,POL03094,2025-05-31,4292.70,Denied,Fire damage,batch_001,2026-07-31T17:58:20
CLM004204,POL01786,2025-05-31,7923.87,Denied,Surgery reimbursement,batch_001,2026-07-31T17:58:20
CLM004205,POL02038,2025-06-01,17901.85,Approved,Prescription claim,batch_001,2026-07-31T17:58:20
CLM004206,POL04919,2025-06-01,21955.49,Approved,Vandalism damage,batch_001,2026-07-31T17:58:20
CLM004207,POL02000,2025-06-01,16172.38,Approved,Burglary,batch_001,2026-07-31T17:58:20
CLM004208,POL00180,2025-06-02,9782.86,Denied,Surgery reimbursement,batch_001,2026-07-31T17:58:20
CLM004209,POL03121,2025-06-02,610.30,Denied,Hit and run,batch_001,2026-07-31T17:58:20
CLM004210,POL03475,2025-06-02,2327.58,Denied,Roof damage from storm,batch_001,2026-07-31T17:58:20
CLM004211,POL01873,2025-06-02,6801.13,Denied,Hit and run,batch_001,2026-07-31T17:58:20
CLM004212,POL01296,2025-06-02,4296.69,Pending,Accidental death claim,batch_001,2026-07-31T17:58:20
CLM004213,POL04237,2025-06-03,15017.72,Approved,Medical procedure,batch_001,2026-07-31T17:58:20
CLM004214,POL03125,2025-06-03,9177.84,Approved,Medical procedure,batch_001,2026-07-31T17:58:20
CLM004215,POL01301,2025-06-03,2400.18,Pending,Vandalism damage,batch_001,2026-07-31T17:58:20
CLM004216,POL00411,2025-06-04,6334.74,Pending,Roof damage from storm,batch_001,2026-07-31T17:58:20
CLM004217,POL03712,2025-06-04,3810.83,Approved,Prescription claim,batch_001,2026-07-31T17:58:20
CLM004218,POL02282,2025-06-04,21788.12,Approved,Death benefit claim,batch_001,2026-07-31T17:58:20
CLM004219,POL03355,2025-06-04,7858.80,Pending,Water damage,batch_001,2026-07-31T17:58:20
CLM004220,POL01900,2025-06-04,21808.07,Pending,Water damage,batch_001,2026-07-31T17:58:20
CLM004221,POL04691,2025-06-04,16400.09,Pending,Fire damage,batch_001,2026-07-31T17:58:20
CLM004222,POL02362,2025-06-04,13743.67,Denied,Emergency room visit,batch_001,2026-07-31T17:58:20
CLM004223,POL01936,2025-06-05,527.83,Approved,Accidental death claim,batch_001,2026-07-31T17:58:20
CLM004224,POL00632,2025-06-05,1777.81,Approved,Roof damage from storm,batch_001,2026-07-31T17:58:20
CLM004225,POL01465,2025-06-05,13395.44,Denied,Hospital stay,batch_001,2026-07-31T17:58:20
CLM004226,POL03023,2025-06-05,18107.89,Approved,Accidental death claim,batch_001,2026-07-31T17:58:20
CLM004227,POL01531,2025-06-05,6216.60,Approved,Roof damage from storm,batch_001,2026-07-31T17:58:20
CLM004228,POL01408,2025-06-05,19182.11,Pending,Water damage,batch_001,2026-07-31T17:58:20
CLM004229,POL04104,2025-06-06,12662.29,Approved,Terminal illness claim,batch_001,2026-07-31T17:58:20
CLM004230,POL01106,2025-06-06,4258.33,Denied,Fire damage,batch_001,2026-07-31T17:58:20
CLM004231,POL01084,2025-06-06,6123.95,Pending,Terminal illness claim,batch_001,2026-07-31T17:58:20
CLM004232,POL04702,2025-06-06,19600.62,Denied,Fire damage,batch_001,2026-07-31T17:58:20
CLM004233,POL03727,2025-06-06,4461.11,Approved,Accidental death claim,batch_001,2026-07-31T17:58:20
CLM004234,POL02034,2025-06-06,4135.96,Pending,Medical procedure,batch_001,2026-07-31T17:58:20
CLM004235,POL00550,2025-06-07,24573.12,Approved,Death benefit claim,batch_001,2026-07-31T17:58:20
CLM004236,POL02353,2025-06-07,11573.24,Denied,Prescription claim,batch_001,2026-07-31T17:58:20
CLM004237,POL04509,2025-06-07,13582.58,Denied,Accidental death claim,batch_001,2026-07-31T17:58:20
CLM004238,POL03823,2025-06-07,24056.41,Pending,Surgery reimbursement,batch_001,2026-07-31T17:58:20
CLM004239,POL04961,2025-06-07,14479.05,Pending,Prescription claim,batch_001,2026-07-31T17:58:20
CLM004240,POL02060,2025-06-07,13134.41,Denied,Death benefit claim,batch_001,2026-07-31T17:58:20
CLM004241,POL04122,2025-06-08,21462.38,Approved,Medical procedure,batch_001,2026-07-31T17:58:20
CLM004242,POL01695,2025-06-08,1928.09,Denied,Terminal illness claim,batch_001,2026-07-31T17:58:20
CLM004243,POL00947,2025-06-08,15149.45,Denied,Prescription claim,batch_001,2026-07-31T17:58:20
CLM004244,POL03080,2025-06-08,7558.00,Approved,Theft of vehicle,batch_001,2026-07-31T17:58:20
CLM004245,POL03992,2025-06-09,5047.70,Approved,Death benefit claim,batch_001,2026-07-31T17:58:20
CLM004246,POL03568,2025-06-09,19399.29,Approved,Hit and run,batch_001,2026-07-31T17:58:20
CLM004247,POL04837,2025-06-09,19784.06,Pending,Fire damage,batch_001,2026-07-31T17:58:20
CLM004248,POL02474,2025-06-09,9969.38,Approved,Death benefit claim,batch_001,2026-07-31T17:58:20
CLM004249,POL01861,2025-06-09,22601.23,Denied,Burglary,batch_001,2026-07-31T17:58:20
CLM004250,POL03271,2025-06-09,11712.09,Denied,Surgery reimbursement,batch_001,2026-07-31T17:58:20
CLM004251,POL01677,2025-06-09,11636.15,Denied,Medical procedure,batch_001,2026-07-31T17:58:20
CLM004252,POL02011,2025-06-10,23698.36,Pending,Vehicle collision,batch_001,2026-07-31T17:58:20
CLM004253,POL02421,2025-06-10,9413.49,Denied,Hit and run,batch_001,2026-07-31T17:58:20
CLM004254,POL03167,2025-06-10,22187.46,Denied,Water damage,batch_001,2026-07-31T17:58:20
CLM004255,POL04901,2025-06-10,7419.38,Pending,Fallen tree damage,batch_001,2026-07-31T17:58:20
CLM004256,POL03909,2025-06-10,1109.06,Denied,Medical procedure,batch_001,2026-07-31T17:58:20
CLM004257,POL02888,2025-06-10,8353.16,Denied,Accidental death claim,batch_001,2026-07-31T17:58:20
CLM004258,POL01360,2025-06-10,375.30,Approved,Fire damage,batch_001,2026-07-31T17:58:20
CLM004259,POL04601,2025-06-10,6813.25,Approved,Accidental death claim,batch_001,2026-07-31T17:58:20
CLM004260,POL01792,2025-06-10,15803.80,Denied,Water damage,batch_001,2026-07-31T17:58:20
CLM004261,POL03673,2025-06-11,10144.96,Pending,Hit and run,batch_001,2026-07-31T17:58:20
CLM004262,POL02843,2025-06-11,15582.14,Denied,Theft of vehicle,batch_001,2026-07-31T17:58:20
CLM004263,POL00418,2025-06-11,20050.48,Pending,Water damage,batch_001,2026-07-31T17:58:20
CLM004264,POL03592,2025-06-11,18986.46,Denied,Fallen tree damage,batch_001,2026-07-31T17:58:20
CLM004265,POL00297,2025-06-11,16691.37,Pending,Fallen tree damage,batch_001,2026-07-31T17:58:20
CLM004266,POL04145,2025-06-12,1775.50,Approved,Prescription claim,batch_001,2026-07-31T17:58:20
CLM004267,POL02705,2025-06-12,16549.34,Denied,Surgery reimbursement,batch_001,2026-07-31T17:58:20
CLM004268,POL01180,2025-06-12,3641.06,Approved,Vehicle collision,batch_001,2026-07-31T17:58:20
CLM004269,POL05054,2025-06-12,9658.85,Denied,Fire damage,batch_001,2026-07-31T17:58:20
CLM004270,POL00344,2025-06-12,1195.93,Approved,Windshield damage,batch_001,2026-07-31T17:58:20
CLM004271,POL01594,2025-06-12,10517.56,Approved,Terminal illness claim,batch_001,2026-07-31T17:58:20
CLM004272,POL01243,2025-06-13,10730.10,Pending,Surgery reimbursement,batch_001,2026-07-31T17:58:20
CLM004273,POL01726,2025-06-13,114.12,Approved,Fire damage,batch_001,2026-07-31T17:58:20
CLM004274,POL00307,2025-06-13,6711.14,Denied,Water damage,batch_001,2026-07-31T17:58:20
CLM004275,POL01795,2025-06-13,11760.83,Approved,Accidental death claim,batch_001,2026-07-31T17:58:20
CLM004276,POL04043,2025-06-13,2944.50,Pending,Burglary,batch_001,2026-07-31T17:58:20
CLM004277,POL02808,2025-06-13,15458.28,Denied,Hit and run,batch_001,2026-07-31T17:58:20
CLM004278,POL02115,2025-06-13,14468.38,Pending,Theft of vehicle,batch_001,2026-07-31T17:58:20
CLM004279,POL02675,2025-06-13,13215.06,Pending,Vandalism damage,batch_001,2026-07-31T17:58:20
CLM004280,POL04261,2025-06-14,17096.78,Pending,Emergency room visit,batch_001,2026-07-31T17:58:20
CLM004281,POL01854,2025-06-14,20391.80,Denied,Hit and run,batch_001,2026-07-31T17:58:20
CLM004282,POL02230,2025-06-14,8271.03,Pending,Theft of vehicle,batch_001,2026-07-31T17:58:20
CLM004283,POL04087,2025-06-14,24321.75,Denied,Vehicle collision,batch_001,2026-07-31T17:58:20
CLM004284,POL04848,2025-06-14,7578.53,Denied,Vehicle collision,batch_001,2026-07-31T17:58:20
CLM004285,POL01213,2025-06-15,13919.85,Approved,Death benefit claim,batch_001,2026-07-31T17:58:20
CLM004286,POL03804,2025-06-15,22638.85,Approved,Fallen tree damage,batch_001,2026-07-31T17:58:20
CLM004287,POL04144,2025-06-15,9138.52,Pending,Burglary,batch_001,2026-07-31T17:58:20
CLM004288,POL03435,2025-06-16,14207.66,Denied,Water damage,batch_001,2026-07-31T17:58:20
CLM004289,POL01987,2025-06-16,4144.89,Denied,Medical procedure,batch_001,2026-07-31T17:58:20
CLM004290,POL02572,2025-06-16,23160.50,Approved,Prescription claim,batch_001,2026-07-31T17:58:20
CLM004291,POL03326,2025-06-16,20395.01,Approved,Hit and run,batch_001,2026-07-31T17:58:20
CLM004292,POL03877,2025-06-16,24461.13,Denied,Theft of vehicle,batch_001,2026-07-31T17:58:20
CLM004293,POL00969,2025-06-16,7769.38,Denied,Burglary,batch_001,2026-07-31T17:58:20
CLM004294,POL03247,2025-06-16,14751.74,Denied,Prescription claim,batch_001,2026-07-31T17:58:20
CLM004295,POL01927,2025-06-16,7233.04,Pending,Death benefit claim,batch_001,2026-07-31T17:58:20
CLM004296,POL02754,2025-06-16,4063.88,Denied,Fallen tree damage,batch_001,2026-07-31T17:58:20
CLM004297,POL03088,2025-06-16,21344.64,Approved,Death benefit claim,batch_001,2026-07-31T17:58:20
CLM004298,POL00675,2025-06-16,19925.24,Approved,Windshield damage,batch_001,2026-07-31T17:58:20
CLM004299,POL04427,2025-06-16,10770.71,Approved,Accidental death claim,batch_001,2026-07-31T17:58:20
CLM004300,POL01245,2025-06-17,24796.75,Approved,Prescription claim,batch_001,2026-07-31T17:58:20
CLM004301,POL01455,2025-06-17,913.85,Denied,Theft of vehicle,batch_001,2026-07-31T17:58:20
CLM004302,POL02927,2025-06-17,16684.85,Approved,Medical procedure,batch_001,2026-07-31T17:58:20
CLM004303,POL01354,2025-06-17,22332.71,Denied,Death benefit claim,batch_001,2026-07-31T17:58:20
CLM004304,POL00320,2025-06-17,24908.26,Approved,Death benefit claim,batch_001,2026-07-31T17:58:20
CLM004305,POL05033,2025-06-18,105.31,Approved,Windshield damage,batch_001,2026-07-31T17:58:20
CLM004306,POL03202,2025-06-18,20622.35,Denied,Death benefit claim,batch_001,2026-07-31T17:58:20
CLM004307,POL02190,2025-06-18,14874.92,Pending,Accidental death claim,batch_001,2026-07-31T17:58:20
CLM004308,POL00588,2025-06-18,20811.88,Denied,Death benefit claim,batch_001,2026-07-31T17:58:20
CLM004309,POL00533,2025-06-18,11612.18,Denied,Windshield damage,batch_001,2026-07-31T17:58:20
CLM004310,POL04218,2025-06-18,2493.39,Pending,Emergency room visit,batch_001,2026-07-31T17:58:20
CLM004311,POL02325,2025-06-18,897.64,Denied,Fire damage,batch_001,2026-07-31T17:58:20
CLM004312,POL03873,2025-06-18,20275.74,Denied,Fallen tree damage,batch_001,2026-07-31T17:58:20
CLM004313,POL02511,2025-06-18,7411.97,Pending,Burglary,batch_001,2026-07-31T17:58:20
CLM004314,POL03425,2025-06-18,20193.45,Approved,Theft of vehicle,batch_001,2026-07-31T17:58:20
CLM004315,POL02676,2025-06-19,5342.63,Denied,Fire damage,batch_001,2026-07-31T17:58:20
CLM004316,POL01272,2025-06-19,1016.26,Approved,Vandalism damage,batch_001,2026-07-31T17:58:20
CLM004317,POL00965,2025-06-19,3777.23,Denied,Emergency room visit,batch_001,2026-07-31T17:58:20
CLM004318,POL01224,2025-06-19,18096.97,Denied,Terminal illness claim,batch_001,2026-07-31T17:58:20
CLM004319,POL02622,2025-06-19,14523.83,Pending,Prescription claim,batch_001,2026-07-31T17:58:20
CLM004320,POL03567,2025-06-20,10306.03,Pending,Fallen tree damage,batch_001,2026-07-31T17:58:20
CLM004321,POL04815,2025-06-20,7633.40,Pending,Death benefit claim,batch_001,2026-07-31T17:58:20
CLM004322,POL03877,2025-06-20,16438.92,Denied,Windshield damage,batch_001,2026-07-31T17:58:20
CLM004323,POL03202,2025-06-20,4868.07,Approved,Death benefit claim,batch_001,2026-07-31T17:58:20
CLM004324,POL00258,2025-06-20,21043.92,Denied,Prescription claim,batch_001,2026-07-31T17:58:20
CLM004325,POL01529,2025-06-21,20331.72,Denied,Prescription claim,batch_001,2026-07-31T17:58:20
CLM004326,POL02651,2025-06-21,11295.34,Denied,Accidental death claim,batch_001,2026-07-31T17:58:20
CLM004327,POL03460,2025-06-21,16494.28,Pending,Windshield damage,batch_001,2026-07-31T17:58:20
CLM004328,POL00061,2025-06-21,21742.44,Approved,Terminal illness claim,batch_001,2026-07-31T17:58:20
CLM004329,POL03407,2025-06-21,2421.09,Denied,Emergency room visit,batch_001,2026-07-31T17:58:20
CLM004330,POL00345,2025-06-22,22117.06,Approved,Vandalism damage,batch_001,2026-07-31T17:58:20
CLM004331,POL04948,2025-06-22,12434.41,Denied,Death benefit claim,batch_001,2026-07-31T17:58:20
CLM004332,POL01479,2025-06-22,10504.97,Approved,Roof damage from storm,batch_001,2026-07-31T17:58:20
CLM004333,POL02810,2025-06-22,20025.19,Denied,Terminal illness claim,batch_001,2026-07-31T17:58:20
CLM004334,POL00023,2025-06-22,2704.47,Pending,Death benefit claim,batch_001,2026-07-31T17:58:20
CLM004335,POL01730,2025-06-22,3780.37,Pending,Accidental death claim,batch_001,2026-07-31T17:58:20
CLM004336,POL04137,2025-06-22,6908.81,Denied,Fallen tree damage,batch_001,2026-07-31T17:58:20
CLM004337,POL04838,2025-06-22,15350.35,Pending,Emergency room visit,batch_001,2026-07-31T17:58:20
CLM004338,POL03564,2025-06-22,19265.82,Pending,Death benefit claim,batch_001,2026-07-31T17:58:20
CLM004339,POL03727,2025-06-22,24107.15,Pending,Accidental death claim,batch_001,2026-07-31T17:58:20
CLM004340,POL02378,2025-06-23,13515.93,Denied,Death benefit claim,batch_001,2026-07-31T17:58:20
CLM004341,POL02331,2025-06-23,8381.87,Denied,Vandalism damage,batch_001,2026-07-31T17:58:20
CLM004342,POL00515,2025-06-23,11915.49,Denied,Burglary,batch_001,2026-07-31T17:58:20
CLM004343,POL04987,2025-06-23,14340.25,Denied,Fallen tree damage,batch_001,2026-07-31T17:58:20
CLM004344,POL01826,2025-06-23,11286.86,Denied,Medical procedure,batch_001,2026-07-31T17:58:20
CLM004345,POL01880,2025-06-23,16743.96,Pending,Roof damage from storm,batch_001,2026-07-31T17:58:20
CLM004346,POL03235,2025-06-23,6707.61,Pending,Windshield damage,batch_001,2026-07-31T17:58:20
CLM004347,POL00333,2025-06-23,5622.84,Denied,Windshield damage,batch_001,2026-07-31T17:58:20
CLM004348,POL03253,2025-06-24,156.04,Approved,Medical procedure,batch_001,2026-07-31T17:58:20
CLM004349,POL02242,2025-06-24,13427.92,Pending,Hit and run,batch_001,2026-07-31T17:58:20
CLM004350,POL00134,2025-06-24,12593.62,Pending,Accidental death claim,batch_001,2026-07-31T17:58:20
CLM004351,POL02509,2025-06-25,19245.63,Pending,Vehicle collision,batch_001,2026-07-31T17:58:20
CLM004352,POL04069,2025-06-26,24722.82,Approved,Fallen tree damage,batch_001,2026-07-31T17:58:20
CLM004353,POL04525,2025-06-26,7260.17,Approved,Fire damage,batch_001,2026-07-31T17:58:20
CLM004354,POL03187,2025-06-26,14062.79,Denied,Death benefit claim,batch_001,2026-07-31T17:58:20
CLM004355,POL04466,2025-06-26,16436.95,Approved,Hit and run,batch_001,2026-07-31T17:58:20
CLM004356,POL00653,2025-06-26,8286.49,Approved,Terminal illness claim,batch_001,2026-07-31T17:58:20
CLM004357,POL00170,2025-06-26,2576.55,Pending,Theft of vehicle,batch_001,2026-07-31T17:58:20
CLM004358,POL01385,2025-06-27,16470.68,Pending,Surgery reimbursement,batch_001,2026-07-31T17:58:20
CLM004359,POL03405,2025-06-27,4130.35,Denied,Death benefit claim,batch_001,2026-07-31T17:58:20
CLM004360,POL01343,2025-06-27,9099.60,Denied,Surgery reimbursement,batch_001,2026-07-31T17:58:20
CLM004361,POL04443,2025-06-27,17319.78,Pending,Medical procedure,batch_001,2026-07-31T17:58:20
CLM004362,POL00625,2025-06-27,24572.06,Approved,Medical procedure,batch_001,2026-07-31T17:58:20
CLM004363,POL01963,2025-06-27,1742.96,Denied,Death benefit claim,batch_001,2026-07-31T17:58:20
CLM004364,POL00929,2025-06-27,19146.02,Denied,Water damage,batch_001,2026-07-31T17:58:20
CLM004365,POL04100,2025-06-27,19173.39,Pending,Hit and run,batch_001,2026-07-31T17:58:20
CLM004366,POL04185,2025-06-27,3140.23,Pending,Hospital stay,batch_001,2026-07-31T17:58:20
CLM004367,POL02280,2025-06-27,19658.88,Denied,Medical procedure,batch_001,2026-07-31T17:58:20
CLM004368,POL02894,2025-06-28,4492.32,Approved,Accidental death claim,batch_001,2026-07-31T17:58:20
CLM004369,POL02051,2025-06-28,18160.35,Pending,Water damage,batch_001,2026-07-31T17:58:20
CLM004370,POL00520,2025-06-28,4141.07,Denied,Death benefit claim,batch_001,2026-07-31T17:58:20
CLM004371,POL04277,2025-06-28,20398.93,Pending,Emergency room visit,batch_001,2026-07-31T17:58:20
CLM004372,POL03922,2025-06-28,24778.73,Pending,Theft of vehicle,batch_001,2026-07-31T17:58:20
CLM004373,POL00245,2025-06-28,8570.50,Denied,Terminal illness claim,batch_001,2026-07-31T17:58:20
CLM004374,POL00849,2025-06-28,20201.15,Denied,Death benefit claim,batch_001,2026-07-31T17:58:20
CLM004375,POL01373,2025-06-28,4834.58,Pending,Burglary,batch_001,2026-07-31T17:58:20
CLM004376,POL04804,2025-06-28,18718.59,Approved,Fire damage,batch_001,2026-07-31T17:58:20
CLM004377,POL04050,2025-06-28,13980.70,Denied,Terminal illness claim,batch_001,2026-07-31T17:58:20
CLM004378,POL02640,2025-06-29,16098.93,Approved,Death benefit claim,batch_001,2026-07-31T17:58:20
CLM004379,POL00299,2025-06-29,11377.44,Approved,Accidental death claim,batch_001,2026-07-31T17:58:20
CLM004380,POL02912,2025-06-29,526.32,Pending,Theft of vehicle,batch_001,2026-07-31T17:58:20
CLM004381,POL02775,2025-06-29,10446.79,Approved,Surgery reimbursement,batch_001,2026-07-31T17:58:20
CLM004382,POL03797,2025-06-29,2222.11,Approved,Hospital stay,batch_001,2026-07-31T17:58:20
CLM004383,POL04265,2025-06-29,14079.17,Approved,Vandalism damage,batch_001,2026-07-31T17:58:20
CLM004384,POL01113,2025-06-29,11888.40,Pending,Fallen tree damage,batch_001,2026-07-31T17:58:20
CLM004385,POL02792,2025-06-29,3081.85,Approved,Roof damage from storm,batch_001,2026-07-31T17:58:20
CLM004386,POL02016,2025-06-29,7870.25,Denied,Surgery reimbursement,batch_001,2026-07-31T17:58:20
CLM004387,POL00319,2025-06-29,21480.56,Approved,Theft of vehicle,batch_001,2026-07-31T17:58:20
CLM004388,POL01122,2025-06-30,17428.08,Denied,Fire damage,batch_001,2026-07-31T17:58:20
CLM004389,POL02300,2025-06-30,8564.54,Denied,Water damage,batch_001,2026-07-31T17:58:20
CLM004390,POL04350,2025-06-30,9158.25,Denied,Theft of vehicle,batch_001,2026-07-31T17:58:20
CLM004391,POL02457,2025-06-30,10231.08,Approved,Terminal illness claim,batch_001,2026-07-31T17:58:20
CLM004392,POL02685,2025-06-30,4700.93,Approved,Emergency room visit,batch_001,2026-07-31T17:58:20
CLM004393,POL04301,2025-06-30,15112.37,Approved,Roof damage from storm,batch_001,2026-07-31T17:58:20
CLM004394,POL00929,2025-06-30,2469.42,Denied,Roof damage from storm,batch_001,2026-07-31T17:58:20
CLM004395,POL02608,2025-07-01,22221.37,Approved,Accidental death claim,batch_001,2026-07-31T17:58:20
CLM004396,POL01740,2025-07-01,14597.48,Approved,Emergency room visit,batch_001,2026-07-31T17:58:20
CLM004397,POL00403,2025-07-01,6985.22,Pending,Accidental death claim,batch_001,2026-07-31T17:58:20
CLM004398,POL00653,2025-07-01,20308.27,Pending,Accidental death claim,batch_001,2026-07-31T17:58:20
CLM004399,POL04474,2025-07-01,7500.44,Pending,Surgery reimbursement,batch_001,2026-07-31T17:58:20
CLM004400,POL00823,2025-07-02,22393.61,Approved,Roof damage from storm,batch_001,2026-07-31T17:58:20
CLM004401,POL03443,2025-07-02,2414.89,Denied,Surgery reimbursement,batch_001,2026-07-31T17:58:20
CLM004402,POL00427,2025-07-02,3508.60,Approved,Accidental death claim,batch_001,2026-07-31T17:58:20
CLM004403,POL00033,2025-07-02,2760.03,Denied,Medical procedure,batch_001,2026-07-31T17:58:20
CLM004404,POL03844,2025-07-02,20256.56,Denied,Fallen tree damage,batch_001,2026-07-31T17:58:20
CLM004405,POL00876,2025-07-02,6680.63,Pending,Accidental death claim,batch_001,2026-07-31T17:58:20
CLM004406,POL02029,2025-07-02,2142.02,Approved,Windshield damage,batch_001,2026-07-31T17:58:20
CLM004407,POL04662,2025-07-02,17547.37,Approved,Vehicle collision,batch_001,2026-07-31T17:58:20
CLM004408,POL03853,2025-07-02,5538.61,Pending,Fire damage,batch_001,2026-07-31T17:58:20
CLM004409,POL01388,2025-07-02,18472.76,Pending,Fallen tree damage,batch_001,2026-07-31T17:58:20
CLM004410,POL01955,2025-07-03,24742.21,Approved,Hospital stay,batch_001,2026-07-31T17:58:20
CLM004411,POL02239,2025-07-03,14459.60,Pending,Emergency room visit,batch_001,2026-07-31T17:58:20
CLM004412,POL04036,2025-07-03,13734.34,Approved,Burglary,batch_001,2026-07-31T17:58:20
CLM004413,POL01729,2025-07-03,15370.12,Denied,Fire damage,batch_001,2026-07-31T17:58:20
CLM004414,POL04324,2025-07-04,7388.39,Approved,Burglary,batch_001,2026-07-31T17:58:20
CLM004415,POL04840,2025-07-04,10347.42,Pending,Terminal illness claim,batch_001,2026-07-31T17:58:20
CLM004416,POL02207,2025-07-04,6300.86,Approved,Burglary,batch_001,2026-07-31T17:58:20
CLM004417,POL02089,2025-07-04,16243.61,Denied,Death benefit claim,batch_001,2026-07-31T17:58:20
CLM004418,POL00939,2025-07-04,10198.07,Approved,Roof damage from storm,batch_001,2026-07-31T17:58:20
CLM004419,POL01051,2025-07-04,14457.74,Pending,Hospital stay,batch_001,2026-07-31T17:58:20
CLM004420,POL00983,2025-07-04,24182.64,Approved,Death benefit claim,batch_001,2026-07-31T17:58:20
CLM004421,POL00330,2025-07-04,5848.31,Approved,Water damage,batch_001,2026-07-31T17:58:20
CLM004422,POL00592,2025-07-04,17133.30,Approved,Death benefit claim,batch_001,2026-07-31T17:58:20
CLM004423,POL02266,2025-07-04,23989.06,Pending,Death benefit claim,batch_001,2026-07-31T17:58:20
CLM004424,POL01722,2025-07-04,17959.19,Pending,Water damage,batch_001,2026-07-31T17:58:20
CLM004425,POL03387,2025-07-04,2763.15,Approved,Hit and run,batch_001,2026-07-31T17:58:20
CLM004426,POL01183,2025-07-05,3759.99,Pending,Medical procedure,batch_001,2026-07-31T17:58:20
CLM004427,POL03021,2025-07-05,8195.28,Denied,Burglary,batch_001,2026-07-31T17:58:20
CLM004428,POL04251,2025-07-05,17039.83,Denied,Accidental death claim,batch_001,2026-07-31T17:58:20
CLM004429,POL01652,2025-07-05,21458.13,Approved,Fire damage,batch_001,2026-07-31T17:58:20
CLM004430,POL03189,2025-07-06,8894.14,Pending,Emergency room visit,batch_001,2026-07-31T17:58:20
CLM004431,POL04014,2025-07-06,12273.95,Denied,Prescription claim,batch_001,2026-07-31T17:58:20
CLM004432,POL00401,2025-07-06,6377.57,Denied,Terminal illness claim,batch_001,2026-07-31T17:58:20
CLM004433,POL01300,2025-07-06,1628.97,Approved,Prescription claim,batch_001,2026-07-31T17:58:20
CLM004434,POL04295,2025-07-06,7297.92,Denied,Death benefit claim,batch_001,2026-07-31T17:58:20
CLM004435,POL02353,2025-07-06,3603.38,Denied,Emergency room visit,batch_001,2026-07-31T17:58:20
CLM004436,POL03492,2025-07-06,19249.43,Denied,Accidental death claim,batch_001,2026-07-31T17:58:20
CLM004437,POL00535,2025-07-06,14703.46,Denied,Surgery reimbursement,batch_001,2026-07-31T17:58:20
CLM004438,POL01838,2025-07-06,11288.64,Pending,Terminal illness claim,batch_001,2026-07-31T17:58:20
CLM004439,POL03907,2025-07-06,24091.35,Denied,Windshield damage,batch_001,2026-07-31T17:58:20
CLM004440,POL03936,2025-07-07,5592.08,Approved,Water damage,batch_001,2026-07-31T17:58:20
CLM004441,POL01921,2025-07-07,16165.99,Denied,Emergency room visit,batch_001,2026-07-31T17:58:20
CLM004442,POL04520,2025-07-07,12791.47,Approved,Vehicle collision,batch_001,2026-07-31T17:58:20
CLM004443,POL02193,2025-07-07,18058.94,Pending,Terminal illness claim,batch_001,2026-07-31T17:58:20
CLM004444,POL00810,2025-07-07,6868.12,Pending,Hospital stay,batch_001,2026-07-31T17:58:20
CLM004445,POL02542,2025-07-08,18685.43,Approved,Death benefit claim,batch_001,2026-07-31T17:58:20
CLM004446,POL04647,2025-07-08,23933.14,Approved,Emergency room visit,batch_001,2026-07-31T17:58:20
CLM004447,POL02317,2025-07-08,6377.26,Approved,Vandalism damage,batch_001,2026-07-31T17:58:20
CLM004448,POL05027,2025-07-09,14402.90,Pending,Windshield damage,batch_001,2026-07-31T17:58:20
CLM004449,POL04072,2025-07-09,24438.55,Approved,Fire damage,batch_001,2026-07-31T17:58:20
CLM004450,POL00161,2025-07-09,8251.68,Pending,Hospital stay,batch_001,2026-07-31T17:58:20
CLM004451,POL03439,2025-07-09,14241.98,Approved,Prescription claim,batch_001,2026-07-31T17:58:20
CLM004452,POL01585,2025-07-09,4765.56,Pending,Theft of vehicle,batch_001,2026-07-31T17:58:20
CLM004453,POL03481,2025-07-09,6354.08,Denied,Accidental death claim,batch_001,2026-07-31T17:58:20
CLM004454,POL01635,2025-07-09,15758.29,Pending,Fallen tree damage,batch_001,2026-07-31T17:58:20
CLM004455,POL04631,2025-07-09,14144.15,Approved,Burglary,batch_001,2026-07-31T17:58:20
CLM004456,POL03866,2025-07-09,15653.02,Approved,Theft of vehicle,batch_001,2026-07-31T17:58:20
CLM004457,POL00376,2025-07-09,21459.13,Denied,Terminal illness claim,batch_001,2026-07-31T17:58:20
CLM004458,POL01976,2025-07-09,13358.90,Denied,Death benefit claim,batch_001,2026-07-31T17:58:20
CLM004459,POL03530,2025-07-09,23941.79,Approved,Medical procedure,batch_001,2026-07-31T17:58:20
CLM004460,POL00846,2025-07-09,14172.46,Approved,Fire damage,batch_001,2026-07-31T17:58:20
CLM004461,POL03365,2025-07-09,21677.13,Approved,Hit and run,batch_001,2026-07-31T17:58:20
CLM004462,POL03379,2025-07-10,13421.02,Pending,Death benefit claim,batch_001,2026-07-31T17:58:20
CLM004463,POL00841,2025-07-10,17055.92,Pending,Burglary,batch_001,2026-07-31T17:58:20
CLM004464,POL01112,2025-07-10,5596.23,Approved,Emergency room visit,batch_001,2026-07-31T17:58:20
CLM004465,POL03039,2025-07-10,2511.72,Denied,Medical procedure,batch_001,2026-07-31T17:58:20
CLM004466,POL04813,2025-07-10,10287.54,Denied,Hospital stay,batch_001,2026-07-31T17:58:20
CLM004467,POL03686,2025-07-10,22338.26,Approved,Surgery reimbursement,batch_001,2026-07-31T17:58:20
CLM004468,POL01940,2025-07-10,15333.17,Approved,Terminal illness claim,batch_001,2026-07-31T17:58:20
CLM004469,POL04902,2025-07-10,13468.59,Pending,Emergency room visit,batch_001,2026-07-31T17:58:20
CLM004470,POL00362,2025-07-10,11952.71,Denied,Fallen tree damage,batch_001,2026-07-31T17:58:20
CLM004471,POL01369,2025-07-10,16466.70,Pending,Vehicle collision,batch_001,2026-07-31T17:58:20
CLM004472,POL04011,2025-07-11,20444.93,Approved,Prescription claim,batch_001,2026-07-31T17:58:20
CLM004473,POL02710,2025-07-11,2592.33,Pending,Fallen tree damage,batch_001,2026-07-31T17:58:20
CLM004474,POL01879,2025-07-11,23127.80,Denied,Water damage,batch_001,2026-07-31T17:58:20
CLM004475,POL03499,2025-07-11,17439.84,Denied,Hit and run,batch_001,2026-07-31T17:58:20
CLM004476,POL04558,2025-07-11,17428.88,Approved,Water damage,batch_001,2026-07-31T17:58:20
CLM004477,POL04684,2025-07-11,631.90,Denied,Emergency room visit,batch_001,2026-07-31T17:58:20
CLM004478,POL01410,2025-07-12,20575.62,Approved,Accidental death claim,batch_001,2026-07-31T17:58:20
CLM004479,POL00371,2025-07-12,18337.76,Approved,Death benefit claim,batch_001,2026-07-31T17:58:20
CLM004480,POL01620,2025-07-12,3402.44,Denied,Water damage,batch_001,2026-07-31T17:58:20
CLM004481,POL03683,2025-07-12,5718.07,Approved,Vehicle collision,batch_001,2026-07-31T17:58:20
CLM004482,POL00966,2025-07-12,18171.02,Pending,Emergency room visit,batch_001,2026-07-31T17:58:20
CLM004483,POL03004,2025-07-12,15715.55,Denied,Hit and run,batch_001,2026-07-31T17:58:20
CLM004484,POL01261,2025-07-13,17229.14,Approved,Hit and run,batch_001,2026-07-31T17:58:20
CLM004485,POL03098,2025-07-13,289.81,Denied,Water damage,batch_001,2026-07-31T17:58:20
CLM004486,POL04367,2025-07-13,4459.88,Denied,Vehicle collision,batch_001,2026-07-31T17:58:20
CLM004487,POL00695,2025-07-13,19134.00,Approved,Water damage,batch_001,2026-07-31T17:58:20
CLM004488,POL01260,2025-07-13,10434.82,Denied,Death benefit claim,batch_001,2026-07-31T17:58:20
CLM004489,POL01362,2025-07-13,6726.89,Pending,Vandalism damage,batch_001,2026-07-31T17:58:20
CLM004490,POL04349,2025-07-13,23754.18,Pending,Vandalism damage,batch_001,2026-07-31T17:58:20
CLM004491,POL02704,2025-07-14,22171.07,Approved,Fallen tree damage,batch_001,2026-07-31T17:58:20
CLM004492,POL04366,2025-07-14,16546.86,Approved,Burglary,batch_001,2026-07-31T17:58:20
CLM004493,POL03481,2025-07-14,4386.16,Denied,Terminal illness claim,batch_001,2026-07-31T17:58:20
CLM004494,POL02587,2025-07-14,6579.69,Approved,Medical procedure,batch_001,2026-07-31T17:58:20
CLM004495,POL01608,2025-07-14,10204.82,Denied,Vandalism damage,batch_001,2026-07-31T17:58:20
CLM004496,POL03809,2025-07-15,23188.46,Pending,Medical procedure,batch_001,2026-07-31T17:58:20
CLM004497,POL01039,2025-07-15,22530.69,Approved,Accidental death claim,batch_001,2026-07-31T17:58:20
CLM004498,POL04371,2025-07-15,23744.11,Approved,Fallen tree damage,batch_001,2026-07-31T17:58:20
CLM004499,POL03927,2025-07-15,9925.72,Pending,Fallen tree damage,batch_001,2026-07-31T17:58:20
CLM004500,POL01108,2025-07-15,1415.51,Approved,Fallen tree damage,batch_001,2026-07-31T17:58:20
CLM004501,POL01899,2025-07-15,19993.68,Approved,Vehicle collision,batch_001,2026-07-31T17:58:20
CLM004502,POL04165,2025-07-16,21471.75,Pending,Death benefit claim,batch_001,2026-07-31T17:58:20
CLM004503,POL01979,2025-07-16,13521.17,Approved,Roof damage from storm,batch_001,2026-07-31T17:58:20
CLM004504,POL04302,2025-07-16,13485.41,Denied,Theft of vehicle,batch_001,2026-07-31T17:58:20
CLM004505,POL02721,2025-07-16,13767.80,Approved,Water damage,batch_001,2026-07-31T17:58:20
CLM004506,POL03504,2025-07-16,12313.66,Approved,Windshield damage,batch_001,2026-07-31T17:58:20
CLM004507,POL01807,2025-07-17,17499.51,Approved,Vandalism damage,batch_001,2026-07-31T17:58:20
CLM004508,POL01211,2025-07-17,15658.52,Approved,Terminal illness claim,batch_001,2026-07-31T17:58:20
CLM004509,POL04479,2025-07-17,2095.91,Denied,Terminal illness claim,batch_001,2026-07-31T17:58:20
CLM004510,POL01349,2025-07-17,17065.34,Denied,Water damage,batch_001,2026-07-31T17:58:20
CLM004511,POL00272,2025-07-17,19160.44,Approved,Accidental death claim,batch_001,2026-07-31T17:58:20
CLM004512,POL00199,2025-07-17,21585.86,Pending,Death benefit claim,batch_001,2026-07-31T17:58:20
CLM004513,POL00686,2025-07-17,8130.17,Pending,Vandalism damage,batch_001,2026-07-31T17:58:20
CLM004514,POL00665,2025-07-18,2157.55,Approved,Burglary,batch_001,2026-07-31T17:58:20
CLM004515,POL00805,2025-07-18,11030.58,Pending,Roof damage from storm,batch_001,2026-07-31T17:58:20
CLM004516,POL00469,2025-07-18,19707.90,Pending,Vandalism damage,batch_001,2026-07-31T17:58:20
CLM004517,POL00212,2025-07-18,18008.71,Denied,Theft of vehicle,batch_001,2026-07-31T17:58:20
CLM004518,POL03106,2025-07-19,16837.25,Pending,Roof damage from storm,batch_001,2026-07-31T17:58:20
CLM004519,POL02394,2025-07-19,6594.02,Approved,Accidental death claim,batch_001,2026-07-31T17:58:20
CLM004520,POL01212,2025-07-19,15048.67,Pending,Fallen tree damage,batch_001,2026-07-31T17:58:20
CLM004521,POL03906,2025-07-19,7250.88,Pending,Vehicle collision,batch_001,2026-07-31T17:58:20
CLM004522,POL01234,2025-07-19,4475.55,Denied,Accidental death claim,batch_001,2026-07-31T17:58:20
CLM004523,POL05093,2025-07-20,19728.92,Denied,Hit and run,batch_001,2026-07-31T17:58:20
CLM004524,POL03842,2025-07-20,1105.54,Denied,Terminal illness claim,batch_001,2026-07-31T17:58:20
CLM004525,POL00216,2025-07-20,1199.25,Approved,Medical procedure,batch_001,2026-07-31T17:58:20
CLM004526,POL02141,2025-07-20,22156.24,Denied,Terminal illness claim,batch_001,2026-07-31T17:58:20
CLM004527,POL02798,2025-07-20,2308.35,Pending,Fallen tree damage,batch_001,2026-07-31T17:58:20
CLM004528,POL02254,2025-07-20,13297.88,Denied,Prescription claim,batch_001,2026-07-31T17:58:20
CLM004529,POL04613,2025-07-21,3161.26,Denied,Death benefit claim,batch_001,2026-07-31T17:58:20
CLM004530,POL02208,2025-07-21,12840.90,Denied,Theft of vehicle,batch_001,2026-07-31T17:58:20
CLM004531,POL00402,2025-07-21,9218.64,Approved,Vandalism damage,batch_001,2026-07-31T17:58:20
CLM004532,POL03075,2025-07-21,18267.03,Pending,Vehicle collision,batch_001,2026-07-31T17:58:20
CLM004533,POL03849,2025-07-21,1420.61,Approved,Fire damage,batch_001,2026-07-31T17:58:20
CLM004534,POL03361,2025-07-21,15092.35,Pending,Accidental death claim,batch_001,2026-07-31T17:58:20
CLM004535,POL03769,2025-07-21,15490.47,Approved,Hospital stay,batch_001,2026-07-31T17:58:20
CLM004536,POL04308,2025-07-21,4700.68,Approved,Medical procedure,batch_001,2026-07-31T17:58:20
CLM004537,POL02194,2025-07-21,20069.64,Approved,Terminal illness claim,batch_001,2026-07-31T17:58:20
CLM004538,POL02072,2025-07-22,20888.97,Approved,Vandalism damage,batch_001,2026-07-31T17:58:20
CLM004539,POL04336,2025-07-22,18488.80,Denied,Accidental death claim,batch_001,2026-07-31T17:58:20
CLM004540,POL02119,2025-07-22,24057.59,Pending,Death benefit claim,batch_001,2026-07-31T17:58:20
CLM004541,POL04485,2025-07-22,23716.29,Denied,Windshield damage,batch_001,2026-07-31T17:58:20
CLM004542,POL04225,2025-07-22,4927.02,Pending,Windshield damage,batch_001,2026-07-31T17:58:20
CLM004543,POL04329,2025-07-22,16228.79,Denied,Terminal illness claim,batch_001,2026-07-31T17:58:20
CLM004544,POL01985,2025-07-22,3956.04,Approved,Emergency room visit,batch_001,2026-07-31T17:58:20
CLM004545,POL03278,2025-07-22,15514.96,Denied,Accidental death claim,batch_001,2026-07-31T17:58:20
CLM004546,POL01400,2025-07-23,13090.91,Pending,Roof damage from storm,batch_001,2026-07-31T17:58:20
CLM004547,POL03340,2025-07-23,7509.91,Approved,Windshield damage,batch_001,2026-07-31T17:58:20
CLM004548,POL03439,2025-07-23,18936.34,Approved,Surgery reimbursement,batch_001,2026-07-31T17:58:20
CLM004549,POL04329,2025-07-23,10829.14,Approved,Terminal illness claim,batch_001,2026-07-31T17:58:20
CLM004550,POL02064,2025-07-24,2145.99,Approved,Terminal illness claim,batch_001,2026-07-31T17:58:20
CLM004551,POL02389,2025-07-24,23641.78,Pending,Terminal illness claim,batch_001,2026-07-31T17:58:20
CLM004552,POL01284,2025-07-24,8931.43,Denied,Surgery reimbursement,batch_001,2026-07-31T17:58:20
CLM004553,POL00347,2025-07-24,4746.07,Approved,Accidental death claim,batch_001,2026-07-31T17:58:20
CLM004554,POL03024,2025-07-25,8564.27,Pending,Windshield damage,batch_001,2026-07-31T17:58:20
CLM004555,POL02408,2025-07-25,4872.63,Pending,Water damage,batch_001,2026-07-31T17:58:20
CLM004556,POL00694,2025-07-25,11798.82,Denied,Hit and run,batch_001,2026-07-31T17:58:20
CLM004557,POL02293,2025-07-26,21590.80,Pending,Fallen tree damage,batch_001,2026-07-31T17:58:20
CLM004558,POL04345,2025-07-26,12679.89,Approved,Death benefit claim,batch_001,2026-07-31T17:58:20
CLM004559,POL00893,2025-07-27,9272.46,Pending,Accidental death claim,batch_001,2026-07-31T17:58:20
CLM004560,POL04104,2025-07-27,13016.80,Denied,Terminal illness claim,batch_001,2026-07-31T17:58:20
CLM004561,POL01100,2025-07-27,11695.50,Pending,Medical procedure,batch_001,2026-07-31T17:58:20
CLM004562,POL02785,2025-07-27,1034.77,Pending,Water damage,batch_001,2026-07-31T17:58:20
CLM004563,POL02387,2025-07-27,6046.55,Approved,Emergency room visit,batch_001,2026-07-31T17:58:20
CLM004564,POL02909,2025-07-28,4938.79,Pending,Roof damage from storm,batch_001,2026-07-31T17:58:20
CLM004565,POL04810,2025-07-28,7945.34,Pending,Death benefit claim,batch_001,2026-07-31T17:58:20
CLM004566,POL03234,2025-07-28,18238.43,Approved,Vehicle collision,batch_001,2026-07-31T17:58:20
CLM004567,POL00738,2025-07-28,2454.91,Pending,Prescription claim,batch_001,2026-07-31T17:58:20
CLM004568,POL04311,2025-07-28,11714.61,Approved,Vandalism damage,batch_001,2026-07-31T17:58:20
CLM004569,POL00396,2025-07-28,15200.77,Approved,Death benefit claim,batch_001,2026-07-31T17:58:20
CLM004570,POL04861,2025-07-29,2376.33,Pending,Emergency room visit,batch_001,2026-07-31T17:58:20
CLM004571,POL04036,2025-07-29,5497.88,Denied,Roof damage from storm,batch_001,2026-07-31T17:58:20
CLM004572,POL01850,2025-07-29,1076.36,Denied,Medical procedure,batch_001,2026-07-31T17:58:20
CLM004573,POL00630,2025-07-29,23909.64,Pending,Accidental death claim,batch_001,2026-07-31T17:58:20
CLM004574,POL04069,2025-07-29,18984.12,Denied,Burglary,batch_001,2026-07-31T17:58:20
CLM004575,POL00781,2025-07-29,11596.66,Pending,Prescription claim,batch_001,2026-07-31T17:58:20
CLM004576,POL04527,2025-07-30,18035.12,Pending,Medical procedure,batch_001,2026-07-31T17:58:20
CLM004577,POL00088,2025-07-30,22796.62,Approved,Water damage,batch_001,2026-07-31T17:58:20
CLM004578,POL00241,2025-07-30,14693.65,Denied,Terminal illness claim,batch_001,2026-07-31T17:58:20
CLM004579,POL00918,2025-07-30,13788.54,Pending,Accidental death claim,batch_001,2026-07-31T17:58:20
CLM004580,POL00108,2025-07-30,6185.21,Denied,Theft of vehicle,batch_001,2026-07-31T17:58:20
CLM004581,POL03869,2025-07-30,15957.15,Denied,Surgery reimbursement,batch_001,2026-07-31T17:58:20
CLM004582,POL02324,2025-07-31,20593.72,Pending,Water damage,batch_001,2026-07-31T17:58:20
CLM004583,POL03404,2025-07-31,22925.14,Pending,Windshield damage,batch_001,2026-07-31T17:58:20
CLM004584,POL03210,2025-07-31,9260.83,Denied,Fire damage,batch_001,2026-07-31T17:58:20
CLM004585,POL00475,2025-07-31,1998.67,Pending,Medical procedure,batch_001,2026-07-31T17:58:20
CLM004586,POL01010,2025-07-31,21783.96,Pending,Hospital stay,batch_001,2026-07-31T17:58:20
CLM004587,POL02350,2025-07-31,2810.52,Denied,Emergency room visit,batch_001,2026-07-31T17:58:20
CLM004588,POL01896,2025-07-31,9985.35,Denied,Surgery reimbursement,batch_001,2026-07-31T17:58:20
CLM004589,POL00217,2025-08-01,14705.27,Denied,Fire damage,batch_001,2026-07-31T17:58:20
CLM004590,POL01398,2025-08-01,20392.17,Approved,Windshield damage,batch_001,2026-07-31T17:58:20
CLM004591,POL04970,2025-08-01,15088.92,Approved,Vehicle collision,batch_001,2026-07-31T17:58:20
CLM004592,POL01968,2025-08-01,11337.17,Denied,Terminal illness claim,batch_001,2026-07-31T17:58:20
CLM004593,POL03427,2025-08-01,2010.94,Denied,Water damage,batch_001,2026-07-31T17:58:20
CLM004594,POL02409,2025-08-01,3338.31,Pending,Prescription claim,batch_001,2026-07-31T17:58:20
CLM004595,POL00352,2025-08-01,20756.62,Pending,Water damage,batch_001,2026-07-31T17:58:20
CLM004596,POL02765,2025-08-02,6017.45,Denied,Terminal illness claim,batch_001,2026-07-31T17:58:20
CLM004597,POL03567,2025-08-02,24160.57,Pending,Water damage,batch_001,2026-07-31T17:58:20
CLM004598,POL04255,2025-08-02,17372.79,Approved,Accidental death claim,batch_001,2026-07-31T17:58:20
CLM004599,POL01056,2025-08-02,10720.25,Approved,Vehicle collision,batch_001,2026-07-31T17:58:20
CLM004600,POL01581,2025-08-02,21883.24,Approved,Accidental death claim,batch_001,2026-07-31T17:58:20
CLM004601,POL01665,2025-08-02,9096.92,Denied,Fallen tree damage,batch_001,2026-07-31T17:58:20
CLM004602,POL00725,2025-08-03,20472.49,Approved,Terminal illness claim,batch_001,2026-07-31T17:58:20
CLM004603,POL01262,2025-08-03,17154.21,Approved,Terminal illness claim,batch_001,2026-07-31T17:58:20
CLM004604,POL01744,2025-08-03,2588.65,Approved,Windshield damage,batch_001,2026-07-31T17:58:20
CLM004605,POL02081,2025-08-03,22447.59,Denied,Water damage,batch_001,2026-07-31T17:58:20
CLM004606,POL03521,2025-08-03,12775.99,Approved,Prescription claim,batch_001,2026-07-31T17:58:20
CLM004607,POL04687,2025-08-03,2808.46,Pending,Prescription claim,batch_001,2026-07-31T17:58:20
CLM004608,POL03478,2025-08-03,19099.99,Pending,Emergency room visit,batch_001,2026-07-31T17:58:20
CLM004609,POL05089,2025-08-04,5350.38,Pending,Roof damage from storm,batch_001,2026-07-31T17:58:20
CLM004610,POL02379,2025-08-04,18766.62,Approved,Water damage,batch_001,2026-07-31T17:58:20
CLM004611,POL01984,2025-08-04,7669.75,Pending,Medical procedure,batch_001,2026-07-31T17:58:20
CLM004612,POL04324,2025-08-04,24630.16,Approved,Roof damage from storm,batch_001,2026-07-31T17:58:20
CLM004613,POL02445,2025-08-04,6011.90,Pending,Accidental death claim,batch_001,2026-07-31T17:58:20
CLM004614,POL04331,2025-08-04,3498.73,Approved,Death benefit claim,batch_001,2026-07-31T17:58:20
CLM004615,POL01915,2025-08-04,16163.88,Pending,Vehicle collision,batch_001,2026-07-31T17:58:20
CLM004616,POL00438,2025-08-04,2651.62,Denied,Hit and run,batch_001,2026-07-31T17:58:20
CLM004617,POL00148,2025-08-05,15181.48,Approved,Accidental death claim,batch_001,2026-07-31T17:58:20
CLM004618,POL03017,2025-08-05,24830.44,Pending,Water damage,batch_001,2026-07-31T17:58:20
CLM004619,POL02371,2025-08-05,7215.53,Approved,Vehicle collision,batch_001,2026-07-31T17:58:20
CLM004620,POL03712,2025-08-05,24798.16,Pending,Emergency room visit,batch_001,2026-07-31T17:58:20
CLM004621,POL03301,2025-08-05,18929.85,Pending,Vandalism damage,batch_001,2026-07-31T17:58:20
CLM004622,POL03447,2025-08-06,19189.05,Pending,Burglary,batch_001,2026-07-31T17:58:20
CLM004623,POL02429,2025-08-06,20774.03,Pending,Fallen tree damage,batch_001,2026-07-31T17:58:20
CLM004624,POL04918,2025-08-06,18675.87,Pending,Accidental death claim,batch_001,2026-07-31T17:58:20
CLM004625,POL03738,2025-08-06,2332.40,Pending,Surgery reimbursement,batch_001,2026-07-31T17:58:20
CLM004626,POL01190,2025-08-06,13428.09,Denied,Hospital stay,batch_001,2026-07-31T17:58:20
CLM004627,POL03147,2025-08-06,15955.75,Pending,Death benefit claim,batch_001,2026-07-31T17:58:20
CLM004628,POL01204,2025-08-07,8325.81,Approved,Surgery reimbursement,batch_001,2026-07-31T17:58:20
CLM004629,POL00175,2025-08-07,19330.26,Denied,Accidental death claim,batch_001,2026-07-31T17:58:20
CLM004630,POL05070,2025-08-07,19828.23,Approved,Emergency room visit,batch_001,2026-07-31T17:58:20
CLM004631,POL01560,2025-08-07,2798.04,Approved,Terminal illness claim,batch_001,2026-07-31T17:58:20
CLM004632,POL01158,2025-08-07,19429.09,Denied,Burglary,batch_001,2026-07-31T17:58:20
CLM004633,POL04620,2025-08-07,14040.23,Approved,Hit and run,batch_001,2026-07-31T17:58:20
CLM004634,POL05098,2025-08-07,17521.97,Pending,Terminal illness claim,batch_001,2026-07-31T17:58:20
CLM004635,POL01270,2025-08-08,10010.05,Approved,Hit and run,batch_001,2026-07-31T17:58:20
CLM004636,POL03422,2025-08-08,24311.33,Approved,Hit and run,batch_001,2026-07-31T17:58:20
CLM004637,POL01425,2025-08-08,18756.99,Denied,Vandalism damage,batch_001,2026-07-31T17:58:20
CLM004638,POL01869,2025-08-08,13047.85,Approved,Roof damage from storm,batch_001,2026-07-31T17:58:20
CLM004639,POL04935,2025-08-08,22705.71,Pending,Windshield damage,batch_001,2026-07-31T17:58:20
CLM004640,POL04262,2025-08-08,3549.22,Pending,Vehicle collision,batch_001,2026-07-31T17:58:20
CLM004641,POL02333,2025-08-08,20717.54,Denied,Prescription claim,batch_001,2026-07-31T17:58:20
CLM004642,POL00966,2025-08-08,24541.79,Pending,Hospital stay,batch_001,2026-07-31T17:58:20
CLM004643,POL04998,2025-08-08,10910.29,Approved,Hospital stay,batch_001,2026-07-31T17:58:20
CLM004644,POL01207,2025-08-09,10215.15,Denied,Vandalism damage,batch_001,2026-07-31T17:58:20
CLM004645,POL01202,2025-08-09,10910.22,Denied,Water damage,batch_001,2026-07-31T17:58:20
CLM004646,POL04511,2025-08-09,9622.60,Denied,Terminal illness claim,batch_001,2026-07-31T17:58:20
CLM004647,POL03334,2025-08-09,15795.79,Approved,Death benefit claim,batch_001,2026-07-31T17:58:20
CLM004648,POL04603,2025-08-09,12100.03,Denied,Vehicle collision,batch_001,2026-07-31T17:58:20
CLM004649,POL01194,2025-08-09,19185.63,Pending,Terminal illness claim,batch_001,2026-07-31T17:58:20
CLM004650,POL04682,2025-08-10,8487.63,Approved,Terminal illness claim,batch_001,2026-07-31T17:58:20
CLM004651,POL01574,2025-08-10,19452.74,Denied,Hospital stay,batch_001,2026-07-31T17:58:20
CLM004652,POL01221,2025-08-10,6090.96,Denied,Accidental death claim,batch_001,2026-07-31T17:58:20
CLM004653,POL02228,2025-08-10,15688.43,Approved,Death benefit claim,batch_001,2026-07-31T17:58:20
CLM004654,POL01346,2025-08-10,12012.59,Approved,Water damage,batch_001,2026-07-31T17:58:20
CLM004655,POL00054,2025-08-11,16726.14,Pending,Terminal illness claim,batch_001,2026-07-31T17:58:20
CLM004656,POL04919,2025-08-11,9827.76,Denied,Vehicle collision,batch_001,2026-07-31T17:58:20
CLM004657,POL00452,2025-08-11,3007.92,Denied,Accidental death claim,batch_001,2026-07-31T17:58:20
CLM004658,POL01656,2025-08-11,1968.91,Pending,Emergency room visit,batch_001,2026-07-31T17:58:20
CLM004659,POL05013,2025-08-11,8437.54,Approved,Death benefit claim,batch_001,2026-07-31T17:58:20
CLM004660,POL00543,2025-08-12,9442.27,Approved,Vandalism damage,batch_001,2026-07-31T17:58:20
CLM004661,POL02288,2025-08-12,2094.60,Pending,Hospital stay,batch_001,2026-07-31T17:58:20
CLM004662,POL00600,2025-08-12,21460.14,Denied,Vehicle collision,batch_001,2026-07-31T17:58:20
CLM004663,POL03713,2025-08-12,10254.00,Approved,Accidental death claim,batch_001,2026-07-31T17:58:20
CLM004664,POL04275,2025-08-12,4977.90,Pending,Hit and run,batch_001,2026-07-31T17:58:20
CLM004665,POL03369,2025-08-12,15711.74,Approved,Roof damage from storm,batch_001,2026-07-31T17:58:20
CLM004666,POL01807,2025-08-12,15973.82,Denied,Vehicle collision,batch_001,2026-07-31T17:58:20
CLM004667,POL04058,2025-08-13,11072.17,Pending,Theft of vehicle,batch_001,2026-07-31T17:58:20
CLM004668,POL03201,2025-08-13,4141.58,Pending,Hit and run,batch_001,2026-07-31T17:58:20
CLM004669,POL01145,2025-08-13,18177.93,Denied,Accidental death claim,batch_001,2026-07-31T17:58:20
CLM004670,POL01066,2025-08-13,14948.17,Denied,Death benefit claim,batch_001,2026-07-31T17:58:20
CLM004671,POL04551,2025-08-13,19986.81,Pending,Prescription claim,batch_001,2026-07-31T17:58:20
CLM004672,POL03885,2025-08-13,23078.44,Approved,Emergency room visit,batch_001,2026-07-31T17:58:20
CLM004673,POL04632,2025-08-13,17512.08,Pending,Death benefit claim,batch_001,2026-07-31T17:58:20
CLM004674,POL02159,2025-08-13,666.10,Pending,Accidental death claim,batch_001,2026-07-31T17:58:20
CLM004675,POL04371,2025-08-14,6643.70,Approved,Fire damage,batch_001,2026-07-31T17:58:20
CLM004676,POL01661,2025-08-14,11401.27,Approved,Emergency room visit,batch_001,2026-07-31T17:58:20
CLM004677,POL02574,2025-08-14,9011.19,Approved,Death benefit claim,batch_001,2026-07-31T17:58:20
CLM004678,POL02825,2025-08-15,22903.90,Denied,Water damage,batch_001,2026-07-31T17:58:20
CLM004679,POL03828,2025-08-15,13662.67,Approved,Burglary,batch_001,2026-07-31T17:58:20
CLM004680,POL00088,2025-08-15,5202.43,Approved,Water damage,batch_001,2026-07-31T17:58:20
CLM004681,POL00644,2025-08-15,15112.89,Approved,Terminal illness claim,batch_001,2026-07-31T17:58:20
CLM004682,POL00923,2025-08-15,5549.89,Denied,Windshield damage,batch_001,2026-07-31T17:58:20
CLM004683,POL04205,2025-08-16,24490.65,Denied,Death benefit claim,batch_001,2026-07-31T17:58:20
CLM004684,POL03832,2025-08-16,12444.13,Pending,Terminal illness claim,batch_001,2026-07-31T17:58:20
CLM004685,POL03081,2025-08-16,3119.48,Approved,Terminal illness claim,batch_001,2026-07-31T17:58:20
CLM004686,POL00609,2025-08-17,22295.87,Pending,Surgery reimbursement,batch_001,2026-07-31T17:58:20
CLM004687,POL02516,2025-08-17,6688.51,Approved,Emergency room visit,batch_001,2026-07-31T17:58:20
CLM004688,POL04742,2025-08-17,8143.26,Approved,Prescription claim,batch_001,2026-07-31T17:58:20
CLM004689,POL02409,2025-08-17,12805.69,Approved,Prescription claim,batch_001,2026-07-31T17:58:20
CLM004690,POL02257,2025-08-17,7190.54,Approved,Emergency room visit,batch_001,2026-07-31T17:58:20
CLM004691,POL03701,2025-08-17,5201.77,Denied,Death benefit claim,batch_001,2026-07-31T17:58:20
CLM004692,POL03264,2025-08-17,11812.91,Approved,Fire damage,batch_001,2026-07-31T17:58:20
CLM004693,POL03795,2025-08-17,18548.82,Denied,Hospital stay,batch_001,2026-07-31T17:58:20
CLM004694,POL01396,2025-08-17,22887.75,Approved,Death benefit claim,batch_001,2026-07-31T17:58:20
CLM004695,POL01323,2025-08-18,16012.66,Denied,Accidental death claim,batch_001,2026-07-31T17:58:20
CLM004696,POL04393,2025-08-18,20700.34,Approved,Accidental death claim,batch_001,2026-07-31T17:58:20
CLM004697,POL01585,2025-08-18,6601.35,Denied,Windshield damage,batch_001,2026-07-31T17:58:20
CLM004698,POL04691,2025-08-18,13698.51,Pending,Burglary,batch_001,2026-07-31T17:58:20
CLM004699,POL04969,2025-08-18,11004.48,Denied,Death benefit claim,batch_001,2026-07-31T17:58:20
CLM004700,POL04419,2025-08-18,6151.43,Approved,Vandalism damage,batch_001,2026-07-31T17:58:20
CLM004701,POL01452,2025-08-18,13633.44,Denied,Burglary,batch_001,2026-07-31T17:58:20
CLM004702,POL00239,2025-08-18,8527.93,Pending,Terminal illness claim,batch_001,2026-07-31T17:58:20
CLM004703,POL00188,2025-08-18,12371.37,Pending,Accidental death claim,batch_001,2026-07-31T17:58:20
CLM004704,POL04462,2025-08-19,18007.65,Denied,Terminal illness claim,batch_001,2026-07-31T17:58:20
CLM004705,POL00975,2025-08-19,11393.99,Pending,Medical procedure,batch_001,2026-07-31T17:58:20
CLM004706,POL03299,2025-08-19,21536.51,Denied,Windshield damage,batch_001,2026-07-31T17:58:20
CLM004707,POL03319,2025-08-19,13005.11,Approved,Death benefit claim,batch_001,2026-07-31T17:58:20
CLM004708,POL02991,2025-08-19,19136.95,Denied,Hospital stay,batch_001,2026-07-31T17:58:20
CLM004709,POL01177,2025-08-19,2200.38,Approved,Fire damage,batch_001,2026-07-31T17:58:20
CLM004710,POL01835,2025-08-19,15766.46,Denied,Fire damage,batch_001,2026-07-31T17:58:20
CLM004711,POL00707,2025-08-20,24804.55,Pending,Roof damage from storm,batch_001,2026-07-31T17:58:20
CLM004712,POL00122,2025-08-20,19454.44,Pending,Hit and run,batch_001,2026-07-31T17:58:20
CLM004713,POL00860,2025-08-20,17200.01,Denied,Vandalism damage,batch_001,2026-07-31T17:58:20
CLM004714,POL01232,2025-08-20,18338.99,Pending,Emergency room visit,batch_001,2026-07-31T17:58:20
CLM004715,POL00596,2025-08-21,24544.38,Approved,Terminal illness claim,batch_001,2026-07-31T17:58:20
CLM004716,POL04652,2025-08-21,10008.47,Denied,Hospital stay,batch_001,2026-07-31T17:58:20
CLM004717,POL00324,2025-08-21,13982.41,Pending,Surgery reimbursement,batch_001,2026-07-31T17:58:20
CLM004718,POL01927,2025-08-21,10806.03,Pending,Accidental death claim,batch_001,2026-07-31T17:58:20
CLM004719,POL02366,2025-08-21,19605.40,Approved,Windshield damage,batch_001,2026-07-31T17:58:20
CLM004720,POL01040,2025-08-21,22315.20,Approved,Theft of vehicle,batch_001,2026-07-31T17:58:20
CLM004721,POL00278,2025-08-21,23789.86,Pending,Emergency room visit,batch_001,2026-07-31T17:58:20
CLM004722,POL04443,2025-08-21,10885.46,Pending,Hospital stay,batch_001,2026-07-31T17:58:20
CLM004723,POL02055,2025-08-21,12733.29,Denied,Fire damage,batch_001,2026-07-31T17:58:20
CLM004724,POL02443,2025-08-21,22074.03,Denied,Hospital stay,batch_001,2026-07-31T17:58:20
CLM004725,POL04196,2025-08-21,13883.17,Approved,Vehicle collision,batch_001,2026-07-31T17:58:20
CLM004726,POL02323,2025-08-22,8734.81,Pending,Accidental death claim,batch_001,2026-07-31T17:58:20
CLM004727,POL04158,2025-08-22,11501.35,Approved,Burglary,batch_001,2026-07-31T17:58:20
CLM004728,POL00751,2025-08-22,8987.75,Approved,Fire damage,batch_001,2026-07-31T17:58:20
CLM004729,POL04457,2025-08-23,10101.17,Denied,Burglary,batch_001,2026-07-31T17:58:20
CLM004730,POL01606,2025-08-23,13527.83,Pending,Fire damage,batch_001,2026-07-31T17:58:20
CLM004731,POL00215,2025-08-23,23354.22,Denied,Roof damage from storm,batch_001,2026-07-31T17:58:20
CLM004732,POL03117,2025-08-23,19528.17,Pending,Water damage,batch_001,2026-07-31T17:58:20
CLM004733,POL03780,2025-08-23,12422.97,Pending,Terminal illness claim,batch_001,2026-07-31T17:58:20
CLM004734,POL03150,2025-08-23,13595.22,Pending,Accidental death claim,batch_001,2026-07-31T17:58:20
CLM004735,POL03576,2025-08-23,12694.56,Pending,Fire damage,batch_001,2026-07-31T17:58:20
CLM004736,POL01061,2025-08-24,8070.90,Pending,Windshield damage,batch_001,2026-07-31T17:58:20
CLM004737,POL04047,2025-08-24,24855.38,Approved,Fallen tree damage,batch_001,2026-07-31T17:58:20
CLM004738,POL02608,2025-08-24,17070.91,Approved,Terminal illness claim,batch_001,2026-07-31T17:58:20
CLM004739,POL01526,2025-08-25,17090.23,Approved,Terminal illness claim,batch_001,2026-07-31T17:58:20
CLM004740,POL00425,2025-08-25,17417.99,Approved,Roof damage from storm,batch_001,2026-07-31T17:58:20
CLM004741,POL03197,2025-08-25,9585.39,Pending,Theft of vehicle,batch_001,2026-07-31T17:58:20
CLM004742,POL03741,2025-08-25,14272.92,Approved,Accidental death claim,batch_001,2026-07-31T17:58:20
CLM004743,POL01023,2025-08-25,4281.20,Pending,Windshield damage,batch_001,2026-07-31T17:58:20
CLM004744,POL02807,2025-08-25,21326.79,Denied,Surgery reimbursement,batch_001,2026-07-31T17:58:20
CLM004745,POL01496,2025-08-25,23362.35,Denied,Burglary,batch_001,2026-07-31T17:58:20
CLM004746,POL04863,2025-08-26,9912.27,Approved,Theft of vehicle,batch_001,2026-07-31T17:58:20
CLM004747,POL05009,2025-08-26,7424.68,Pending,Windshield damage,batch_001,2026-07-31T17:58:20
CLM004748,POL01091,2025-08-26,17119.79,Pending,Hospital stay,batch_001,2026-07-31T17:58:20
CLM004749,POL02206,2025-08-26,19759.42,Approved,Windshield damage,batch_001,2026-07-31T17:58:20
CLM004750,POL04475,2025-08-26,24015.82,Pending,Medical procedure,batch_001,2026-07-31T17:58:20
CLM004751,POL02787,2025-08-26,10182.04,Denied,Medical procedure,batch_001,2026-07-31T17:58:20
CLM004752,POL02686,2025-08-26,4746.38,Denied,Prescription claim,batch_001,2026-07-31T17:58:20
CLM004753,POL01458,2025-08-27,22857.45,Denied,Burglary,batch_001,2026-07-31T17:58:20
CLM004754,POL01374,2025-08-27,24218.84,Approved,Terminal illness claim,batch_001,2026-07-31T17:58:20
CLM004755,POL04827,2025-08-27,5619.14,Pending,Emergency room visit,batch_001,2026-07-31T17:58:20
CLM004756,POL02813,2025-08-27,13290.55,Pending,Surgery reimbursement,batch_001,2026-07-31T17:58:20
CLM004757,POL00838,2025-08-27,5666.49,Pending,Vehicle collision,batch_001,2026-07-31T17:58:20
CLM004758,POL04587,2025-08-27,17794.32,Denied,Surgery reimbursement,batch_001,2026-07-31T17:58:20
CLM004759,POL00211,2025-08-27,23795.55,Denied,Vandalism damage,batch_001,2026-07-31T17:58:20
CLM004760,POL02154,2025-08-27,23910.85,Pending,Roof damage from storm,batch_001,2026-07-31T17:58:20
CLM004761,POL00129,2025-08-28,15286.11,Denied,Roof damage from storm,batch_001,2026-07-31T17:58:20
CLM004762,POL02144,2025-08-28,5682.75,Approved,Surgery reimbursement,batch_001,2026-07-31T17:58:20
CLM004763,POL00983,2025-08-28,21955.98,Pending,Accidental death claim,batch_001,2026-07-31T17:58:20
CLM004764,POL00611,2025-08-28,23165.33,Approved,Prescription claim,batch_001,2026-07-31T17:58:20
CLM004765,POL04908,2025-08-28,12157.80,Approved,Fire damage,batch_001,2026-07-31T17:58:20
CLM004766,POL04273,2025-08-28,20842.31,Denied,Accidental death claim,batch_001,2026-07-31T17:58:20
CLM004767,POL01934,2025-08-28,6801.43,Approved,Medical procedure,batch_001,2026-07-31T17:58:20
CLM004768,POL02984,2025-08-29,5333.63,Denied,Water damage,batch_001,2026-07-31T17:58:20
CLM004769,POL02665,2025-08-29,7411.88,Approved,Surgery reimbursement,batch_001,2026-07-31T17:58:20
CLM004770,POL02686,2025-08-29,5137.20,Approved,Emergency room visit,batch_001,2026-07-31T17:58:20
CLM004771,POL03000,2025-08-29,15522.55,Approved,Hit and run,batch_001,2026-07-31T17:58:20
CLM004772,POL03899,2025-08-29,18223.26,Pending,Water damage,batch_001,2026-07-31T17:58:20
CLM004773,POL01951,2025-08-29,19990.21,Denied,Theft of vehicle,batch_001,2026-07-31T17:58:20
CLM004774,POL00376,2025-08-29,499.81,Pending,Terminal illness claim,batch_001,2026-07-31T17:58:20
CLM004775,POL01227,2025-08-30,17458.44,Pending,Water damage,batch_001,2026-07-31T17:58:20
CLM004776,POL02323,2025-08-30,23764.63,Approved,Death benefit claim,batch_001,2026-07-31T17:58:20
CLM004777,POL02899,2025-08-30,4515.39,Denied,Accidental death claim,batch_001,2026-07-31T17:58:20
CLM004778,POL04336,2025-08-30,23704.58,Approved,Accidental death claim,batch_001,2026-07-31T17:58:20
CLM004779,POL04848,2025-08-30,13140.65,Pending,Vehicle collision,batch_001,2026-07-31T17:58:20
CLM004780,POL04957,2025-08-30,18339.29,Approved,Terminal illness claim,batch_001,2026-07-31T17:58:20
CLM004781,POL00056,2025-08-30,6864.88,Approved,Emergency room visit,batch_001,2026-07-31T17:58:20
CLM004782,POL04213,2025-08-30,13216.90,Denied,Burglary,batch_001,2026-07-31T17:58:20
CLM004783,POL01334,2025-08-31,22265.61,Denied,Hospital stay,batch_001,2026-07-31T17:58:20
CLM004784,POL03508,2025-08-31,10460.47,Denied,Fallen tree damage,batch_001,2026-07-31T17:58:20
CLM004785,POL04149,2025-08-31,10446.27,Denied,Fallen tree damage,batch_001,2026-07-31T17:58:20
CLM004786,POL03623,2025-08-31,7060.50,Approved,Fire damage,batch_001,2026-07-31T17:58:20
CLM004787,POL04037,2025-08-31,17681.93,Pending,Terminal illness claim,batch_001,2026-07-31T17:58:20
CLM004788,POL02291,2025-08-31,13579.60,Denied,Vandalism damage,batch_001,2026-07-31T17:58:20
CLM004789,POL03457,2025-08-31,24116.93,Denied,Accidental death claim,batch_001,2026-07-31T17:58:20
CLM004790,POL05028,2025-08-31,7272.01,Pending,Emergency room visit,batch_001,2026-07-31T17:58:20
CLM004791,POL02495,2025-09-01,23954.33,Approved,Death benefit claim,batch_001,2026-07-31T17:58:20
CLM004792,POL03508,2025-09-01,24636.11,Approved,Fire damage,batch_001,2026-07-31T17:58:20
CLM004793,POL00052,2025-09-01,22074.00,Approved,Fire damage,batch_001,2026-07-31T17:58:20
CLM004794,POL02514,2025-09-01,9375.34,Approved,Fallen tree damage,batch_001,2026-07-31T17:58:20
CLM004795,POL01902,2025-09-01,1911.43,Approved,Death benefit claim,batch_001,2026-07-31T17:58:20
CLM004796,POL00949,2025-09-01,20002.87,Denied,Water damage,batch_001,2026-07-31T17:58:20
CLM004797,POL01707,2025-09-01,238.69,Denied,Hit and run,batch_001,2026-07-31T17:58:20
CLM004798,POL00277,2025-09-01,13092.49,Pending,Hit and run,batch_001,2026-07-31T17:58:20
CLM004799,POL04552,2025-09-02,18480.06,Pending,Vehicle collision,batch_001,2026-07-31T17:58:20
CLM004800,POL02326,2025-09-02,7651.23,Pending,Hospital stay,batch_001,2026-07-31T17:58:20
CLM004801,POL05054,2025-09-02,9638.38,Pending,Fallen tree damage,batch_001,2026-07-31T17:58:20
CLM004802,POL04020,2025-09-02,3687.40,Pending,Emergency room visit,batch_001,2026-07-31T17:58:20
CLM004803,POL03466,2025-09-02,11280.21,Pending,Prescription claim,batch_001,2026-07-31T17:58:20
CLM004804,POL02398,2025-09-02,16114.33,Approved,Medical procedure,batch_001,2026-07-31T17:58:20
CLM004805,POL01063,2025-09-03,9220.72,Pending,Emergency room visit,batch_001,2026-07-31T17:58:20
CLM004806,POL03022,2025-09-03,7269.04,Approved,Accidental death claim,batch_001,2026-07-31T17:58:20
CLM004807,POL01790,2025-09-03,20154.08,Approved,Hospital stay,batch_001,2026-07-31T17:58:20
CLM004808,POL00868,2025-09-04,18452.45,Approved,Death benefit claim,batch_001,2026-07-31T17:58:20
CLM004809,POL01035,2025-09-04,5084.51,Approved,Medical procedure,batch_001,2026-07-31T17:58:20
CLM004810,POL02498,2025-09-04,15639.29,Approved,Burglary,batch_001,2026-07-31T17:58:20
CLM004811,POL00067,2025-09-04,22148.51,Pending,Windshield damage,batch_001,2026-07-31T17:58:20
CLM004812,POL03403,2025-09-05,6633.52,Approved,Fire damage,batch_001,2026-07-31T17:58:20
CLM004813,POL04529,2025-09-05,11633.33,Approved,Hospital stay,batch_001,2026-07-31T17:58:20
CLM004814,POL01353,2025-09-05,19196.68,Denied,Vandalism damage,batch_001,2026-07-31T17:58:20
CLM004815,POL00714,2025-09-05,16662.42,Approved,Emergency room visit,batch_001,2026-07-31T17:58:20
CLM004816,POL02868,2025-09-05,12053.98,Denied,Theft of vehicle,batch_001,2026-07-31T17:58:20
CLM004817,POL02976,2025-09-05,14094.83,Denied,Burglary,batch_001,2026-07-31T17:58:20
CLM004818,POL01112,2025-09-05,9534.85,Pending,Medical procedure,batch_001,2026-07-31T17:58:20
CLM004819,POL02666,2025-09-05,3646.90,Approved,Hospital stay,batch_001,2026-07-31T17:58:20
CLM004820,POL03716,2025-09-06,9622.08,Pending,Fallen tree damage,batch_001,2026-07-31T17:58:20
CLM004821,POL01976,2025-09-06,18265.95,Denied,Death benefit claim,batch_001,2026-07-31T17:58:20
CLM004822,POL04501,2025-09-06,21738.86,Pending,Prescription claim,batch_001,2026-07-31T17:58:20
CLM004823,POL00991,2025-09-06,16170.97,Approved,Death benefit claim,batch_001,2026-07-31T17:58:20
CLM004824,POL03746,2025-09-07,17218.32,Approved,Prescription claim,batch_001,2026-07-31T17:58:20
CLM004825,POL01780,2025-09-07,23152.29,Pending,Accidental death claim,batch_001,2026-07-31T17:58:20
CLM004826,POL01525,2025-09-07,23921.61,Approved,Surgery reimbursement,batch_001,2026-07-31T17:58:20
CLM004827,POL01490,2025-09-07,4396.34,Pending,Accidental death claim,batch_001,2026-07-31T17:58:20
CLM004828,POL05037,2025-09-07,5431.05,Denied,Windshield damage,batch_001,2026-07-31T17:58:20
CLM004829,POL00826,2025-09-08,18346.85,Denied,Fallen tree damage,batch_001,2026-07-31T17:58:20
CLM004830,POL00618,2025-09-08,16044.90,Approved,Vandalism damage,batch_001,2026-07-31T17:58:20
CLM004831,POL04511,2025-09-08,3682.44,Approved,Terminal illness claim,batch_001,2026-07-31T17:58:20
CLM004832,POL02980,2025-09-08,17591.51,Approved,Vandalism damage,batch_001,2026-07-31T17:58:20
CLM004833,POL04426,2025-09-08,5159.34,Pending,Roof damage from storm,batch_001,2026-07-31T17:58:20
CLM004834,POL02186,2025-09-08,10505.10,Denied,Hit and run,batch_001,2026-07-31T17:58:20
CLM004835,POL04040,2025-09-09,5549.76,Denied,Terminal illness claim,batch_001,2026-07-31T17:58:20
CLM004836,POL02025,2025-09-09,23553.27,Pending,Theft of vehicle,batch_001,2026-07-31T17:58:20
CLM004837,POL02139,2025-09-09,21649.29,Pending,Prescription claim,batch_001,2026-07-31T17:58:20
CLM004838,POL05008,2025-09-10,17915.72,Approved,Death benefit claim,batch_001,2026-07-31T17:58:20
CLM004839,POL03661,2025-09-10,15129.82,Pending,Hit and run,batch_001,2026-07-31T17:58:20
CLM004840,POL00023,2025-09-10,4751.19,Approved,Terminal illness claim,batch_001,2026-07-31T17:58:20
CLM004841,POL00573,2025-09-10,4136.03,Denied,Fire damage,batch_001,2026-07-31T17:58:20
CLM004842,POL04882,2025-09-10,11765.92,Pending,Hit and run,batch_001,2026-07-31T17:58:20
CLM004843,POL00922,2025-09-10,5434.51,Pending,Surgery reimbursement,batch_001,2026-07-31T17:58:20
CLM004844,POL01133,2025-09-10,14531.51,Pending,Vandalism damage,batch_001,2026-07-31T17:58:20
CLM004845,POL01991,2025-09-11,3353.64,Approved,Vehicle collision,batch_001,2026-07-31T17:58:20
CLM004846,POL01104,2025-09-11,19851.52,Denied,Water damage,batch_001,2026-07-31T17:58:20
CLM004847,POL04490,2025-09-11,4792.17,Approved,Medical procedure,batch_001,2026-07-31T17:58:20
CLM004848,POL02174,2025-09-12,19048.82,Denied,Accidental death claim,batch_001,2026-07-31T17:58:20
CLM004849,POL03815,2025-09-12,13013.74,Pending,Hospital stay,batch_001,2026-07-31T17:58:20
CLM004850,POL03592,2025-09-12,8797.89,Approved,Roof damage from storm,batch_001,2026-07-31T17:58:20
CLM004851,POL04214,2025-09-12,8998.37,Approved,Vandalism damage,batch_001,2026-07-31T17:58:20
CLM004852,POL03231,2025-09-12,23115.13,Approved,Emergency room visit,batch_001,2026-07-31T17:58:20
CLM004853,POL00143,2025-09-12,7025.44,Denied,Fire damage,batch_001,2026-07-31T17:58:20
CLM004854,POL03178,2025-09-12,16170.63,Pending,Hospital stay,batch_001,2026-07-31T17:58:20
CLM004855,POL02628,2025-09-12,2826.07,Approved,Terminal illness claim,batch_001,2026-07-31T17:58:20
CLM004856,POL01336,2025-09-13,23856.95,Pending,Hospital stay,batch_001,2026-07-31T17:58:20
CLM004857,POL00767,2025-09-13,668.73,Approved,Fallen tree damage,batch_001,2026-07-31T17:58:20
CLM004858,POL01372,2025-09-13,19502.59,Pending,Vandalism damage,batch_001,2026-07-31T17:58:20
CLM004859,POL02853,2025-09-13,16633.81,Approved,Surgery reimbursement,batch_001,2026-07-31T17:58:20
CLM004860,POL01629,2025-09-13,12001.42,Pending,Fallen tree damage,batch_001,2026-07-31T17:58:20
CLM004861,POL01580,2025-09-13,1511.55,Approved,Water damage,batch_001,2026-07-31T17:58:20
CLM004862,POL04724,2025-09-14,10448.05,Denied,Medical procedure,batch_001,2026-07-31T17:58:20
CLM004863,POL01724,2025-09-14,17200.66,Denied,Vehicle collision,batch_001,2026-07-31T17:58:20
CLM004864,POL04987,2025-09-14,24188.62,Approved,Burglary,batch_001,2026-07-31T17:58:20
CLM004865,POL00397,2025-09-14,15868.94,Pending,Death benefit claim,batch_001,2026-07-31T17:58:20
CLM004866,POL00947,2025-09-14,5260.42,Approved,Prescription claim,batch_001,2026-07-31T17:58:20
CLM004867,POL03360,2025-09-14,11717.17,Pending,Fire damage,batch_001,2026-07-31T17:58:20
CLM004868,POL00439,2025-09-14,2967.63,Pending,Water damage,batch_001,2026-07-31T17:58:20
CLM004869,POL00950,2025-09-15,2906.47,Denied,Medical procedure,batch_001,2026-07-31T17:58:20
CLM004870,POL01061,2025-09-15,22840.80,Approved,Vehicle collision,batch_001,2026-07-31T17:58:20
CLM004871,POL05059,2025-09-15,18069.60,Denied,Death benefit claim,batch_001,2026-07-31T17:58:20
CLM004872,POL02810,2025-09-15,16576.77,Pending,Terminal illness claim,batch_001,2026-07-31T17:58:20
CLM004873,POL02038,2025-09-15,5028.99,Pending,Emergency room visit,batch_001,2026-07-31T17:58:20
CLM004874,POL00304,2025-09-15,7410.94,Approved,Burglary,batch_001,2026-07-31T17:58:20
CLM004875,POL03116,2025-09-15,8499.10,Pending,Water damage,batch_001,2026-07-31T17:58:20
CLM004876,POL01466,2025-09-15,11438.05,Pending,Surgery reimbursement,batch_001,2026-07-31T17:58:20
CLM004877,POL04268,2025-09-16,2680.38,Denied,Emergency room visit,batch_001,2026-07-31T17:58:20
CLM004878,POL00823,2025-09-16,2343.50,Approved,Fallen tree damage,batch_001,2026-07-31T17:58:20
CLM004879,POL03235,2025-09-16,15671.17,Approved,Theft of vehicle,batch_001,2026-07-31T17:58:20
CLM004880,POL00072,2025-09-16,14453.10,Denied,Emergency room visit,batch_001,2026-07-31T17:58:20
CLM004881,POL01230,2025-09-17,14948.45,Denied,Emergency room visit,batch_001,2026-07-31T17:58:20
CLM004882,POL00141,2025-09-17,21015.79,Pending,Death benefit claim,batch_001,2026-07-31T17:58:20
CLM004883,POL03005,2025-09-17,24864.72,Denied,Accidental death claim,batch_001,2026-07-31T17:58:20
CLM004884,POL03118,2025-09-17,21007.19,Approved,Medical procedure,batch_001,2026-07-31T17:58:20
CLM004885,POL01759,2025-09-17,17920.27,Pending,Fallen tree damage,batch_001,2026-07-31T17:58:20
CLM004886,POL02829,2025-09-17,3292.26,Pending,Vandalism damage,batch_001,2026-07-31T17:58:20
CLM004887,POL04068,2025-09-17,20604.99,Approved,Emergency room visit,batch_001,2026-07-31T17:58:20
CLM004888,POL03717,2025-09-18,3054.39,Denied,Death benefit claim,batch_001,2026-07-31T17:58:20
CLM004889,POL03473,2025-09-18,23385.70,Pending,Terminal illness claim,batch_001,2026-07-31T17:58:20
CLM004890,POL04421,2025-09-18,9230.60,Denied,Fire damage,batch_001,2026-07-31T17:58:20
CLM004891,POL01737,2025-09-18,21173.92,Denied,Medical procedure,batch_001,2026-07-31T17:58:20
CLM004892,POL01280,2025-09-18,738.57,Denied,Vehicle collision,batch_001,2026-07-31T17:58:20
CLM004893,POL03461,2025-09-18,3165.51,Pending,Fire damage,batch_001,2026-07-31T17:58:20
CLM004894,POL03927,2025-09-18,5847.09,Denied,Roof damage from storm,batch_001,2026-07-31T17:58:20
CLM004895,POL00495,2025-09-18,4242.16,Pending,Death benefit claim,batch_001,2026-07-31T17:58:20
CLM004896,POL03630,2025-09-18,17999.14,Approved,Hit and run,batch_001,2026-07-31T17:58:20
CLM004897,POL03492,2025-09-19,21562.91,Approved,Terminal illness claim,batch_001,2026-07-31T17:58:20
CLM004898,POL01870,2025-09-19,3336.69,Denied,Vandalism damage,batch_001,2026-07-31T17:58:20
CLM004899,POL00877,2025-09-19,8625.52,Denied,Emergency room visit,batch_001,2026-07-31T17:58:20
CLM004900,POL00063,2025-09-19,5623.74,Pending,Surgery reimbursement,batch_001,2026-07-31T17:58:20
CLM004901,POL00266,2025-09-19,6317.47,Approved,Medical procedure,batch_001,2026-07-31T17:58:20
CLM004902,POL05048,2025-09-19,9143.35,Denied,Prescription claim,batch_001,2026-07-31T17:58:20
CLM004903,POL04624,2025-09-19,22863.74,Pending,Terminal illness claim,batch_001,2026-07-31T17:58:20
CLM004904,POL03020,2025-09-20,10637.41,Denied,Hospital stay,batch_001,2026-07-31T17:58:20
CLM004905,POL00532,2025-09-20,9335.11,Pending,Theft of vehicle,batch_001,2026-07-31T17:58:20
CLM004906,POL03048,2025-09-20,7197.59,Approved,Fire damage,batch_001,2026-07-31T17:58:20
CLM004907,POL02059,2025-09-21,12041.33,Approved,Fire damage,batch_001,2026-07-31T17:58:20
CLM004908,POL02058,2025-09-21,11597.47,Approved,Medical procedure,batch_001,2026-07-31T17:58:20
CLM004909,POL00362,2025-09-21,13918.04,Approved,Fallen tree damage,batch_001,2026-07-31T17:58:20
CLM004910,POL01005,2025-09-21,1064.39,Approved,Accidental death claim,batch_001,2026-07-31T17:58:20
CLM004911,POL03380,2025-09-21,13890.70,Approved,Burglary,batch_001,2026-07-31T17:58:20
CLM004912,POL03266,2025-09-21,6976.63,Approved,Hit and run,batch_001,2026-07-31T17:58:20
CLM004913,POL01327,2025-09-21,10652.75,Approved,Accidental death claim,batch_001,2026-07-31T17:58:20
CLM004914,POL00108,2025-09-22,12969.61,Pending,Theft of vehicle,batch_001,2026-07-31T17:58:20
CLM004915,POL03669,2025-09-22,2774.31,Pending,Death benefit claim,batch_001,2026-07-31T17:58:20
CLM004916,POL00887,2025-09-22,24357.61,Pending,Vehicle collision,batch_001,2026-07-31T17:58:20
CLM004917,POL03797,2025-09-22,2202.43,Pending,Medical procedure,batch_001,2026-07-31T17:58:20
CLM004918,POL03348,2025-09-22,11378.78,Approved,Vehicle collision,batch_001,2026-07-31T17:58:20
CLM004919,POL03785,2025-09-23,17844.27,Denied,Death benefit claim,batch_001,2026-07-31T17:58:20
CLM004920,POL00392,2025-09-23,20343.63,Denied,Terminal illness claim,batch_001,2026-07-31T17:58:20
CLM004921,POL04348,2025-09-23,23851.80,Denied,Terminal illness claim,batch_001,2026-07-31T17:58:20
CLM004922,POL01635,2025-09-23,20045.56,Approved,Water damage,batch_001,2026-07-31T17:58:20
CLM004923,POL01611,2025-09-23,717.27,Pending,Prescription claim,batch_001,2026-07-31T17:58:20
CLM004924,POL01489,2025-09-23,8788.45,Pending,Roof damage from storm,batch_001,2026-07-31T17:58:20
CLM004925,POL03661,2025-09-23,10705.12,Denied,Vandalism damage,batch_001,2026-07-31T17:58:20
CLM004926,POL02079,2025-09-23,12454.74,Approved,Medical procedure,batch_001,2026-07-31T17:58:20
CLM004927,POL04598,2025-09-23,236.12,Approved,Accidental death claim,batch_001,2026-07-31T17:58:20
CLM004928,POL01642,2025-09-23,15213.37,Approved,Prescription claim,batch_001,2026-07-31T17:58:20
CLM004929,POL02083,2025-09-23,20974.43,Denied,Hit and run,batch_001,2026-07-31T17:58:20
CLM004930,POL01220,2025-09-23,2065.44,Pending,Death benefit claim,batch_001,2026-07-31T17:58:20
CLM004931,POL04298,2025-09-24,6089.64,Approved,Accidental death claim,batch_001,2026-07-31T17:58:20
CLM004932,POL03892,2025-09-24,572.62,Approved,Theft of vehicle,batch_001,2026-07-31T17:58:20
CLM004933,POL03302,2025-09-24,10428.62,Approved,Terminal illness claim,batch_001,2026-07-31T17:58:20
CLM004934,POL02707,2025-09-25,15708.26,Approved,Death benefit claim,batch_001,2026-07-31T17:58:20
CLM004935,POL00955,2025-09-25,1359.38,Pending,Prescription claim,batch_001,2026-07-31T17:58:20
CLM004936,POL03829,2025-09-25,3195.65,Denied,Vehicle collision,batch_001,2026-07-31T17:58:20
CLM004937,POL00161,2025-09-25,18750.66,Denied,Hospital stay,batch_001,2026-07-31T17:58:20
CLM004938,POL01933,2025-09-25,13642.56,Pending,Vehicle collision,batch_001,2026-07-31T17:58:20
CLM004939,POL04612,2025-09-26,18956.45,Pending,Accidental death claim,batch_001,2026-07-31T17:58:20
CLM004940,POL02209,2025-09-26,14396.80,Denied,Death benefit claim,batch_001,2026-07-31T17:58:20
CLM004941,POL00539,2025-09-26,7984.98,Approved,Death benefit claim,batch_001,2026-07-31T17:58:20
CLM004942,POL02094,2025-09-26,15302.90,Pending,Water damage,batch_001,2026-07-31T17:58:20
CLM004943,POL04831,2025-09-26,7510.96,Pending,Burglary,batch_001,2026-07-31T17:58:20
CLM004944,POL03236,2025-09-26,19604.81,Pending,Prescription claim,batch_001,2026-07-31T17:58:20
CLM004945,POL01833,2025-09-26,16235.87,Approved,Terminal illness claim,batch_001,2026-07-31T17:58:20
CLM004946,POL04836,2025-09-26,11031.53,Approved,Hit and run,batch_001,2026-07-31T17:58:20
CLM004947,POL03132,2025-09-26,15114.38,Pending,Roof damage from storm,batch_001,2026-07-31T17:58:20
CLM004948,POL00837,2025-09-26,10331.09,Denied,Death benefit claim,batch_001,2026-07-31T17:58:20
CLM004949,POL01217,2025-09-26,5485.46,Denied,Vehicle collision,batch_001,2026-07-31T17:58:20
CLM004950,POL03974,2025-09-27,12049.31,Denied,Windshield damage,batch_001,2026-07-31T17:58:20
CLM004951,POL01912,2025-09-27,20789.82,Denied,Hit and run,batch_001,2026-07-31T17:58:20
CLM004952,POL01500,2025-09-27,5352.29,Pending,Accidental death claim,batch_001,2026-07-31T17:58:20
CLM004953,POL04842,2025-09-27,14918.52,Pending,Vandalism damage,batch_001,2026-07-31T17:58:20
CLM004954,POL00934,2025-09-27,24892.20,Denied,Vehicle collision,batch_001,2026-07-31T17:58:20
CLM004955,POL00549,2025-09-27,17816.02,Denied,Windshield damage,batch_001,2026-07-31T17:58:20
CLM004956,POL03530,2025-09-28,21218.23,Pending,Emergency room visit,batch_001,2026-07-31T17:58:20
CLM004957,POL00216,2025-09-28,5437.12,Approved,Hospital stay,batch_001,2026-07-31T17:58:20
CLM004958,POL03775,2025-09-28,20513.36,Pending,Death benefit claim,batch_001,2026-07-31T17:58:20
CLM004959,POL00866,2025-09-28,2316.67,Approved,Windshield damage,batch_001,2026-07-31T17:58:20
CLM004960,POL00225,2025-09-28,15807.53,Pending,Roof damage from storm,batch_001,2026-07-31T17:58:20
CLM004961,POL00779,2025-09-29,21255.52,Pending,Death benefit claim,batch_001,2026-07-31T17:58:20
CLM004962,POL01927,2025-09-29,9297.49,Pending,Accidental death claim,batch_001,2026-07-31T17:58:20
CLM004963,POL04683,2025-09-29,12872.59,Pending,Hospital stay,batch_001,2026-07-31T17:58:20
CLM004964,POL03675,2025-09-29,22530.73,Approved,Medical procedure,batch_001,2026-07-31T17:58:20
CLM004965,POL03641,2025-09-30,24066.73,Pending,Fallen tree damage,batch_001,2026-07-31T17:58:20
CLM004966,POL04126,2025-09-30,15686.42,Denied,Hospital stay,batch_001,2026-07-31T17:58:20
CLM004967,POL00251,2025-09-30,20401.44,Approved,Accidental death claim,batch_001,2026-07-31T17:58:20
CLM004968,POL03269,2025-09-30,22364.67,Denied,Accidental death claim,batch_001,2026-07-31T17:58:20
CLM004969,POL01133,2025-10-01,4101.84,Approved,Hit and run,batch_001,2026-07-31T17:58:20
CLM004970,POL02917,2025-10-01,13096.46,Pending,Death benefit claim,batch_001,2026-07-31T17:58:20
CLM004971,POL04679,2025-10-01,24573.11,Pending,Roof damage from storm,batch_001,2026-07-31T17:58:20
CLM004972,POL03586,2025-10-01,23319.42,Pending,Fire damage,batch_001,2026-07-31T17:58:20
CLM004973,POL00506,2025-10-01,20315.57,Denied,Accidental death claim,batch_001,2026-07-31T17:58:20
CLM004974,POL00384,2025-10-01,10527.81,Denied,Prescription claim,batch_001,2026-07-31T17:58:20
CLM004975,POL00768,2025-10-01,20737.38,Approved,Death benefit claim,batch_001,2026-07-31T17:58:20
CLM004976,POL03116,2025-10-01,14129.38,Denied,Fallen tree damage,batch_001,2026-07-31T17:58:20
CLM004977,POL03304,2025-10-02,2378.44,Pending,Accidental death claim,batch_001,2026-07-31T17:58:20
CLM004978,POL00689,2025-10-02,23360.30,Pending,Hit and run,batch_001,2026-07-31T17:58:20
CLM004979,POL04837,2025-10-02,6833.36,Approved,Fallen tree damage,batch_001,2026-07-31T17:58:20
CLM004980,POL03470,2025-10-02,14036.25,Pending,Fire damage,batch_001,2026-07-31T17:58:20
CLM004981,POL03796,2025-10-02,18182.52,Denied,Vandalism damage,batch_001,2026-07-31T17:58:20
CLM004982,POL03909,2025-10-02,16648.13,Approved,Surgery reimbursement,batch_001,2026-07-31T17:58:20
CLM004983,POL00354,2025-10-02,14762.16,Approved,Medical procedure,batch_001,2026-07-31T17:58:20
CLM004984,POL02119,2025-10-02,22627.57,Approved,Accidental death claim,batch_001,2026-07-31T17:58:20
CLM004985,POL03470,2025-10-02,2901.08,Denied,Water damage,batch_001,2026-07-31T17:58:20
CLM004986,POL04050,2025-10-03,22499.72,Pending,Death benefit claim,batch_001,2026-07-31T17:58:20
CLM004987,POL01451,2025-10-03,12238.92,Pending,Accidental death claim,batch_001,2026-07-31T17:58:20
CLM004988,POL04532,2025-10-04,13998.87,Denied,Hit and run,batch_001,2026-07-31T17:58:20
CLM004989,POL02901,2025-10-04,2764.52,Denied,Accidental death claim,batch_001,2026-07-31T17:58:20
CLM004990,POL03262,2025-10-04,4624.96,Pending,Vehicle collision,batch_001,2026-07-31T17:58:20
CLM004991,POL04955,2025-10-04,23163.05,Pending,Roof damage from storm,batch_001,2026-07-31T17:58:20
CLM004992,POL04996,2025-10-05,9470.23,Pending,Death benefit claim,batch_001,2026-07-31T17:58:20
CLM004993,POL02170,2025-10-05,23395.36,Denied,Vehicle collision,batch_001,2026-07-31T17:58:20
CLM004994,POL02177,2025-10-05,11381.19,Denied,Fire damage,batch_001,2026-07-31T17:58:20
CLM004995,POL00531,2025-10-05,11154.27,Approved,Accidental death claim,batch_001,2026-07-31T17:58:20
CLM004996,POL02770,2025-10-05,2645.02,Approved,Emergency room visit,batch_001,2026-07-31T17:58:20
CLM004997,POL02913,2025-10-05,14541.94,Approved,Burglary,batch_001,2026-07-31T17:58:20
CLM004998,POL02255,2025-10-05,13611.23,Approved,Death benefit claim,batch_001,2026-07-31T17:58:20
CLM004999,POL04117,2025-10-06,24194.77,Approved,Surgery reimbursement,batch_001,2026-07-31T17:58:20
CLM005000,POL04380,2025-10-06,10063.25,Pending,Vandalism damage,batch_001,2026-07-31T17:58:20
CLM005001,POL01868,2025-10-06,15390.60,Denied,Death benefit claim,batch_001,2026-07-31T17:58:20
CLM005002,POL02118,2025-10-06,9940.19,Approved,Hospital stay,batch_001,2026-07-31T17:58:20
CLM005003,POL03647,2025-10-06,15088.37,Approved,Burglary,batch_001,2026-07-31T17:58:20
CLM005004,POL00181,2025-10-07,15618.65,Approved,Death benefit claim,batch_001,2026-07-31T17:58:20
CLM005005,POL02457,2025-10-07,1938.94,Approved,Accidental death claim,batch_001,2026-07-31T17:58:20
CLM005006,POL02034,2025-10-07,9007.90,Pending,Emergency room visit,batch_001,2026-07-31T17:58:20
CLM005007,POL01676,2025-10-07,17896.90,Approved,Windshield damage,batch_001,2026-07-31T17:58:20
CLM005008,POL01748,2025-10-07,11930.25,Denied,Death benefit claim,batch_001,2026-07-31T17:58:20
CLM005009,POL02800,2025-10-08,4745.85,Approved,Water damage,batch_001,2026-07-31T17:58:20
CLM005010,POL02085,2025-10-08,8098.32,Pending,Medical procedure,batch_001,2026-07-31T17:58:20
CLM005011,POL03282,2025-10-08,8378.02,Pending,Vehicle collision,batch_001,2026-07-31T17:58:20
CLM005012,POL01357,2025-10-08,9071.87,Denied,Theft of vehicle,batch_001,2026-07-31T17:58:20
CLM005013,POL04060,2025-10-08,3701.65,Approved,Accidental death claim,batch_001,2026-07-31T17:58:20
CLM005014,POL00798,2025-10-08,10780.05,Pending,Death benefit claim,batch_001,2026-07-31T17:58:20
CLM005015,POL01584,2025-10-08,17455.66,Denied,Vehicle collision,batch_001,2026-07-31T17:58:20
CLM005016,POL04647,2025-10-09,10468.13,Approved,Prescription claim,batch_001,2026-07-31T17:58:20
CLM005017,POL03967,2025-10-09,22424.74,Pending,Vehicle collision,batch_001,2026-07-31T17:58:20
CLM005018,POL04226,2025-10-09,3256.75,Denied,Fallen tree damage,batch_001,2026-07-31T17:58:20
CLM005019,POL04410,2025-10-09,14373.54,Pending,Accidental death claim,batch_001,2026-07-31T17:58:20
CLM005020,POL00343,2025-10-09,13712.94,Pending,Vehicle collision,batch_001,2026-07-31T17:58:20
CLM005021,POL03283,2025-10-10,11596.95,Pending,Windshield damage,batch_001,2026-07-31T17:58:20
CLM005022,POL00794,2025-10-10,6860.31,Denied,Terminal illness claim,batch_001,2026-07-31T17:58:20
CLM005023,POL03390,2025-10-10,12972.59,Approved,Emergency room visit,batch_001,2026-07-31T17:58:20
CLM005024,POL02675,2025-10-10,15601.43,Denied,Hit and run,batch_001,2026-07-31T17:58:20
CLM005025,POL02172,2025-10-10,13693.28,Pending,Vandalism damage,batch_001,2026-07-31T17:58:20
CLM005026,POL05058,2025-10-10,20138.68,Approved,Hospital stay,batch_001,2026-07-31T17:58:20
CLM005027,POL03243,2025-10-10,17442.33,Pending,Hit and run,batch_001,2026-07-31T17:58:20
CLM005028,POL02553,2025-10-10,23264.71,Denied,Accidental death claim,batch_001,2026-07-31T17:58:20
CLM005029,POL02559,2025-10-10,17248.36,Approved,Theft of vehicle,batch_001,2026-07-31T17:58:20
CLM005030,POL02788,2025-10-11,14749.97,Denied,Medical procedure,batch_001,2026-07-31T17:58:20
CLM005031,POL00907,2025-10-11,3190.51,Approved,Vandalism damage,batch_001,2026-07-31T17:58:20
CLM005032,POL01480,2025-10-11,1558.84,Pending,Prescription claim,batch_001,2026-07-31T17:58:20
CLM005033,POL02960,2025-10-11,6235.27,Denied,Accidental death claim,batch_001,2026-07-31T17:58:20
CLM005034,POL00365,2025-10-11,8846.40,Approved,Prescription claim,batch_001,2026-07-31T17:58:20
CLM005035,POL00644,2025-10-12,10619.81,Pending,Death benefit claim,batch_001,2026-07-31T17:58:20
CLM005036,POL01861,2025-10-12,20829.85,Pending,Fallen tree damage,batch_001,2026-07-31T17:58:20
CLM005037,POL03235,2025-10-12,5257.82,Denied,Windshield damage,batch_001,2026-07-31T17:58:20
CLM005038,POL03366,2025-10-12,24399.02,Pending,Windshield damage,batch_001,2026-07-31T17:58:20
CLM005039,POL00820,2025-10-12,12915.23,Denied,Terminal illness claim,batch_001,2026-07-31T17:58:20
CLM005040,POL03051,2025-10-12,15027.40,Denied,Burglary,batch_001,2026-07-31T17:58:20
CLM005041,POL00063,2025-10-12,1323.88,Pending,Hospital stay,batch_001,2026-07-31T17:58:20
CLM005042,POL02467,2025-10-12,20194.14,Denied,Fallen tree damage,batch_001,2026-07-31T17:58:20
CLM005043,POL04755,2025-10-12,6330.42,Approved,Terminal illness claim,batch_001,2026-07-31T17:58:20
CLM005044,POL03083,2025-10-13,24966.14,Pending,Roof damage from storm,batch_001,2026-07-31T17:58:20
CLM005045,POL04561,2025-10-13,15373.42,Denied,Hit and run,batch_001,2026-07-31T17:58:20
CLM005046,POL03363,2025-10-13,1345.06,Denied,Surgery reimbursement,batch_001,2026-07-31T17:58:20
CLM005047,POL01326,2025-10-13,457.44,Denied,Terminal illness claim,batch_001,2026-07-31T17:58:20
CLM005048,POL03471,2025-10-13,21642.94,Denied,Hit and run,batch_001,2026-07-31T17:58:20
CLM005049,POL02785,2025-10-14,13484.20,Approved,Fallen tree damage,batch_001,2026-07-31T17:58:20
CLM005050,POL03692,2025-10-14,19584.67,Denied,Theft of vehicle,batch_001,2026-07-31T17:58:20
CLM005051,POL01809,2025-10-14,4887.96,Pending,Fallen tree damage,batch_001,2026-07-31T17:58:20
CLM005052,POL00237,2025-10-14,10686.27,Approved,Surgery reimbursement,batch_001,2026-07-31T17:58:20
CLM005053,POL02115,2025-10-14,19993.36,Denied,Windshield damage,batch_001,2026-07-31T17:58:20
CLM005054,POL01510,2025-10-14,19283.58,Denied,Roof damage from storm,batch_001,2026-07-31T17:58:20
CLM005055,POL00444,2025-10-14,2799.13,Pending,Theft of vehicle,batch_001,2026-07-31T17:58:20
CLM005056,POL04946,2025-10-15,15245.18,Approved,Death benefit claim,batch_001,2026-07-31T17:58:20
CLM005057,POL00076,2025-10-15,17400.33,Pending,Burglary,batch_001,2026-07-31T17:58:20
CLM005058,POL01313,2025-10-15,21403.83,Approved,Fire damage,batch_001,2026-07-31T17:58:20
CLM005059,POL01247,2025-10-15,7423.40,Denied,Prescription claim,batch_001,2026-07-31T17:58:20
CLM005060,POL03919,2025-10-16,17379.35,Denied,Roof damage from storm,batch_001,2026-07-31T17:58:20
CLM005061,POL03287,2025-10-16,3444.98,Denied,Vandalism damage,batch_001,2026-07-31T17:58:20
CLM005062,POL00552,2025-10-16,9814.57,Approved,Medical procedure,batch_001,2026-07-31T17:58:20
CLM005063,POL01449,2025-10-16,7095.17,Approved,Death benefit claim,batch_001,2026-07-31T17:58:20
CLM005064,POL03052,2025-10-16,22776.90,Pending,Theft of vehicle,batch_001,2026-07-31T17:58:20
CLM005065,POL04370,2025-10-16,19942.36,Pending,Hit and run,batch_001,2026-07-31T17:58:20
CLM005066,POL00492,2025-10-16,252.37,Pending,Medical procedure,batch_001,2026-07-31T17:58:20
CLM005067,POL00888,2025-10-17,11917.17,Pending,Burglary,batch_001,2026-07-31T17:58:20
CLM005068,POL03942,2025-10-17,17803.08,Pending,Fire damage,batch_001,2026-07-31T17:58:20
CLM005069,POL01605,2025-10-17,21878.01,Approved,Hospital stay,batch_001,2026-07-31T17:58:20
CLM005070,POL04879,2025-10-17,22073.72,Denied,Terminal illness claim,batch_001,2026-07-31T17:58:20
CLM005071,POL00112,2025-10-17,23281.54,Denied,Burglary,batch_001,2026-07-31T17:58:20
CLM005072,POL01106,2025-10-17,24855.98,Denied,Roof damage from storm,batch_001,2026-07-31T17:58:20
CLM005073,POL01345,2025-10-17,16000.99,Denied,Death benefit claim,batch_001,2026-07-31T17:58:20
CLM005074,POL01207,2025-10-17,18288.13,Approved,Vehicle collision,batch_001,2026-07-31T17:58:20
CLM005075,POL01671,2025-10-17,13266.17,Approved,Prescription claim,batch_001,2026-07-31T17:58:20
CLM005076,POL02803,2025-10-18,5776.60,Denied,Accidental death claim,batch_001,2026-07-31T17:58:20
CLM005077,POL04823,2025-10-18,18264.46,Pending,Water damage,batch_001,2026-07-31T17:58:20
CLM005078,POL03779,2025-10-18,13897.28,Pending,Fire damage,batch_001,2026-07-31T17:58:20
CLM005079,POL03019,2025-10-18,24586.69,Pending,Fire damage,batch_001,2026-07-31T17:58:20
CLM005080,POL02538,2025-10-19,3285.13,Pending,Fallen tree damage,batch_001,2026-07-31T17:58:20
CLM005081,POL01906,2025-10-19,12636.22,Denied,Surgery reimbursement,batch_001,2026-07-31T17:58:20
CLM005082,POL02199,2025-10-19,1274.01,Pending,Prescription claim,batch_001,2026-07-31T17:58:20
CLM005083,POL02085,2025-10-19,7707.03,Denied,Surgery reimbursement,batch_001,2026-07-31T17:58:20
CLM005084,POL03828,2025-10-20,8529.63,Approved,Fire damage,batch_001,2026-07-31T17:58:20
CLM005085,POL00629,2025-10-20,2873.95,Approved,Fire damage,batch_001,2026-07-31T17:58:20
CLM005086,POL03666,2025-10-20,7208.10,Pending,Vandalism damage,batch_001,2026-07-31T17:58:20
CLM005087,POL04025,2025-10-20,17086.09,Pending,Water damage,batch_001,2026-07-31T17:58:20
CLM005088,POL03693,2025-10-20,11015.87,Denied,Death benefit claim,batch_001,2026-07-31T17:58:20
CLM005089,POL01990,2025-10-20,16646.00,Pending,Windshield damage,batch_001,2026-07-31T17:58:20
CLM005090,POL04009,2025-10-20,4326.05,Approved,Vandalism damage,batch_001,2026-07-31T17:58:20
CLM005091,POL04415,2025-10-20,9549.72,Approved,Medical procedure,batch_001,2026-07-31T17:58:20
CLM005092,POL03890,2025-10-20,8905.39,Approved,Fallen tree damage,batch_001,2026-07-31T17:58:20
CLM005093,POL00498,2025-10-20,20049.78,Approved,Vandalism damage,batch_001,2026-07-31T17:58:20
CLM005094,POL03171,2025-10-21,24061.67,Approved,Surgery reimbursement,batch_001,2026-07-31T17:58:20
CLM005095,POL02695,2025-10-21,17897.48,Approved,Vehicle collision,batch_001,2026-07-31T17:58:20
CLM005096,POL03168,2025-10-21,15261.13,Approved,Surgery reimbursement,batch_001,2026-07-31T17:58:20
CLM005097,POL04468,2025-10-21,12625.73,Approved,Terminal illness claim,batch_001,2026-07-31T17:58:20
CLM005098,POL01880,2025-10-21,8342.50,Approved,Roof damage from storm,batch_001,2026-07-31T17:58:20
CLM005099,POL00097,2025-10-21,990.52,Pending,Vehicle collision,batch_001,2026-07-31T17:58:20
CLM005100,POL04217,2025-10-21,1821.18,Denied,Hit and run,batch_001,2026-07-31T17:58:20
CLM005101,POL03885,2025-10-21,12678.40,Pending,Medical procedure,batch_001,2026-07-31T17:58:20
CLM005102,POL03482,2025-10-22,8698.98,Approved,Surgery reimbursement,batch_001,2026-07-31T17:58:20
CLM005103,POL02082,2025-10-22,6434.39,Pending,Terminal illness claim,batch_001,2026-07-31T17:58:20
CLM005104,POL02144,2025-10-22,6621.00,Approved,Hospital stay,batch_001,2026-07-31T17:58:20
CLM005105,POL01723,2025-10-22,20504.29,Denied,Medical procedure,batch_001,2026-07-31T17:58:20
CLM005106,POL03893,2025-10-22,15108.91,Approved,Burglary,batch_001,2026-07-31T17:58:20
CLM005107,POL04526,2025-10-22,2768.11,Pending,Accidental death claim,batch_001,2026-07-31T17:58:20
CLM005108,POL02626,2025-10-22,6099.00,Pending,Water damage,batch_001,2026-07-31T17:58:20
CLM005109,POL01205,2025-10-22,13462.11,Pending,Accidental death claim,batch_001,2026-07-31T17:58:20
CLM005110,POL02093,2025-10-22,21865.92,Pending,Prescription claim,batch_001,2026-07-31T17:58:20
CLM005111,POL05097,2025-10-22,14240.67,Denied,Hospital stay,batch_001,2026-07-31T17:58:20
CLM005112,POL04323,2025-10-22,12910.86,Approved,Vandalism damage,batch_001,2026-07-31T17:58:20
CLM005113,POL00500,2025-10-23,7721.27,Denied,Burglary,batch_001,2026-07-31T17:58:20
CLM005114,POL04742,2025-10-23,17606.63,Denied,Medical procedure,batch_001,2026-07-31T17:58:20
CLM005115,POL02247,2025-10-24,21009.67,Pending,Death benefit claim,batch_001,2026-07-31T17:58:20
CLM005116,POL02080,2025-10-24,9483.37,Approved,Death benefit claim,batch_001,2026-07-31T17:58:20
CLM005117,POL04901,2025-10-24,13557.13,Denied,Roof damage from storm,batch_001,2026-07-31T17:58:20
CLM005118,POL01434,2025-10-24,6768.21,Approved,Hospital stay,batch_001,2026-07-31T17:58:20
CLM005119,POL01855,2025-10-24,14850.58,Approved,Vandalism damage,batch_001,2026-07-31T17:58:20
CLM005120,POL01929,2025-10-24,6032.85,Approved,Windshield damage,batch_001,2026-07-31T17:58:20
CLM005121,POL00924,2025-10-24,24634.73,Pending,Hospital stay,batch_001,2026-07-31T17:58:20
CLM005122,POL04096,2025-10-25,849.08,Approved,Accidental death claim,batch_001,2026-07-31T17:58:20
CLM005123,POL01722,2025-10-25,24586.80,Pending,Fallen tree damage,batch_001,2026-07-31T17:58:20
CLM005124,POL00405,2025-10-25,17821.10,Pending,Death benefit claim,batch_001,2026-07-31T17:58:20
CLM005125,POL01375,2025-10-25,3728.07,Approved,Death benefit claim,batch_001,2026-07-31T17:58:20
CLM005126,POL00123,2025-10-25,4709.35,Approved,Medical procedure,batch_001,2026-07-31T17:58:20
CLM005127,POL00134,2025-10-25,1669.47,Pending,Terminal illness claim,batch_001,2026-07-31T17:58:20
CLM005128,POL03780,2025-10-25,10905.87,Approved,Death benefit claim,batch_001,2026-07-31T17:58:20
CLM005129,POL00245,2025-10-25,12747.29,Pending,Accidental death claim,batch_001,2026-07-31T17:58:20
CLM005130,POL04573,2025-10-25,22996.80,Pending,Prescription claim,batch_001,2026-07-31T17:58:20
CLM005131,POL03165,2025-10-26,3130.40,Pending,Vehicle collision,batch_001,2026-07-31T17:58:20
CLM005132,POL02421,2025-10-26,4814.84,Denied,Vehicle collision,batch_001,2026-07-31T17:58:20
CLM005133,POL02366,2025-10-26,1636.62,Pending,Windshield damage,batch_001,2026-07-31T17:58:20
CLM005134,POL04531,2025-10-27,7305.14,Denied,Windshield damage,batch_001,2026-07-31T17:58:20
CLM005135,POL00697,2025-10-27,14781.85,Approved,Prescription claim,batch_001,2026-07-31T17:58:20
CLM005136,POL02264,2025-10-27,10586.39,Pending,Fire damage,batch_001,2026-07-31T17:58:20
CLM005137,POL01598,2025-10-27,7940.06,Denied,Vandalism damage,batch_001,2026-07-31T17:58:20
CLM005138,POL02592,2025-10-28,20818.23,Approved,Death benefit claim,batch_001,2026-07-31T17:58:20
CLM005139,POL00030,2025-10-28,5044.04,Approved,Prescription claim,batch_001,2026-07-31T17:58:20
CLM005140,POL03312,2025-10-28,22908.38,Approved,Theft of vehicle,batch_001,2026-07-31T17:58:20
CLM005141,POL02286,2025-10-29,23592.11,Pending,Accidental death claim,batch_001,2026-07-31T17:58:20
CLM005142,POL03107,2025-10-29,10994.62,Approved,Roof damage from storm,batch_001,2026-07-31T17:58:20
CLM005143,POL00161,2025-10-29,22583.19,Approved,Prescription claim,batch_001,2026-07-31T17:58:20
CLM005144,POL03546,2025-10-29,24313.86,Pending,Prescription claim,batch_001,2026-07-31T17:58:20
CLM005145,POL03458,2025-10-30,6789.95,Approved,Death benefit claim,batch_001,2026-07-31T17:58:20
CLM005146,POL03220,2025-10-30,22911.88,Denied,Water damage,batch_001,2026-07-31T17:58:20
CLM005147,POL00740,2025-10-30,17631.58,Approved,Theft of vehicle,batch_001,2026-07-31T17:58:20
CLM005148,POL00013,2025-10-30,20213.30,Pending,Surgery reimbursement,batch_001,2026-07-31T17:58:20
CLM005149,POL00824,2025-10-31,10030.70,Pending,Terminal illness claim,batch_001,2026-07-31T17:58:20
CLM005150,POL05068,2025-10-31,11788.90,Pending,Accidental death claim,batch_001,2026-07-31T17:58:20
CLM005151,POL00124,2025-10-31,9245.38,Pending,Death benefit claim,batch_001,2026-07-31T17:58:20
CLM005152,POL03522,2025-10-31,10550.29,Approved,Theft of vehicle,batch_001,2026-07-31T17:58:20
CLM005153,POL04539,2025-10-31,3606.59,Pending,Fallen tree damage,batch_001,2026-07-31T17:58:20
CLM005154,POL04626,2025-10-31,15583.57,Approved,Terminal illness claim,batch_001,2026-07-31T17:58:20
CLM005155,POL04972,2025-11-01,11531.92,Approved,Vandalism damage,batch_001,2026-07-31T17:58:20
CLM005156,POL01918,2025-11-01,13544.40,Pending,Hospital stay,batch_001,2026-07-31T17:58:20
CLM005157,POL04261,2025-11-01,22452.88,Pending,Medical procedure,batch_001,2026-07-31T17:58:20
CLM005158,POL03871,2025-11-01,13275.55,Pending,Hit and run,batch_001,2026-07-31T17:58:20
CLM005159,POL05033,2025-11-01,1908.93,Approved,Theft of vehicle,batch_001,2026-07-31T17:58:20
CLM005160,POL04845,2025-11-01,10775.98,Denied,Terminal illness claim,batch_001,2026-07-31T17:58:20
CLM005161,POL00636,2025-11-01,14276.81,Denied,Vehicle collision,batch_001,2026-07-31T17:58:20
CLM005162,POL04872,2025-11-01,5995.01,Approved,Water damage,batch_001,2026-07-31T17:58:20
CLM005163,POL01088,2025-11-01,10847.16,Pending,Terminal illness claim,batch_001,2026-07-31T17:58:20
CLM005164,POL03724,2025-11-02,21246.83,Pending,Accidental death claim,batch_001,2026-07-31T17:58:20
CLM005165,POL04730,2025-11-02,14020.79,Approved,Prescription claim,batch_001,2026-07-31T17:58:20
CLM005166,POL00121,2025-11-02,7637.87,Approved,Accidental death claim,batch_001,2026-07-31T17:58:20
CLM005167,POL00048,2025-11-02,19050.21,Pending,Roof damage from storm,batch_001,2026-07-31T17:58:20
CLM005168,POL01141,2025-11-02,23524.55,Denied,Terminal illness claim,batch_001,2026-07-31T17:58:20
CLM005169,POL02750,2025-11-02,12811.37,Approved,Burglary,batch_001,2026-07-31T17:58:20
CLM005170,POL03987,2025-11-02,11477.26,Pending,Vehicle collision,batch_001,2026-07-31T17:58:20
CLM005171,POL01131,2025-11-03,12258.12,Denied,Hospital stay,batch_001,2026-07-31T17:58:20
CLM005172,POL01515,2025-11-03,19623.05,Approved,Hospital stay,batch_001,2026-07-31T17:58:20
CLM005173,POL04518,2025-11-03,3701.87,Approved,Vandalism damage,batch_001,2026-07-31T17:58:20
CLM005174,POL04852,2025-11-03,10130.04,Approved,Prescription claim,batch_001,2026-07-31T17:58:20
CLM005175,POL02182,2025-11-03,4507.95,Approved,Hospital stay,batch_001,2026-07-31T17:58:20
CLM005176,POL03912,2025-11-04,8423.26,Pending,Water damage,batch_001,2026-07-31T17:58:20
CLM005177,POL03681,2025-11-04,1429.52,Pending,Surgery reimbursement,batch_001,2026-07-31T17:58:20
CLM005178,POL03002,2025-11-04,6733.39,Approved,Water damage,batch_001,2026-07-31T17:58:20
CLM005179,POL04535,2025-11-04,8730.62,Denied,Theft of vehicle,batch_001,2026-07-31T17:58:20
CLM005180,POL03983,2025-11-05,20852.63,Approved,Roof damage from storm,batch_001,2026-07-31T17:58:20
CLM005181,POL03565,2025-11-05,19509.61,Approved,Vehicle collision,batch_001,2026-07-31T17:58:20
CLM005182,POL04735,2025-11-05,3624.24,Denied,Prescription claim,batch_001,2026-07-31T17:58:20
CLM005183,POL00001,2025-11-05,17786.63,Approved,Water damage,batch_001,2026-07-31T17:58:20
CLM005184,POL00520,2025-11-05,15839.74,Approved,Accidental death claim,batch_001,2026-07-31T17:58:20
CLM005185,POL02804,2025-11-05,10309.22,Approved,Prescription claim,batch_001,2026-07-31T17:58:20
CLM005186,POL01407,2025-11-06,5360.68,Approved,Terminal illness claim,batch_001,2026-07-31T17:58:20
CLM005187,POL03851,2025-11-06,24797.80,Pending,Death benefit claim,batch_001,2026-07-31T17:58:20
CLM005188,POL04588,2025-11-06,15314.56,Pending,Theft of vehicle,batch_001,2026-07-31T17:58:20
CLM005189,POL00042,2025-11-06,1554.43,Denied,Accidental death claim,batch_001,2026-07-31T17:58:20
CLM005190,POL04233,2025-11-06,4650.93,Pending,Roof damage from storm,batch_001,2026-07-31T17:58:20
CLM005191,POL03708,2025-11-06,6085.22,Approved,Burglary,batch_001,2026-07-31T17:58:20
CLM005192,POL00594,2025-11-06,9798.20,Pending,Roof damage from storm,batch_001,2026-07-31T17:58:20
CLM005193,POL00052,2025-11-06,12088.61,Approved,Roof damage from storm,batch_001,2026-07-31T17:58:20
CLM005194,POL04608,2025-11-06,16072.86,Approved,Death benefit claim,batch_001,2026-07-31T17:58:20
CLM005195,POL00952,2025-11-06,14401.59,Approved,Fallen tree damage,batch_001,2026-07-31T17:58:20
CLM005196,POL01459,2025-11-07,21111.63,Approved,Medical procedure,batch_001,2026-07-31T17:58:20
CLM005197,POL02581,2025-11-07,4729.65,Approved,Vehicle collision,batch_001,2026-07-31T17:58:20
CLM005198,POL02972,2025-11-07,5762.58,Denied,Medical procedure,batch_001,2026-07-31T17:58:20
CLM005199,POL04666,2025-11-07,3490.49,Approved,Vehicle collision,batch_001,2026-07-31T17:58:20
CLM005200,POL03788,2025-11-07,1864.92,Denied,Hospital stay,batch_001,2026-07-31T17:58:20
CLM005201,POL02572,2025-11-08,17044.09,Approved,Prescription claim,batch_001,2026-07-31T17:58:20
CLM005202,POL02101,2025-11-08,22660.67,Pending,Death benefit claim,batch_001,2026-07-31T17:58:20
CLM005203,POL04131,2025-11-08,14392.66,Denied,Fallen tree damage,batch_001,2026-07-31T17:58:20
CLM005204,POL02681,2025-11-08,17508.26,Approved,Fire damage,batch_001,2026-07-31T17:58:20
CLM005205,POL04649,2025-11-09,13095.38,Denied,Fallen tree damage,batch_001,2026-07-31T17:58:20
CLM005206,POL04550,2025-11-09,14369.80,Denied,Theft of vehicle,batch_001,2026-07-31T17:58:20
CLM005207,POL01078,2025-11-09,14919.93,Denied,Burglary,batch_001,2026-07-31T17:58:20
CLM005208,POL00947,2025-11-09,10394.15,Pending,Medical procedure,batch_001,2026-07-31T17:58:20
CLM005209,POL04217,2025-11-09,23149.82,Denied,Windshield damage,batch_001,2026-07-31T17:58:20
CLM005210,POL02547,2025-11-09,20292.33,Approved,Emergency room visit,batch_001,2026-07-31T17:58:20
CLM005211,POL00580,2025-11-09,984.49,Denied,Medical procedure,batch_001,2026-07-31T17:58:20
CLM005212,POL01260,2025-11-09,8859.70,Pending,Accidental death claim,batch_001,2026-07-31T17:58:20
CLM005213,POL05004,2025-11-09,10141.71,Pending,Death benefit claim,batch_001,2026-07-31T17:58:20
CLM005214,POL00563,2025-11-09,11759.97,Denied,Fire damage,batch_001,2026-07-31T17:58:20
CLM005215,POL02949,2025-11-10,11002.47,Pending,Death benefit claim,batch_001,2026-07-31T17:58:20
CLM005216,POL02764,2025-11-10,21796.79,Approved,Hit and run,batch_001,2026-07-31T17:58:20
CLM005217,POL04342,2025-11-10,1605.84,Denied,Fallen tree damage,batch_001,2026-07-31T17:58:20
CLM005218,POL03567,2025-11-10,1069.05,Denied,Burglary,batch_001,2026-07-31T17:58:20
CLM005219,POL01588,2025-11-10,14748.32,Approved,Accidental death claim,batch_001,2026-07-31T17:58:20
CLM005220,POL02060,2025-11-10,22285.79,Pending,Accidental death claim,batch_001,2026-07-31T17:58:20
CLM005221,POL01600,2025-11-10,13724.35,Approved,Surgery reimbursement,batch_001,2026-07-31T17:58:20
CLM005222,POL01867,2025-11-10,9627.36,Pending,Theft of vehicle,batch_001,2026-07-31T17:58:20
CLM005223,POL03326,2025-11-11,22883.61,Pending,Vehicle collision,batch_001,2026-07-31T17:58:20
CLM005224,POL02711,2025-11-11,8416.41,Denied,Prescription claim,batch_001,2026-07-31T17:58:20
CLM005225,POL02267,2025-11-11,17646.73,Denied,Theft of vehicle,batch_001,2026-07-31T17:58:20
CLM005226,POL03679,2025-11-11,15534.88,Denied,Vehicle collision,batch_001,2026-07-31T17:58:20
CLM005227,POL02984,2025-11-11,24026.93,Approved,Fire damage,batch_001,2026-07-31T17:58:20
CLM005228,POL04625,2025-11-11,4651.03,Approved,Fallen tree damage,batch_001,2026-07-31T17:58:20
CLM005229,POL00279,2025-11-11,13566.97,Denied,Roof damage from storm,batch_001,2026-07-31T17:58:20
CLM005230,POL00878,2025-11-12,1158.38,Pending,Surgery reimbursement,batch_001,2026-07-31T17:58:20
CLM005231,POL00226,2025-11-12,16685.45,Pending,Water damage,batch_001,2026-07-31T17:58:20
CLM005232,POL01914,2025-11-12,2583.27,Approved,Vehicle collision,batch_001,2026-07-31T17:58:20
CLM005233,POL03791,2025-11-12,19494.84,Denied,Medical procedure,batch_001,2026-07-31T17:58:20
CLM005234,POL04924,2025-11-12,24658.38,Approved,Fire damage,batch_001,2026-07-31T17:58:20
CLM005235,POL02692,2025-11-12,20155.49,Pending,Burglary,batch_001,2026-07-31T17:58:20
CLM005236,POL03188,2025-11-12,1444.19,Pending,Windshield damage,batch_001,2026-07-31T17:58:20
CLM005237,POL01378,2025-11-12,15882.76,Denied,Accidental death claim,batch_001,2026-07-31T17:58:20
CLM005238,POL05088,2025-11-12,9336.63,Approved,Surgery reimbursement,batch_001,2026-07-31T17:58:20
CLM005239,POL02196,2025-11-12,17495.95,Approved,Fire damage,batch_001,2026-07-31T17:58:20
CLM005240,POL00006,2025-11-12,22334.92,Pending,Fire damage,batch_001,2026-07-31T17:58:20
CLM005241,POL01493,2025-11-13,10999.66,Denied,Accidental death claim,batch_001,2026-07-31T17:58:20
CLM005242,POL02928,2025-11-13,21810.88,Approved,Vehicle collision,batch_001,2026-07-31T17:58:20
CLM005243,POL01294,2025-11-13,21512.30,Pending,Medical procedure,batch_001,2026-07-31T17:58:20
CLM005244,POL00647,2025-11-13,8055.74,Denied,Emergency room visit,batch_001,2026-07-31T17:58:20
CLM005245,POL01500,2025-11-13,22671.99,Denied,Accidental death claim,batch_001,2026-07-31T17:58:20
CLM005246,POL04819,2025-11-13,6564.78,Pending,Fallen tree damage,batch_001,2026-07-31T17:58:20
CLM005247,POL02784,2025-11-13,896.57,Denied,Medical procedure,batch_001,2026-07-31T17:58:20
CLM005248,POL04034,2025-11-13,2587.34,Denied,Windshield damage,batch_001,2026-07-31T17:58:20
CLM005249,POL01058,2025-11-14,11646.02,Pending,Vehicle collision,batch_001,2026-07-31T17:58:20
CLM005250,POL02899,2025-11-14,17736.60,Pending,Accidental death claim,batch_001,2026-07-31T17:58:20
CLM005251,POL03000,2025-11-14,16133.44,Approved,Vehicle collision,batch_001,2026-07-31T17:58:20
CLM005252,POL00395,2025-11-14,342.10,Denied,Terminal illness claim,batch_001,2026-07-31T17:58:20
CLM005253,POL05096,2025-11-14,5484.17,Denied,Medical procedure,batch_001,2026-07-31T17:58:20
CLM005254,POL01666,2025-11-14,17281.73,Pending,Death benefit claim,batch_001,2026-07-31T17:58:20
CLM005255,POL00025,2025-11-14,7008.11,Approved,Vehicle collision,batch_001,2026-07-31T17:58:20
CLM005256,POL01758,2025-11-14,10767.37,Pending,Vandalism damage,batch_001,2026-07-31T17:58:20
CLM005257,POL02329,2025-11-14,1703.80,Pending,Terminal illness claim,batch_001,2026-07-31T17:58:20
CLM005258,POL05026,2025-11-14,22755.45,Approved,Theft of vehicle,batch_001,2026-07-31T17:58:20
CLM005259,POL05042,2025-11-15,15453.33,Approved,Fallen tree damage,batch_001,2026-07-31T17:58:20
CLM005260,POL02943,2025-11-15,8718.09,Approved,Roof damage from storm,batch_001,2026-07-31T17:58:20
CLM005261,POL04646,2025-11-15,8577.64,Approved,Surgery reimbursement,batch_001,2026-07-31T17:58:20
CLM005262,POL03178,2025-11-15,1859.48,Approved,Prescription claim,batch_001,2026-07-31T17:58:20
CLM005263,POL03989,2025-11-15,14277.92,Pending,Vehicle collision,batch_001,2026-07-31T17:58:20
CLM005264,POL00158,2025-11-15,10004.81,Denied,Hospital stay,batch_001,2026-07-31T17:58:20
CLM005265,POL00482,2025-11-16,1934.82,Denied,Burglary,batch_001,2026-07-31T17:58:20
CLM005266,POL03912,2025-11-16,6642.92,Pending,Fire damage,batch_001,2026-07-31T17:58:20
CLM005267,POL03924,2025-11-16,12573.75,Pending,Windshield damage,batch_001,2026-07-31T17:58:20
CLM005268,POL01785,2025-11-16,16589.09,Pending,Terminal illness claim,batch_001,2026-07-31T17:58:20
CLM005269,POL02513,2025-11-16,14568.22,Denied,Fire damage,batch_001,2026-07-31T17:58:20
CLM005270,POL00169,2025-11-16,169.20,Denied,Hit and run,batch_001,2026-07-31T17:58:20
CLM005271,POL03089,2025-11-16,18993.19,Approved,Terminal illness claim,batch_001,2026-07-31T17:58:20
CLM005272,POL02688,2025-11-16,300.44,Approved,Theft of vehicle,batch_001,2026-07-31T17:58:20
CLM005273,POL00091,2025-11-17,1914.68,Approved,Terminal illness claim,batch_001,2026-07-31T17:58:20
CLM005274,POL02565,2025-11-17,6452.09,Denied,Death benefit claim,batch_001,2026-07-31T17:58:20
CLM005275,POL02342,2025-11-17,2733.62,Pending,Surgery reimbursement,batch_001,2026-07-31T17:58:20
CLM005276,POL01506,2025-11-17,14594.61,Pending,Emergency room visit,batch_001,2026-07-31T17:58:20
CLM005277,POL04692,2025-11-17,17591.17,Approved,Fire damage,batch_001,2026-07-31T17:58:20
CLM005278,POL01814,2025-11-18,7762.11,Approved,Medical procedure,batch_001,2026-07-31T17:58:20
CLM005279,POL00125,2025-11-18,18457.00,Approved,Vandalism damage,batch_001,2026-07-31T17:58:20
CLM005280,POL00327,2025-11-18,16114.46,Denied,Medical procedure,batch_001,2026-07-31T17:58:20
CLM005281,POL02918,2025-11-18,6182.70,Pending,Accidental death claim,batch_001,2026-07-31T17:58:20
CLM005282,POL04553,2025-11-19,22846.76,Pending,Roof damage from storm,batch_001,2026-07-31T17:58:20
CLM005283,POL01991,2025-11-19,447.22,Approved,Vehicle collision,batch_001,2026-07-31T17:58:20
CLM005284,POL03146,2025-11-19,9875.29,Approved,Death benefit claim,batch_001,2026-07-31T17:58:20
CLM005285,POL05049,2025-11-19,23195.21,Denied,Roof damage from storm,batch_001,2026-07-31T17:58:20
CLM005286,POL03740,2025-11-19,8418.67,Pending,Fallen tree damage,batch_001,2026-07-31T17:58:20
CLM005287,POL04449,2025-11-19,11333.58,Pending,Windshield damage,batch_001,2026-07-31T17:58:20
CLM005288,POL00719,2025-11-19,4357.70,Pending,Vandalism damage,batch_001,2026-07-31T17:58:20
CLM005289,POL03470,2025-11-19,7860.95,Denied,Water damage,batch_001,2026-07-31T17:58:20
CLM005290,POL01892,2025-11-19,23835.96,Approved,Hit and run,batch_001,2026-07-31T17:58:20
CLM005291,POL01468,2025-11-20,19953.75,Pending,Windshield damage,batch_001,2026-07-31T17:58:20
CLM005292,POL03749,2025-11-20,9314.10,Pending,Fire damage,batch_001,2026-07-31T17:58:20
CLM005293,POL00637,2025-11-20,6470.28,Denied,Death benefit claim,batch_001,2026-07-31T17:58:20
CLM005294,POL04882,2025-11-20,3239.45,Denied,Vehicle collision,batch_001,2026-07-31T17:58:20
CLM005295,POL00745,2025-11-20,20048.71,Approved,Death benefit claim,batch_001,2026-07-31T17:58:20
CLM005296,POL04512,2025-11-20,252.37,Approved,Prescription claim,batch_001,2026-07-31T17:58:20
CLM005297,POL01379,2025-11-20,2564.47,Pending,Emergency room visit,batch_001,2026-07-31T17:58:20
CLM005298,POL00554,2025-11-20,8879.03,Pending,Medical procedure,batch_001,2026-07-31T17:58:20
CLM005299,POL04279,2025-11-20,14363.98,Denied,Water damage,batch_001,2026-07-31T17:58:20
CLM005300,POL02999,2025-11-21,14182.03,Denied,Water damage,batch_001,2026-07-31T17:58:20
CLM005301,POL00919,2025-11-21,12628.01,Approved,Hospital stay,batch_001,2026-07-31T17:58:20
CLM005302,POL03043,2025-11-21,8374.66,Pending,Death benefit claim,batch_001,2026-07-31T17:58:20
CLM005303,POL04822,2025-11-21,22030.04,Pending,Prescription claim,batch_001,2026-07-31T17:58:20
CLM005304,POL03854,2025-11-21,4270.24,Pending,Death benefit claim,batch_001,2026-07-31T17:58:20
CLM005305,POL03128,2025-11-21,13944.72,Approved,Accidental death claim,batch_001,2026-07-31T17:58:20
CLM005306,POL00413,2025-11-22,18785.27,Denied,Fire damage,batch_001,2026-07-31T17:58:20
CLM005307,POL03922,2025-11-22,13420.95,Pending,Vandalism damage,batch_001,2026-07-31T17:58:20
CLM005308,POL01770,2025-11-22,1772.50,Denied,Hospital stay,batch_001,2026-07-31T17:58:20
CLM005309,POL01267,2025-11-22,12762.16,Pending,Prescription claim,batch_001,2026-07-31T17:58:20
CLM005310,POL01413,2025-11-22,20112.27,Denied,Roof damage from storm,batch_001,2026-07-31T17:58:20
CLM005311,POL02548,2025-11-22,21669.19,Pending,Vehicle collision,batch_001,2026-07-31T17:58:20
CLM005312,POL04210,2025-11-22,3538.74,Pending,Hit and run,batch_001,2026-07-31T17:58:20
CLM005313,POL01332,2025-11-23,130.36,Approved,Accidental death claim,batch_001,2026-07-31T17:58:20
CLM005314,POL01752,2025-11-24,15414.54,Pending,Emergency room visit,batch_001,2026-07-31T17:58:20
CLM005315,POL01874,2025-11-24,3468.23,Approved,Medical procedure,batch_001,2026-07-31T17:58:20
CLM005316,POL02065,2025-11-24,2308.15,Denied,Terminal illness claim,batch_001,2026-07-31T17:58:20
CLM005317,POL02284,2025-11-24,16405.36,Pending,Fire damage,batch_001,2026-07-31T17:58:20
CLM005318,POL04300,2025-11-24,18719.54,Approved,Prescription claim,batch_001,2026-07-31T17:58:20
CLM005319,POL02949,2025-11-24,14474.13,Pending,Death benefit claim,batch_001,2026-07-31T17:58:20
CLM005320,POL00084,2025-11-24,16860.84,Pending,Medical procedure,batch_001,2026-07-31T17:58:20
CLM005321,POL01046,2025-11-25,999.28,Approved,Death benefit claim,batch_001,2026-07-31T17:58:20
CLM005322,POL02270,2025-11-25,23433.90,Pending,Fire damage,batch_001,2026-07-31T17:58:20
CLM005323,POL01795,2025-11-25,21324.15,Approved,Accidental death claim,batch_001,2026-07-31T17:58:20
CLM005324,POL03596,2025-11-25,12500.87,Approved,Accidental death claim,batch_001,2026-07-31T17:58:20
CLM005325,POL00846,2025-11-25,6168.11,Pending,Fire damage,batch_001,2026-07-31T17:58:20
CLM005326,POL00340,2025-11-25,22472.93,Approved,Hospital stay,batch_001,2026-07-31T17:58:20
CLM005327,POL00767,2025-11-25,10506.42,Approved,Burglary,batch_001,2026-07-31T17:58:20
CLM005328,POL02077,2025-11-25,9957.23,Approved,Vehicle collision,batch_001,2026-07-31T17:58:20
CLM005329,POL02822,2025-11-26,17909.66,Pending,Death benefit claim,batch_001,2026-07-31T17:58:20
CLM005330,POL03605,2025-11-26,11477.26,Denied,Hit and run,batch_001,2026-07-31T17:58:20
CLM005331,POL04789,2025-11-26,2489.25,Pending,Windshield damage,batch_001,2026-07-31T17:58:20
CLM005332,POL01082,2025-11-26,19220.84,Pending,Medical procedure,batch_001,2026-07-31T17:58:20
CLM005333,POL01327,2025-11-26,24767.64,Approved,Terminal illness claim,batch_001,2026-07-31T17:58:20
CLM005334,POL00607,2025-11-27,11794.94,Denied,Hospital stay,batch_001,2026-07-31T17:58:20
CLM005335,POL00335,2025-11-27,21528.96,Approved,Vandalism damage,batch_001,2026-07-31T17:58:20
CLM005336,POL04350,2025-11-27,5532.43,Approved,Theft of vehicle,batch_001,2026-07-31T17:58:20
CLM005337,POL02032,2025-11-27,21069.46,Pending,Fallen tree damage,batch_001,2026-07-31T17:58:20
CLM005338,POL02261,2025-11-27,1765.33,Denied,Prescription claim,batch_001,2026-07-31T17:58:20
CLM005339,POL01329,2025-11-27,3855.81,Approved,Emergency room visit,batch_001,2026-07-31T17:58:20
CLM005340,POL00971,2025-11-28,10553.01,Approved,Accidental death claim,batch_001,2026-07-31T17:58:20
CLM005341,POL00458,2025-11-28,9235.62,Pending,Roof damage from storm,batch_001,2026-07-31T17:58:20
CLM005342,POL03422,2025-11-28,21051.72,Denied,Hit and run,batch_001,2026-07-31T17:58:20
CLM005343,POL00333,2025-11-28,9640.80,Pending,Hit and run,batch_001,2026-07-31T17:58:20
CLM005344,POL01254,2025-11-28,2194.41,Pending,Prescription claim,batch_001,2026-07-31T17:58:20
CLM005345,POL02966,2025-11-28,9105.60,Denied,Accidental death claim,batch_001,2026-07-31T17:58:20
CLM005346,POL02351,2025-11-28,19492.19,Denied,Theft of vehicle,batch_001,2026-07-31T17:58:20
CLM005347,POL00297,2025-11-29,11080.28,Denied,Burglary,batch_001,2026-07-31T17:58:20
CLM005348,POL01609,2025-11-29,17152.96,Pending,Emergency room visit,batch_001,2026-07-31T17:58:20
CLM005349,POL01841,2025-11-29,14232.07,Denied,Medical procedure,batch_001,2026-07-31T17:58:20
CLM005350,POL02477,2025-11-29,16215.86,Denied,Death benefit claim,batch_001,2026-07-31T17:58:20
CLM005351,POL03717,2025-11-29,4825.34,Approved,Terminal illness claim,batch_001,2026-07-31T17:58:20
CLM005352,POL01104,2025-11-29,10902.61,Approved,Water damage,batch_001,2026-07-31T17:58:20
CLM005353,POL02421,2025-11-30,24219.57,Denied,Windshield damage,batch_001,2026-07-31T17:58:20
CLM005354,POL03367,2025-11-30,16670.07,Pending,Terminal illness claim,batch_001,2026-07-31T17:58:20
CLM005355,POL04545,2025-11-30,17416.12,Denied,Fire damage,batch_001,2026-07-31T17:58:20
CLM005356,POL00831,2025-11-30,17011.53,Pending,Accidental death claim,batch_001,2026-07-31T17:58:20
CLM005357,POL00322,2025-11-30,13391.64,Denied,Vandalism damage,batch_001,2026-07-31T17:58:20
CLM005358,POL05061,2025-11-30,2542.34,Pending,Terminal illness claim,batch_001,2026-07-31T17:58:20
CLM005359,POL01209,2025-11-30,16022.80,Pending,Surgery reimbursement,batch_001,2026-07-31T17:58:20
CLM005360,POL00694,2025-12-01,16484.57,Pending,Hit and run,batch_001,2026-07-31T17:58:20
CLM005361,POL02160,2025-12-01,5593.02,Pending,Surgery reimbursement,batch_001,2026-07-31T17:58:20
CLM005362,POL01962,2025-12-01,22195.30,Pending,Terminal illness claim,batch_001,2026-07-31T17:58:20
CLM005363,POL03776,2025-12-01,24355.30,Approved,Terminal illness claim,batch_001,2026-07-31T17:58:20
CLM005364,POL00472,2025-12-01,9180.30,Approved,Fire damage,batch_001,2026-07-31T17:58:20
CLM005365,POL02012,2025-12-01,6592.48,Approved,Water damage,batch_001,2026-07-31T17:58:20
CLM005366,POL01974,2025-12-01,2030.95,Pending,Terminal illness claim,batch_001,2026-07-31T17:58:20
CLM005367,POL04334,2025-12-01,12537.76,Approved,Surgery reimbursement,batch_001,2026-07-31T17:58:20
CLM005368,POL02188,2025-12-01,9307.89,Denied,Hit and run,batch_001,2026-07-31T17:58:20
CLM005369,POL04618,2025-12-01,16910.97,Denied,Theft of vehicle,batch_001,2026-07-31T17:58:20
CLM005370,POL03716,2025-12-01,10094.28,Pending,Roof damage from storm,batch_001,2026-07-31T17:58:20
CLM005371,POL02749,2025-12-01,23680.04,Denied,Emergency room visit,batch_001,2026-07-31T17:58:20
CLM005372,POL03577,2025-12-01,9330.90,Denied,Surgery reimbursement,batch_001,2026-07-31T17:58:20
CLM005373,POL03220,2025-12-01,9727.81,Pending,Fallen tree damage,batch_001,2026-07-31T17:58:20
CLM005374,POL04119,2025-12-02,9619.46,Approved,Prescription claim,batch_001,2026-07-31T17:58:20
CLM005375,POL01710,2025-12-02,22658.02,Approved,Death benefit claim,batch_001,2026-07-31T17:58:20
CLM005376,POL01451,2025-12-02,8647.11,Denied,Death benefit claim,batch_001,2026-07-31T17:58:20
CLM005377,POL04387,2025-12-02,17473.76,Approved,Vandalism damage,batch_001,2026-07-31T17:58:20
CLM005378,POL02721,2025-12-02,23139.80,Pending,Roof damage from storm,batch_001,2026-07-31T17:58:20
CLM005379,POL04162,2025-12-02,2279.71,Denied,Emergency room visit,batch_001,2026-07-31T17:58:20
CLM005380,POL03270,2025-12-03,14939.02,Denied,Theft of vehicle,batch_001,2026-07-31T17:58:20
CLM005381,POL04717,2025-12-03,9594.04,Denied,Prescription claim,batch_001,2026-07-31T17:58:20
CLM005382,POL01489,2025-12-03,2909.76,Approved,Water damage,batch_001,2026-07-31T17:58:20
CLM005383,POL03713,2025-12-03,21765.88,Denied,Death benefit claim,batch_001,2026-07-31T17:58:20
CLM005384,POL01963,2025-12-03,9261.77,Pending,Accidental death claim,batch_001,2026-07-31T17:58:20
CLM005385,POL00973,2025-12-03,6715.81,Denied,Medical procedure,batch_001,2026-07-31T17:58:20
CLM005386,POL02343,2025-12-03,1410.71,Pending,Theft of vehicle,batch_001,2026-07-31T17:58:20
CLM005387,POL04461,2025-12-03,14629.68,Approved,Fire damage,batch_001,2026-07-31T17:58:20
CLM005388,POL03404,2025-12-03,20432.79,Denied,Theft of vehicle,batch_001,2026-07-31T17:58:20
CLM005389,POL02531,2025-12-04,5415.93,Approved,Burglary,batch_001,2026-07-31T17:58:20
CLM005390,POL04642,2025-12-04,10374.97,Pending,Burglary,batch_001,2026-07-31T17:58:20
CLM005391,POL01852,2025-12-04,2695.82,Pending,Medical procedure,batch_001,2026-07-31T17:58:20
CLM005392,POL00246,2025-12-04,13400.53,Pending,Vehicle collision,batch_001,2026-07-31T17:58:20
CLM005393,POL04061,2025-12-04,23509.65,Denied,Fire damage,batch_001,2026-07-31T17:58:20
CLM005394,POL01164,2025-12-04,23304.84,Approved,Surgery reimbursement,batch_001,2026-07-31T17:58:20
CLM005395,POL04498,2025-12-04,11221.19,Pending,Theft of vehicle,batch_001,2026-07-31T17:58:20
CLM005396,POL02608,2025-12-04,3994.82,Denied,Accidental death claim,batch_001,2026-07-31T17:58:20
CLM005397,POL02289,2025-12-04,18504.20,Approved,Burglary,batch_001,2026-07-31T17:58:20
CLM005398,POL04141,2025-12-04,19958.01,Denied,Roof damage from storm,batch_001,2026-07-31T17:58:20
CLM005399,POL04081,2025-12-05,1310.37,Denied,Fire damage,batch_001,2026-07-31T17:58:20
CLM005400,POL01341,2025-12-05,21755.37,Pending,Death benefit claim,batch_001,2026-07-31T17:58:20
CLM005401,POL04334,2025-12-05,10331.96,Denied,Emergency room visit,batch_001,2026-07-31T17:58:20
CLM005402,POL01824,2025-12-06,22632.94,Denied,Burglary,batch_001,2026-07-31T17:58:20
CLM005403,POL01082,2025-12-06,14474.89,Denied,Surgery reimbursement,batch_001,2026-07-31T17:58:20
CLM005404,POL03332,2025-12-06,4788.68,Denied,Vehicle collision,batch_001,2026-07-31T17:58:20
CLM005405,POL00914,2025-12-06,7038.57,Approved,Accidental death claim,batch_001,2026-07-31T17:58:20
CLM005406,POL00383,2025-12-06,23132.51,Pending,Theft of vehicle,batch_001,2026-07-31T17:58:20
CLM005407,POL01250,2025-12-06,20360.42,Pending,Death benefit claim,batch_001,2026-07-31T17:58:20
CLM005408,POL00202,2025-12-06,23196.53,Denied,Surgery reimbursement,batch_001,2026-07-31T17:58:20
CLM005409,POL04253,2025-12-06,16491.30,Approved,Vehicle collision,batch_001,2026-07-31T17:58:20
CLM005410,POL00208,2025-12-06,23027.29,Denied,Emergency room visit,batch_001,2026-07-31T17:58:20
CLM005411,POL01049,2025-12-06,1736.24,Approved,Theft of vehicle,batch_001,2026-07-31T17:58:20
CLM005412,POL03794,2025-12-06,16597.94,Approved,Vehicle collision,batch_001,2026-07-31T17:58:20
CLM005413,POL03486,2025-12-06,759.10,Denied,Death benefit claim,batch_001,2026-07-31T17:58:20
CLM005414,POL04700,2025-12-06,17338.26,Approved,Fire damage,batch_001,2026-07-31T17:58:20
CLM005415,POL03261,2025-12-07,13274.26,Pending,Water damage,batch_001,2026-07-31T17:58:20
CLM005416,POL04050,2025-12-07,24837.02,Approved,Death benefit claim,batch_001,2026-07-31T17:58:20
CLM005417,POL00997,2025-12-07,5033.08,Pending,Surgery reimbursement,batch_001,2026-07-31T17:58:20
CLM005418,POL02876,2025-12-07,17758.76,Pending,Terminal illness claim,batch_001,2026-07-31T17:58:20
CLM005419,POL01442,2025-12-07,22671.46,Approved,Hospital stay,batch_001,2026-07-31T17:58:20
CLM005420,POL01528,2025-12-07,14432.78,Pending,Terminal illness claim,batch_001,2026-07-31T17:58:20
CLM005421,POL02017,2025-12-07,8664.84,Pending,Terminal illness claim,batch_001,2026-07-31T17:58:20
CLM005422,POL05042,2025-12-08,8871.00,Pending,Fire damage,batch_001,2026-07-31T17:58:20
CLM005423,POL01923,2025-12-08,3794.13,Approved,Accidental death claim,batch_001,2026-07-31T17:58:20
CLM005424,POL03627,2025-12-08,5748.30,Pending,Emergency room visit,batch_001,2026-07-31T17:58:20
CLM005425,POL04278,2025-12-08,15124.40,Approved,Water damage,batch_001,2026-07-31T17:58:20
CLM005426,POL02354,2025-12-08,9153.41,Denied,Accidental death claim,batch_001,2026-07-31T17:58:20
CLM005427,POL01820,2025-12-08,19568.28,Approved,Fire damage,batch_001,2026-07-31T17:58:20
CLM005428,POL01857,2025-12-08,10638.35,Approved,Hospital stay,batch_001,2026-07-31T17:58:20
CLM005429,POL02868,2025-12-09,24302.62,Denied,Hit and run,batch_001,2026-07-31T17:58:20
CLM005430,POL00751,2025-12-09,22694.21,Pending,Burglary,batch_001,2026-07-31T17:58:20
CLM005431,POL00374,2025-12-09,12835.12,Denied,Accidental death claim,batch_001,2026-07-31T17:58:20
CLM005432,POL04079,2025-12-09,19719.01,Approved,Hospital stay,batch_001,2026-07-31T17:58:20
CLM005433,POL01298,2025-12-09,20761.15,Approved,Terminal illness claim,batch_001,2026-07-31T17:58:20
CLM005434,POL00317,2025-12-09,2556.89,Denied,Medical procedure,batch_001,2026-07-31T17:58:20
CLM005435,POL01278,2025-12-10,9971.00,Denied,Accidental death claim,batch_001,2026-07-31T17:58:20
CLM005436,POL04536,2025-12-10,5634.31,Pending,Fallen tree damage,batch_001,2026-07-31T17:58:20
CLM005437,POL01499,2025-12-10,17681.57,Denied,Prescription claim,batch_001,2026-07-31T17:58:20
CLM005438,POL02148,2025-12-10,13399.90,Denied,Burglary,batch_001,2026-07-31T17:58:20
CLM005439,POL03920,2025-12-11,5087.57,Denied,Surgery reimbursement,batch_001,2026-07-31T17:58:20
CLM005440,POL01074,2025-12-11,3714.20,Approved,Fire damage,batch_001,2026-07-31T17:58:20
CLM005441,POL01161,2025-12-11,23811.87,Pending,Hospital stay,batch_001,2026-07-31T17:58:20
CLM005442,POL00139,2025-12-11,15905.04,Pending,Roof damage from storm,batch_001,2026-07-31T17:58:20
CLM005443,POL02079,2025-12-11,24928.74,Denied,Hospital stay,batch_001,2026-07-31T17:58:20
CLM005444,POL04638,2025-12-11,3941.65,Pending,Emergency room visit,batch_001,2026-07-31T17:58:20
CLM005445,POL01464,2025-12-11,18382.89,Denied,Terminal illness claim,batch_001,2026-07-31T17:58:20
CLM005446,POL00469,2025-12-12,9487.97,Pending,Theft of vehicle,batch_001,2026-07-31T17:58:20
CLM005447,POL01730,2025-12-12,9352.61,Approved,Terminal illness claim,batch_001,2026-07-31T17:58:20
CLM005448,POL01985,2025-12-12,20844.59,Pending,Prescription claim,batch_001,2026-07-31T17:58:20
CLM005449,POL02005,2025-12-12,1760.06,Pending,Water damage,batch_001,2026-07-31T17:58:20
CLM005450,POL04355,2025-12-12,1480.00,Denied,Hit and run,batch_001,2026-07-31T17:58:20
CLM005451,POL02260,2025-12-12,2703.08,Approved,Vehicle collision,batch_001,2026-07-31T17:58:20
CLM005452,POL03978,2025-12-12,16758.16,Approved,Vandalism damage,batch_001,2026-07-31T17:58:20
CLM005453,POL02498,2025-12-13,19327.04,Pending,Fallen tree damage,batch_001,2026-07-31T17:58:20
CLM005454,POL02654,2025-12-13,3797.58,Pending,Death benefit claim,batch_001,2026-07-31T17:58:20
CLM005455,POL01801,2025-12-13,19391.73,Approved,Prescription claim,batch_001,2026-07-31T17:58:20
CLM005456,POL00470,2025-12-13,12767.08,Denied,Accidental death claim,batch_001,2026-07-31T17:58:20
CLM005457,POL03272,2025-12-13,5808.04,Pending,Prescription claim,batch_001,2026-07-31T17:58:20
CLM005458,POL02994,2025-12-13,9714.30,Denied,Roof damage from storm,batch_001,2026-07-31T17:58:20
CLM005459,POL03901,2025-12-13,1221.32,Denied,Theft of vehicle,batch_001,2026-07-31T17:58:20
CLM005460,POL04659,2025-12-13,1910.76,Approved,Accidental death claim,batch_001,2026-07-31T17:58:20
CLM005461,POL00552,2025-12-13,9270.36,Denied,Surgery reimbursement,batch_001,2026-07-31T17:58:20
CLM005462,POL00590,2025-12-13,2029.58,Pending,Terminal illness claim,batch_001,2026-07-31T17:58:20
CLM005463,POL02703,2025-12-14,10763.80,Approved,Hospital stay,batch_001,2026-07-31T17:58:20
CLM005464,POL00749,2025-12-14,14448.18,Denied,Hospital stay,batch_001,2026-07-31T17:58:20
CLM005465,POL01733,2025-12-14,14814.27,Denied,Fallen tree damage,batch_001,2026-07-31T17:58:20
CLM005466,POL04069,2025-12-14,9008.04,Approved,Water damage,batch_001,2026-07-31T17:58:20
CLM005467,POL03909,2025-12-14,20105.36,Approved,Medical procedure,batch_001,2026-07-31T17:58:20
CLM005468,POL02078,2025-12-14,4301.31,Approved,Water damage,batch_001,2026-07-31T17:58:20
CLM005469,POL00583,2025-12-14,15606.46,Pending,Terminal illness claim,batch_001,2026-07-31T17:58:20
CLM005470,POL00788,2025-12-15,3485.29,Pending,Vehicle collision,batch_001,2026-07-31T17:58:20
CLM005471,POL01227,2025-12-15,7756.28,Approved,Fallen tree damage,batch_001,2026-07-31T17:58:20
CLM005472,POL01996,2025-12-15,18822.25,Denied,Accidental death claim,batch_001,2026-07-31T17:58:20
CLM005473,POL03306,2025-12-15,11622.66,Pending,Accidental death claim,batch_001,2026-07-31T17:58:20
CLM005474,POL03719,2025-12-15,10208.99,Pending,Accidental death claim,batch_001,2026-07-31T17:58:20
CLM005475,POL03888,2025-12-15,5468.92,Approved,Terminal illness claim,batch_001,2026-07-31T17:58:20
CLM005476,POL04019,2025-12-15,22340.59,Approved,Vehicle collision,batch_001,2026-07-31T17:58:20
CLM005477,POL04932,2025-12-15,24628.74,Approved,Emergency room visit,batch_001,2026-07-31T17:58:20
CLM005478,POL03587,2025-12-15,16335.65,Pending,Death benefit claim,batch_001,2026-07-31T17:58:20
CLM005479,POL03772,2025-12-16,23982.68,Pending,Hospital stay,batch_001,2026-07-31T17:58:20
CLM005480,POL04346,2025-12-16,13415.65,Denied,Hospital stay,batch_001,2026-07-31T17:58:20
CLM005481,POL03444,2025-12-16,8875.18,Pending,Windshield damage,batch_001,2026-07-31T17:58:20
CLM005482,POL04684,2025-12-17,22512.72,Pending,Surgery reimbursement,batch_001,2026-07-31T17:58:20
CLM005483,POL01664,2025-12-17,2970.67,Approved,Hit and run,batch_001,2026-07-31T17:58:20
CLM005484,POL02694,2025-12-17,7788.29,Approved,Accidental death claim,batch_001,2026-07-31T17:58:20
CLM005485,POL04737,2025-12-17,15959.66,Approved,Emergency room visit,batch_001,2026-07-31T17:58:20
CLM005486,POL01022,2025-12-17,3703.82,Approved,Water damage,batch_001,2026-07-31T17:58:20
CLM005487,POL04802,2025-12-18,1824.40,Approved,Theft of vehicle,batch_001,2026-07-31T17:58:20
CLM005488,POL03984,2025-12-18,20208.10,Denied,Theft of vehicle,batch_001,2026-07-31T17:58:20
CLM005489,POL04613,2025-12-18,16038.09,Denied,Terminal illness claim,batch_001,2026-07-31T17:58:20
CLM005490,POL00057,2025-12-18,17803.06,Approved,Emergency room visit,batch_001,2026-07-31T17:58:20
CLM005491,POL03448,2025-12-18,24207.42,Denied,Terminal illness claim,batch_001,2026-07-31T17:58:20
CLM005492,POL02509,2025-12-18,7798.75,Pending,Hit and run,batch_001,2026-07-31T17:58:20
CLM005493,POL04067,2025-12-19,10082.75,Pending,Hit and run,batch_001,2026-07-31T17:58:20
CLM005494,POL04859,2025-12-19,11308.46,Denied,Vehicle collision,batch_001,2026-07-31T17:58:20
CLM005495,POL03439,2025-12-19,20423.77,Denied,Surgery reimbursement,batch_001,2026-07-31T17:58:20
CLM005496,POL03495,2025-12-19,17296.59,Approved,Theft of vehicle,batch_001,2026-07-31T17:58:20
CLM005497,POL02709,2025-12-19,922.35,Denied,Fire damage,batch_001,2026-07-31T17:58:20
CLM005498,POL02892,2025-12-19,7936.89,Approved,Burglary,batch_001,2026-07-31T17:58:20
CLM005499,POL01632,2025-12-19,1037.11,Pending,Terminal illness claim,batch_001,2026-07-31T17:58:20
CLM005500,POL02232,2025-12-19,14169.65,Pending,Emergency room visit,batch_001,2026-07-31T17:58:20
CLM005501,POL03805,2025-12-19,11090.35,Approved,Vandalism damage,batch_001,2026-07-31T17:58:20
CLM005502,POL02934,2025-12-19,3520.09,Pending,Hit and run,batch_001,2026-07-31T17:58:20
CLM005503,POL01825,2025-12-19,8095.30,Approved,Surgery reimbursement,batch_001,2026-07-31T17:58:20
CLM005504,POL04863,2025-12-20,11702.20,Approved,Windshield damage,batch_001,2026-07-31T17:58:20
CLM005505,POL03015,2025-12-20,8809.14,Approved,Accidental death claim,batch_001,2026-07-31T17:58:20
CLM005506,POL01320,2025-12-20,11620.55,Pending,Death benefit claim,batch_001,2026-07-31T17:58:20
CLM005507,POL03495,2025-12-20,7562.77,Approved,Theft of vehicle,batch_001,2026-07-31T17:58:20
CLM005508,POL05031,2025-12-20,7320.52,Pending,Vandalism damage,batch_001,2026-07-31T17:58:20
CLM005509,POL04585,2025-12-20,21028.35,Denied,Accidental death claim,batch_001,2026-07-31T17:58:20
CLM005510,POL03224,2025-12-20,8782.16,Denied,Hit and run,batch_001,2026-07-31T17:58:20
CLM005511,POL03561,2025-12-21,6275.54,Denied,Theft of vehicle,batch_001,2026-07-31T17:58:20
CLM005512,POL02394,2025-12-21,18658.69,Denied,Accidental death claim,batch_001,2026-07-31T17:58:20
CLM005513,POL02109,2025-12-21,19660.56,Denied,Accidental death claim,batch_001,2026-07-31T17:58:20
CLM005514,POL00994,2025-12-21,9948.50,Pending,Hospital stay,batch_001,2026-07-31T17:58:20
CLM005515,POL02004,2025-12-21,18849.24,Approved,Surgery reimbursement,batch_001,2026-07-31T17:58:20
CLM005516,POL02260,2025-12-21,14500.15,Denied,Windshield damage,batch_001,2026-07-31T17:58:20
CLM005517,POL04710,2025-12-21,22034.85,Denied,Roof damage from storm,batch_001,2026-07-31T17:58:20
CLM005518,POL00141,2025-12-21,13193.03,Pending,Accidental death claim,batch_001,2026-07-31T17:58:20
CLM005519,POL04599,2025-12-22,4366.30,Approved,Medical procedure,batch_001,2026-07-31T17:58:20
CLM005520,POL04861,2025-12-22,8271.88,Denied,Emergency room visit,batch_001,2026-07-31T17:58:20
CLM005521,POL04960,2025-12-22,18101.46,Pending,Fire damage,batch_001,2026-07-31T17:58:20
CLM005522,POL04716,2025-12-22,16758.30,Pending,Accidental death claim,batch_001,2026-07-31T17:58:20
CLM005523,POL04280,2025-12-22,14607.66,Denied,Vehicle collision,batch_001,2026-07-31T17:58:20
CLM005524,POL02042,2025-12-22,4026.56,Approved,Fallen tree damage,batch_001,2026-07-31T17:58:20
CLM005525,POL03650,2025-12-22,3314.31,Pending,Fire damage,batch_001,2026-07-31T17:58:20
CLM005526,POL00944,2025-12-22,21524.49,Approved,Terminal illness claim,batch_001,2026-07-31T17:58:20
CLM005527,POL02678,2025-12-23,7603.83,Pending,Terminal illness claim,batch_001,2026-07-31T17:58:20
CLM005528,POL01579,2025-12-23,7247.93,Pending,Hit and run,batch_001,2026-07-31T17:58:20
CLM005529,POL03036,2025-12-23,8483.29,Pending,Windshield damage,batch_001,2026-07-31T17:58:20
CLM005530,POL01030,2025-12-23,1028.58,Approved,Vehicle collision,batch_001,2026-07-31T17:58:20
CLM005531,POL02473,2025-12-23,7025.63,Denied,Surgery reimbursement,batch_001,2026-07-31T17:58:20
CLM005532,POL03126,2025-12-23,23229.62,Approved,Vandalism damage,batch_001,2026-07-31T17:58:20
CLM005533,POL01831,2025-12-23,14207.68,Approved,Fire damage,batch_001,2026-07-31T17:58:20
CLM005534,POL02915,2025-12-23,2755.24,Approved,Fire damage,batch_001,2026-07-31T17:58:20
CLM005535,POL03781,2025-12-24,8399.63,Denied,Theft of vehicle,batch_001,2026-07-31T17:58:20
CLM005536,POL04332,2025-12-24,17703.77,Denied,Emergency room visit,batch_001,2026-07-31T17:58:20
CLM005537,POL02710,2025-12-24,14600.52,Pending,Burglary,batch_001,2026-07-31T17:58:20
CLM005538,POL00019,2025-12-24,13928.89,Denied,Water damage,batch_001,2026-07-31T17:58:20
CLM005539,POL04700,2025-12-24,15276.15,Approved,Roof damage from storm,batch_001,2026-07-31T17:58:20
CLM005540,POL02954,2025-12-24,13858.51,Approved,Surgery reimbursement,batch_001,2026-07-31T17:58:20
CLM005541,POL02681,2025-12-25,9974.06,Approved,Water damage,batch_001,2026-07-31T17:58:20
CLM005542,POL00594,2025-12-25,5648.27,Pending,Fallen tree damage,batch_001,2026-07-31T17:58:20
CLM005543,POL03040,2025-12-25,1296.64,Approved,Roof damage from storm,batch_001,2026-07-31T17:58:20
CLM005544,POL01504,2025-12-25,4843.29,Denied,Windshield damage,batch_001,2026-07-31T17:58:20
CLM005545,POL01112,2025-12-25,933.79,Approved,Emergency room visit,batch_001,2026-07-31T17:58:20
CLM005546,POL02540,2025-12-25,11492.23,Approved,Theft of vehicle,batch_001,2026-07-31T17:58:20
CLM005547,POL03331,2025-12-25,5277.02,Approved,Medical procedure,batch_001,2026-07-31T17:58:20
CLM005548,POL02468,2025-12-25,5876.57,Denied,Vandalism damage,batch_001,2026-07-31T17:58:20
CLM005549,POL03406,2025-12-26,12660.42,Pending,Prescription claim,batch_001,2026-07-31T17:58:20
CLM005550,POL04426,2025-12-26,20796.76,Approved,Fallen tree damage,batch_001,2026-07-31T17:58:20
CLM005551,POL02571,2025-12-26,17797.81,Approved,Vandalism damage,batch_001,2026-07-31T17:58:20
CLM005552,POL02299,2025-12-26,9597.58,Pending,Water damage,batch_001,2026-07-31T17:58:20
CLM005553,POL01254,2025-12-26,22164.41,Pending,Medical procedure,batch_001,2026-07-31T17:58:20
CLM005554,POL03992,2025-12-26,11010.04,Denied,Death benefit claim,batch_001,2026-07-31T17:58:20
CLM005555,POL03816,2025-12-26,6661.05,Approved,Terminal illness claim,batch_001,2026-07-31T17:58:20
CLM005556,POL01703,2025-12-27,21052.66,Approved,Death benefit claim,batch_001,2026-07-31T17:58:20
CLM005557,POL01871,2025-12-27,13460.38,Denied,Death benefit claim,batch_001,2026-07-31T17:58:20
CLM005558,POL01339,2025-12-27,4133.48,Pending,Fallen tree damage,batch_001,2026-07-31T17:58:20
CLM005559,POL02297,2025-12-27,10610.90,Denied,Fire damage,batch_001,2026-07-31T17:58:20
CLM005560,POL03674,2025-12-27,18815.00,Pending,Death benefit claim,batch_001,2026-07-31T17:58:20
CLM005561,POL01630,2025-12-27,5105.94,Pending,Death benefit claim,batch_001,2026-07-31T17:58:20
CLM005562,POL01916,2025-12-27,332.05,Approved,Death benefit claim,batch_001,2026-07-31T17:58:20
CLM005563,POL02705,2025-12-28,10091.69,Approved,Emergency room visit,batch_001,2026-07-31T17:58:20
CLM005564,POL01675,2025-12-28,21957.59,Approved,Death benefit claim,batch_001,2026-07-31T17:58:20
CLM005565,POL01798,2025-12-28,5011.99,Denied,Prescription claim,batch_001,2026-07-31T17:58:20
CLM005566,POL03613,2025-12-28,1786.25,Pending,Death benefit claim,batch_001,2026-07-31T17:58:20
CLM005567,POL03505,2025-12-28,19604.50,Denied,Water damage,batch_001,2026-07-31T17:58:20
CLM005568,POL03585,2025-12-28,21411.98,Approved,Prescription claim,batch_001,2026-07-31T17:58:20
CLM005569,POL04995,2025-12-28,15288.03,Denied,Windshield damage,batch_001,2026-07-31T17:58:20
CLM005570,POL00465,2025-12-29,4421.66,Pending,Terminal illness claim,batch_001,2026-07-31T17:58:20
CLM005571,POL01726,2025-12-29,1495.65,Approved,Fire damage,batch_001,2026-07-31T17:58:20
CLM005572,POL04766,2025-12-29,13947.60,Denied,Hit and run,batch_001,2026-07-31T17:58:20
CLM005573,POL01398,2025-12-29,5951.20,Approved,Theft of vehicle,batch_001,2026-07-31T17:58:20
CLM005574,POL01080,2025-12-29,1262.00,Pending,Theft of vehicle,batch_001,2026-07-31T17:58:20
CLM005575,POL03756,2025-12-30,1795.72,Pending,Medical procedure,batch_001,2026-07-31T17:58:20
CLM005576,POL00745,2025-12-30,11410.05,Approved,Death benefit claim,batch_001,2026-07-31T17:58:20
CLM005577,POL01085,2025-12-30,7387.58,Denied,Death benefit claim,batch_001,2026-07-31T17:58:20
CLM005578,POL03600,2025-12-31,20376.67,Pending,Prescription claim,batch_001,2026-07-31T17:58:20
CLM005579,POL02122,2025-12-31,16547.79,Pending,Burglary,batch_001,2026-07-31T17:58:20
CLM005580,POL00833,2025-12-31,20809.26,Denied,Burglary,batch_001,2026-07-31T17:58:20
CLM005581,POL02631,2025-12-31,20638.52,Denied,Medical procedure,batch_001,2026-07-31T17:58:20
CLM005582,POL05098,2025-12-31,19687.83,Pending,Death benefit claim,batch_001,2026-07-31T17:58:20
CLM005583,POL02161,2026-01-01,1346.16,Denied,Accidental death claim,batch_001,2026-07-31T17:58:20
CLM005584,POL04437,2026-01-01,5762.01,Denied,Windshield damage,batch_001,2026-07-31T17:58:20
CLM005585,POL03844,2026-01-01,15760.17,Denied,Fallen tree damage,batch_001,2026-07-31T17:58:20
CLM005586,POL00526,2026-01-01,4578.98,Denied,Hospital stay,batch_001,2026-07-31T17:58:20
CLM005587,POL00329,2026-01-01,20086.34,Pending,Surgery reimbursement,batch_001,2026-07-31T17:58:20
CLM005588,POL03157,2026-01-01,9915.65,Pending,Theft of vehicle,batch_001,2026-07-31T17:58:20
CLM005589,POL02087,2026-01-02,22879.97,Pending,Fire damage,batch_001,2026-07-31T17:58:20
CLM005590,POL02027,2026-01-02,12188.15,Pending,Fire damage,batch_001,2026-07-31T17:58:20
CLM005591,POL03698,2026-01-02,14377.75,Approved,Death benefit claim,batch_001,2026-07-31T17:58:20
CLM005592,POL00817,2026-01-02,3336.77,Approved,Vehicle collision,batch_001,2026-07-31T17:58:20
CLM005593,POL00977,2026-01-02,13319.80,Pending,Death benefit claim,batch_001,2026-07-31T17:58:20
CLM005594,POL01931,2026-01-03,17452.54,Pending,Accidental death claim,batch_001,2026-07-31T17:58:20
CLM005595,POL03408,2026-01-03,20202.83,Pending,Fallen tree damage,batch_001,2026-07-31T17:58:20
CLM005596,POL00410,2026-01-03,16773.28,Approved,Hit and run,batch_001,2026-07-31T17:58:20
CLM005597,POL00406,2026-01-03,21587.55,Denied,Roof damage from storm,batch_001,2026-07-31T17:58:20
CLM005598,POL00296,2026-01-03,19968.65,Approved,Hospital stay,batch_001,2026-07-31T17:58:20
CLM005599,POL01238,2026-01-03,8877.79,Pending,Accidental death claim,batch_001,2026-07-31T17:58:20
CLM005600,POL05057,2026-01-03,6370.30,Denied,Fire damage,batch_001,2026-07-31T17:58:20
CLM005601,POL04901,2026-01-03,8026.65,Approved,Burglary,batch_001,2026-07-31T17:58:20
CLM005602,POL00836,2026-01-03,4399.32,Approved,Hit and run,batch_001,2026-07-31T17:58:20
CLM005603,POL03177,2026-01-04,18736.11,Approved,Fire damage,batch_001,2026-07-31T17:58:20
CLM005604,POL04568,2026-01-04,11414.65,Approved,Medical procedure,batch_001,2026-07-31T17:58:20
CLM005605,POL02955,2026-01-04,21443.16,Approved,Emergency room visit,batch_001,2026-07-31T17:58:20
CLM005606,POL00926,2026-01-04,9454.44,Denied,Surgery reimbursement,batch_001,2026-07-31T17:58:20
CLM005607,POL02136,2026-01-04,14818.45,Pending,Burglary,batch_001,2026-07-31T17:58:20
CLM005608,POL01576,2026-01-04,22728.41,Pending,Vehicle collision,batch_001,2026-07-31T17:58:20
CLM005609,POL04421,2026-01-04,20429.70,Approved,Roof damage from storm,batch_001,2026-07-31T17:58:20
CLM005610,POL02412,2026-01-04,7620.84,Approved,Roof damage from storm,batch_001,2026-07-31T17:58:20
CLM005611,POL04115,2026-01-04,21031.38,Denied,Fallen tree damage,batch_001,2026-07-31T17:58:20
CLM005612,POL04909,2026-01-04,14544.75,Denied,Medical procedure,batch_001,2026-07-31T17:58:20
CLM005613,POL02220,2026-01-04,11669.16,Approved,Water damage,batch_001,2026-07-31T17:58:20
CLM005614,POL03066,2026-01-04,15384.86,Denied,Accidental death claim,batch_001,2026-07-31T17:58:20
CLM005615,POL02862,2026-01-05,1877.15,Denied,Windshield damage,batch_001,2026-07-31T17:58:20
CLM005616,POL03672,2026-01-05,12471.20,Pending,Accidental death claim,batch_001,2026-07-31T17:58:20
CLM005617,POL01489,2026-01-05,9991.80,Pending,Fire damage,batch_001,2026-07-31T17:58:20
CLM005618,POL01311,2026-01-05,23695.95,Pending,Surgery reimbursement,batch_001,2026-07-31T17:58:20
CLM005619,POL03393,2026-01-05,5905.97,Approved,Terminal illness claim,batch_001,2026-07-31T17:58:20
CLM005620,POL04080,2026-01-05,11906.72,Approved,Death benefit claim,batch_001,2026-07-31T17:58:20
CLM005621,POL02939,2026-01-05,14224.24,Approved,Prescription claim,batch_001,2026-07-31T17:58:20
CLM005622,POL00660,2026-01-05,22156.97,Denied,Fallen tree damage,batch_001,2026-07-31T17:58:20
CLM005623,POL00686,2026-01-05,3629.82,Pending,Windshield damage,batch_001,2026-07-31T17:58:20
CLM005624,POL00228,2026-01-05,16387.58,Pending,Accidental death claim,batch_001,2026-07-31T17:58:20
CLM005625,POL01292,2026-01-05,3857.64,Denied,Water damage,batch_001,2026-07-31T17:58:20
CLM005626,POL00585,2026-01-06,8132.25,Denied,Fire damage,batch_001,2026-07-31T17:58:20
CLM005627,POL00345,2026-01-06,3875.71,Denied,Theft of vehicle,batch_001,2026-07-31T17:58:20
CLM005628,POL04765,2026-01-06,10115.36,Denied,Emergency room visit,batch_001,2026-07-31T17:58:20
CLM005629,POL03796,2026-01-06,16742.54,Approved,Hit and run,batch_001,2026-07-31T17:58:20
CLM005630,POL01412,2026-01-07,20684.04,Pending,Roof damage from storm,batch_001,2026-07-31T17:58:20
CLM005631,POL01474,2026-01-07,1164.36,Denied,Medical procedure,batch_001,2026-07-31T17:58:20
CLM005632,POL02747,2026-01-07,16614.81,Pending,Fallen tree damage,batch_001,2026-07-31T17:58:20
CLM005633,POL00222,2026-01-07,16193.05,Pending,Roof damage from storm,batch_001,2026-07-31T17:58:20
CLM005634,POL00796,2026-01-07,4943.84,Pending,Death benefit claim,batch_001,2026-07-31T17:58:20
CLM005635,POL01828,2026-01-07,16402.06,Approved,Death benefit claim,batch_001,2026-07-31T17:58:20
CLM005636,POL02234,2026-01-07,14390.03,Approved,Windshield damage,batch_001,2026-07-31T17:58:20
CLM005637,POL00527,2026-01-07,20491.16,Approved,Windshield damage,batch_001,2026-07-31T17:58:20
CLM005638,POL01244,2026-01-08,2449.59,Approved,Water damage,batch_001,2026-07-31T17:58:20
CLM005639,POL03049,2026-01-08,18754.66,Pending,Water damage,batch_001,2026-07-31T17:58:20
CLM005640,POL03052,2026-01-08,13504.33,Denied,Vandalism damage,batch_001,2026-07-31T17:58:20
CLM005641,POL03418,2026-01-09,13441.06,Denied,Theft of vehicle,batch_001,2026-07-31T17:58:20
CLM005642,POL00070,2026-01-09,2689.13,Pending,Vehicle collision,batch_001,2026-07-31T17:58:20
CLM005643,POL04349,2026-01-09,8235.24,Pending,Vandalism damage,batch_001,2026-07-31T17:58:20
CLM005644,POL00480,2026-01-09,9797.64,Denied,Emergency room visit,batch_001,2026-07-31T17:58:20
CLM005645,POL00008,2026-01-09,1160.25,Denied,Death benefit claim,batch_001,2026-07-31T17:58:20
CLM005646,POL04670,2026-01-09,23208.91,Denied,Prescription claim,batch_001,2026-07-31T17:58:20
CLM005647,POL04297,2026-01-09,12062.99,Denied,Hospital stay,batch_001,2026-07-31T17:58:20
CLM005648,POL02682,2026-01-09,19420.87,Denied,Prescription claim,batch_001,2026-07-31T17:58:20
CLM005649,POL02309,2026-01-10,23648.72,Denied,Accidental death claim,batch_001,2026-07-31T17:58:20
CLM005650,POL02547,2026-01-10,19399.26,Approved,Hospital stay,batch_001,2026-07-31T17:58:20
CLM005651,POL03567,2026-01-10,18133.09,Approved,Roof damage from storm,batch_001,2026-07-31T17:58:20
CLM005652,POL01477,2026-01-10,2883.65,Approved,Hit and run,batch_001,2026-07-31T17:58:20
CLM005653,POL01187,2026-01-10,4558.24,Approved,Emergency room visit,batch_001,2026-07-31T17:58:20
CLM005654,POL00141,2026-01-10,7710.39,Approved,Death benefit claim,batch_001,2026-07-31T17:58:20
CLM005655,POL02330,2026-01-10,4161.07,Denied,Fallen tree damage,batch_001,2026-07-31T17:58:20
CLM005656,POL01778,2026-01-10,19916.36,Approved,Terminal illness claim,batch_001,2026-07-31T17:58:20
CLM005657,POL03979,2026-01-10,23447.76,Pending,Water damage,batch_001,2026-07-31T17:58:20
CLM005658,POL00738,2026-01-10,11829.38,Pending,Prescription claim,batch_001,2026-07-31T17:58:20
CLM005659,POL01257,2026-01-10,20652.02,Denied,Accidental death claim,batch_001,2026-07-31T17:58:20
CLM005660,POL04993,2026-01-11,14892.13,Pending,Theft of vehicle,batch_001,2026-07-31T17:58:20
CLM005661,POL04714,2026-01-11,17297.30,Approved,Fire damage,batch_001,2026-07-31T17:58:20
CLM005662,POL04209,2026-01-11,17487.89,Approved,Vandalism damage,batch_001,2026-07-31T17:58:20
CLM005663,POL00164,2026-01-11,1519.63,Denied,Hit and run,batch_001,2026-07-31T17:58:20
CLM005664,POL03358,2026-01-11,621.33,Pending,Fire damage,batch_001,2026-07-31T17:58:20
CLM005665,POL00018,2026-01-11,1653.46,Denied,Fire damage,batch_001,2026-07-31T17:58:20
CLM005666,POL01322,2026-01-11,13527.11,Approved,Vandalism damage,batch_001,2026-07-31T17:58:20
CLM005667,POL03245,2026-01-11,4794.95,Approved,Death benefit claim,batch_001,2026-07-31T17:58:20
CLM005668,POL02636,2026-01-11,15832.03,Denied,Emergency room visit,batch_001,2026-07-31T17:58:20
CLM005669,POL02214,2026-01-11,6182.37,Pending,Fire damage,batch_001,2026-07-31T17:58:20
CLM005670,POL04505,2026-01-11,17773.63,Denied,Hospital stay,batch_001,2026-07-31T17:58:20
CLM005671,POL01326,2026-01-12,23130.13,Pending,Death benefit claim,batch_001,2026-07-31T17:58:20
CLM005672,POL04625,2026-01-12,19205.93,Approved,Water damage,batch_001,2026-07-31T17:58:20
CLM005673,POL03696,2026-01-12,10012.88,Pending,Prescription claim,batch_001,2026-07-31T17:58:20
CLM005674,POL01344,2026-01-12,20583.61,Denied,Death benefit claim,batch_001,2026-07-31T17:58:20
CLM005675,POL01861,2026-01-12,4515.03,Pending,Fire damage,batch_001,2026-07-31T17:58:20
CLM005676,POL04110,2026-01-13,15274.40,Denied,Accidental death claim,batch_001,2026-07-31T17:58:20
CLM005677,POL01670,2026-01-13,5440.80,Denied,Hit and run,batch_001,2026-07-31T17:58:20
CLM005678,POL00683,2026-01-13,12690.89,Pending,Vehicle collision,batch_001,2026-07-31T17:58:20
CLM005679,POL04443,2026-01-13,22834.97,Denied,Emergency room visit,batch_001,2026-07-31T17:58:20
CLM005680,POL03258,2026-01-13,11426.41,Approved,Hit and run,batch_001,2026-07-31T17:58:20
CLM005681,POL04524,2026-01-13,7687.10,Approved,Water damage,batch_001,2026-07-31T17:58:20
CLM005682,POL00610,2026-01-13,4827.81,Pending,Fallen tree damage,batch_001,2026-07-31T17:58:20
CLM005683,POL01285,2026-01-13,5108.01,Approved,Vandalism damage,batch_001,2026-07-31T17:58:20
CLM005684,POL01249,2026-01-14,2568.82,Pending,Vandalism damage,batch_001,2026-07-31T17:58:20
CLM005685,POL01834,2026-01-14,8798.26,Approved,Hit and run,batch_001,2026-07-31T17:58:20
CLM005686,POL04916,2026-01-14,18235.24,Approved,Vandalism damage,batch_001,2026-07-31T17:58:20
CLM005687,POL03907,2026-01-14,8201.63,Pending,Vehicle collision,batch_001,2026-07-31T17:58:20
CLM005688,POL03327,2026-01-14,23821.42,Denied,Hit and run,batch_001,2026-07-31T17:58:20
CLM005689,POL03160,2026-01-15,2464.80,Approved,Burglary,batch_001,2026-07-31T17:58:20
CLM005690,POL03033,2026-01-15,20655.49,Approved,Death benefit claim,batch_001,2026-07-31T17:58:20
CLM005691,POL04410,2026-01-15,13113.90,Pending,Terminal illness claim,batch_001,2026-07-31T17:58:20
CLM005692,POL02027,2026-01-15,19281.08,Pending,Fire damage,batch_001,2026-07-31T17:58:20
CLM005693,POL03827,2026-01-16,15206.80,Denied,Water damage,batch_001,2026-07-31T17:58:20
CLM005694,POL03774,2026-01-16,22963.70,Pending,Medical procedure,batch_001,2026-07-31T17:58:20
CLM005695,POL02887,2026-01-16,24251.43,Denied,Fallen tree damage,batch_001,2026-07-31T17:58:20
CLM005696,POL04369,2026-01-16,16116.96,Pending,Theft of vehicle,batch_001,2026-07-31T17:58:20
CLM005697,POL02867,2026-01-17,16552.45,Approved,Accidental death claim,batch_001,2026-07-31T17:58:20
CLM005698,POL00137,2026-01-17,24767.83,Pending,Fire damage,batch_001,2026-07-31T17:58:20
CLM005699,POL03202,2026-01-17,9484.07,Pending,Terminal illness claim,batch_001,2026-07-31T17:58:20
CLM005700,POL04374,2026-01-17,9673.36,Approved,Fallen tree damage,batch_001,2026-07-31T17:58:20
CLM005701,POL02900,2026-01-17,14411.18,Approved,Death benefit claim,batch_001,2026-07-31T17:58:20
CLM005702,POL02652,2026-01-18,11260.61,Denied,Vandalism damage,batch_001,2026-07-31T17:58:20
CLM005703,POL04156,2026-01-18,14870.10,Approved,Roof damage from storm,batch_001,2026-07-31T17:58:20
CLM005704,POL02672,2026-01-18,5665.54,Denied,Prescription claim,batch_001,2026-07-31T17:58:20
CLM005705,POL00074,2026-01-18,19123.51,Pending,Roof damage from storm,batch_001,2026-07-31T17:58:20
CLM005706,POL01119,2026-01-18,14525.36,Pending,Death benefit claim,batch_001,2026-07-31T17:58:20
CLM005707,POL03646,2026-01-19,6776.12,Denied,Death benefit claim,batch_001,2026-07-31T17:58:20
CLM005708,POL05058,2026-01-19,10358.94,Pending,Surgery reimbursement,batch_001,2026-07-31T17:58:20
CLM005709,POL00516,2026-01-19,19135.30,Pending,Hospital stay,batch_001,2026-07-31T17:58:20
CLM005710,POL03247,2026-01-20,12162.34,Pending,Medical procedure,batch_001,2026-07-31T17:58:20
CLM005711,POL04533,2026-01-20,19567.99,Denied,Theft of vehicle,batch_001,2026-07-31T17:58:20
CLM005712,POL04080,2026-01-20,6447.26,Denied,Accidental death claim,batch_001,2026-07-31T17:58:20
CLM005713,POL05062,2026-01-20,21280.14,Denied,Prescription claim,batch_001,2026-07-31T17:58:20
CLM005714,POL02260,2026-01-20,1974.17,Pending,Windshield damage,batch_001,2026-07-31T17:58:20
CLM005715,POL04983,2026-01-20,20069.37,Denied,Vehicle collision,batch_001,2026-07-31T17:58:20
CLM005716,POL03367,2026-01-21,11604.88,Denied,Terminal illness claim,batch_001,2026-07-31T17:58:20
CLM005717,POL04252,2026-01-21,23598.72,Denied,Death benefit claim,batch_001,2026-07-31T17:58:20
CLM005718,POL03266,2026-01-21,18353.60,Pending,Vandalism damage,batch_001,2026-07-31T17:58:20
CLM005719,POL00876,2026-01-21,24931.31,Denied,Accidental death claim,batch_001,2026-07-31T17:58:20
CLM005720,POL04373,2026-01-21,796.06,Denied,Surgery reimbursement,batch_001,2026-07-31T17:58:20
CLM005721,POL00081,2026-01-21,19829.15,Approved,Vandalism damage,batch_001,2026-07-31T17:58:20
CLM005722,POL03232,2026-01-21,21908.37,Denied,Death benefit claim,batch_001,2026-07-31T17:58:20
CLM005723,POL00969,2026-01-21,20908.79,Approved,Fire damage,batch_001,2026-07-31T17:58:20
CLM005724,POL03265,2026-01-21,3574.57,Denied,Water damage,batch_001,2026-07-31T17:58:20
CLM005725,POL03250,2026-01-22,10065.35,Pending,Accidental death claim,batch_001,2026-07-31T17:58:20
CLM005726,POL00502,2026-01-22,550.15,Pending,Emergency room visit,batch_001,2026-07-31T17:58:20
CLM005727,POL02217,2026-01-22,13412.57,Denied,Surgery reimbursement,batch_001,2026-07-31T17:58:20
CLM005728,POL04261,2026-01-22,2698.93,Approved,Medical procedure,batch_001,2026-07-31T17:58:20
CLM005729,POL04558,2026-01-22,21943.77,Pending,Fallen tree damage,batch_001,2026-07-31T17:58:20
CLM005730,POL01557,2026-01-22,21885.86,Approved,Surgery reimbursement,batch_001,2026-07-31T17:58:20
CLM005731,POL03953,2026-01-23,7697.52,Pending,Hospital stay,batch_001,2026-07-31T17:58:20
CLM005732,POL01942,2026-01-23,15509.47,Pending,Terminal illness claim,batch_001,2026-07-31T17:58:20
CLM005733,POL02146,2026-01-23,20851.85,Pending,Death benefit claim,batch_001,2026-07-31T17:58:20
CLM005734,POL04533,2026-01-23,8756.06,Approved,Vehicle collision,batch_001,2026-07-31T17:58:20
CLM005735,POL01224,2026-01-23,23143.81,Denied,Terminal illness claim,batch_001,2026-07-31T17:58:20
CLM005736,POL00105,2026-01-23,1276.36,Approved,Water damage,batch_001,2026-07-31T17:58:20
CLM005737,POL02826,2026-01-23,18033.08,Pending,Prescription claim,batch_001,2026-07-31T17:58:20
CLM005738,POL00835,2026-01-24,14845.13,Pending,Surgery reimbursement,batch_001,2026-07-31T17:58:20
CLM005739,POL01666,2026-01-24,530.46,Denied,Terminal illness claim,batch_001,2026-07-31T17:58:20
CLM005740,POL02399,2026-01-24,2517.58,Denied,Hospital stay,batch_001,2026-07-31T17:58:20
CLM005741,POL01570,2026-01-24,20654.15,Pending,Accidental death claim,batch_001,2026-07-31T17:58:20
CLM005742,POL02411,2026-01-24,10856.63,Pending,Vehicle collision,batch_001,2026-07-31T17:58:20
CLM005743,POL04118,2026-01-25,19053.13,Pending,Death benefit claim,batch_001,2026-07-31T17:58:20
CLM005744,POL00970,2026-01-25,13317.41,Approved,Burglary,batch_001,2026-07-31T17:58:20
CLM005745,POL00287,2026-01-25,877.63,Pending,Death benefit claim,batch_001,2026-07-31T17:58:20
CLM005746,POL03504,2026-01-25,9371.79,Pending,Vehicle collision,batch_001,2026-07-31T17:58:20
CLM005747,POL00390,2026-01-25,5850.06,Denied,Surgery reimbursement,batch_001,2026-07-31T17:58:20
CLM005748,POL02065,2026-01-25,3375.01,Pending,Death benefit claim,batch_001,2026-07-31T17:58:20
CLM005749,POL03223,2026-01-26,12150.30,Pending,Theft of vehicle,batch_001,2026-07-31T17:58:20
CLM005750,POL03457,2026-01-26,14009.79,Denied,Terminal illness claim,batch_001,2026-07-31T17:58:20
CLM005751,POL01351,2026-01-26,7592.00,Approved,Hit and run,batch_001,2026-07-31T17:58:20
CLM005752,POL01162,2026-01-26,19706.20,Approved,Medical procedure,batch_001,2026-07-31T17:58:20
CLM005753,POL02651,2026-01-26,22763.01,Pending,Accidental death claim,batch_001,2026-07-31T17:58:20
CLM005754,POL03574,2026-01-26,21818.84,Approved,Terminal illness claim,batch_001,2026-07-31T17:58:20
CLM005755,POL03486,2026-01-27,19226.15,Approved,Death benefit claim,batch_001,2026-07-31T17:58:20
CLM005756,POL01024,2026-01-27,15263.81,Denied,Fire damage,batch_001,2026-07-31T17:58:20
CLM005757,POL01766,2026-01-27,23303.57,Pending,Accidental death claim,batch_001,2026-07-31T17:58:20
CLM005758,POL02416,2026-01-27,11045.46,Approved,Roof damage from storm,batch_001,2026-07-31T17:58:20
CLM005759,POL04088,2026-01-27,7751.85,Denied,Theft of vehicle,batch_001,2026-07-31T17:58:20
CLM005760,POL04434,2026-01-27,7285.49,Denied,Roof damage from storm,batch_001,2026-07-31T17:58:20
CLM005761,POL04893,2026-01-27,5648.65,Denied,Roof damage from storm,batch_001,2026-07-31T17:58:20
CLM005762,POL01399,2026-01-27,2500.08,Approved,Fallen tree damage,batch_001,2026-07-31T17:58:20
CLM005763,POL01846,2026-01-27,7882.24,Denied,Medical procedure,batch_001,2026-07-31T17:58:20
CLM005764,POL01124,2026-01-28,7258.00,Pending,Terminal illness claim,batch_001,2026-07-31T17:58:20
CLM005765,POL01788,2026-01-28,2630.52,Pending,Vandalism damage,batch_001,2026-07-31T17:58:20
CLM005766,POL00462,2026-01-28,182.78,Approved,Terminal illness claim,batch_001,2026-07-31T17:58:20
CLM005767,POL01047,2026-01-28,16494.46,Approved,Water damage,batch_001,2026-07-31T17:58:20
CLM005768,POL03870,2026-01-28,5997.03,Pending,Fire damage,batch_001,2026-07-31T17:58:20
CLM005769,POL03796,2026-01-28,12416.87,Denied,Theft of vehicle,batch_001,2026-07-31T17:58:20
CLM005770,POL04392,2026-01-28,16099.20,Pending,Windshield damage,batch_001,2026-07-31T17:58:20
CLM005771,POL05059,2026-01-29,8727.98,Denied,Accidental death claim,batch_001,2026-07-31T17:58:20
CLM005772,POL02632,2026-01-29,13898.18,Approved,Death benefit claim,batch_001,2026-07-31T17:58:20
CLM005773,POL04788,2026-01-29,16747.98,Approved,Roof damage from storm,batch_001,2026-07-31T17:58:20
CLM005774,POL01147,2026-01-29,17848.79,Denied,Death benefit claim,batch_001,2026-07-31T17:58:20
CLM005775,POL03327,2026-01-30,2979.84,Pending,Theft of vehicle,batch_001,2026-07-31T17:58:20
CLM005776,POL04008,2026-01-30,9269.26,Approved,Burglary,batch_001,2026-07-31T17:58:20
CLM005777,POL00546,2026-01-30,1463.00,Approved,Fallen tree damage,batch_001,2026-07-31T17:58:20
CLM005778,POL00387,2026-01-30,9145.49,Pending,Medical procedure,batch_001,2026-07-31T17:58:20
CLM005779,POL02117,2026-01-30,11261.10,Denied,Roof damage from storm,batch_001,2026-07-31T17:58:20
CLM005780,POL03864,2026-01-30,5834.99,Denied,Fire damage,batch_001,2026-07-31T17:58:20
CLM005781,POL02922,2026-01-30,19332.19,Denied,Prescription claim,batch_001,2026-07-31T17:58:20
CLM005782,POL04333,2026-01-30,18321.82,Pending,Surgery reimbursement,batch_001,2026-07-31T17:58:20
CLM005783,POL00919,2026-01-30,20848.34,Denied,Medical procedure,batch_001,2026-07-31T17:58:20
CLM005784,POL02920,2026-01-31,14556.47,Pending,Vandalism damage,batch_001,2026-07-31T17:58:20
CLM005785,POL03764,2026-01-31,5066.03,Denied,Vandalism damage,batch_001,2026-07-31T17:58:20
CLM005786,POL01665,2026-01-31,1012.51,Approved,Burglary,batch_001,2026-07-31T17:58:20
CLM005787,POL04183,2026-01-31,13404.46,Approved,Death benefit claim,batch_001,2026-07-31T17:58:20
CLM005788,POL01023,2026-01-31,13293.29,Denied,Vehicle collision,batch_001,2026-07-31T17:58:20
CLM005789,POL00563,2026-01-31,17240.68,Approved,Fallen tree damage,batch_001,2026-07-31T17:58:20
CLM005790,POL04923,2026-02-01,24512.04,Denied,Medical procedure,batch_001,2026-07-31T17:58:20
CLM005791,POL04203,2026-02-01,11913.41,Pending,Windshield damage,batch_001,2026-07-31T17:58:20
CLM005792,POL04562,2026-02-01,1801.10,Approved,Burglary,batch_001,2026-07-31T17:58:20
CLM005793,POL04451,2026-02-01,11932.92,Approved,Theft of vehicle,batch_001,2026-07-31T17:58:20
CLM005794,POL04546,2026-02-01,10926.39,Denied,Accidental death claim,batch_001,2026-07-31T17:58:20
CLM005795,POL00513,2026-02-01,7905.18,Approved,Prescription claim,batch_001,2026-07-31T17:58:20
CLM005796,POL02505,2026-02-02,10273.98,Pending,Fire damage,batch_001,2026-07-31T17:58:20
CLM005797,POL02683,2026-02-02,18250.57,Denied,Hospital stay,batch_001,2026-07-31T17:58:20
CLM005798,POL00410,2026-02-02,2628.03,Pending,Vehicle collision,batch_001,2026-07-31T17:58:20
CLM005799,POL02919,2026-02-02,10678.91,Denied,Death benefit claim,batch_001,2026-07-31T17:58:20
CLM005800,POL02397,2026-02-02,7052.49,Denied,Hit and run,batch_001,2026-07-31T17:58:20
CLM005801,POL00718,2026-02-02,18406.99,Denied,Hit and run,batch_001,2026-07-31T17:58:20
CLM005802,POL01332,2026-02-02,14853.00,Denied,Accidental death claim,batch_001,2026-07-31T17:58:20
CLM005803,POL00535,2026-02-03,24674.73,Approved,Emergency room visit,batch_001,2026-07-31T17:58:20
CLM005804,POL03245,2026-02-03,3500.14,Pending,Accidental death claim,batch_001,2026-07-31T17:58:20
CLM005805,POL02105,2026-02-04,22227.60,Pending,Terminal illness claim,batch_001,2026-07-31T17:58:20
CLM005806,POL02147,2026-02-04,24294.55,Denied,Medical procedure,batch_001,2026-07-31T17:58:20
CLM005807,POL04994,2026-02-04,14729.79,Pending,Death benefit claim,batch_001,2026-07-31T17:58:20
CLM005808,POL00303,2026-02-04,2892.92,Pending,Hospital stay,batch_001,2026-07-31T17:58:20
CLM005809,POL04540,2026-02-04,8573.08,Approved,Hospital stay,batch_001,2026-07-31T17:58:20
CLM005810,POL00139,2026-02-04,13329.16,Approved,Roof damage from storm,batch_001,2026-07-31T17:58:20
CLM005811,POL01342,2026-02-04,2470.47,Approved,Hospital stay,batch_001,2026-07-31T17:58:20
CLM005812,POL04870,2026-02-04,10299.01,Pending,Theft of vehicle,batch_001,2026-07-31T17:58:20
CLM005813,POL02356,2026-02-05,4338.01,Denied,Burglary,batch_001,2026-07-31T17:58:20
CLM005814,POL02269,2026-02-05,18429.45,Pending,Accidental death claim,batch_001,2026-07-31T17:58:20
CLM005815,POL02438,2026-02-05,15519.40,Pending,Vandalism damage,batch_001,2026-07-31T17:58:20
CLM005816,POL03751,2026-02-06,14612.69,Denied,Windshield damage,batch_001,2026-07-31T17:58:20
CLM005817,POL04597,2026-02-07,22779.88,Denied,Hit and run,batch_001,2026-07-31T17:58:20
CLM005818,POL02692,2026-02-07,15914.23,Pending,Roof damage from storm,batch_001,2026-07-31T17:58:20
CLM005819,POL04260,2026-02-07,3247.82,Pending,Water damage,batch_001,2026-07-31T17:58:20
CLM005820,POL04853,2026-02-07,1378.42,Approved,Water damage,batch_001,2026-07-31T17:58:20
CLM005821,POL03614,2026-02-07,18655.29,Denied,Accidental death claim,batch_001,2026-07-31T17:58:20
CLM005822,POL04414,2026-02-07,15269.15,Pending,Accidental death claim,batch_001,2026-07-31T17:58:20
CLM005823,POL00607,2026-02-07,20518.04,Denied,Hospital stay,batch_001,2026-07-31T17:58:20
CLM005824,POL04428,2026-02-07,4769.53,Pending,Terminal illness claim,batch_001,2026-07-31T17:58:20
CLM005825,POL00672,2026-02-07,11606.84,Denied,Vandalism damage,batch_001,2026-07-31T17:58:20
CLM005826,POL04335,2026-02-07,7551.29,Denied,Theft of vehicle,batch_001,2026-07-31T17:58:20
CLM005827,POL00811,2026-02-07,19768.70,Approved,Prescription claim,batch_001,2026-07-31T17:58:20
CLM005828,POL04067,2026-02-07,19037.68,Approved,Vandalism damage,batch_001,2026-07-31T17:58:20
CLM005829,POL03205,2026-02-07,24552.86,Approved,Medical procedure,batch_001,2026-07-31T17:58:20
CLM005830,POL01493,2026-02-07,18180.37,Pending,Death benefit claim,batch_001,2026-07-31T17:58:20
CLM005831,POL01720,2026-02-07,13251.26,Denied,Prescription claim,batch_001,2026-07-31T17:58:20
CLM005832,POL04394,2026-02-08,2940.52,Approved,Fallen tree damage,batch_001,2026-07-31T17:58:20
CLM005833,POL02014,2026-02-08,15282.89,Denied,Accidental death claim,batch_001,2026-07-31T17:58:20
CLM005834,POL00654,2026-02-09,6950.05,Denied,Vandalism damage,batch_001,2026-07-31T17:58:20
CLM005835,POL00094,2026-02-09,22198.95,Approved,Fallen tree damage,batch_001,2026-07-31T17:58:20
CLM005836,POL04693,2026-02-09,15793.85,Approved,Vehicle collision,batch_001,2026-07-31T17:58:20
CLM005837,POL03648,2026-02-09,11753.46,Approved,Theft of vehicle,batch_001,2026-07-31T17:58:20
CLM005838,POL02586,2026-02-09,3780.39,Denied,Burglary,batch_001,2026-07-31T17:58:20
CLM005839,POL04794,2026-02-09,5272.37,Denied,Death benefit claim,batch_001,2026-07-31T17:58:20
CLM005840,POL02565,2026-02-10,18638.39,Pending,Death benefit claim,batch_001,2026-07-31T17:58:20
CLM005841,POL03807,2026-02-10,24033.50,Approved,Theft of vehicle,batch_001,2026-07-31T17:58:20
CLM005842,POL01599,2026-02-10,3250.76,Denied,Death benefit claim,batch_001,2026-07-31T17:58:20
CLM005843,POL00996,2026-02-10,3134.33,Approved,Hospital stay,batch_001,2026-07-31T17:58:20
CLM005844,POL00654,2026-02-10,359.84,Pending,Windshield damage,batch_001,2026-07-31T17:58:20
CLM005845,POL04699,2026-02-10,24620.50,Denied,Windshield damage,batch_001,2026-07-31T17:58:20
CLM005846,POL02582,2026-02-11,8804.09,Approved,Burglary,batch_001,2026-07-31T17:58:20
CLM005847,POL00347,2026-02-11,14391.80,Pending,Accidental death claim,batch_001,2026-07-31T17:58:20
CLM005848,POL02688,2026-02-11,20676.16,Approved,Vandalism damage,batch_001,2026-07-31T17:58:20
CLM005849,POL01008,2026-02-11,1163.64,Denied,Vehicle collision,batch_001,2026-07-31T17:58:20
CLM005850,POL01112,2026-02-11,7553.49,Pending,Prescription claim,batch_001,2026-07-31T17:58:20
CLM005851,POL01693,2026-02-11,10071.48,Denied,Hospital stay,batch_001,2026-07-31T17:58:20
CLM005852,POL04065,2026-02-11,5220.48,Denied,Fire damage,batch_001,2026-07-31T17:58:20
CLM005853,POL03604,2026-02-11,2063.76,Pending,Terminal illness claim,batch_001,2026-07-31T17:58:20
CLM005854,POL04176,2026-02-11,18043.55,Denied,Vandalism damage,batch_001,2026-07-31T17:58:20
CLM005855,POL02010,2026-02-11,5303.75,Approved,Fallen tree damage,batch_001,2026-07-31T17:58:20
CLM005856,POL00495,2026-02-11,17637.43,Pending,Terminal illness claim,batch_001,2026-07-31T17:58:20
CLM005857,POL04461,2026-02-12,8111.75,Denied,Water damage,batch_001,2026-07-31T17:58:20
CLM005858,POL03005,2026-02-12,15858.44,Denied,Terminal illness claim,batch_001,2026-07-31T17:58:20
CLM005859,POL02018,2026-02-12,2240.11,Denied,Burglary,batch_001,2026-07-31T17:58:20
CLM005860,POL03077,2026-02-12,6061.28,Denied,Hospital stay,batch_001,2026-07-31T17:58:20
CLM005861,POL01524,2026-02-12,8991.00,Approved,Death benefit claim,batch_001,2026-07-31T17:58:20
CLM005862,POL03112,2026-02-12,7325.42,Denied,Accidental death claim,batch_001,2026-07-31T17:58:20
CLM005863,POL05026,2026-02-12,1160.42,Approved,Vandalism damage,batch_001,2026-07-31T17:58:20
CLM005864,POL01966,2026-02-12,11841.27,Approved,Terminal illness claim,batch_001,2026-07-31T17:58:20
CLM005865,POL00231,2026-02-12,21395.98,Pending,Vandalism damage,batch_001,2026-07-31T17:58:20
CLM005866,POL03456,2026-02-12,24919.53,Pending,Terminal illness claim,batch_001,2026-07-31T17:58:20
CLM005867,POL03358,2026-02-12,216.68,Approved,Roof damage from storm,batch_001,2026-07-31T17:58:20
CLM005868,POL01451,2026-02-12,13078.88,Denied,Terminal illness claim,batch_001,2026-07-31T17:58:20
CLM005869,POL02101,2026-02-13,1810.33,Pending,Accidental death claim,batch_001,2026-07-31T17:58:20
CLM005870,POL03377,2026-02-13,2005.93,Approved,Vandalism damage,batch_001,2026-07-31T17:58:20
CLM005871,POL03784,2026-02-13,23976.60,Denied,Windshield damage,batch_001,2026-07-31T17:58:20
CLM005872,POL02743,2026-02-13,13431.79,Pending,Theft of vehicle,batch_001,2026-07-31T17:58:20
CLM005873,POL03356,2026-02-13,20723.06,Approved,Terminal illness claim,batch_001,2026-07-31T17:58:20
CLM005874,POL01020,2026-02-13,1033.09,Pending,Vandalism damage,batch_001,2026-07-31T17:58:20
CLM005875,POL04480,2026-02-13,130.44,Denied,Emergency room visit,batch_001,2026-07-31T17:58:20
CLM005876,POL00068,2026-02-13,6675.06,Denied,Burglary,batch_001,2026-07-31T17:58:20
CLM005877,POL01709,2026-02-14,10613.29,Pending,Death benefit claim,batch_001,2026-07-31T17:58:20
CLM005878,POL02157,2026-02-14,15880.62,Pending,Surgery reimbursement,batch_001,2026-07-31T17:58:20
CLM005879,POL03714,2026-02-14,2989.88,Pending,Windshield damage,batch_001,2026-07-31T17:58:20
CLM005880,POL04850,2026-02-15,7993.01,Approved,Vehicle collision,batch_001,2026-07-31T17:58:20
CLM005881,POL04714,2026-02-15,10352.86,Approved,Burglary,batch_001,2026-07-31T17:58:20
CLM005882,POL04058,2026-02-16,10113.09,Pending,Vandalism damage,batch_001,2026-07-31T17:58:20
CLM005883,POL00030,2026-02-16,14284.73,Approved,Hospital stay,batch_001,2026-07-31T17:58:20
CLM005884,POL04396,2026-02-16,19111.93,Denied,Fallen tree damage,batch_001,2026-07-31T17:58:20
CLM005885,POL04171,2026-02-16,11413.18,Denied,Terminal illness claim,batch_001,2026-07-31T17:58:20
CLM005886,POL02873,2026-02-16,2885.96,Pending,Death benefit claim,batch_001,2026-07-31T17:58:20
CLM005887,POL02693,2026-02-16,13487.18,Denied,Fire damage,batch_001,2026-07-31T17:58:20
CLM005888,POL04022,2026-02-16,3169.82,Denied,Windshield damage,batch_001,2026-07-31T17:58:20
CLM005889,POL00175,2026-02-17,16080.91,Denied,Accidental death claim,batch_001,2026-07-31T17:58:20
CLM005890,POL04588,2026-02-17,24629.47,Approved,Hit and run,batch_001,2026-07-31T17:58:20
CLM005891,POL02220,2026-02-17,19413.93,Approved,Fire damage,batch_001,2026-07-31T17:58:20
CLM005892,POL02500,2026-02-17,23683.06,Pending,Vandalism damage,batch_001,2026-07-31T17:58:20
CLM005893,POL04283,2026-02-17,22538.53,Pending,Terminal illness claim,batch_001,2026-07-31T17:58:20
CLM005894,POL01684,2026-02-17,13754.58,Denied,Roof damage from storm,batch_001,2026-07-31T17:58:20
CLM005895,POL04195,2026-02-17,5638.87,Approved,Windshield damage,batch_001,2026-07-31T17:58:20
CLM005896,POL03316,2026-02-18,7170.72,Denied,Burglary,batch_001,2026-07-31T17:58:20
CLM005897,POL00115,2026-02-18,20752.06,Approved,Death benefit claim,batch_001,2026-07-31T17:58:20
CLM005898,POL00070,2026-02-18,15165.57,Pending,Vehicle collision,batch_001,2026-07-31T17:58:20
CLM005899,POL02860,2026-02-19,4905.73,Pending,Terminal illness claim,batch_001,2026-07-31T17:58:20
CLM005900,POL00190,2026-02-20,4738.61,Approved,Hit and run,batch_001,2026-07-31T17:58:20
CLM005901,POL01092,2026-02-20,8782.15,Approved,Water damage,batch_001,2026-07-31T17:58:20
CLM005902,POL02147,2026-02-20,1788.72,Approved,Emergency room visit,batch_001,2026-07-31T17:58:20
CLM005903,POL00697,2026-02-20,15319.21,Pending,Surgery reimbursement,batch_001,2026-07-31T17:58:20
CLM005904,POL03689,2026-02-20,11599.45,Approved,Roof damage from storm,batch_001,2026-07-31T17:58:20
CLM005905,POL02290,2026-02-20,1750.49,Approved,Hit and run,batch_001,2026-07-31T17:58:20
CLM005906,POL04847,2026-02-20,20987.75,Denied,Medical procedure,batch_001,2026-07-31T17:58:20
CLM005907,POL04629,2026-02-20,5455.78,Denied,Theft of vehicle,batch_001,2026-07-31T17:58:20
CLM005908,POL01968,2026-02-21,21020.70,Pending,Death benefit claim,batch_001,2026-07-31T17:58:20
CLM005909,POL00488,2026-02-21,15572.47,Pending,Vandalism damage,batch_001,2026-07-31T17:58:20
CLM005910,POL02536,2026-02-21,2559.89,Pending,Death benefit claim,batch_001,2026-07-31T17:58:20
CLM005911,POL01182,2026-02-21,18791.26,Pending,Burglary,batch_001,2026-07-31T17:58:20
CLM005912,POL00231,2026-02-22,14725.80,Pending,Vandalism damage,batch_001,2026-07-31T17:58:20
CLM005913,POL03889,2026-02-22,3860.48,Denied,Terminal illness claim,batch_001,2026-07-31T17:58:20
CLM005914,POL04705,2026-02-22,10231.16,Approved,Death benefit claim,batch_001,2026-07-31T17:58:20
CLM005915,POL03058,2026-02-22,2045.40,Denied,Roof damage from storm,batch_001,2026-07-31T17:58:20
CLM005916,POL01181,2026-02-22,4719.50,Approved,Theft of vehicle,batch_001,2026-07-31T17:58:20
CLM005917,POL01753,2026-02-22,4392.54,Approved,Medical procedure,batch_001,2026-07-31T17:58:20
CLM005918,POL04372,2026-02-22,20728.09,Approved,Death benefit claim,batch_001,2026-07-31T17:58:20
CLM005919,POL01577,2026-02-23,7706.42,Pending,Burglary,batch_001,2026-07-31T17:58:20
CLM005920,POL00813,2026-02-23,17219.80,Approved,Death benefit claim,batch_001,2026-07-31T17:58:20
CLM005921,POL03891,2026-02-23,398.78,Pending,Burglary,batch_001,2026-07-31T17:58:20
CLM005922,POL03676,2026-02-24,17392.02,Approved,Vehicle collision,batch_001,2026-07-31T17:58:20
CLM005923,POL01241,2026-02-24,19498.00,Approved,Vandalism damage,batch_001,2026-07-31T17:58:20
CLM005924,POL02747,2026-02-24,19507.88,Approved,Burglary,batch_001,2026-07-31T17:58:20
CLM005925,POL03393,2026-02-24,18063.90,Approved,Accidental death claim,batch_001,2026-07-31T17:58:20
CLM005926,POL02953,2026-02-24,4995.19,Pending,Vandalism damage,batch_001,2026-07-31T17:58:20
CLM005927,POL00256,2026-02-24,348.41,Denied,Prescription claim,batch_001,2026-07-31T17:58:20
CLM005928,POL04956,2026-02-24,7893.41,Approved,Water damage,batch_001,2026-07-31T17:58:20
CLM005929,POL04055,2026-02-25,6160.54,Denied,Hospital stay,batch_001,2026-07-31T17:58:20
CLM005930,POL00101,2026-02-25,747.32,Denied,Death benefit claim,batch_001,2026-07-31T17:58:20
CLM005931,POL05041,2026-02-25,11590.83,Approved,Death benefit claim,batch_001,2026-07-31T17:58:20
CLM005932,POL03699,2026-02-25,4374.46,Approved,Death benefit claim,batch_001,2026-07-31T17:58:20
CLM005933,POL01673,2026-02-25,13559.34,Denied,Hospital stay,batch_001,2026-07-31T17:58:20
CLM005934,POL00338,2026-02-25,18606.79,Denied,Medical procedure,batch_001,2026-07-31T17:58:20
CLM005935,POL03194,2026-02-25,12440.80,Approved,Vehicle collision,batch_001,2026-07-31T17:58:20
CLM005936,POL00205,2026-02-25,20126.20,Denied,Surgery reimbursement,batch_001,2026-07-31T17:58:20
CLM005937,POL02289,2026-02-25,18612.69,Approved,Burglary,batch_001,2026-07-31T17:58:20
CLM005938,POL00909,2026-02-25,14280.04,Pending,Vehicle collision,batch_001,2026-07-31T17:58:20
CLM005939,POL03883,2026-02-26,20872.44,Denied,Roof damage from storm,batch_001,2026-07-31T17:58:20
CLM005940,POL02510,2026-02-26,6197.47,Approved,Fire damage,batch_001,2026-07-31T17:58:20
CLM005941,POL01848,2026-02-26,19013.45,Denied,Windshield damage,batch_001,2026-07-31T17:58:20
CLM005942,POL01505,2026-02-26,9077.59,Approved,Accidental death claim,batch_001,2026-07-31T17:58:20
CLM005943,POL03255,2026-02-26,483.38,Denied,Death benefit claim,batch_001,2026-07-31T17:58:20
CLM005944,POL01759,2026-02-26,22793.10,Denied,Water damage,batch_001,2026-07-31T17:58:20
CLM005945,POL01163,2026-02-26,23863.31,Pending,Accidental death claim,batch_001,2026-07-31T17:58:20
CLM005946,POL00140,2026-02-27,14625.19,Denied,Prescription claim,batch_001,2026-07-31T17:58:20
CLM005947,POL03887,2026-02-27,22094.22,Denied,Accidental death claim,batch_001,2026-07-31T17:58:20
CLM005948,POL00186,2026-02-27,5285.28,Approved,Terminal illness claim,batch_001,2026-07-31T17:58:20
CLM005949,POL02893,2026-02-27,7963.58,Approved,Fire damage,batch_001,2026-07-31T17:58:20
CLM005950,POL03853,2026-02-27,10283.48,Pending,Burglary,batch_001,2026-07-31T17:58:20
CLM005951,POL04938,2026-02-27,20476.70,Pending,Accidental death claim,batch_001,2026-07-31T17:58:20
CLM005952,POL00198,2026-02-27,24265.73,Pending,Windshield damage,batch_001,2026-07-31T17:58:20
CLM005953,POL02215,2026-02-27,23705.66,Pending,Terminal illness claim,batch_001,2026-07-31T17:58:20
CLM005954,POL04787,2026-02-28,13547.24,Approved,Hit and run,batch_001,2026-07-31T17:58:20
CLM005955,POL00304,2026-02-28,3372.19,Approved,Fallen tree damage,batch_001,2026-07-31T17:58:20
CLM005956,POL00905,2026-02-28,8059.76,Pending,Vandalism damage,batch_001,2026-07-31T17:58:20
CLM005957,POL00745,2026-02-28,4351.17,Denied,Accidental death claim,batch_001,2026-07-31T17:58:20
CLM005958,POL03315,2026-02-28,24834.86,Pending,Terminal illness claim,batch_001,2026-07-31T17:58:20
CLM005959,POL04970,2026-02-28,20078.11,Denied,Theft of vehicle,batch_001,2026-07-31T17:58:20
CLM005960,POL03924,2026-03-01,13944.46,Pending,Hit and run,batch_001,2026-07-31T17:58:20
CLM005961,POL01040,2026-03-01,5425.96,Denied,Vehicle collision,batch_001,2026-07-31T17:58:20
CLM005962,POL00080,2026-03-02,12554.98,Denied,Surgery reimbursement,batch_001,2026-07-31T17:58:20
CLM005963,POL03738,2026-03-02,6544.57,Pending,Emergency room visit,batch_001,2026-07-31T17:58:20
CLM005964,POL03591,2026-03-02,20539.52,Pending,Water damage,batch_001,2026-07-31T17:58:20
CLM005965,POL04625,2026-03-02,2827.43,Approved,Burglary,batch_001,2026-07-31T17:58:20
CLM005966,POL02389,2026-03-02,15530.81,Pending,Death benefit claim,batch_001,2026-07-31T17:58:20
CLM005967,POL00703,2026-03-02,10985.86,Approved,Water damage,batch_001,2026-07-31T17:58:20
CLM005968,POL03307,2026-03-02,14324.89,Pending,Vandalism damage,batch_001,2026-07-31T17:58:20
CLM005969,POL01652,2026-03-03,9886.65,Pending,Fire damage,batch_001,2026-07-31T17:58:20
CLM005970,POL01617,2026-03-03,19657.03,Approved,Terminal illness claim,batch_001,2026-07-31T17:58:20
CLM005971,POL04427,2026-03-03,6798.49,Denied,Terminal illness claim,batch_001,2026-07-31T17:58:20
CLM005972,POL03679,2026-03-03,23619.27,Approved,Vandalism damage,batch_001,2026-07-31T17:58:20
CLM005973,POL01293,2026-03-03,3019.98,Pending,Accidental death claim,batch_001,2026-07-31T17:58:20
CLM005974,POL03361,2026-03-03,8032.17,Denied,Death benefit claim,batch_001,2026-07-31T17:58:20
CLM005975,POL01213,2026-03-03,17888.96,Approved,Death benefit claim,batch_001,2026-07-31T17:58:20
CLM005976,POL00541,2026-03-03,24946.99,Approved,Accidental death claim,batch_001,2026-07-31T17:58:20
CLM005977,POL04028,2026-03-04,17189.35,Pending,Fire damage,batch_001,2026-07-31T17:58:20
CLM005978,POL00120,2026-03-04,9046.06,Denied,Water damage,batch_001,2026-07-31T17:58:20
CLM005979,POL01706,2026-03-04,19057.93,Approved,Death benefit claim,batch_001,2026-07-31T17:58:20
CLM005980,POL00169,2026-03-04,552.53,Pending,Hit and run,batch_001,2026-07-31T17:58:20
CLM005981,POL02038,2026-03-05,19852.66,Pending,Prescription claim,batch_001,2026-07-31T17:58:20
CLM005982,POL03715,2026-03-05,6057.89,Approved,Accidental death claim,batch_001,2026-07-31T17:58:20
CLM005983,POL00040,2026-03-05,183.63,Pending,Accidental death claim,batch_001,2026-07-31T17:58:20
CLM005984,POL04655,2026-03-05,24981.88,Approved,Terminal illness claim,batch_001,2026-07-31T17:58:20
CLM005985,POL00976,2026-03-05,10214.23,Approved,Water damage,batch_001,2026-07-31T17:58:20
CLM005986,POL04749,2026-03-06,23878.13,Approved,Burglary,batch_001,2026-07-31T17:58:20
CLM005987,POL04651,2026-03-06,18848.92,Pending,Fire damage,batch_001,2026-07-31T17:58:20
CLM005988,POL01926,2026-03-06,3557.71,Denied,Death benefit claim,batch_001,2026-07-31T17:58:20
CLM005989,POL03742,2026-03-06,18579.90,Pending,Fallen tree damage,batch_001,2026-07-31T17:58:20
CLM005990,POL04729,2026-03-06,18196.22,Pending,Hospital stay,batch_001,2026-07-31T17:58:20
CLM005991,POL00367,2026-03-06,9766.29,Pending,Theft of vehicle,batch_001,2026-07-31T17:58:20
CLM005992,POL02460,2026-03-06,13628.83,Approved,Fallen tree damage,batch_001,2026-07-31T17:58:20
CLM005993,POL03484,2026-03-06,12052.72,Denied,Hit and run,batch_001,2026-07-31T17:58:20
CLM005994,POL02007,2026-03-06,1111.70,Approved,Fallen tree damage,batch_001,2026-07-31T17:58:20
CLM005995,POL04830,2026-03-07,12924.74,Pending,Emergency room visit,batch_001,2026-07-31T17:58:20
CLM005996,POL02041,2026-03-07,10920.59,Approved,Windshield damage,batch_001,2026-07-31T17:58:20
CLM005997,POL03651,2026-03-07,2153.80,Approved,Fallen tree damage,batch_001,2026-07-31T17:58:20
CLM005998,POL00698,2026-03-07,8026.69,Pending,Accidental death claim,batch_001,2026-07-31T17:58:20
CLM005999,POL04549,2026-03-07,16179.47,Pending,Terminal illness claim,batch_001,2026-07-31T17:58:20
CLM006000,POL02702,2026-03-07,12581.09,Pending,Roof damage from storm,batch_001,2026-07-31T17:58:20
CLM006001,POL01230,2026-03-08,24322.18,Approved,Surgery reimbursement,batch_001,2026-07-31T17:58:20
CLM006002,POL00099,2026-03-08,1803.50,Approved,Terminal illness claim,batch_001,2026-07-31T17:58:20
CLM006003,POL01960,2026-03-08,7015.58,Denied,Death benefit claim,batch_001,2026-07-31T17:58:20
CLM006004,POL03658,2026-03-08,8109.13,Pending,Hospital stay,batch_001,2026-07-31T17:58:20
CLM006005,POL04893,2026-03-08,6334.53,Pending,Roof damage from storm,batch_001,2026-07-31T17:58:20
CLM006006,POL03314,2026-03-08,10855.37,Approved,Medical procedure,batch_001,2026-07-31T17:58:20
CLM006007,POL00783,2026-03-08,1558.15,Approved,Surgery reimbursement,batch_001,2026-07-31T17:58:20
CLM006008,POL00132,2026-03-09,20271.82,Pending,Fallen tree damage,batch_001,2026-07-31T17:58:20
CLM006009,POL00751,2026-03-09,17249.09,Approved,Fire damage,batch_001,2026-07-31T17:58:20
CLM006010,POL01823,2026-03-09,12882.14,Pending,Terminal illness claim,batch_001,2026-07-31T17:58:20
CLM006011,POL00010,2026-03-09,3817.37,Denied,Fire damage,batch_001,2026-07-31T17:58:20
CLM006012,POL00276,2026-03-09,13318.87,Pending,Vehicle collision,batch_001,2026-07-31T17:58:20
CLM006013,POL04071,2026-03-09,6625.79,Denied,Fire damage,batch_001,2026-07-31T17:58:20
CLM006014,POL03831,2026-03-10,5762.30,Denied,Accidental death claim,batch_001,2026-07-31T17:58:20
CLM006015,POL01579,2026-03-10,10348.49,Approved,Windshield damage,batch_001,2026-07-31T17:58:20
CLM006016,POL02822,2026-03-10,24894.07,Approved,Death benefit claim,batch_001,2026-07-31T17:58:20
CLM006017,POL02414,2026-03-10,2271.03,Pending,Water damage,batch_001,2026-07-31T17:58:20
CLM006018,POL04588,2026-03-10,23765.40,Pending,Theft of vehicle,batch_001,2026-07-31T17:58:20
CLM006019,POL00879,2026-03-10,13768.91,Pending,Hit and run,batch_001,2026-07-31T17:58:20
CLM006020,POL00569,2026-03-10,15745.71,Pending,Terminal illness claim,batch_001,2026-07-31T17:58:20
CLM006021,POL02835,2026-03-10,14155.07,Denied,Burglary,batch_001,2026-07-31T17:58:20
CLM006022,POL00938,2026-03-10,22095.90,Approved,Burglary,batch_001,2026-07-31T17:58:20
CLM006023,POL04929,2026-03-10,4405.04,Approved,Terminal illness claim,batch_001,2026-07-31T17:58:20
CLM006024,POL03494,2026-03-10,10269.12,Approved,Vehicle collision,batch_001,2026-07-31T17:58:20
CLM006025,POL01047,2026-03-10,14082.78,Pending,Fire damage,batch_001,2026-07-31T17:58:20
CLM006026,POL03755,2026-03-11,2257.98,Approved,Accidental death claim,batch_001,2026-07-31T17:58:20
CLM006027,POL01440,2026-03-11,5092.55,Approved,Vandalism damage,batch_001,2026-07-31T17:58:20
CLM006028,POL03500,2026-03-11,1809.23,Approved,Fire damage,batch_001,2026-07-31T17:58:20
CLM006029,POL00241,2026-03-11,16406.11,Denied,Accidental death claim,batch_001,2026-07-31T17:58:20
CLM006030,POL03066,2026-03-11,387.06,Pending,Terminal illness claim,batch_001,2026-07-31T17:58:20
CLM006031,POL03566,2026-03-11,18810.61,Approved,Accidental death claim,batch_001,2026-07-31T17:58:20
CLM006032,POL02119,2026-03-12,7870.21,Pending,Death benefit claim,batch_001,2026-07-31T17:58:20
CLM006033,POL02503,2026-03-12,16411.78,Approved,Terminal illness claim,batch_001,2026-07-31T17:58:20
CLM006034,POL03433,2026-03-12,24690.64,Pending,Terminal illness claim,batch_001,2026-07-31T17:58:20
CLM006035,POL03137,2026-03-12,20647.91,Approved,Water damage,batch_001,2026-07-31T17:58:20
CLM006036,POL05096,2026-03-12,2294.00,Approved,Medical procedure,batch_001,2026-07-31T17:58:20
CLM006037,POL02998,2026-03-12,12530.59,Pending,Windshield damage,batch_001,2026-07-31T17:58:20
CLM006038,POL02533,2026-03-12,12346.27,Approved,Surgery reimbursement,batch_001,2026-07-31T17:58:20
CLM006039,POL01925,2026-03-12,8808.09,Denied,Water damage,batch_001,2026-07-31T17:58:20
CLM006040,POL04024,2026-03-13,24979.41,Pending,Windshield damage,batch_001,2026-07-31T17:58:20
CLM006041,POL01337,2026-03-13,23511.01,Approved,Fire damage,batch_001,2026-07-31T17:58:20
CLM006042,POL03759,2026-03-13,16737.64,Approved,Terminal illness claim,batch_001,2026-07-31T17:58:20
CLM006043,POL03712,2026-03-13,24672.95,Pending,Prescription claim,batch_001,2026-07-31T17:58:20
CLM006044,POL03427,2026-03-13,17619.45,Denied,Roof damage from storm,batch_001,2026-07-31T17:58:20
CLM006045,POL03279,2026-03-13,23822.32,Approved,Theft of vehicle,batch_001,2026-07-31T17:58:20
CLM006046,POL00628,2026-03-13,23914.18,Pending,Prescription claim,batch_001,2026-07-31T17:58:20
CLM006047,POL03349,2026-03-14,21322.30,Denied,Vandalism damage,batch_001,2026-07-31T17:58:20
CLM006048,POL02209,2026-03-14,19773.66,Denied,Terminal illness claim,batch_001,2026-07-31T17:58:20
CLM006049,POL03827,2026-03-14,20763.75,Pending,Fire damage,batch_001,2026-07-31T17:58:20
CLM006050,POL04737,2026-03-14,1596.23,Approved,Surgery reimbursement,batch_001,2026-07-31T17:58:20
CLM006051,POL00124,2026-03-14,1008.84,Approved,Accidental death claim,batch_001,2026-07-31T17:58:20
CLM006052,POL02485,2026-03-14,12564.90,Denied,Roof damage from storm,batch_001,2026-07-31T17:58:20
CLM006053,POL01193,2026-03-14,3226.30,Denied,Roof damage from storm,batch_001,2026-07-31T17:58:20
CLM006054,POL01717,2026-03-14,7759.23,Denied,Burglary,batch_001,2026-07-31T17:58:20
CLM006055,POL03100,2026-03-15,13737.33,Approved,Fire damage,batch_001,2026-07-31T17:58:20
CLM006056,POL00712,2026-03-15,8473.33,Pending,Terminal illness claim,batch_001,2026-07-31T17:58:20
CLM006057,POL02071,2026-03-15,15154.57,Denied,Death benefit claim,batch_001,2026-07-31T17:58:20
CLM006058,POL02924,2026-03-15,6493.77,Approved,Water damage,batch_001,2026-07-31T17:58:20
CLM006059,POL03275,2026-03-15,16532.13,Denied,Terminal illness claim,batch_001,2026-07-31T17:58:20
CLM006060,POL00721,2026-03-16,19183.73,Approved,Hospital stay,batch_001,2026-07-31T17:58:20
CLM006061,POL04040,2026-03-16,19375.34,Pending,Accidental death claim,batch_001,2026-07-31T17:58:20
CLM006062,POL00658,2026-03-16,13326.79,Denied,Emergency room visit,batch_001,2026-07-31T17:58:20
CLM006063,POL00021,2026-03-16,21443.65,Denied,Death benefit claim,batch_001,2026-07-31T17:58:20
CLM006064,POL02513,2026-03-16,5711.15,Pending,Fallen tree damage,batch_001,2026-07-31T17:58:20
CLM006065,POL02356,2026-03-16,12561.03,Pending,Fire damage,batch_001,2026-07-31T17:58:20
CLM006066,POL00531,2026-03-16,13253.05,Denied,Accidental death claim,batch_001,2026-07-31T17:58:20
CLM006067,POL03439,2026-03-17,13467.32,Denied,Prescription claim,batch_001,2026-07-31T17:58:20
CLM006068,POL02128,2026-03-17,21667.67,Approved,Theft of vehicle,batch_001,2026-07-31T17:58:20
CLM006069,POL00806,2026-03-17,20432.31,Approved,Death benefit claim,batch_001,2026-07-31T17:58:20
CLM006070,POL00747,2026-03-17,4108.85,Denied,Terminal illness claim,batch_001,2026-07-31T17:58:20
CLM006071,POL01607,2026-03-17,16447.14,Denied,Vehicle collision,batch_001,2026-07-31T17:58:20
CLM006072,POL01528,2026-03-17,6253.65,Approved,Death benefit claim,batch_001,2026-07-31T17:58:20
CLM006073,POL03289,2026-03-17,1368.85,Pending,Hospital stay,batch_001,2026-07-31T17:58:20
CLM006074,POL03473,2026-03-17,204.36,Approved,Terminal illness claim,batch_001,2026-07-31T17:58:20
CLM006075,POL01166,2026-03-17,2601.95,Pending,Fallen tree damage,batch_001,2026-07-31T17:58:20
CLM006076,POL03155,2026-03-17,1416.50,Approved,Fire damage,batch_001,2026-07-31T17:58:20
CLM006077,POL01337,2026-03-17,1655.80,Pending,Fire damage,batch_001,2026-07-31T17:58:20
CLM006078,POL00861,2026-03-17,14907.40,Pending,Hospital stay,batch_001,2026-07-31T17:58:20
CLM006079,POL04952,2026-03-18,22819.24,Approved,Water damage,batch_001,2026-07-31T17:58:20
CLM006080,POL00733,2026-03-18,20208.93,Approved,Medical procedure,batch_001,2026-07-31T17:58:20
CLM006081,POL01720,2026-03-18,7515.57,Denied,Medical procedure,batch_001,2026-07-31T17:58:20
CLM006082,POL01972,2026-03-18,2762.75,Pending,Hit and run,batch_001,2026-07-31T17:58:20
CLM006083,POL00811,2026-03-19,14783.38,Denied,Hospital stay,batch_001,2026-07-31T17:58:20
CLM006084,POL03400,2026-03-19,1235.12,Pending,Medical procedure,batch_001,2026-07-31T17:58:20
CLM006085,POL03179,2026-03-19,22114.24,Approved,Terminal illness claim,batch_001,2026-07-31T17:58:20
CLM006086,POL05054,2026-03-19,24446.46,Approved,Fallen tree damage,batch_001,2026-07-31T17:58:20
CLM006087,POL02117,2026-03-19,2553.20,Pending,Roof damage from storm,batch_001,2026-07-31T17:58:20
CLM006088,POL03823,2026-03-19,20554.74,Denied,Surgery reimbursement,batch_001,2026-07-31T17:58:20
CLM006089,POL00078,2026-03-19,15754.29,Approved,Emergency room visit,batch_001,2026-07-31T17:58:20
CLM006090,POL03585,2026-03-19,8584.08,Denied,Hospital stay,batch_001,2026-07-31T17:58:20
CLM006091,POL01357,2026-03-19,17683.60,Approved,Hit and run,batch_001,2026-07-31T17:58:20
CLM006092,POL01364,2026-03-20,13996.98,Pending,Prescription claim,batch_001,2026-07-31T17:58:20
CLM006093,POL04282,2026-03-20,18642.47,Denied,Windshield damage,batch_001,2026-07-31T17:58:20
CLM006094,POL03834,2026-03-20,15008.73,Approved,Emergency room visit,batch_001,2026-07-31T17:58:20
CLM006095,POL03834,2026-03-21,2887.58,Denied,Medical procedure,batch_001,2026-07-31T17:58:20
CLM006096,POL03496,2026-03-21,784.51,Pending,Fallen tree damage,batch_001,2026-07-31T17:58:20
CLM006097,POL00910,2026-03-21,19502.01,Denied,Death benefit claim,batch_001,2026-07-31T17:58:20
CLM006098,POL01064,2026-03-21,22354.56,Pending,Vandalism damage,batch_001,2026-07-31T17:58:20
CLM006099,POL04818,2026-03-21,15880.21,Denied,Roof damage from storm,batch_001,2026-07-31T17:58:20
CLM006100,POL03942,2026-03-21,12311.21,Approved,Fallen tree damage,batch_001,2026-07-31T17:58:20
CLM006101,POL01622,2026-03-21,12180.60,Approved,Vehicle collision,batch_001,2026-07-31T17:58:20
CLM006102,POL03666,2026-03-21,21969.84,Pending,Vehicle collision,batch_001,2026-07-31T17:58:20
CLM006103,POL00058,2026-03-21,4633.32,Denied,Accidental death claim,batch_001,2026-07-31T17:58:20
CLM006104,POL00123,2026-03-22,16876.04,Pending,Hospital stay,batch_001,2026-07-31T17:58:20
CLM006105,POL03002,2026-03-22,19631.02,Denied,Fallen tree damage,batch_001,2026-07-31T17:58:20
CLM006106,POL00258,2026-03-22,466.79,Pending,Surgery reimbursement,batch_001,2026-07-31T17:58:20
CLM006107,POL02402,2026-03-23,4934.45,Approved,Windshield damage,batch_001,2026-07-31T17:58:20
CLM006108,POL03238,2026-03-24,24103.82,Approved,Water damage,batch_001,2026-07-31T17:58:20
CLM006109,POL03201,2026-03-24,14668.50,Denied,Vandalism damage,batch_001,2026-07-31T17:58:20
CLM006110,POL03133,2026-03-24,13832.00,Denied,Theft of vehicle,batch_001,2026-07-31T17:58:20
CLM006111,POL03264,2026-03-24,16692.91,Approved,Burglary,batch_001,2026-07-31T17:58:20
CLM006112,POL03625,2026-03-24,17087.78,Denied,Death benefit claim,batch_001,2026-07-31T17:58:20
CLM006113,POL03580,2026-03-24,15531.62,Approved,Windshield damage,batch_001,2026-07-31T17:58:20
CLM006114,POL04736,2026-03-24,21257.64,Denied,Accidental death claim,batch_001,2026-07-31T17:58:20
CLM006115,POL01164,2026-03-25,2327.12,Approved,Medical procedure,batch_001,2026-07-31T17:58:20
CLM006116,POL03331,2026-03-25,22376.76,Approved,Prescription claim,batch_001,2026-07-31T17:58:20
CLM006117,POL00596,2026-03-25,209.85,Approved,Death benefit claim,batch_001,2026-07-31T17:58:20
CLM006118,POL01619,2026-03-25,9163.07,Pending,Fallen tree damage,batch_001,2026-07-31T17:58:20
CLM006119,POL02114,2026-03-25,22330.42,Approved,Terminal illness claim,batch_001,2026-07-31T17:58:20
CLM006120,POL01736,2026-03-25,17600.13,Pending,Death benefit claim,batch_001,2026-07-31T17:58:20
CLM006121,POL05080,2026-03-25,13501.02,Approved,Vandalism damage,batch_001,2026-07-31T17:58:20
CLM006122,POL01122,2026-03-26,7285.10,Denied,Fallen tree damage,batch_001,2026-07-31T17:58:20
CLM006123,POL00541,2026-03-26,5587.73,Approved,Terminal illness claim,batch_001,2026-07-31T17:58:20
CLM006124,POL00878,2026-03-26,18490.90,Pending,Medical procedure,batch_001,2026-07-31T17:58:20
CLM006125,POL00127,2026-03-27,7978.18,Approved,Vehicle collision,batch_001,2026-07-31T17:58:20
CLM006126,POL01208,2026-03-27,2613.26,Approved,Hit and run,batch_001,2026-07-31T17:58:20
CLM006127,POL03902,2026-03-27,18020.41,Pending,Accidental death claim,batch_001,2026-07-31T17:58:20
CLM006128,POL03180,2026-03-27,17487.32,Denied,Fire damage,batch_001,2026-07-31T17:58:20
CLM006129,POL01894,2026-03-27,16726.89,Pending,Terminal illness claim,batch_001,2026-07-31T17:58:20
CLM006130,POL01907,2026-03-27,7815.47,Approved,Death benefit claim,batch_001,2026-07-31T17:58:20
CLM006131,POL00026,2026-03-28,8213.71,Approved,Surgery reimbursement,batch_001,2026-07-31T17:58:20
CLM006132,POL04086,2026-03-28,10573.22,Approved,Burglary,batch_001,2026-07-31T17:58:20
CLM006133,POL04142,2026-03-28,20524.55,Pending,Hit and run,batch_001,2026-07-31T17:58:20
CLM006134,POL01002,2026-03-28,8069.43,Approved,Hospital stay,batch_001,2026-07-31T17:58:20
CLM006135,POL02761,2026-03-28,8091.70,Approved,Fire damage,batch_001,2026-07-31T17:58:20
CLM006136,POL04473,2026-03-28,19283.67,Denied,Burglary,batch_001,2026-07-31T17:58:20
CLM006137,POL02700,2026-03-28,20198.78,Approved,Fire damage,batch_001,2026-07-31T17:58:20
CLM006138,POL04852,2026-03-28,9365.69,Pending,Prescription claim,batch_001,2026-07-31T17:58:20
CLM006139,POL04151,2026-03-28,2551.71,Denied,Theft of vehicle,batch_001,2026-07-31T17:58:20
CLM006140,POL01268,2026-03-28,9471.88,Pending,Medical procedure,batch_001,2026-07-31T17:58:20
CLM006141,POL04904,2026-03-28,11600.31,Approved,Burglary,batch_001,2026-07-31T17:58:20
CLM006142,POL00155,2026-03-29,3922.36,Denied,Burglary,batch_001,2026-07-31T17:58:20
CLM006143,POL03030,2026-03-29,19315.38,Denied,Burglary,batch_001,2026-07-31T17:58:20
CLM006144,POL03839,2026-03-29,3619.53,Denied,Death benefit claim,batch_001,2026-07-31T17:58:20
CLM006145,POL03618,2026-03-30,2633.47,Denied,Fire damage,batch_001,2026-07-31T17:58:20
CLM006146,POL00501,2026-03-30,20690.06,Denied,Medical procedure,batch_001,2026-07-31T17:58:20
CLM006147,POL02963,2026-03-30,9668.42,Denied,Accidental death claim,batch_001,2026-07-31T17:58:20
CLM006148,POL03938,2026-03-30,13335.81,Pending,Fire damage,batch_001,2026-07-31T17:58:20
CLM006149,POL03942,2026-03-30,16648.03,Approved,Fire damage,batch_001,2026-07-31T17:58:20
CLM006150,POL00801,2026-03-30,12218.23,Denied,Death benefit claim,batch_001,2026-07-31T17:58:20
CLM006151,POL04343,2026-03-31,497.05,Approved,Burglary,batch_001,2026-07-31T17:58:20
CLM006152,POL02429,2026-03-31,20551.31,Denied,Fallen tree damage,batch_001,2026-07-31T17:58:20
CLM006153,POL02657,2026-03-31,17671.38,Pending,Death benefit claim,batch_001,2026-07-31T17:58:20
CLM006154,POL03141,2026-03-31,1340.28,Pending,Fire damage,batch_001,2026-07-31T17:58:20
CLM006155,POL02723,2026-03-31,6563.05,Denied,Hospital stay,batch_001,2026-07-31T17:58:20
CLM006156,POL03300,2026-03-31,24533.50,Denied,Fire damage,batch_001,2026-07-31T17:58:20
CLM006157,POL04547,2026-03-31,12953.24,Denied,Death benefit claim,batch_001,2026-07-31T17:58:20
CLM006158,POL03676,2026-04-01,10473.82,Denied,Windshield damage,batch_001,2026-07-31T17:58:20
CLM006159,POL00085,2026-04-01,11188.46,Denied,Emergency room visit,batch_001,2026-07-31T17:58:20
CLM006160,POL01179,2026-04-01,12008.05,Approved,Windshield damage,batch_001,2026-07-31T17:58:20
CLM006161,POL02772,2026-04-01,5285.32,Pending,Prescription claim,batch_001,2026-07-31T17:58:20
CLM006162,POL03899,2026-04-01,10497.47,Approved,Roof damage from storm,batch_001,2026-07-31T17:58:20
CLM006163,POL04946,2026-04-02,3221.97,Pending,Terminal illness claim,batch_001,2026-07-31T17:58:20
CLM006164,POL04129,2026-04-02,20913.80,Pending,Water damage,batch_001,2026-07-31T17:58:20
CLM006165,POL03330,2026-04-03,22408.43,Pending,Death benefit claim,batch_001,2026-07-31T17:58:20
CLM006166,POL02157,2026-04-03,12973.61,Pending,Prescription claim,batch_001,2026-07-31T17:58:20
CLM006167,POL04845,2026-04-03,17017.64,Approved,Death benefit claim,batch_001,2026-07-31T17:58:20
CLM006168,POL02742,2026-04-03,19526.29,Approved,Terminal illness claim,batch_001,2026-07-31T17:58:20
CLM006169,POL00050,2026-04-03,8736.64,Approved,Fallen tree damage,batch_001,2026-07-31T17:58:20
CLM006170,POL04948,2026-04-03,19322.87,Denied,Death benefit claim,batch_001,2026-07-31T17:58:20
CLM006171,POL04733,2026-04-04,10511.19,Approved,Surgery reimbursement,batch_001,2026-07-31T17:58:20
CLM006172,POL04884,2026-04-04,21358.49,Denied,Theft of vehicle,batch_001,2026-07-31T17:58:20
CLM006173,POL00073,2026-04-04,7925.34,Pending,Surgery reimbursement,batch_001,2026-07-31T17:58:20
CLM006174,POL03371,2026-04-04,11310.77,Pending,Prescription claim,batch_001,2026-07-31T17:58:20
CLM006175,POL04098,2026-04-05,14924.93,Denied,Prescription claim,batch_001,2026-07-31T17:58:20
CLM006176,POL02778,2026-04-05,8672.12,Approved,Terminal illness claim,batch_001,2026-07-31T17:58:20
CLM006177,POL00631,2026-04-05,14708.74,Approved,Fire damage,batch_001,2026-07-31T17:58:20
CLM006178,POL04317,2026-04-05,6565.83,Approved,Hit and run,batch_001,2026-07-31T17:58:20
CLM006179,POL01721,2026-04-05,21521.80,Pending,Windshield damage,batch_001,2026-07-31T17:58:20
CLM006180,POL03731,2026-04-05,18243.20,Approved,Medical procedure,batch_001,2026-07-31T17:58:20
CLM006181,POL01443,2026-04-05,4468.49,Pending,Death benefit claim,batch_001,2026-07-31T17:58:20
CLM006182,POL03950,2026-04-06,2671.86,Approved,Prescription claim,batch_001,2026-07-31T17:58:20
CLM006183,POL03040,2026-04-06,16316.10,Denied,Burglary,batch_001,2026-07-31T17:58:20
CLM006184,POL04971,2026-04-06,3105.23,Denied,Medical procedure,batch_001,2026-07-31T17:58:20
CLM006185,POL03465,2026-04-06,4193.10,Denied,Windshield damage,batch_001,2026-07-31T17:58:20
CLM006186,POL05053,2026-04-06,22087.72,Denied,Death benefit claim,batch_001,2026-07-31T17:58:20
CLM006187,POL02368,2026-04-06,6778.30,Pending,Prescription claim,batch_001,2026-07-31T17:58:20
CLM006188,POL04728,2026-04-06,13881.13,Approved,Roof damage from storm,batch_001,2026-07-31T17:58:20
CLM006189,POL01440,2026-04-07,23505.92,Denied,Vandalism damage,batch_001,2026-07-31T17:58:20
CLM006190,POL00065,2026-04-07,5262.53,Approved,Fire damage,batch_001,2026-07-31T17:58:20
CLM006191,POL00243,2026-04-07,22472.37,Pending,Hit and run,batch_001,2026-07-31T17:58:20
CLM006192,POL04659,2026-04-07,19888.36,Approved,Death benefit claim,batch_001,2026-07-31T17:58:20
CLM006193,POL02181,2026-04-08,4691.18,Denied,Theft of vehicle,batch_001,2026-07-31T17:58:20
CLM006194,POL04059,2026-04-08,20737.75,Approved,Hit and run,batch_001,2026-07-31T17:58:20
CLM006195,POL04476,2026-04-08,729.30,Approved,Burglary,batch_001,2026-07-31T17:58:20
CLM006196,POL03806,2026-04-08,22100.10,Approved,Windshield damage,batch_001,2026-07-31T17:58:20
CLM006197,POL00659,2026-04-09,10061.55,Approved,Hit and run,batch_001,2026-07-31T17:58:20
CLM006198,POL00323,2026-04-09,22215.49,Pending,Water damage,batch_001,2026-07-31T17:58:20
CLM006199,POL00270,2026-04-09,7351.01,Approved,Death benefit claim,batch_001,2026-07-31T17:58:20
CLM006200,POL01514,2026-04-09,10390.39,Denied,Emergency room visit,batch_001,2026-07-31T17:58:20
CLM006201,POL02080,2026-04-09,22928.83,Denied,Accidental death claim,batch_001,2026-07-31T17:58:20
CLM006202,POL01834,2026-04-09,21335.01,Denied,Windshield damage,batch_001,2026-07-31T17:58:20
CLM006203,POL04614,2026-04-09,7038.06,Denied,Prescription claim,batch_001,2026-07-31T17:58:20
CLM006204,POL01980,2026-04-09,22905.41,Approved,Vandalism damage,batch_001,2026-07-31T17:58:20
CLM006205,POL01822,2026-04-09,23951.78,Approved,Accidental death claim,batch_001,2026-07-31T17:58:20
CLM006206,POL03258,2026-04-10,18930.18,Denied,Theft of vehicle,batch_001,2026-07-31T17:58:20
CLM006207,POL00499,2026-04-10,3991.22,Denied,Fallen tree damage,batch_001,2026-07-31T17:58:20
CLM006208,POL05020,2026-04-10,20458.83,Pending,Surgery reimbursement,batch_001,2026-07-31T17:58:20
CLM006209,POL00891,2026-04-10,17502.13,Approved,Hospital stay,batch_001,2026-07-31T17:58:20
CLM006210,POL01843,2026-04-10,3267.79,Pending,Fire damage,batch_001,2026-07-31T17:58:20
CLM006211,POL04041,2026-04-10,4586.54,Approved,Emergency room visit,batch_001,2026-07-31T17:58:20
CLM006212,POL04691,2026-04-10,3035.04,Denied,Fire damage,batch_001,2026-07-31T17:58:20
CLM006213,POL02852,2026-04-10,16340.21,Denied,Accidental death claim,batch_001,2026-07-31T17:58:20
CLM006214,POL03517,2026-04-10,1581.54,Denied,Accidental death claim,batch_001,2026-07-31T17:58:20
CLM006215,POL03439,2026-04-10,11368.81,Pending,Surgery reimbursement,batch_001,2026-07-31T17:58:20
CLM006216,POL01407,2026-04-10,11395.07,Approved,Accidental death claim,batch_001,2026-07-31T17:58:20
CLM006217,POL02489,2026-04-11,8961.85,Approved,Fallen tree damage,batch_001,2026-07-31T17:58:20
CLM006218,POL04008,2026-04-11,6692.90,Pending,Fallen tree damage,batch_001,2026-07-31T17:58:20
CLM006219,POL03061,2026-04-11,682.53,Pending,Vehicle collision,batch_001,2026-07-31T17:58:20
CLM006220,POL04143,2026-04-11,21493.15,Denied,Terminal illness claim,batch_001,2026-07-31T17:58:20
CLM006221,POL00023,2026-04-11,10525.53,Denied,Terminal illness claim,batch_001,2026-07-31T17:58:20
CLM006222,POL03382,2026-04-11,21177.54,Approved,Death benefit claim,batch_001,2026-07-31T17:58:20
CLM006223,POL00366,2026-04-12,13686.44,Pending,Water damage,batch_001,2026-07-31T17:58:20
CLM006224,POL04629,2026-04-12,23999.78,Approved,Vandalism damage,batch_001,2026-07-31T17:58:20
CLM006225,POL00381,2026-04-12,4231.01,Approved,Terminal illness claim,batch_001,2026-07-31T17:58:20
CLM006226,POL02452,2026-04-12,22064.71,Approved,Fallen tree damage,batch_001,2026-07-31T17:58:20
CLM006227,POL00267,2026-04-12,7059.37,Pending,Hospital stay,batch_001,2026-07-31T17:58:20
CLM006228,POL00284,2026-04-13,14661.06,Approved,Emergency room visit,batch_001,2026-07-31T17:58:20
CLM006229,POL02855,2026-04-13,23932.25,Approved,Windshield damage,batch_001,2026-07-31T17:58:20
CLM006230,POL01420,2026-04-13,263.36,Approved,Death benefit claim,batch_001,2026-07-31T17:58:20
CLM006231,POL02929,2026-04-13,1774.17,Approved,Theft of vehicle,batch_001,2026-07-31T17:58:20
CLM006232,POL02715,2026-04-13,8666.91,Approved,Death benefit claim,batch_001,2026-07-31T17:58:20
CLM006233,POL05065,2026-04-13,22129.93,Approved,Roof damage from storm,batch_001,2026-07-31T17:58:20
CLM006234,POL02324,2026-04-13,8281.16,Pending,Water damage,batch_001,2026-07-31T17:58:20
CLM006235,POL01852,2026-04-13,21397.37,Pending,Hospital stay,batch_001,2026-07-31T17:58:20
CLM006236,POL04542,2026-04-13,20232.55,Denied,Fire damage,batch_001,2026-07-31T17:58:20
CLM006237,POL01587,2026-04-14,18900.82,Approved,Fire damage,batch_001,2026-07-31T17:58:20
CLM006238,POL01329,2026-04-14,7434.13,Approved,Prescription claim,batch_001,2026-07-31T17:58:20
CLM006239,POL01338,2026-04-15,14843.18,Approved,Medical procedure,batch_001,2026-07-31T17:58:20
CLM006240,POL04403,2026-04-15,763.64,Pending,Hospital stay,batch_001,2026-07-31T17:58:20
CLM006241,POL01889,2026-04-15,3148.98,Denied,Roof damage from storm,batch_001,2026-07-31T17:58:20
CLM006242,POL00742,2026-04-15,4126.14,Pending,Medical procedure,batch_001,2026-07-31T17:58:20
CLM006243,POL03640,2026-04-15,19523.89,Pending,Hit and run,batch_001,2026-07-31T17:58:20
CLM006244,POL02565,2026-04-15,22701.07,Pending,Accidental death claim,batch_001,2026-07-31T17:58:20
CLM006245,POL05037,2026-04-16,3434.04,Approved,Vehicle collision,batch_001,2026-07-31T17:58:20
CLM006246,POL01169,2026-04-16,6143.90,Denied,Prescription claim,batch_001,2026-07-31T17:58:20
CLM006247,POL01623,2026-04-16,1973.82,Denied,Theft of vehicle,batch_001,2026-07-31T17:58:20
CLM006248,POL04817,2026-04-16,9355.21,Approved,Death benefit claim,batch_001,2026-07-31T17:58:20
CLM006249,POL00122,2026-04-16,9659.88,Pending,Theft of vehicle,batch_001,2026-07-31T17:58:20
CLM006250,POL00762,2026-04-16,14202.29,Denied,Terminal illness claim,batch_001,2026-07-31T17:58:20
CLM006251,POL05097,2026-04-16,24650.99,Approved,Hospital stay,batch_001,2026-07-31T17:58:20
CLM006252,POL01085,2026-04-16,4602.21,Denied,Death benefit claim,batch_001,2026-07-31T17:58:20
CLM006253,POL01877,2026-04-17,2586.88,Denied,Windshield damage,batch_001,2026-07-31T17:58:20
CLM006254,POL03284,2026-04-17,3289.91,Denied,Roof damage from storm,batch_001,2026-07-31T17:58:20
CLM006255,POL03879,2026-04-17,8030.70,Pending,Vandalism damage,batch_001,2026-07-31T17:58:20
CLM006256,POL03266,2026-04-17,6371.68,Approved,Windshield damage,batch_001,2026-07-31T17:58:20
CLM006257,POL00209,2026-04-17,22269.87,Denied,Death benefit claim,batch_001,2026-07-31T17:58:20
CLM006258,POL03675,2026-04-17,20235.42,Approved,Medical procedure,batch_001,2026-07-31T17:58:20
CLM006259,POL00037,2026-04-17,14319.94,Approved,Fallen tree damage,batch_001,2026-07-31T17:58:20
CLM006260,POL02201,2026-04-17,7953.59,Approved,Terminal illness claim,batch_001,2026-07-31T17:58:20
CLM006261,POL00501,2026-04-18,4857.19,Pending,Medical procedure,batch_001,2026-07-31T17:58:20
CLM006262,POL00515,2026-04-18,8910.44,Approved,Roof damage from storm,batch_001,2026-07-31T17:58:20
CLM006263,POL02906,2026-04-18,347.33,Approved,Surgery reimbursement,batch_001,2026-07-31T17:58:20
CLM006264,POL01720,2026-04-18,18022.90,Approved,Medical procedure,batch_001,2026-07-31T17:58:20
CLM006265,POL04767,2026-04-18,16032.20,Denied,Emergency room visit,batch_001,2026-07-31T17:58:20
CLM006266,POL00405,2026-04-18,12983.88,Denied,Terminal illness claim,batch_001,2026-07-31T17:58:20
CLM006267,POL04844,2026-04-18,11578.79,Approved,Roof damage from storm,batch_001,2026-07-31T17:58:20
CLM006268,POL03819,2026-04-18,15176.07,Approved,Roof damage from storm,batch_001,2026-07-31T17:58:20
CLM006269,POL02059,2026-04-18,21513.24,Approved,Water damage,batch_001,2026-07-31T17:58:20
CLM006270,POL04111,2026-04-18,13676.88,Pending,Terminal illness claim,batch_001,2026-07-31T17:58:20
CLM006271,POL02633,2026-04-19,17540.26,Pending,Water damage,batch_001,2026-07-31T17:58:20
CLM006272,POL04840,2026-04-19,4590.28,Approved,Terminal illness claim,batch_001,2026-07-31T17:58:20
CLM006273,POL04447,2026-04-19,12129.25,Approved,Terminal illness claim,batch_001,2026-07-31T17:58:20
CLM006274,POL04037,2026-04-19,15887.78,Pending,Death benefit claim,batch_001,2026-07-31T17:58:20
CLM006275,POL01712,2026-04-19,22027.63,Approved,Accidental death claim,batch_001,2026-07-31T17:58:20
CLM006276,POL04830,2026-04-19,24655.82,Denied,Surgery reimbursement,batch_001,2026-07-31T17:58:20
CLM006277,POL00781,2026-04-19,9013.41,Pending,Medical procedure,batch_001,2026-07-31T17:58:20
CLM006278,POL01360,2026-04-19,8573.30,Pending,Fallen tree damage,batch_001,2026-07-31T17:58:20
CLM006279,POL02375,2026-04-20,24004.87,Denied,Water damage,batch_001,2026-07-31T17:58:20
CLM006280,POL04258,2026-04-20,8405.23,Pending,Roof damage from storm,batch_001,2026-07-31T17:58:20
CLM006281,POL04320,2026-04-20,13307.08,Pending,Fallen tree damage,batch_001,2026-07-31T17:58:20
CLM006282,POL01408,2026-04-20,24319.25,Denied,Burglary,batch_001,2026-07-31T17:58:20
CLM006283,POL03915,2026-04-20,3460.89,Approved,Vehicle collision,batch_001,2026-07-31T17:58:20
CLM006284,POL04161,2026-04-21,6726.52,Denied,Death benefit claim,batch_001,2026-07-31T17:58:20
CLM006285,POL04789,2026-04-21,19495.07,Denied,Theft of vehicle,batch_001,2026-07-31T17:58:20
CLM006286,POL01776,2026-04-21,21570.36,Pending,Surgery reimbursement,batch_001,2026-07-31T17:58:20
CLM006287,POL03058,2026-04-21,2095.81,Pending,Burglary,batch_001,2026-07-31T17:58:20
CLM006288,POL01383,2026-04-21,13930.68,Approved,Fire damage,batch_001,2026-07-31T17:58:20
CLM006289,POL02871,2026-04-21,314.71,Approved,Accidental death claim,batch_001,2026-07-31T17:58:20
CLM006290,POL01503,2026-04-21,8881.45,Pending,Burglary,batch_001,2026-07-31T17:58:20
CLM006291,POL01377,2026-04-22,18947.63,Denied,Prescription claim,batch_001,2026-07-31T17:58:20
CLM006292,POL01410,2026-04-22,13856.52,Approved,Accidental death claim,batch_001,2026-07-31T17:58:20
CLM006293,POL02064,2026-04-22,22032.22,Pending,Death benefit claim,batch_001,2026-07-31T17:58:20
CLM006294,POL00743,2026-04-22,21291.93,Approved,Emergency room visit,batch_001,2026-07-31T17:58:20
CLM006295,POL02013,2026-04-22,23059.25,Approved,Terminal illness claim,batch_001,2026-07-31T17:58:20
CLM006296,POL04668,2026-04-22,14377.60,Pending,Medical procedure,batch_001,2026-07-31T17:58:20
CLM006297,POL00111,2026-04-22,15176.56,Pending,Terminal illness claim,batch_001,2026-07-31T17:58:20
CLM006298,POL03232,2026-04-22,4339.00,Pending,Terminal illness claim,batch_001,2026-07-31T17:58:20
CLM006299,POL00326,2026-04-22,3446.03,Denied,Death benefit claim,batch_001,2026-07-31T17:58:20
CLM006300,POL02149,2026-04-22,22972.16,Denied,Death benefit claim,batch_001,2026-07-31T17:58:20
CLM006301,POL04758,2026-04-22,9096.53,Approved,Windshield damage,batch_001,2026-07-31T17:58:20
CLM006302,POL00547,2026-04-22,11982.63,Denied,Water damage,batch_001,2026-07-31T17:58:20
CLM006303,POL00154,2026-04-23,17957.69,Pending,Medical procedure,batch_001,2026-07-31T17:58:20
CLM006304,POL00409,2026-04-23,18459.36,Approved,Accidental death claim,batch_001,2026-07-31T17:58:20
CLM006305,POL01800,2026-04-23,6215.70,Approved,Vandalism damage,batch_001,2026-07-31T17:58:20
CLM006306,POL05073,2026-04-23,4523.15,Approved,Terminal illness claim,batch_001,2026-07-31T17:58:20
CLM006307,POL03799,2026-04-23,2431.79,Pending,Windshield damage,batch_001,2026-07-31T17:58:20
CLM006308,POL03132,2026-04-23,21319.23,Pending,Water damage,batch_001,2026-07-31T17:58:20
CLM006309,POL03440,2026-04-24,24130.75,Pending,Fire damage,batch_001,2026-07-31T17:58:20
CLM006310,POL03780,2026-04-24,12197.75,Approved,Terminal illness claim,batch_001,2026-07-31T17:58:20
CLM006311,POL03277,2026-04-24,7096.57,Approved,Hit and run,batch_001,2026-07-31T17:58:20
CLM006312,POL00450,2026-04-24,11902.64,Denied,Fire damage,batch_001,2026-07-31T17:58:20
CLM006313,POL03203,2026-04-24,7106.37,Pending,Accidental death claim,batch_001,2026-07-31T17:58:20
CLM006314,POL02900,2026-04-24,357.05,Pending,Terminal illness claim,batch_001,2026-07-31T17:58:20
CLM006315,POL01870,2026-04-24,11629.42,Approved,Theft of vehicle,batch_001,2026-07-31T17:58:20
CLM006316,POL03471,2026-04-25,2344.28,Denied,Windshield damage,batch_001,2026-07-31T17:58:20
CLM006317,POL01827,2026-04-25,16865.09,Approved,Fire damage,batch_001,2026-07-31T17:58:20
CLM006318,POL03362,2026-04-25,2955.19,Pending,Accidental death claim,batch_001,2026-07-31T17:58:20
CLM006319,POL02122,2026-04-25,7149.55,Approved,Burglary,batch_001,2026-07-31T17:58:20
CLM006320,POL02455,2026-04-25,3516.70,Approved,Vehicle collision,batch_001,2026-07-31T17:58:20
CLM006321,POL03188,2026-04-25,8789.25,Denied,Vehicle collision,batch_001,2026-07-31T17:58:20
CLM006322,POL01611,2026-04-25,11548.19,Denied,Prescription claim,batch_001,2026-07-31T17:58:20
CLM006323,POL03182,2026-04-25,13131.64,Denied,Terminal illness claim,batch_001,2026-07-31T17:58:20
CLM006324,POL00260,2026-04-26,10607.55,Pending,Death benefit claim,batch_001,2026-07-31T17:58:20
CLM006325,POL02057,2026-04-27,15149.69,Approved,Accidental death claim,batch_001,2026-07-31T17:58:20
CLM006326,POL00369,2026-04-27,20487.86,Denied,Vehicle collision,batch_001,2026-07-31T17:58:20
CLM006327,POL03878,2026-04-27,8262.07,Denied,Vehicle collision,batch_001,2026-07-31T17:58:20
CLM006328,POL04192,2026-04-27,13806.93,Approved,Water damage,batch_001,2026-07-31T17:58:20
CLM006329,POL04051,2026-04-27,15531.09,Pending,Emergency room visit,batch_001,2026-07-31T17:58:20
CLM006330,POL01413,2026-04-27,7564.52,Approved,Water damage,batch_001,2026-07-31T17:58:20
CLM006331,POL01382,2026-04-27,7247.08,Approved,Hit and run,batch_001,2026-07-31T17:58:20
CLM006332,POL02521,2026-04-27,6738.56,Denied,Vehicle collision,batch_001,2026-07-31T17:58:20
CLM006333,POL04065,2026-04-27,4288.63,Denied,Roof damage from storm,batch_001,2026-07-31T17:58:20
CLM006334,POL03510,2026-04-28,19544.53,Approved,Fallen tree damage,batch_001,2026-07-31T17:58:20
CLM006335,POL03185,2026-04-28,14357.73,Denied,Fallen tree damage,batch_001,2026-07-31T17:58:20
CLM006336,POL00089,2026-04-28,4221.14,Denied,Fallen tree damage,batch_001,2026-07-31T17:58:20
CLM006337,POL03029,2026-04-28,18659.40,Denied,Windshield damage,batch_001,2026-07-31T17:58:20
CLM006338,POL03425,2026-04-28,14029.36,Approved,Theft of vehicle,batch_001,2026-07-31T17:58:20
CLM006339,POL03831,2026-04-28,4406.62,Pending,Terminal illness claim,batch_001,2026-07-31T17:58:20
CLM006340,POL02181,2026-04-28,1674.16,Approved,Vehicle collision,batch_001,2026-07-31T17:58:20
CLM006341,POL04880,2026-04-29,8538.70,Pending,Surgery reimbursement,batch_001,2026-07-31T17:58:20
CLM006342,POL02564,2026-04-29,12094.55,Denied,Emergency room visit,batch_001,2026-07-31T17:58:20
CLM006343,POL00749,2026-04-29,9831.29,Denied,Emergency room visit,batch_001,2026-07-31T17:58:20
CLM006344,POL02632,2026-04-29,19527.72,Pending,Death benefit claim,batch_001,2026-07-31T17:58:20
CLM006345,POL00267,2026-04-29,14580.62,Approved,Prescription claim,batch_001,2026-07-31T17:58:20
CLM006346,POL04372,2026-04-29,2033.55,Pending,Terminal illness claim,batch_001,2026-07-31T17:58:20
CLM006347,POL00409,2026-04-29,7687.65,Pending,Accidental death claim,batch_001,2026-07-31T17:58:20
CLM006348,POL03364,2026-04-29,18452.28,Denied,Fire damage,batch_001,2026-07-31T17:58:20
CLM006349,POL03733,2026-04-29,12679.20,Pending,Theft of vehicle,batch_001,2026-07-31T17:58:20
CLM006350,POL02260,2026-04-29,5385.74,Approved,Hit and run,batch_001,2026-07-31T17:58:20
CLM006351,POL03074,2026-04-29,2150.62,Denied,Roof damage from storm,batch_001,2026-07-31T17:58:20
CLM006352,POL03405,2026-04-30,6484.54,Denied,Terminal illness claim,batch_001,2026-07-31T17:58:20
CLM006353,POL01077,2026-04-30,17017.97,Denied,Emergency room visit,batch_001,2026-07-31T17:58:20
CLM006354,POL03311,2026-04-30,13880.97,Approved,Roof damage from storm,batch_001,2026-07-31T17:58:20
CLM006355,POL02433,2026-04-30,22068.47,Approved,Fallen tree damage,batch_001,2026-07-31T17:58:20
CLM006356,POL03054,2026-04-30,20430.26,Pending,Fallen tree damage,batch_001,2026-07-31T17:58:20
CLM006357,POL04680,2026-05-01,935.60,Approved,Emergency room visit,batch_001,2026-07-31T17:58:20
CLM006358,POL03710,2026-05-01,11936.91,Pending,Windshield damage,batch_001,2026-07-31T17:58:20
CLM006359,POL04726,2026-05-01,21093.77,Approved,Fallen tree damage,batch_001,2026-07-31T17:58:20
CLM006360,POL02524,2026-05-01,8429.59,Pending,Terminal illness claim,batch_001,2026-07-31T17:58:20
CLM006361,POL04605,2026-05-01,9687.96,Denied,Death benefit claim,batch_001,2026-07-31T17:58:20
CLM006362,POL02977,2026-05-01,10356.25,Denied,Water damage,batch_001,2026-07-31T17:58:20
CLM006363,POL02765,2026-05-01,22495.69,Approved,Accidental death claim,batch_001,2026-07-31T17:58:20
CLM006364,POL02032,2026-05-01,11160.76,Denied,Fallen tree damage,batch_001,2026-07-31T17:58:20
CLM006365,POL04172,2026-05-01,6216.61,Approved,Terminal illness claim,batch_001,2026-07-31T17:58:20
CLM006366,POL03958,2026-05-01,16150.84,Pending,Windshield damage,batch_001,2026-07-31T17:58:20
CLM006367,POL00183,2026-05-02,20453.84,Denied,Vehicle collision,batch_001,2026-07-31T17:58:20
CLM006368,POL04490,2026-05-02,23332.10,Approved,Emergency room visit,batch_001,2026-07-31T17:58:20
CLM006369,POL03446,2026-05-02,10316.78,Denied,Fallen tree damage,batch_001,2026-07-31T17:58:20
CLM006370,POL02304,2026-05-02,19424.93,Pending,Death benefit claim,batch_001,2026-07-31T17:58:20
CLM006371,POL04194,2026-05-02,11357.84,Pending,Vandalism damage,batch_001,2026-07-31T17:58:20
CLM006372,POL03530,2026-05-02,8294.51,Pending,Surgery reimbursement,batch_001,2026-07-31T17:58:20
CLM006373,POL04898,2026-05-02,20227.62,Approved,Terminal illness claim,batch_001,2026-07-31T17:58:20
CLM006374,POL03857,2026-05-03,18810.60,Pending,Terminal illness claim,batch_001,2026-07-31T17:58:20
CLM006375,POL01675,2026-05-03,7686.53,Approved,Accidental death claim,batch_001,2026-07-31T17:58:20
CLM006376,POL04220,2026-05-03,17370.63,Pending,Burglary,batch_001,2026-07-31T17:58:20
CLM006377,POL03276,2026-05-03,699.35,Denied,Roof damage from storm,batch_001,2026-07-31T17:58:20
CLM006378,POL00180,2026-05-03,21111.68,Pending,Surgery reimbursement,batch_001,2026-07-31T17:58:20
CLM006379,POL04678,2026-05-03,3537.45,Approved,Accidental death claim,batch_001,2026-07-31T17:58:20
CLM006380,POL03731,2026-05-04,1561.20,Pending,Hospital stay,batch_001,2026-07-31T17:58:20
CLM006381,POL03462,2026-05-04,19148.36,Approved,Hospital stay,batch_001,2026-07-31T17:58:20
CLM006382,POL03289,2026-05-04,17101.57,Denied,Medical procedure,batch_001,2026-07-31T17:58:20
CLM006383,POL03336,2026-05-04,9829.78,Approved,Medical procedure,batch_001,2026-07-31T17:58:20
CLM006384,POL00572,2026-05-04,10115.26,Approved,Vandalism damage,batch_001,2026-07-31T17:58:20
CLM006385,POL00122,2026-05-04,11916.71,Pending,Vandalism damage,batch_001,2026-07-31T17:58:20
CLM006386,POL01453,2026-05-04,19191.77,Pending,Accidental death claim,batch_001,2026-07-31T17:58:20
CLM006387,POL00657,2026-05-05,16855.31,Pending,Hospital stay,batch_001,2026-07-31T17:58:20
CLM006388,POL01309,2026-05-05,12314.40,Pending,Emergency room visit,batch_001,2026-07-31T17:58:20
CLM006389,POL03430,2026-05-05,17590.46,Approved,Emergency room visit,batch_001,2026-07-31T17:58:20
CLM006390,POL03799,2026-05-05,2351.88,Pending,Vehicle collision,batch_001,2026-07-31T17:58:20
CLM006391,POL04374,2026-05-05,10629.93,Denied,Fallen tree damage,batch_001,2026-07-31T17:58:20
CLM006392,POL02150,2026-05-05,4373.23,Pending,Roof damage from storm,batch_001,2026-07-31T17:58:20
CLM006393,POL01293,2026-05-05,852.15,Pending,Accidental death claim,batch_001,2026-07-31T17:58:20
CLM006394,POL04845,2026-05-05,13435.50,Pending,Death benefit claim,batch_001,2026-07-31T17:58:20
CLM006395,POL00714,2026-05-05,16896.84,Approved,Surgery reimbursement,batch_001,2026-07-31T17:58:20
CLM006396,POL02478,2026-05-05,17208.49,Pending,Accidental death claim,batch_001,2026-07-31T17:58:20
CLM006397,POL00158,2026-05-05,2912.57,Denied,Hospital stay,batch_001,2026-07-31T17:58:20
CLM006398,POL05002,2026-05-05,24462.03,Denied,Death benefit claim,batch_001,2026-07-31T17:58:20
CLM006399,POL03117,2026-05-05,15010.48,Approved,Fallen tree damage,batch_001,2026-07-31T17:58:20
CLM006400,POL02786,2026-05-06,20506.20,Denied,Death benefit claim,batch_001,2026-07-31T17:58:20
CLM006401,POL00017,2026-05-06,9259.82,Pending,Accidental death claim,batch_001,2026-07-31T17:58:20
CLM006402,POL01331,2026-05-06,23968.89,Denied,Fire damage,batch_001,2026-07-31T17:58:20
CLM006403,POL04600,2026-05-07,22820.32,Pending,Theft of vehicle,batch_001,2026-07-31T17:58:20
CLM006404,POL02010,2026-05-07,20311.90,Pending,Fire damage,batch_001,2026-07-31T17:58:20
CLM006405,POL00618,2026-05-07,11701.12,Pending,Vehicle collision,batch_001,2026-07-31T17:58:20
CLM006406,POL03394,2026-05-07,11839.75,Approved,Burglary,batch_001,2026-07-31T17:58:20
CLM006407,POL03088,2026-05-08,23850.82,Denied,Accidental death claim,batch_001,2026-07-31T17:58:20
CLM006408,POL01817,2026-05-08,16977.24,Denied,Fallen tree damage,batch_001,2026-07-31T17:58:20
CLM006409,POL04751,2026-05-08,21606.07,Approved,Water damage,batch_001,2026-07-31T17:58:20
CLM006410,POL03110,2026-05-08,16297.24,Denied,Hospital stay,batch_001,2026-07-31T17:58:20
CLM006411,POL01163,2026-05-08,22541.19,Pending,Accidental death claim,batch_001,2026-07-31T17:58:20
CLM006412,POL00764,2026-05-08,8281.33,Approved,Hit and run,batch_001,2026-07-31T17:58:20
CLM006413,POL00380,2026-05-08,2949.50,Approved,Fallen tree damage,batch_001,2026-07-31T17:58:20
CLM006414,POL01279,2026-05-08,10365.43,Denied,Vehicle collision,batch_001,2026-07-31T17:58:20
CLM006415,POL03656,2026-05-09,22007.90,Approved,Water damage,batch_001,2026-07-31T17:58:20
CLM006416,POL04204,2026-05-09,15764.69,Approved,Fallen tree damage,batch_001,2026-07-31T17:58:20
CLM006417,POL00538,2026-05-09,11411.11,Denied,Fire damage,batch_001,2026-07-31T17:58:20
CLM006418,POL04332,2026-05-09,4223.55,Denied,Hospital stay,batch_001,2026-07-31T17:58:20
CLM006419,POL01425,2026-05-10,16316.92,Denied,Theft of vehicle,batch_001,2026-07-31T17:58:20
CLM006420,POL04314,2026-05-10,8223.60,Approved,Medical procedure,batch_001,2026-07-31T17:58:20
CLM006421,POL03750,2026-05-10,3767.90,Pending,Vandalism damage,batch_001,2026-07-31T17:58:20
CLM006422,POL02777,2026-05-10,23790.10,Approved,Hit and run,batch_001,2026-07-31T17:58:20
CLM006423,POL02258,2026-05-10,2311.55,Denied,Vandalism damage,batch_001,2026-07-31T17:58:20
CLM006424,POL00018,2026-05-10,10632.26,Pending,Water damage,batch_001,2026-07-31T17:58:20
CLM006425,POL04914,2026-05-11,22125.50,Denied,Death benefit claim,batch_001,2026-07-31T17:58:20
CLM006426,POL01405,2026-05-11,20015.25,Denied,Prescription claim,batch_001,2026-07-31T17:58:20
CLM006427,POL01085,2026-05-11,487.34,Approved,Accidental death claim,batch_001,2026-07-31T17:58:20
CLM006428,POL01094,2026-05-11,21032.73,Approved,Accidental death claim,batch_001,2026-07-31T17:58:20
CLM006429,POL00984,2026-05-11,11461.61,Pending,Fire damage,batch_001,2026-07-31T17:58:20
CLM006430,POL03452,2026-05-11,4946.00,Denied,Terminal illness claim,batch_001,2026-07-31T17:58:20
CLM006431,POL02207,2026-05-11,5536.72,Pending,Burglary,batch_001,2026-07-31T17:58:20
CLM006432,POL01507,2026-05-11,16083.93,Denied,Hospital stay,batch_001,2026-07-31T17:58:20
CLM006433,POL03970,2026-05-11,22509.76,Approved,Fire damage,batch_001,2026-07-31T17:58:20
CLM006434,POL00090,2026-05-11,18421.04,Denied,Emergency room visit,batch_001,2026-07-31T17:58:20
CLM006435,POL02444,2026-05-12,4141.43,Denied,Emergency room visit,batch_001,2026-07-31T17:58:20
CLM006436,POL03341,2026-05-12,14957.10,Pending,Water damage,batch_001,2026-07-31T17:58:20
CLM006437,POL01280,2026-05-12,23924.93,Denied,Theft of vehicle,batch_001,2026-07-31T17:58:20
CLM006438,POL02037,2026-05-12,322.98,Pending,Surgery reimbursement,batch_001,2026-07-31T17:58:20
CLM006439,POL04669,2026-05-12,11338.59,Pending,Vehicle collision,batch_001,2026-07-31T17:58:20
CLM006440,POL02048,2026-05-12,15290.12,Pending,Burglary,batch_001,2026-07-31T17:58:20
CLM006441,POL00007,2026-05-13,3383.29,Denied,Emergency room visit,batch_001,2026-07-31T17:58:20
CLM006442,POL03076,2026-05-13,8024.30,Pending,Terminal illness claim,batch_001,2026-07-31T17:58:20
CLM006443,POL00345,2026-05-13,8863.07,Approved,Hit and run,batch_001,2026-07-31T17:58:20
CLM006444,POL02096,2026-05-13,12580.68,Approved,Vandalism damage,batch_001,2026-07-31T17:58:20
CLM006445,POL03602,2026-05-13,19765.34,Denied,Medical procedure,batch_001,2026-07-31T17:58:20
CLM006446,POL01992,2026-05-13,21855.23,Pending,Terminal illness claim,batch_001,2026-07-31T17:58:20
CLM006447,POL04179,2026-05-13,13714.93,Approved,Theft of vehicle,batch_001,2026-07-31T17:58:20
CLM006448,POL04670,2026-05-13,11349.06,Denied,Emergency room visit,batch_001,2026-07-31T17:58:20
CLM006449,POL04242,2026-05-13,9299.02,Pending,Burglary,batch_001,2026-07-31T17:58:20
CLM006450,POL03368,2026-05-14,3891.53,Approved,Windshield damage,batch_001,2026-07-31T17:58:20
CLM006451,POL01891,2026-05-14,10754.40,Denied,Prescription claim,batch_001,2026-07-31T17:58:20
CLM006452,POL03798,2026-05-14,15147.54,Pending,Hospital stay,batch_001,2026-07-31T17:58:20
CLM006453,POL03341,2026-05-14,7164.22,Approved,Fire damage,batch_001,2026-07-31T17:58:20
CLM006454,POL03055,2026-05-14,14578.77,Pending,Hit and run,batch_001,2026-07-31T17:58:20
CLM006455,POL01427,2026-05-14,3458.72,Approved,Surgery reimbursement,batch_001,2026-07-31T17:58:20
CLM006456,POL01524,2026-05-14,15160.32,Denied,Death benefit claim,batch_001,2026-07-31T17:58:20
CLM006457,POL01359,2026-05-14,24035.03,Pending,Hospital stay,batch_001,2026-07-31T17:58:20
CLM006458,POL01056,2026-05-14,375.88,Denied,Hit and run,batch_001,2026-07-31T17:58:20
CLM006459,POL00596,2026-05-14,24165.81,Pending,Accidental death claim,batch_001,2026-07-31T17:58:20
CLM006460,POL03344,2026-05-14,4505.33,Denied,Burglary,batch_001,2026-07-31T17:58:20
CLM006461,POL05000,2026-05-15,24633.14,Pending,Windshield damage,batch_001,2026-07-31T17:58:20
CLM006462,POL04817,2026-05-15,22878.85,Pending,Accidental death claim,batch_001,2026-07-31T17:58:20
CLM006463,POL04491,2026-05-15,6273.91,Denied,Vandalism damage,batch_001,2026-07-31T17:58:20
CLM006464,POL03912,2026-05-15,21642.52,Denied,Fallen tree damage,batch_001,2026-07-31T17:58:20
CLM006465,POL04217,2026-05-15,11653.38,Denied,Hit and run,batch_001,2026-07-31T17:58:20
CLM006466,POL05005,2026-05-15,4763.55,Denied,Water damage,batch_001,2026-07-31T17:58:20
CLM006467,POL02467,2026-05-15,3123.31,Denied,Fallen tree damage,batch_001,2026-07-31T17:58:20
CLM006468,POL01415,2026-05-16,1316.51,Denied,Vandalism damage,batch_001,2026-07-31T17:58:20
CLM006469,POL02024,2026-05-16,2481.58,Approved,Fallen tree damage,batch_001,2026-07-31T17:58:20
CLM006470,POL04325,2026-05-16,18676.29,Pending,Water damage,batch_001,2026-07-31T17:58:20
CLM006471,POL01268,2026-05-16,24776.95,Denied,Medical procedure,batch_001,2026-07-31T17:58:20
CLM006472,POL00241,2026-05-16,210.03,Approved,Terminal illness claim,batch_001,2026-07-31T17:58:20
CLM006473,POL02438,2026-05-16,1336.79,Pending,Hit and run,batch_001,2026-07-31T17:58:20
CLM006474,POL03268,2026-05-16,3755.17,Pending,Water damage,batch_001,2026-07-31T17:58:20
CLM006475,POL02499,2026-05-17,18555.66,Pending,Windshield damage,batch_001,2026-07-31T17:58:20
CLM006476,POL00277,2026-05-17,21780.81,Pending,Vandalism damage,batch_001,2026-07-31T17:58:20
CLM006477,POL00580,2026-05-17,5521.41,Approved,Medical procedure,batch_001,2026-07-31T17:58:20
CLM006478,POL01673,2026-05-17,12963.00,Pending,Prescription claim,batch_001,2026-07-31T17:58:20
CLM006479,POL02633,2026-05-17,3892.41,Pending,Fallen tree damage,batch_001,2026-07-31T17:58:20
CLM006480,POL03851,2026-05-17,3396.64,Pending,Accidental death claim,batch_001,2026-07-31T17:58:20
CLM006481,POL04425,2026-05-17,10925.99,Denied,Prescription claim,batch_001,2026-07-31T17:58:20
CLM006482,POL02435,2026-05-17,4078.25,Pending,Fire damage,batch_001,2026-07-31T17:58:20
CLM006483,POL02432,2026-05-17,22723.91,Denied,Vandalism damage,batch_001,2026-07-31T17:58:20
CLM006484,POL01240,2026-05-17,1484.72,Approved,Windshield damage,batch_001,2026-07-31T17:58:20
CLM006485,POL02760,2026-05-18,20808.11,Approved,Fallen tree damage,batch_001,2026-07-31T17:58:20
CLM006486,POL03969,2026-05-18,24833.82,Denied,Fallen tree damage,batch_001,2026-07-31T17:58:20
CLM006487,POL00839,2026-05-18,15597.39,Denied,Vandalism damage,batch_001,2026-07-31T17:58:20
CLM006488,POL05083,2026-05-18,10076.90,Pending,Fallen tree damage,batch_001,2026-07-31T17:58:20
CLM006489,POL00279,2026-05-18,16260.97,Denied,Burglary,batch_001,2026-07-31T17:58:20
CLM006490,POL04375,2026-05-18,3379.54,Approved,Water damage,batch_001,2026-07-31T17:58:20
CLM006491,POL03882,2026-05-18,16506.16,Approved,Medical procedure,batch_001,2026-07-31T17:58:20
CLM006492,POL03675,2026-05-19,15430.61,Denied,Medical procedure,batch_001,2026-07-31T17:58:20
CLM006493,POL04311,2026-05-19,10822.27,Denied,Hit and run,batch_001,2026-07-31T17:58:20
CLM006494,POL01253,2026-05-19,18966.62,Pending,Accidental death claim,batch_001,2026-07-31T17:58:20
CLM006495,POL02379,2026-05-19,21254.40,Approved,Roof damage from storm,batch_001,2026-07-31T17:58:20
CLM006496,POL02031,2026-05-19,19905.53,Denied,Burglary,batch_001,2026-07-31T17:58:20
CLM006497,POL02111,2026-05-19,3100.85,Approved,Surgery reimbursement,batch_001,2026-07-31T17:58:20
CLM006498,POL01848,2026-05-19,24112.69,Pending,Windshield damage,batch_001,2026-07-31T17:58:20
CLM006499,POL03950,2026-05-20,16545.86,Denied,Prescription claim,batch_001,2026-07-31T17:58:20
CLM006500,POL00795,2026-05-20,417.04,Denied,Burglary,batch_001,2026-07-31T17:58:20
CLM006501,POL04063,2026-05-20,4991.59,Approved,Death benefit claim,batch_001,2026-07-31T17:58:20
CLM006502,POL04066,2026-05-20,24765.43,Denied,Water damage,batch_001,2026-07-31T17:58:20
CLM006503,POL01850,2026-05-20,10534.19,Pending,Emergency room visit,batch_001,2026-07-31T17:58:20
CLM006504,POL00369,2026-05-20,3750.66,Denied,Vandalism damage,batch_001,2026-07-31T17:58:20
CLM006505,POL04783,2026-05-20,14980.74,Approved,Fallen tree damage,batch_001,2026-07-31T17:58:20
CLM006506,POL01625,2026-05-20,12939.35,Approved,Death benefit claim,batch_001,2026-07-31T17:58:20
CLM006507,POL03766,2026-05-20,1103.84,Denied,Fire damage,batch_001,2026-07-31T17:58:20
CLM006508,POL02408,2026-05-21,21309.42,Denied,Roof damage from storm,batch_001,2026-07-31T17:58:20
CLM006509,POL03675,2026-05-21,7236.62,Pending,Medical procedure,batch_001,2026-07-31T17:58:20
CLM006510,POL02220,2026-05-21,12385.22,Approved,Burglary,batch_001,2026-07-31T17:58:20
CLM006511,POL04379,2026-05-21,10457.97,Approved,Emergency room visit,batch_001,2026-07-31T17:58:20
CLM006512,POL02583,2026-05-21,24662.48,Approved,Accidental death claim,batch_001,2026-07-31T17:58:20
CLM006513,POL03854,2026-05-21,10397.12,Approved,Accidental death claim,batch_001,2026-07-31T17:58:20
CLM006514,POL00585,2026-05-21,19682.05,Pending,Water damage,batch_001,2026-07-31T17:58:20
CLM006515,POL04566,2026-05-22,21347.97,Denied,Water damage,batch_001,2026-07-31T17:58:20
CLM006516,POL03960,2026-05-22,17407.41,Pending,Windshield damage,batch_001,2026-07-31T17:58:20
CLM006517,POL04410,2026-05-22,14867.93,Approved,Terminal illness claim,batch_001,2026-07-31T17:58:20
CLM006518,POL02881,2026-05-22,9649.81,Denied,Vehicle collision,batch_001,2026-07-31T17:58:20
CLM006519,POL04957,2026-05-22,20367.18,Pending,Terminal illness claim,batch_001,2026-07-31T17:58:20
CLM006520,POL04169,2026-05-22,136.25,Denied,Fallen tree damage,batch_001,2026-07-31T17:58:20
CLM006521,POL00648,2026-05-22,18250.10,Approved,Surgery reimbursement,batch_001,2026-07-31T17:58:20
CLM006522,POL03702,2026-05-22,6588.24,Pending,Hospital stay,batch_001,2026-07-31T17:58:20
CLM006523,POL03215,2026-05-23,16760.01,Approved,Hospital stay,batch_001,2026-07-31T17:58:20
CLM006524,POL00959,2026-05-23,23053.45,Approved,Burglary,batch_001,2026-07-31T17:58:20
CLM006525,POL03874,2026-05-23,167.05,Denied,Medical procedure,batch_001,2026-07-31T17:58:20
CLM006526,POL04816,2026-05-23,6221.17,Approved,Theft of vehicle,batch_001,2026-07-31T17:58:20
CLM006527,POL02613,2026-05-23,22330.43,Approved,Fallen tree damage,batch_001,2026-07-31T17:58:20
CLM006528,POL02264,2026-05-23,24619.33,Approved,Fallen tree damage,batch_001,2026-07-31T17:58:20
CLM006529,POL04473,2026-05-24,3825.32,Approved,Fallen tree damage,batch_001,2026-07-31T17:58:20
CLM006530,POL00198,2026-05-24,17056.22,Pending,Hit and run,batch_001,2026-07-31T17:58:20
CLM006531,POL03225,2026-05-24,19246.74,Pending,Vehicle collision,batch_001,2026-07-31T17:58:20
CLM006532,POL01955,2026-05-24,12892.16,Pending,Hospital stay,batch_001,2026-07-31T17:58:20
CLM006533,POL03272,2026-05-24,17143.87,Denied,Medical procedure,batch_001,2026-07-31T17:58:20
CLM006534,POL03644,2026-05-24,13401.04,Approved,Windshield damage,batch_001,2026-07-31T17:58:20
CLM006535,POL03210,2026-05-24,8110.23,Pending,Roof damage from storm,batch_001,2026-07-31T17:58:20
CLM006536,POL00742,2026-05-24,24273.57,Denied,Surgery reimbursement,batch_001,2026-07-31T17:58:20
CLM006537,POL03583,2026-05-24,17761.42,Approved,Windshield damage,batch_001,2026-07-31T17:58:20
CLM006538,POL01940,2026-05-24,8629.39,Denied,Death benefit claim,batch_001,2026-07-31T17:58:20
CLM006539,POL01640,2026-05-24,1481.79,Approved,Vandalism damage,batch_001,2026-07-31T17:58:20
CLM006540,POL03838,2026-05-24,7569.53,Approved,Vandalism damage,batch_001,2026-07-31T17:58:20
CLM006541,POL04156,2026-05-25,22510.07,Denied,Burglary,batch_001,2026-07-31T17:58:20
CLM006542,POL00349,2026-05-25,12689.17,Pending,Fallen tree damage,batch_001,2026-07-31T17:58:20
CLM006543,POL03957,2026-05-25,24810.77,Approved,Vandalism damage,batch_001,2026-07-31T17:58:20
CLM006544,POL01378,2026-05-25,1121.55,Pending,Accidental death claim,batch_001,2026-07-31T17:58:20
CLM006545,POL00963,2026-05-25,15027.18,Pending,Medical procedure,batch_001,2026-07-31T17:58:20
CLM006546,POL04431,2026-05-25,20993.48,Pending,Accidental death claim,batch_001,2026-07-31T17:58:20
CLM006547,POL02312,2026-05-25,21654.75,Approved,Vehicle collision,batch_001,2026-07-31T17:58:20
CLM006548,POL01636,2026-05-26,17050.66,Approved,Burglary,batch_001,2026-07-31T17:58:20
CLM006549,POL03102,2026-05-26,2596.47,Denied,Fallen tree damage,batch_001,2026-07-31T17:58:20
CLM006550,POL02259,2026-05-26,13883.27,Pending,Death benefit claim,batch_001,2026-07-31T17:58:20
CLM006551,POL02810,2026-05-26,4158.93,Denied,Death benefit claim,batch_001,2026-07-31T17:58:20
CLM006552,POL01528,2026-05-26,16487.68,Approved,Accidental death claim,batch_001,2026-07-31T17:58:20
CLM006553,POL03304,2026-05-26,905.48,Denied,Accidental death claim,batch_001,2026-07-31T17:58:20
CLM006554,POL01302,2026-05-26,3753.83,Denied,Fire damage,batch_001,2026-07-31T17:58:20
CLM006555,POL04921,2026-05-26,22634.10,Pending,Water damage,batch_001,2026-07-31T17:58:20
CLM006556,POL03900,2026-05-27,11987.44,Denied,Terminal illness claim,batch_001,2026-07-31T17:58:20
CLM006557,POL02282,2026-05-27,7477.02,Pending,Accidental death claim,batch_001,2026-07-31T17:58:20
CLM006558,POL00465,2026-05-27,21602.23,Pending,Accidental death claim,batch_001,2026-07-31T17:58:20
CLM006559,POL01128,2026-05-27,22971.49,Approved,Death benefit claim,batch_001,2026-07-31T17:58:20
CLM006560,POL03636,2026-05-27,18792.80,Denied,Hit and run,batch_001,2026-07-31T17:58:20
CLM006561,POL00602,2026-05-27,20589.57,Pending,Terminal illness claim,batch_001,2026-07-31T17:58:20
CLM006562,POL01998,2026-05-27,14456.82,Denied,Prescription claim,batch_001,2026-07-31T17:58:20
CLM006563,POL03175,2026-05-28,24945.27,Approved,Terminal illness claim,batch_001,2026-07-31T17:58:20
CLM006564,POL01473,2026-05-28,6280.11,Pending,Accidental death claim,batch_001,2026-07-31T17:58:20
CLM006565,POL03080,2026-05-28,23078.94,Denied,Windshield damage,batch_001,2026-07-31T17:58:20
CLM006566,POL00112,2026-05-28,3532.91,Denied,Water damage,batch_001,2026-07-31T17:58:20
CLM006567,POL04380,2026-05-28,7600.05,Approved,Theft of vehicle,batch_001,2026-07-31T17:58:20
CLM006568,POL03983,2026-05-29,20342.57,Denied,Water damage,batch_001,2026-07-31T17:58:20
CLM006569,POL01771,2026-05-29,22680.55,Pending,Burglary,batch_001,2026-07-31T17:58:20
CLM006570,POL00397,2026-05-29,8333.04,Approved,Terminal illness claim,batch_001,2026-07-31T17:58:20
CLM006571,POL01938,2026-05-29,1134.10,Denied,Windshield damage,batch_001,2026-07-31T17:58:20
CLM006572,POL03556,2026-05-30,20747.95,Denied,Medical procedure,batch_001,2026-07-31T17:58:20
CLM006573,POL01059,2026-05-30,18300.26,Pending,Medical procedure,batch_001,2026-07-31T17:58:20
CLM006574,POL03514,2026-05-31,6722.95,Approved,Accidental death claim,batch_001,2026-07-31T17:58:20
CLM006575,POL04465,2026-05-31,14735.43,Approved,Windshield damage,batch_001,2026-07-31T17:58:20
CLM006576,POL04806,2026-05-31,1190.66,Approved,Death benefit claim,batch_001,2026-07-31T17:58:20
CLM006577,POL00481,2026-05-31,20156.80,Approved,Accidental death claim,batch_001,2026-07-31T17:58:20
CLM006578,POL00237,2026-06-01,3664.74,Approved,Medical procedure,batch_001,2026-07-31T17:58:20
CLM006579,POL04984,2026-06-01,6631.08,Approved,Fire damage,batch_001,2026-07-31T17:58:20
CLM006580,POL03769,2026-06-01,18948.71,Pending,Prescription claim,batch_001,2026-07-31T17:58:20
CLM006581,POL04895,2026-06-01,9230.04,Approved,Hospital stay,batch_001,2026-07-31T17:58:20
CLM006582,POL01530,2026-06-02,24232.48,Approved,Medical procedure,batch_001,2026-07-31T17:58:20
CLM006583,POL04370,2026-06-02,10816.54,Approved,Hit and run,batch_001,2026-07-31T17:58:20
CLM006584,POL02858,2026-06-02,22939.06,Denied,Roof damage from storm,batch_001,2026-07-31T17:58:20
CLM006585,POL02636,2026-06-02,6518.96,Denied,Hospital stay,batch_001,2026-07-31T17:58:20
CLM006586,POL01123,2026-06-02,1191.73,Denied,Fallen tree damage,batch_001,2026-07-31T17:58:20
CLM006587,POL04956,2026-06-02,7109.75,Denied,Roof damage from storm,batch_001,2026-07-31T17:58:20
CLM006588,POL01845,2026-06-02,12893.49,Approved,Vandalism damage,batch_001,2026-07-31T17:58:20
CLM006589,POL00134,2026-06-03,15802.48,Approved,Accidental death claim,batch_001,2026-07-31T17:58:20
CLM006590,POL04490,2026-06-03,14921.55,Denied,Surgery reimbursement,batch_001,2026-07-31T17:58:20
CLM006591,POL04337,2026-06-03,5362.90,Denied,Surgery reimbursement,batch_001,2026-07-31T17:58:20
CLM006592,POL03262,2026-06-03,24510.74,Approved,Windshield damage,batch_001,2026-07-31T17:58:20
CLM006593,POL04892,2026-06-04,19875.63,Denied,Death benefit claim,batch_001,2026-07-31T17:58:20
CLM006594,POL01011,2026-06-04,12383.75,Denied,Vehicle collision,batch_001,2026-07-31T17:58:20
CLM006595,POL02580,2026-06-04,17515.34,Denied,Medical procedure,batch_001,2026-07-31T17:58:20
CLM006596,POL01923,2026-06-04,24240.74,Denied,Death benefit claim,batch_001,2026-07-31T17:58:20
CLM006597,POL03441,2026-06-04,21024.88,Denied,Vandalism damage,batch_001,2026-07-31T17:58:20
CLM006598,POL03466,2026-06-04,859.04,Approved,Surgery reimbursement,batch_001,2026-07-31T17:58:20
CLM006599,POL03678,2026-06-05,21605.95,Approved,Prescription claim,batch_001,2026-07-31T17:58:20
CLM006600,POL03327,2026-06-05,499.28,Approved,Theft of vehicle,batch_001,2026-07-31T17:58:20
CLM006601,POL00516,2026-06-05,9212.71,Denied,Medical procedure,batch_001,2026-07-31T17:58:20
CLM006602,POL00582,2026-06-05,9424.02,Approved,Vehicle collision,batch_001,2026-07-31T17:58:20
CLM006603,POL00556,2026-06-05,11086.36,Pending,Accidental death claim,batch_001,2026-07-31T17:58:20
CLM006604,POL00739,2026-06-05,10636.70,Approved,Surgery reimbursement,batch_001,2026-07-31T17:58:20
CLM006605,POL03468,2026-06-05,1443.82,Pending,Burglary,batch_001,2026-07-31T17:58:20
CLM006606,POL04687,2026-06-05,1639.78,Approved,Emergency room visit,batch_001,2026-07-31T17:58:20
CLM006607,POL02095,2026-06-06,7625.33,Approved,Death benefit claim,batch_001,2026-07-31T17:58:20
CLM006608,POL04840,2026-06-06,8227.29,Denied,Accidental death claim,batch_001,2026-07-31T17:58:20
CLM006609,POL02174,2026-06-06,1509.70,Denied,Terminal illness claim,batch_001,2026-07-31T17:58:20
CLM006610,POL02994,2026-06-06,5423.47,Pending,Roof damage from storm,batch_001,2026-07-31T17:58:20
CLM006611,POL03831,2026-06-06,14629.76,Denied,Accidental death claim,batch_001,2026-07-31T17:58:20
CLM006612,POL03771,2026-06-06,3165.40,Pending,Medical procedure,batch_001,2026-07-31T17:58:20
CLM006613,POL04299,2026-06-06,15966.90,Pending,Terminal illness claim,batch_001,2026-07-31T17:58:20
CLM006614,POL03562,2026-06-06,24114.15,Denied,Burglary,batch_001,2026-07-31T17:58:20
CLM006615,POL04758,2026-06-07,5448.72,Denied,Hit and run,batch_001,2026-07-31T17:58:20
CLM006616,POL01009,2026-06-07,13887.85,Approved,Terminal illness claim,batch_001,2026-07-31T17:58:20
CLM006617,POL04975,2026-06-07,12422.91,Pending,Fallen tree damage,batch_001,2026-07-31T17:58:20
CLM006618,POL03769,2026-06-07,9960.10,Approved,Surgery reimbursement,batch_001,2026-07-31T17:58:20
CLM006619,POL03840,2026-06-07,1324.48,Approved,Emergency room visit,batch_001,2026-07-31T17:58:20
CLM006620,POL03918,2026-06-08,21204.37,Pending,Medical procedure,batch_001,2026-07-31T17:58:20
CLM006621,POL04441,2026-06-08,6707.44,Approved,Water damage,batch_001,2026-07-31T17:58:20
CLM006622,POL04618,2026-06-08,4721.65,Approved,Vandalism damage,batch_001,2026-07-31T17:58:20
CLM006623,POL02949,2026-06-08,10868.92,Approved,Death benefit claim,batch_001,2026-07-31T17:58:20
CLM006624,POL01554,2026-06-08,21272.69,Approved,Vandalism damage,batch_001,2026-07-31T17:58:20
CLM006625,POL03925,2026-06-08,5396.27,Pending,Fire damage,batch_001,2026-07-31T17:58:20
CLM006626,POL01724,2026-06-08,14181.51,Denied,Theft of vehicle,batch_001,2026-07-31T17:58:20
CLM006627,POL02123,2026-06-08,1093.96,Pending,Emergency room visit,batch_001,2026-07-31T17:58:20
CLM006628,POL02640,2026-06-08,6077.82,Approved,Terminal illness claim,batch_001,2026-07-31T17:58:20
CLM006629,POL03770,2026-06-09,9463.95,Pending,Emergency room visit,batch_001,2026-07-31T17:58:20
CLM006630,POL02116,2026-06-09,4216.91,Denied,Fire damage,batch_001,2026-07-31T17:58:20
CLM006631,POL05096,2026-06-09,23333.00,Approved,Emergency room visit,batch_001,2026-07-31T17:58:20
CLM006632,POL04383,2026-06-09,21699.91,Pending,Windshield damage,batch_001,2026-07-31T17:58:20
CLM006633,POL00383,2026-06-09,3502.85,Pending,Windshield damage,batch_001,2026-07-31T17:58:20
CLM006634,POL00178,2026-06-09,14423.27,Denied,Accidental death claim,batch_001,2026-07-31T17:58:20
CLM006635,POL00002,2026-06-09,1724.94,Pending,Death benefit claim,batch_001,2026-07-31T17:58:20
CLM006636,POL01868,2026-06-10,19052.52,Approved,Accidental death claim,batch_001,2026-07-31T17:58:20
CLM006637,POL02285,2026-06-10,7404.04,Approved,Roof damage from storm,batch_001,2026-07-31T17:58:20
CLM006638,POL04053,2026-06-10,16530.09,Pending,Fallen tree damage,batch_001,2026-07-31T17:58:20
CLM006639,POL04304,2026-06-10,3818.83,Pending,Vehicle collision,batch_001,2026-07-31T17:58:20
CLM006640,POL03959,2026-06-10,8351.85,Denied,Vehicle collision,batch_001,2026-07-31T17:58:20
CLM006641,POL02690,2026-06-10,21084.25,Pending,Terminal illness claim,batch_001,2026-07-31T17:58:20
CLM006642,POL01040,2026-06-10,22427.81,Approved,Hit and run,batch_001,2026-07-31T17:58:20
CLM006643,POL02651,2026-06-11,10966.80,Pending,Accidental death claim,batch_001,2026-07-31T17:58:20
CLM006644,POL05099,2026-06-11,1829.06,Pending,Emergency room visit,batch_001,2026-07-31T17:58:20
CLM006645,POL01019,2026-06-11,833.42,Pending,Terminal illness claim,batch_001,2026-07-31T17:58:20
CLM006646,POL02330,2026-06-11,24618.56,Approved,Fire damage,batch_001,2026-07-31T17:58:20
CLM006647,POL01510,2026-06-11,19359.07,Denied,Fire damage,batch_001,2026-07-31T17:58:20
CLM006648,POL01051,2026-06-11,12369.80,Denied,Prescription claim,batch_001,2026-07-31T17:58:20
CLM006649,POL01789,2026-06-11,5173.43,Approved,Hit and run,batch_001,2026-07-31T17:58:20
CLM006650,POL04148,2026-06-11,17526.10,Approved,Burglary,batch_001,2026-07-31T17:58:20
CLM006651,POL03292,2026-06-12,23221.64,Pending,Hit and run,batch_001,2026-07-31T17:58:20
CLM006652,POL00232,2026-06-12,23145.28,Denied,Vehicle collision,batch_001,2026-07-31T17:58:20
CLM006653,POL01699,2026-06-12,14006.94,Approved,Emergency room visit,batch_001,2026-07-31T17:58:20
CLM006654,POL03101,2026-06-12,19959.50,Denied,Vandalism damage,batch_001,2026-07-31T17:58:20
CLM006655,POL02566,2026-06-12,4319.70,Pending,Surgery reimbursement,batch_001,2026-07-31T17:58:20
CLM006656,POL01109,2026-06-12,15791.34,Approved,Water damage,batch_001,2026-07-31T17:58:20
CLM006657,POL03875,2026-06-12,19798.03,Denied,Accidental death claim,batch_001,2026-07-31T17:58:20
CLM006658,POL00440,2026-06-12,3393.68,Denied,Terminal illness claim,batch_001,2026-07-31T17:58:20
CLM006659,POL00152,2026-06-12,16917.40,Denied,Burglary,batch_001,2026-07-31T17:58:20
CLM006660,POL03006,2026-06-12,12707.85,Denied,Burglary,batch_001,2026-07-31T17:58:20
CLM006661,POL03443,2026-06-13,3529.23,Pending,Medical procedure,batch_001,2026-07-31T17:58:20
CLM006662,POL03521,2026-06-13,20777.12,Approved,Medical procedure,batch_001,2026-07-31T17:58:20
CLM006663,POL02008,2026-06-13,17694.05,Approved,Fallen tree damage,batch_001,2026-07-31T17:58:20
CLM006664,POL02924,2026-06-13,15893.89,Denied,Roof damage from storm,batch_001,2026-07-31T17:58:20
CLM006665,POL03373,2026-06-14,18250.32,Denied,Fallen tree damage,batch_001,2026-07-31T17:58:20
CLM006666,POL03669,2026-06-14,6754.92,Pending,Terminal illness claim,batch_001,2026-07-31T17:58:20
CLM006667,POL04803,2026-06-14,5300.76,Pending,Windshield damage,batch_001,2026-07-31T17:58:20
CLM006668,POL04810,2026-06-14,17504.67,Pending,Accidental death claim,batch_001,2026-07-31T17:58:20
CLM006669,POL03969,2026-06-15,18739.18,Pending,Roof damage from storm,batch_001,2026-07-31T17:58:20
CLM006670,POL04901,2026-06-15,19760.88,Denied,Fallen tree damage,batch_001,2026-07-31T17:58:20
CLM006671,POL04146,2026-06-15,10738.51,Pending,Hospital stay,batch_001,2026-07-31T17:58:20
CLM006672,POL02581,2026-06-15,20365.30,Approved,Theft of vehicle,batch_001,2026-07-31T17:58:20
CLM006673,POL04893,2026-06-16,17584.79,Pending,Fire damage,batch_001,2026-07-31T17:58:20
CLM006674,POL01171,2026-06-16,20606.30,Denied,Theft of vehicle,batch_001,2026-07-31T17:58:20
CLM006675,POL01774,2026-06-16,3276.22,Pending,Emergency room visit,batch_001,2026-07-31T17:58:20
CLM006676,POL04838,2026-06-16,6505.77,Denied,Medical procedure,batch_001,2026-07-31T17:58:20
CLM006677,POL01072,2026-06-16,2611.02,Pending,Fallen tree damage,batch_001,2026-07-31T17:58:20
CLM006678,POL04799,2026-06-16,17626.83,Pending,Water damage,batch_001,2026-07-31T17:58:20
CLM006679,POL00855,2026-06-16,8305.65,Denied,Hospital stay,batch_001,2026-07-31T17:58:20
CLM006680,POL02781,2026-06-16,5776.66,Approved,Vehicle collision,batch_001,2026-07-31T17:58:20
CLM006681,POL00600,2026-06-16,4643.07,Denied,Hit and run,batch_001,2026-07-31T17:58:20
CLM006682,POL01339,2026-06-16,3523.02,Approved,Fallen tree damage,batch_001,2026-07-31T17:58:20
CLM006683,POL04351,2026-06-17,17609.66,Denied,Hit and run,batch_001,2026-07-31T17:58:20
CLM006684,POL02460,2026-06-17,4398.36,Pending,Fire damage,batch_001,2026-07-31T17:58:20
CLM006685,POL02794,2026-06-17,10002.52,Denied,Fallen tree damage,batch_001,2026-07-31T17:58:20
CLM006686,POL04028,2026-06-17,1698.93,Pending,Fallen tree damage,batch_001,2026-07-31T17:58:20
CLM006687,POL04312,2026-06-17,3619.46,Approved,Death benefit claim,batch_001,2026-07-31T17:58:20
CLM006688,POL03689,2026-06-17,13193.90,Pending,Burglary,batch_001,2026-07-31T17:58:20
CLM006689,POL00474,2026-06-17,8312.71,Pending,Terminal illness claim,batch_001,2026-07-31T17:58:20
CLM006690,POL00553,2026-06-17,9759.53,Approved,Hit and run,batch_001,2026-07-31T17:58:20
CLM006691,POL00632,2026-06-18,24687.50,Approved,Roof damage from storm,batch_001,2026-07-31T17:58:20
CLM006692,POL04715,2026-06-18,16096.60,Denied,Surgery reimbursement,batch_001,2026-07-31T17:58:20
CLM006693,POL03831,2026-06-18,18715.08,Pending,Accidental death claim,batch_001,2026-07-31T17:58:20
CLM006694,POL04395,2026-06-18,24314.42,Denied,Hit and run,batch_001,2026-07-31T17:58:20
CLM006695,POL00201,2026-06-18,18850.65,Denied,Fallen tree damage,batch_001,2026-07-31T17:58:20
CLM006696,POL03510,2026-06-18,17198.79,Pending,Roof damage from storm,batch_001,2026-07-31T17:58:20
CLM006697,POL04648,2026-06-18,19398.60,Denied,Fire damage,batch_001,2026-07-31T17:58:20
CLM006698,POL04437,2026-06-18,6111.90,Approved,Vandalism damage,batch_001,2026-07-31T17:58:20
CLM006699,POL03644,2026-06-19,3938.72,Denied,Vehicle collision,batch_001,2026-07-31T17:58:20
CLM006700,POL00416,2026-06-19,21001.33,Approved,Accidental death claim,batch_001,2026-07-31T17:58:20
CLM006701,POL01153,2026-06-19,10487.80,Denied,Prescription claim,batch_001,2026-07-31T17:58:20
CLM006702,POL01085,2026-06-19,284.48,Denied,Terminal illness claim,batch_001,2026-07-31T17:58:20
CLM006703,POL02920,2026-06-20,22531.62,Pending,Hit and run,batch_001,2026-07-31T17:58:20
CLM006704,POL04150,2026-06-20,10218.17,Denied,Terminal illness claim,batch_001,2026-07-31T17:58:20
CLM006705,POL04090,2026-06-20,16671.19,Pending,Terminal illness claim,batch_001,2026-07-31T17:58:20
CLM006706,POL02642,2026-06-20,8261.68,Denied,Hit and run,batch_001,2026-07-31T17:58:20
CLM006707,POL02885,2026-06-20,2586.92,Approved,Theft of vehicle,batch_001,2026-07-31T17:58:20
CLM006708,POL03853,2026-06-20,10830.74,Approved,Water damage,batch_001,2026-07-31T17:58:20
CLM006709,POL00429,2026-06-20,9721.73,Denied,Theft of vehicle,batch_001,2026-07-31T17:58:20
CLM006710,POL04269,2026-06-20,19693.72,Denied,Hospital stay,batch_001,2026-07-31T17:58:20
CLM006711,POL01088,2026-06-20,7350.14,Approved,Terminal illness claim,batch_001,2026-07-31T17:58:20
CLM006712,POL00585,2026-06-21,10426.61,Denied,Roof damage from storm,batch_001,2026-07-31T17:58:20
CLM006713,POL02664,2026-06-21,2752.13,Approved,Surgery reimbursement,batch_001,2026-07-31T17:58:20
CLM006714,POL02479,2026-06-21,6574.30,Pending,Fallen tree damage,batch_001,2026-07-31T17:58:20
CLM006715,POL05011,2026-06-21,11860.50,Denied,Water damage,batch_001,2026-07-31T17:58:20
CLM006716,POL01178,2026-06-21,20061.72,Approved,Fire damage,batch_001,2026-07-31T17:58:20
CLM006717,POL04336,2026-06-21,10222.74,Pending,Terminal illness claim,batch_001,2026-07-31T17:58:20
CLM006718,POL00140,2026-06-22,12862.71,Approved,Surgery reimbursement,batch_001,2026-07-31T17:58:20
CLM006719,POL03850,2026-06-22,21694.85,Pending,Water damage,batch_001,2026-07-31T17:58:20
CLM006720,POL03708,2026-06-22,595.01,Approved,Burglary,batch_001,2026-07-31T17:58:20
CLM006721,POL01590,2026-06-22,1234.99,Pending,Terminal illness claim,batch_001,2026-07-31T17:58:20
CLM006722,POL02194,2026-06-22,3931.68,Approved,Accidental death claim,batch_001,2026-07-31T17:58:20
CLM006723,POL03369,2026-06-22,1613.00,Approved,Roof damage from storm,batch_001,2026-07-31T17:58:20
CLM006724,POL00398,2026-06-22,13559.88,Pending,Vandalism damage,batch_001,2026-07-31T17:58:20
CLM006725,POL01830,2026-06-22,856.88,Pending,Terminal illness claim,batch_001,2026-07-31T17:58:20
CLM006726,POL00567,2026-06-22,5393.52,Pending,Vandalism damage,batch_001,2026-07-31T17:58:20
CLM006727,POL00100,2026-06-23,14638.66,Denied,Accidental death claim,batch_001,2026-07-31T17:58:20
CLM006728,POL00543,2026-06-23,20609.45,Denied,Vandalism damage,batch_001,2026-07-31T17:58:20
CLM006729,POL03972,2026-06-23,21713.36,Pending,Burglary,batch_001,2026-07-31T17:58:20
CLM006730,POL01106,2026-06-23,21033.42,Denied,Fire damage,batch_001,2026-07-31T17:58:20
CLM006731,POL04549,2026-06-23,6791.28,Approved,Terminal illness claim,batch_001,2026-07-31T17:58:20
CLM006732,POL03189,2026-06-24,15273.88,Pending,Medical procedure,batch_001,2026-07-31T17:58:20
CLM006733,POL02448,2026-06-24,8012.55,Approved,Hit and run,batch_001,2026-07-31T17:58:20
CLM006734,POL01677,2026-06-24,8913.04,Denied,Prescription claim,batch_001,2026-07-31T17:58:20
CLM006735,POL02451,2026-06-24,24697.64,Approved,Vandalism damage,batch_001,2026-07-31T17:58:20
CLM006736,POL02637,2026-06-24,12506.81,Pending,Emergency room visit,batch_001,2026-07-31T17:58:20
CLM006737,POL04695,2026-06-24,6355.25,Approved,Theft of vehicle,batch_001,2026-07-31T17:58:20
CLM006738,POL04789,2026-06-25,20726.84,Pending,Vehicle collision,batch_001,2026-07-31T17:58:20
CLM006739,POL01150,2026-06-25,16480.74,Denied,Death benefit claim,batch_001,2026-07-31T17:58:20
CLM006740,POL01382,2026-06-25,17958.95,Denied,Theft of vehicle,batch_001,2026-07-31T17:58:20
CLM006741,POL01206,2026-06-25,16301.77,Approved,Death benefit claim,batch_001,2026-07-31T17:58:20
CLM006742,POL00738,2026-06-25,8908.98,Pending,Hospital stay,batch_001,2026-07-31T17:58:20
CLM006743,POL01147,2026-06-26,8369.88,Denied,Accidental death claim,batch_001,2026-07-31T17:58:20
CLM006744,POL00144,2026-06-26,11769.23,Denied,Windshield damage,batch_001,2026-07-31T17:58:20
CLM006745,POL00335,2026-06-26,5761.21,Pending,Hit and run,batch_001,2026-07-31T17:58:20
CLM006746,POL03767,2026-06-26,11832.01,Pending,Prescription claim,batch_001,2026-07-31T17:58:20
CLM006747,POL03771,2026-06-26,9128.10,Denied,Medical procedure,batch_001,2026-07-31T17:58:20
CLM006748,POL02530,2026-06-26,1760.67,Denied,Surgery reimbursement,batch_001,2026-07-31T17:58:20
CLM006749,POL04282,2026-06-26,18068.70,Approved,Vehicle collision,batch_001,2026-07-31T17:58:20
CLM006750,POL04104,2026-06-27,13097.36,Pending,Death benefit claim,batch_001,2026-07-31T17:58:20
CLM006751,POL04968,2026-06-27,8068.00,Pending,Accidental death claim,batch_001,2026-07-31T17:58:20
CLM006752,POL03248,2026-06-27,17438.65,Denied,Water damage,batch_001,2026-07-31T17:58:20
CLM006753,POL04674,2026-06-27,10565.09,Approved,Accidental death claim,batch_001,2026-07-31T17:58:20
CLM006754,POL01801,2026-06-28,4291.05,Denied,Medical procedure,batch_001,2026-07-31T17:58:20
CLM006755,POL02954,2026-06-28,18092.03,Denied,Hospital stay,batch_001,2026-07-31T17:58:20
CLM006756,POL02294,2026-06-28,4227.08,Denied,Prescription claim,batch_001,2026-07-31T17:58:20
CLM006757,POL02397,2026-06-28,23209.49,Approved,Vehicle collision,batch_001,2026-07-31T17:58:20
CLM006758,POL03633,2026-06-28,4892.50,Approved,Hit and run,batch_001,2026-07-31T17:58:20
CLM006759,POL03301,2026-06-28,4626.65,Pending,Windshield damage,batch_001,2026-07-31T17:58:20
CLM006760,POL00709,2026-06-28,9351.11,Pending,Death benefit claim,batch_001,2026-07-31T17:58:20
CLM006761,POL03840,2026-06-28,13567.97,Approved,Surgery reimbursement,batch_001,2026-07-31T17:58:20
CLM006762,POL01202,2026-06-28,22170.21,Denied,Roof damage from storm,batch_001,2026-07-31T17:58:20
CLM006763,POL04614,2026-06-28,7878.99,Pending,Hospital stay,batch_001,2026-07-31T17:58:20
CLM006764,POL04864,2026-06-28,20915.79,Denied,Emergency room visit,batch_001,2026-07-31T17:58:20
CLM006765,POL01930,2026-06-28,3424.59,Pending,Emergency room visit,batch_001,2026-07-31T17:58:20
CLM006766,POL01803,2026-06-28,16378.71,Approved,Terminal illness claim,batch_001,2026-07-31T17:58:20
CLM006767,POL04118,2026-06-28,23651.41,Approved,Death benefit claim,batch_001,2026-07-31T17:58:20
CLM006768,POL01403,2026-06-29,5777.17,Pending,Fallen tree damage,batch_001,2026-07-31T17:58:20
CLM006769,POL00464,2026-06-29,994.20,Denied,Roof damage from storm,batch_001,2026-07-31T17:58:20
CLM006770,POL02235,2026-06-29,21835.74,Pending,Fallen tree damage,batch_001,2026-07-31T17:58:20
CLM006771,POL03671,2026-06-29,1485.16,Pending,Surgery reimbursement,batch_001,2026-07-31T17:58:20
CLM006772,POL03818,2026-06-29,24612.33,Pending,Surgery reimbursement,batch_001,2026-07-31T17:58:20
CLM006773,POL02126,2026-06-29,1857.97,Denied,Terminal illness claim,batch_001,2026-07-31T17:58:20
CLM006774,POL04067,2026-06-30,7917.61,Approved,Vandalism damage,batch_001,2026-07-31T17:58:20
CLM006775,POL04300,2026-06-30,2027.11,Pending,Hospital stay,batch_001,2026-07-31T17:58:20
CLM006776,POL00326,2026-06-30,21090.52,Pending,Death benefit claim,batch_001,2026-07-31T17:58:20
CLM006777,POL03792,2026-06-30,12903.29,Denied,Vandalism damage,batch_001,2026-07-31T17:58:20
CLM006778,POL00531,2026-06-30,8078.10,Pending,Death benefit claim,batch_001,2026-07-31T17:58:20
CLM006779,POL04570,2026-06-30,14567.67,Denied,Vandalism damage,batch_001,2026-07-31T17:58:20
CLM006780,POL04986,2026-06-30,19076.43,Pending,Hit and run,batch_001,2026-07-31T17:58:20
CLM006781,POL01374,2026-06-30,10184.18,Pending,Death benefit claim,batch_001,2026-07-31T17:58:20
CLM006782,POL04142,2026-06-30,6663.01,Pending,Hit and run,batch_001,2026-07-31T17:58:20
CLM006783,POL03368,2026-06-30,5213.54,Approved,Windshield damage,batch_001,2026-07-31T17:58:20
CLM006784,POL00139,2026-06-30,17162.67,Denied,Water damage,batch_001,2026-07-31T17:58:20
CLM006785,POL01237,2026-07-01,6021.10,Denied,Vehicle collision,batch_001,2026-07-31T17:58:20
CLM006786,POL01478,2026-07-01,2951.46,Pending,Hospital stay,batch_001,2026-07-31T17:58:20
CLM006787,POL00229,2026-07-01,15837.67,Denied,Medical procedure,batch_001,2026-07-31T17:58:20
CLM006788,POL04483,2026-07-01,21974.50,Pending,Water damage,batch_001,2026-07-31T17:58:20
CLM006789,POL01268,2026-07-01,23217.12,Pending,Hospital stay,batch_001,2026-07-31T17:58:20
CLM006790,POL04285,2026-07-01,16125.03,Pending,Medical procedure,batch_001,2026-07-31T17:58:20
CLM006791,POL04185,2026-07-01,19198.70,Approved,Prescription claim,batch_001,2026-07-31T17:58:20
CLM006792,POL00058,2026-07-01,22893.67,Denied,Accidental death claim,batch_001,2026-07-31T17:58:20
CLM006793,POL04883,2026-07-01,1012.53,Approved,Water damage,batch_001,2026-07-31T17:58:20
CLM006794,POL03725,2026-07-01,14694.80,Approved,Burglary,batch_001,2026-07-31T17:58:20
CLM006795,POL01203,2026-07-02,14778.04,Approved,Terminal illness claim,batch_001,2026-07-31T17:58:20
CLM006796,POL04533,2026-07-02,15206.72,Approved,Windshield damage,batch_001,2026-07-31T17:58:20
CLM006797,POL02252,2026-07-02,22641.70,Pending,Burglary,batch_001,2026-07-31T17:58:20
CLM006798,POL02489,2026-07-02,15226.05,Denied,Water damage,batch_001,2026-07-31T17:58:20
CLM006799,POL01988,2026-07-02,17874.82,Approved,Burglary,batch_001,2026-07-31T17:58:20
CLM006800,POL04021,2026-07-03,8264.80,Pending,Accidental death claim,batch_001,2026-07-31T17:58:20
CLM006801,POL03390,2026-07-03,21570.08,Pending,Emergency room visit,batch_001,2026-07-31T17:58:20
CLM006802,POL01565,2026-07-03,8524.15,Pending,Hit and run,batch_001,2026-07-31T17:58:20
CLM006803,POL00109,2026-07-03,20029.11,Denied,Emergency room visit,batch_001,2026-07-31T17:58:20
CLM006804,POL00832,2026-07-03,19171.96,Pending,Death benefit claim,batch_001,2026-07-31T17:58:20
CLM006805,POL00821,2026-07-03,8140.32,Denied,Accidental death claim,batch_001,2026-07-31T17:58:20
CLM006806,POL00350,2026-07-03,17065.50,Denied,Terminal illness claim,batch_001,2026-07-31T17:58:20
CLM006807,POL00269,2026-07-04,9001.16,Pending,Medical procedure,batch_001,2026-07-31T17:58:20
CLM006808,POL04300,2026-07-04,12013.18,Pending,Emergency room visit,batch_001,2026-07-31T17:58:20
CLM006809,POL04232,2026-07-04,6918.83,Denied,Roof damage from storm,batch_001,2026-07-31T17:58:20
CLM006810,POL00367,2026-07-04,7848.37,Pending,Vandalism damage,batch_001,2026-07-31T17:58:20
CLM006811,POL01715,2026-07-04,2706.30,Approved,Theft of vehicle,batch_001,2026-07-31T17:58:20
CLM006812,POL00524,2026-07-04,7783.36,Denied,Medical procedure,batch_001,2026-07-31T17:58:20
CLM006813,POL00839,2026-07-04,18838.31,Approved,Theft of vehicle,batch_001,2026-07-31T17:58:20
CLM006814,POL00404,2026-07-04,5041.46,Pending,Terminal illness claim,batch_001,2026-07-31T17:58:20
CLM006815,POL00933,2026-07-04,8175.05,Denied,Vandalism damage,batch_001,2026-07-31T17:58:20
CLM006816,POL04930,2026-07-05,1958.73,Approved,Fallen tree damage,batch_001,2026-07-31T17:58:20
CLM006817,POL03588,2026-07-05,21970.70,Denied,Fallen tree damage,batch_001,2026-07-31T17:58:20
CLM006818,POL03657,2026-07-05,13489.40,Approved,Death benefit claim,batch_001,2026-07-31T17:58:20
CLM006819,POL02479,2026-07-05,20126.98,Pending,Roof damage from storm,batch_001,2026-07-31T17:58:20
CLM006820,POL02926,2026-07-05,10716.16,Denied,Roof damage from storm,batch_001,2026-07-31T17:58:20
CLM006821,POL03376,2026-07-05,24410.54,Pending,Theft of vehicle,batch_001,2026-07-31T17:58:20
CLM006822,POL00203,2026-07-06,22882.99,Approved,Prescription claim,batch_001,2026-07-31T17:58:20
CLM006823,POL03501,2026-07-06,23849.09,Approved,Death benefit claim,batch_001,2026-07-31T17:58:20
CLM006824,POL03539,2026-07-06,5526.44,Approved,Fallen tree damage,batch_001,2026-07-31T17:58:20
CLM006825,POL02616,2026-07-06,12046.17,Denied,Vandalism damage,batch_001,2026-07-31T17:58:20
CLM006826,POL01707,2026-07-06,21728.24,Denied,Vandalism damage,batch_001,2026-07-31T17:58:20
CLM006827,POL04082,2026-07-06,9214.68,Pending,Death benefit claim,batch_001,2026-07-31T17:58:20
CLM006828,POL04927,2026-07-06,22759.30,Pending,Fire damage,batch_001,2026-07-31T17:58:20
CLM006829,POL03598,2026-07-06,5914.68,Pending,Terminal illness claim,batch_001,2026-07-31T17:58:20
CLM006830,POL04584,2026-07-07,19373.18,Approved,Accidental death claim,batch_001,2026-07-31T17:58:20
CLM006831,POL00310,2026-07-07,3503.96,Approved,Roof damage from storm,batch_001,2026-07-31T17:58:20
CLM006832,POL04582,2026-07-07,9270.39,Pending,Roof damage from storm,batch_001,2026-07-31T17:58:20
CLM006833,POL01341,2026-07-07,24898.65,Approved,Death benefit claim,batch_001,2026-07-31T17:58:20
CLM006834,POL01435,2026-07-07,7572.14,Denied,Roof damage from storm,batch_001,2026-07-31T17:58:20
CLM006835,POL00566,2026-07-07,13794.76,Pending,Theft of vehicle,batch_001,2026-07-31T17:58:20
CLM006836,POL04404,2026-07-07,6261.23,Denied,Hit and run,batch_001,2026-07-31T17:58:20
CLM006837,POL00197,2026-07-07,23673.68,Approved,Theft of vehicle,batch_001,2026-07-31T17:58:20
CLM006838,POL02390,2026-07-07,19888.26,Denied,Surgery reimbursement,batch_001,2026-07-31T17:58:20
CLM006839,POL03185,2026-07-07,4499.48,Approved,Roof damage from storm,batch_001,2026-07-31T17:58:20
CLM006840,POL04689,2026-07-07,8982.74,Denied,Water damage,batch_001,2026-07-31T17:58:20
CLM006841,POL03990,2026-07-07,6766.60,Pending,Vehicle collision,batch_001,2026-07-31T17:58:20
CLM006842,POL03480,2026-07-07,1684.69,Approved,Terminal illness claim,batch_001,2026-07-31T17:58:20
CLM006843,POL00108,2026-07-08,23712.78,Approved,Vehicle collision,batch_001,2026-07-31T17:58:20
CLM006844,POL04208,2026-07-08,16643.67,Denied,Accidental death claim,batch_001,2026-07-31T17:58:20
CLM006845,POL04521,2026-07-09,1887.95,Denied,Vehicle collision,batch_001,2026-07-31T17:58:20
CLM006846,POL01868,2026-07-09,19714.62,Denied,Terminal illness claim,batch_001,2026-07-31T17:58:20
CLM006847,POL03929,2026-07-09,9726.44,Approved,Fallen tree damage,batch_001,2026-07-31T17:58:20
CLM006848,POL02091,2026-07-09,20450.73,Approved,Prescription claim,batch_001,2026-07-31T17:58:20
CLM006849,POL03685,2026-07-10,7266.26,Pending,Death benefit claim,batch_001,2026-07-31T17:58:20
CLM006850,POL04846,2026-07-10,20278.09,Approved,Accidental death claim,batch_001,2026-07-31T17:58:20
CLM006851,POL03319,2026-07-10,7286.53,Pending,Death benefit claim,batch_001,2026-07-31T17:58:20
CLM006852,POL01649,2026-07-11,19289.20,Approved,Windshield damage,batch_001,2026-07-31T17:58:20
CLM006853,POL03480,2026-07-11,24047.41,Pending,Terminal illness claim,batch_001,2026-07-31T17:58:20
CLM006854,POL00243,2026-07-11,14420.94,Pending,Vandalism damage,batch_001,2026-07-31T17:58:20
CLM006855,POL03150,2026-07-11,17706.30,Approved,Death benefit claim,batch_001,2026-07-31T17:58:20
CLM006856,POL04570,2026-07-11,22278.22,Denied,Hit and run,batch_001,2026-07-31T17:58:20
CLM006857,POL03707,2026-07-11,11546.02,Pending,Hit and run,batch_001,2026-07-31T17:58:20
CLM006858,POL03404,2026-07-12,10405.19,Approved,Vehicle collision,batch_001,2026-07-31T17:58:20
CLM006859,POL01144,2026-07-12,24934.81,Pending,Burglary,batch_001,2026-07-31T17:58:20
CLM006860,POL01971,2026-07-12,7019.33,Approved,Fire damage,batch_001,2026-07-31T17:58:20
CLM006861,POL01049,2026-07-12,3427.62,Pending,Windshield damage,batch_001,2026-07-31T17:58:20
CLM006862,POL02201,2026-07-12,15381.59,Pending,Death benefit claim,batch_001,2026-07-31T17:58:20
CLM006863,POL00593,2026-07-12,22501.14,Approved,Prescription claim,batch_001,2026-07-31T17:58:20
CLM006864,POL03469,2026-07-12,13887.80,Denied,Prescription claim,batch_001,2026-07-31T17:58:20
CLM006865,POL02934,2026-07-12,15468.20,Approved,Vehicle collision,batch_001,2026-07-31T17:58:20
CLM006866,POL03886,2026-07-12,21619.68,Pending,Medical procedure,batch_001,2026-07-31T17:58:20
CLM006867,POL02683,2026-07-12,3828.03,Denied,Surgery reimbursement,batch_001,2026-07-31T17:58:20
CLM006868,POL03307,2026-07-12,3095.41,Denied,Vehicle collision,batch_001,2026-07-31T17:58:20
CLM006869,POL05053,2026-07-12,4188.69,Approved,Terminal illness claim,batch_001,2026-07-31T17:58:20
CLM006870,POL00514,2026-07-13,11502.24,Denied,Theft of vehicle,batch_001,2026-07-31T17:58:20
CLM006871,POL03558,2026-07-13,22053.88,Approved,Terminal illness claim,batch_001,2026-07-31T17:58:20
CLM006872,POL00431,2026-07-13,2840.09,Denied,Emergency room visit,batch_001,2026-07-31T17:58:20
CLM006873,POL04011,2026-07-13,18815.04,Denied,Emergency room visit,batch_001,2026-07-31T17:58:20
CLM006874,POL00545,2026-07-13,14233.53,Denied,Accidental death claim,batch_001,2026-07-31T17:58:20
CLM006875,POL03125,2026-07-13,22351.33,Pending,Surgery reimbursement,batch_001,2026-07-31T17:58:20
CLM006876,POL02917,2026-07-14,14607.93,Approved,Accidental death claim,batch_001,2026-07-31T17:58:20
CLM006877,POL01497,2026-07-14,12200.59,Denied,Hit and run,batch_001,2026-07-31T17:58:20
CLM006878,POL02153,2026-07-14,20316.13,Denied,Vandalism damage,batch_001,2026-07-31T17:58:20
CLM006879,POL00369,2026-07-14,755.51,Pending,Theft of vehicle,batch_001,2026-07-31T17:58:20
CLM006880,POL00021,2026-07-15,24322.79,Pending,Terminal illness claim,batch_001,2026-07-31T17:58:20
CLM006881,POL02813,2026-07-15,1682.29,Pending,Emergency room visit,batch_001,2026-07-31T17:58:20
CLM006882,POL02221,2026-07-15,19509.24,Pending,Theft of vehicle,batch_001,2026-07-31T17:58:20
CLM006883,POL04501,2026-07-15,10043.32,Approved,Emergency room visit,batch_001,2026-07-31T17:58:20
CLM006884,POL04370,2026-07-15,22774.06,Approved,Vandalism damage,batch_001,2026-07-31T17:58:20
CLM006885,POL00007,2026-07-16,7587.18,Approved,Emergency room visit,batch_001,2026-07-31T17:58:20
CLM006886,POL00542,2026-07-16,6392.00,Denied,Surgery reimbursement,batch_001,2026-07-31T17:58:20
CLM006887,POL03097,2026-07-16,18307.26,Pending,Medical procedure,batch_001,2026-07-31T17:58:20
CLM006888,POL03063,2026-07-16,17197.28,Denied,Vandalism damage,batch_001,2026-07-31T17:58:20
CLM006889,POL01622,2026-07-16,3805.54,Approved,Vehicle collision,batch_001,2026-07-31T17:58:20
CLM006890,POL02136,2026-07-16,17447.39,Pending,Burglary,batch_001,2026-07-31T17:58:20
CLM006891,POL04309,2026-07-16,12974.76,Pending,Surgery reimbursement,batch_001,2026-07-31T17:58:20
CLM006892,POL01751,2026-07-16,1681.84,Pending,Medical procedure,batch_001,2026-07-31T17:58:20
CLM006893,POL02372,2026-07-16,447.70,Denied,Surgery reimbursement,batch_001,2026-07-31T17:58:20
CLM006894,POL01998,2026-07-16,11076.23,Pending,Prescription claim,batch_001,2026-07-31T17:58:20
CLM006895,POL03481,2026-07-16,2459.49,Approved,Death benefit claim,batch_001,2026-07-31T17:58:20
CLM006896,POL04329,2026-07-17,20129.34,Pending,Death benefit claim,batch_001,2026-07-31T17:58:20
CLM006897,POL00490,2026-07-17,2587.64,Pending,Hospital stay,batch_001,2026-07-31T17:58:20
CLM006898,POL03936,2026-07-17,24129.23,Approved,Roof damage from storm,batch_001,2026-07-31T17:58:20
CLM006899,POL01689,2026-07-17,14599.20,Denied,Death benefit claim,batch_001,2026-07-31T17:58:20
CLM006900,POL00532,2026-07-17,6329.25,Denied,Hit and run,batch_001,2026-07-31T17:58:20
CLM006901,POL04382,2026-07-17,10372.56,Pending,Death benefit claim,batch_001,2026-07-31T17:58:20
CLM006902,POL00122,2026-07-17,12198.54,Pending,Vehicle collision,batch_001,2026-07-31T17:58:20
CLM006903,POL04496,2026-07-17,11457.08,Approved,Accidental death claim,batch_001,2026-07-31T17:58:20
CLM006904,POL03321,2026-07-18,15808.46,Denied,Hit and run,batch_001,2026-07-31T17:58:20
CLM006905,POL02468,2026-07-18,3308.96,Denied,Vehicle collision,batch_001,2026-07-31T17:58:20
CLM006906,POL03331,2026-07-18,16093.64,Pending,Medical procedure,batch_001,2026-07-31T17:58:20
CLM006907,POL01170,2026-07-18,21606.75,Pending,Fire damage,batch_001,2026-07-31T17:58:20
CLM006908,POL02003,2026-07-18,23119.99,Pending,Death benefit claim,batch_001,2026-07-31T17:58:20
CLM006909,POL03050,2026-07-18,23557.44,Approved,Emergency room visit,batch_001,2026-07-31T17:58:20
CLM006910,POL00101,2026-07-18,10165.69,Approved,Death benefit claim,batch_001,2026-07-31T17:58:20
CLM006911,POL01600,2026-07-18,1450.32,Pending,Prescription claim,batch_001,2026-07-31T17:58:20
CLM006912,POL02747,2026-07-18,24422.49,Pending,Roof damage from storm,batch_001,2026-07-31T17:58:20
CLM006913,POL00155,2026-07-18,16914.47,Approved,Fire damage,batch_001,2026-07-31T17:58:20
CLM006914,POL02362,2026-07-18,18548.42,Approved,Surgery reimbursement,batch_001,2026-07-31T17:58:20
CLM006915,POL01257,2026-07-19,779.98,Denied,Terminal illness claim,batch_001,2026-07-31T17:58:20
CLM006916,POL00301,2026-07-19,2667.11,Approved,Roof damage from storm,batch_001,2026-07-31T17:58:20
CLM006917,POL02620,2026-07-19,18489.53,Pending,Windshield damage,batch_001,2026-07-31T17:58:20
CLM006918,POL00157,2026-07-19,2476.67,Denied,Hit and run,batch_001,2026-07-31T17:58:20
CLM006919,POL02047,2026-07-19,5224.59,Pending,Fallen tree damage,batch_001,2026-07-31T17:58:20
CLM006920,POL01153,2026-07-20,3305.25,Approved,Surgery reimbursement,batch_001,2026-07-31T17:58:20
CLM006921,POL00307,2026-07-20,884.53,Denied,Fire damage,batch_001,2026-07-31T17:58:20
CLM006922,POL04810,2026-07-20,3349.24,Pending,Death benefit claim,batch_001,2026-07-31T17:58:20
CLM006923,POL00387,2026-07-20,9373.71,Approved,Medical procedure,batch_001,2026-07-31T17:58:20
CLM006924,POL00784,2026-07-21,24025.92,Pending,Accidental death claim,batch_001,2026-07-31T17:58:20
CLM006925,POL00380,2026-07-21,21273.38,Approved,Fire damage,batch_001,2026-07-31T17:58:20
CLM006926,POL02098,2026-07-21,13401.21,Approved,Emergency room visit,batch_001,2026-07-31T17:58:20
CLM006927,POL04718,2026-07-21,2615.62,Approved,Accidental death claim,batch_001,2026-07-31T17:58:20
CLM006928,POL01428,2026-07-21,9154.07,Pending,Terminal illness claim,batch_001,2026-07-31T17:58:20
CLM006929,POL00957,2026-07-22,19935.52,Approved,Death benefit claim,batch_001,2026-07-31T17:58:20
CLM006930,POL04897,2026-07-22,6428.66,Denied,Theft of vehicle,batch_001,2026-07-31T17:58:20
CLM006931,POL02731,2026-07-23,3243.39,Denied,Fire damage,batch_001,2026-07-31T17:58:20
CLM006932,POL04101,2026-07-23,10053.22,Denied,Hospital stay,batch_001,2026-07-31T17:58:20
CLM006933,POL03627,2026-07-23,10762.10,Approved,Emergency room visit,batch_001,2026-07-31T17:58:20
CLM006934,POL02161,2026-07-23,14632.88,Denied,Terminal illness claim,batch_001,2026-07-31T17:58:20
CLM006935,POL01584,2026-07-23,6763.80,Pending,Vehicle collision,batch_001,2026-07-31T17:58:20
CLM006936,POL04779,2026-07-23,23773.81,Approved,Hit and run,batch_001,2026-07-31T17:58:20
CLM006937,POL03718,2026-07-23,15952.77,Denied,Fire damage,batch_001,2026-07-31T17:58:20
CLM006938,POL02267,2026-07-23,16580.59,Pending,Theft of vehicle,batch_001,2026-07-31T17:58:20
CLM006939,POL01453,2026-07-23,15583.58,Approved,Terminal illness claim,batch_001,2026-07-31T17:58:20
CLM006940,POL03316,2026-07-23,20887.50,Approved,Roof damage from storm,batch_001,2026-07-31T17:58:20
CLM006941,POL01455,2026-07-23,24932.24,Denied,Theft of vehicle,batch_001,2026-07-31T17:58:20
CLM006942,POL02724,2026-07-23,14111.74,Approved,Surgery reimbursement,batch_001,2026-07-31T17:58:20
CLM006943,POL03998,2026-07-23,19124.36,Denied,Death benefit claim,batch_001,2026-07-31T17:58:20
CLM006944,POL03029,2026-07-24,19709.60,Pending,Vandalism damage,batch_001,2026-07-31T17:58:20
CLM006945,POL00497,2026-07-24,15527.75,Denied,Prescription claim,batch_001,2026-07-31T17:58:20
CLM006946,POL02459,2026-07-24,2720.14,Denied,Theft of vehicle,batch_001,2026-07-31T17:58:20
CLM006947,POL01796,2026-07-24,6305.42,Pending,Surgery reimbursement,batch_001,2026-07-31T17:58:20
CLM006948,POL01305,2026-07-24,7284.74,Denied,Roof damage from storm,batch_001,2026-07-31T17:58:20
CLM006949,POL03227,2026-07-24,10914.13,Denied,Emergency room visit,batch_001,2026-07-31T17:58:20
CLM006950,POL02770,2026-07-24,5288.62,Pending,Prescription claim,batch_001,2026-07-31T17:58:20
CLM006951,POL01043,2026-07-24,19071.04,Pending,Hospital stay,batch_001,2026-07-31T17:58:20
CLM006952,POL02778,2026-07-24,18723.65,Approved,Terminal illness claim,batch_001,2026-07-31T17:58:20
CLM006953,POL01660,2026-07-24,21948.00,Pending,Prescription claim,batch_001,2026-07-31T17:58:20
CLM006954,POL04046,2026-07-24,23102.10,Approved,Terminal illness claim,batch_001,2026-07-31T17:58:20
CLM006955,POL00846,2026-07-25,8534.99,Approved,Fire damage,batch_001,2026-07-31T17:58:20
CLM006956,POL03750,2026-07-25,21598.94,Pending,Hit and run,batch_001,2026-07-31T17:58:20
CLM006957,POL01610,2026-07-25,18649.17,Pending,Fire damage,batch_001,2026-07-31T17:58:20
CLM006958,POL02655,2026-07-25,6859.19,Pending,Surgery reimbursement,batch_001,2026-07-31T17:58:20
CLM006959,POL03366,2026-07-25,13758.37,Pending,Hit and run,batch_001,2026-07-31T17:58:20
CLM006960,POL02019,2026-07-25,16752.02,Approved,Burglary,batch_001,2026-07-31T17:58:20
CLM006961,POL00830,2026-07-25,9893.08,Pending,Emergency room visit,batch_001,2026-07-31T17:58:20
CLM006962,POL02426,2026-07-26,14181.12,Pending,Accidental death claim,batch_001,2026-07-31T17:58:20
CLM006963,POL01937,2026-07-26,15436.19,Pending,Water damage,batch_001,2026-07-31T17:58:20
CLM006964,POL03402,2026-07-26,2494.92,Approved,Fallen tree damage,batch_001,2026-07-31T17:58:20
CLM006965,POL00683,2026-07-26,2627.50,Pending,Windshield damage,batch_001,2026-07-31T17:58:20
CLM006966,POL03784,2026-07-26,2300.77,Approved,Vehicle collision,batch_001,2026-07-31T17:58:20
CLM006967,POL04073,2026-07-26,20179.44,Denied,Windshield damage,batch_001,2026-07-31T17:58:20
CLM006968,POL03110,2026-07-26,1567.38,Pending,Emergency room visit,batch_001,2026-07-31T17:58:20
CLM006969,POL00034,2026-07-27,23580.32,Denied,Fallen tree damage,batch_001,2026-07-31T17:58:20
CLM006970,POL05027,2026-07-27,10647.95,Denied,Vandalism damage,batch_001,2026-07-31T17:58:20
CLM006971,POL00157,2026-07-27,13942.71,Approved,Hit and run,batch_001,2026-07-31T17:58:20
CLM006972,POL02254,2026-07-27,14388.64,Approved,Emergency room visit,batch_001,2026-07-31T17:58:20
CLM006973,POL01004,2026-07-27,24478.24,Denied,Windshield damage,batch_001,2026-07-31T17:58:20
CLM006974,POL04851,2026-07-27,19228.52,Denied,Prescription claim,batch_001,2026-07-31T17:58:20
CLM006975,POL01507,2026-07-28,8150.54,Denied,Emergency room visit,batch_001,2026-07-31T17:58:20
CLM006976,POL04737,2026-07-28,24788.23,Pending,Emergency room visit,batch_001,2026-07-31T17:58:20
CLM006977,POL03184,2026-07-28,21076.95,Denied,Surgery reimbursement,batch_001,2026-07-31T17:58:20
CLM006978,POL03322,2026-07-28,5207.36,Approved,Hospital stay,batch_001,2026-07-31T17:58:20
CLM006979,POL00892,2026-07-28,11554.24,Pending,Fallen tree damage,batch_001,2026-07-31T17:58:20
CLM006980,POL04823,2026-07-28,15802.17,Denied,Water damage,batch_001,2026-07-31T17:58:20
CLM006981,POL01764,2026-07-28,9945.75,Pending,Roof damage from storm,batch_001,2026-07-31T17:58:20
CLM006982,POL04143,2026-07-28,21177.37,Approved,Accidental death claim,batch_001,2026-07-31T17:58:20
CLM006983,POL00900,2026-07-28,4619.90,Denied,Prescription claim,batch_001,2026-07-31T17:58:20
CLM006984,POL02394,2026-07-28,14222.21,Approved,Accidental death claim,batch_001,2026-07-31T17:58:20
CLM006985,POL03359,2026-07-28,11342.30,Pending,Water damage,batch_001,2026-07-31T17:58:20
CLM006986,POL03373,2026-07-29,17080.01,Pending,Fire damage,batch_001,2026-07-31T17:58:20
CLM006987,POL01790,2026-07-29,8283.05,Pending,Medical procedure,batch_001,2026-07-31T17:58:20
CLM006988,POL00270,2026-07-29,2711.49,Denied,Death benefit claim,batch_001,2026-07-31T17:58:20
CLM006989,POL01392,2026-07-29,8812.62,Pending,Water damage,batch_001,2026-07-31T17:58:20
CLM006990,POL00931,2026-07-29,10093.67,Pending,Windshield damage,batch_001,2026-07-31T17:58:20
CLM006991,POL04651,2026-07-29,15080.64,Pending,Fallen tree damage,batch_001,2026-07-31T17:58:20
CLM006992,POL00278,2026-07-29,19059.32,Approved,Emergency room visit,batch_001,2026-07-31T17:58:20
CLM006993,POL01855,2026-07-29,5867.43,Denied,Windshield damage,batch_001,2026-07-31T17:58:20
CLM006994,POL03902,2026-07-29,22949.28,Denied,Terminal illness claim,batch_001,2026-07-31T17:58:20
CLM006995,POL01681,2026-07-30,23929.24,Denied,Accidental death claim,batch_001,2026-07-31T17:58:20
CLM006996,POL00823,2026-07-30,7108.03,Pending,Fallen tree damage,batch_001,2026-07-31T17:58:20
CLM006997,POL02174,2026-07-30,2306.41,Approved,Death benefit claim,batch_001,2026-07-31T17:58:20
CLM006998,POL03557,2026-07-30,12391.23,Approved,Medical procedure,batch_001,2026-07-31T17:58:20
CLM006999,POL00606,2026-07-30,24849.99,Pending,Water damage,batch_001,2026-07-31T17:58:20
CLM007000,POL00850,2026-07-30,10071.37,Denied,Fallen tree damage,batch_001,2026-07-31T17:58:20
