policy_id,customer_id,policy_type,policy_start_date,policy_end_date,premium_amount,policy_status,batch_id,load_timestamp
POL00001,CUST01127,Home,2022-07-10,2025-07-09,734.39,Active,batch_001,2026-07-31T17:51:10
POL00002,CUST00357,Life,2021-10-15,2022-10-15,3735.06,Active,batch_001,2026-07-31T17:51:10
POL00003,CUST00953,Auto,2023-12-01,2024-11-30,649.74,Cancelled,batch_001,2026-07-31T17:51:10
POL00004,CUST01719,Home,2023-08-29,2024-08-28,3636.89,Lapsed,batch_001,2026-07-31T17:51:10
POL00005,CUST00027,Home,2023-06-23,2026-06-22,1535.32,Cancelled,batch_001,2026-07-31T17:51:10
POL00006,CUST00637,Home,2022-10-06,2024-10-05,1833.20,Lapsed,batch_001,2026-07-31T17:51:10
POL00007,CUST00397,Health,2022-06-13,2023-06-13,645.18,Lapsed,batch_001,2026-07-31T17:51:10
POL00008,CUST00178,Life,2026-03-20,2029-03-19,1469.70,Cancelled,batch_001,2026-07-31T17:51:10
POL00009,CUST01551,Auto,2022-04-26,2023-04-26,4870.96,Cancelled,batch_001,2026-07-31T17:51:10
POL00010,CUST01482,Home,2025-03-01,2027-03-01,4181.14,Cancelled,batch_001,2026-07-31T17:51:10
POL00011,CUST00934,Health,2021-11-05,2022-11-05,419.96,Active,batch_001,2026-07-31T17:51:10
POL00012,CUST01557,Health,2021-10-30,2022-10-30,4359.12,Lapsed,batch_001,2026-07-31T17:51:10
POL00013,CUST00667,Health,2022-05-17,2025-05-16,4203.73,Lapsed,batch_001,2026-07-31T17:51:10
POL00014,CUST00293,Home,2023-06-09,2024-06-08,3416.84,Cancelled,batch_001,2026-07-31T17:51:10
POL00015,CUST01894,Life,2023-07-22,2026-07-21,1375.09,Lapsed,batch_001,2026-07-31T17:51:10
POL00016,CUST00900,Health,2025-11-16,2028-11-15,3503.18,Active,batch_001,2026-07-31T17:51:10
POL00017,CUST01293,Life,2021-10-20,2022-10-20,4144.65,Lapsed,batch_001,2026-07-31T17:51:10
POL00018,CUST01289,Home,2026-05-08,2027-05-08,1212.72,Cancelled,batch_001,2026-07-31T17:51:10
POL00019,CUST01880,Home,2023-04-08,2025-04-07,2099.03,Lapsed,batch_001,2026-07-31T17:51:10
POL00020,CUST01077,Life,2026-03-19,2027-03-19,1383.81,Cancelled,batch_001,2026-07-31T17:51:10
POL00021,CUST00567,Life,2025-02-22,2027-02-22,1937.58,Active,batch_001,2026-07-31T17:51:10
POL00022,CUST00627,Home,2023-06-14,2024-06-13,4333.29,Cancelled,batch_001,2026-07-31T17:51:10
POL00023,CUST01577,Life,2025-05-25,2027-05-25,3062.76,Cancelled,batch_001,2026-07-31T17:51:10
POL00024,CUST00048,Auto,2023-12-11,2025-12-10,2739.75,Cancelled,batch_001,2026-07-31T17:51:10
POL00025,CUST01394,Auto,2021-08-19,2024-08-18,3804.21,Lapsed,batch_001,2026-07-31T17:51:10
POL00026,CUST00014,Health,2022-12-08,2024-12-07,959.16,Cancelled,batch_001,2026-07-31T17:51:10
POL00027,CUST00436,Health,2025-03-04,2026-03-04,2636.87,Cancelled,batch_001,2026-07-31T17:51:10
POL00028,CUST00627,Health,2024-06-21,2027-06-21,3123.06,Active,batch_001,2026-07-31T17:51:10
POL00029,CUST00003,Health,2023-12-10,2026-12-09,4776.80,Lapsed,batch_001,2026-07-31T17:51:10
POL00030,CUST01487,Health,2022-11-25,2023-11-25,736.97,Active,batch_001,2026-07-31T17:51:10
POL00031,CUST00323,Auto,2023-05-29,2024-05-28,1356.18,Cancelled,batch_001,2026-07-31T17:51:10
POL00032,CUST00516,Home,2024-06-09,2026-06-09,4116.91,Cancelled,batch_001,2026-07-31T17:51:10
POL00033,CUST00677,Health,2022-06-12,2024-06-11,4744.87,Cancelled,batch_001,2026-07-31T17:51:10
POL00034,CUST00868,Home,2022-05-14,2025-05-13,2231.06,Cancelled,batch_001,2026-07-31T17:51:10
POL00035,CUST01530,Life,2024-10-22,2026-10-22,2115.16,Cancelled,batch_001,2026-07-31T17:51:10
POL00036,CUST00921,Auto,2022-05-26,2024-05-25,780.82,Lapsed,batch_001,2026-07-31T17:51:10
POL00037,CUST00943,Home,2024-08-18,2025-08-18,3023.88,Active,batch_001,2026-07-31T17:51:10
POL00038,CUST00242,Home,2024-07-02,2025-07-02,3597.64,Active,batch_001,2026-07-31T17:51:10
POL00039,CUST00291,Home,2023-10-29,2024-10-28,4326.25,Lapsed,batch_001,2026-07-31T17:51:10
POL00040,CUST00542,Life,2021-12-11,2024-12-10,2529.99,Active,batch_001,2026-07-31T17:51:10
POL00041,CUST00780,Auto,2025-06-26,2027-06-26,4075.99,Active,batch_001,2026-07-31T17:51:10
POL00042,CUST01735,Life,2026-02-20,2029-02-19,2269.05,Lapsed,batch_001,2026-07-31T17:51:10
POL00043,CUST00404,Auto,2022-08-21,2025-08-20,460.02,Lapsed,batch_001,2026-07-31T17:51:10
POL00044,CUST00448,Home,2024-10-18,2027-10-18,1828.65,Active,batch_001,2026-07-31T17:51:10
POL00045,CUST00575,Life,2022-03-31,2023-03-31,2774.17,Active,batch_001,2026-07-31T17:51:10
POL00046,CUST00309,Life,2026-04-10,2028-04-09,2420.61,Cancelled,batch_001,2026-07-31T17:51:10
POL00047,CUST00061,Auto,2024-01-26,2025-01-25,442.82,Active,batch_001,2026-07-31T17:51:10
POL00048,CUST01972,Home,2024-08-26,2025-08-26,2150.79,Lapsed,batch_001,2026-07-31T17:51:10
POL00049,CUST00009,Life,2026-06-27,2027-06-27,990.26,Lapsed,batch_001,2026-07-31T17:51:10
POL00050,CUST01994,Home,2023-03-19,2025-03-18,1569.20,Active,batch_001,2026-07-31T17:51:10
POL00051,CUST00240,Auto,2022-03-03,2024-03-02,1244.96,Cancelled,batch_001,2026-07-31T17:51:10
POL00052,CUST01953,Home,2021-12-19,2023-12-19,474.39,Active,batch_001,2026-07-31T17:51:10
POL00053,CUST00762,Auto,2023-07-08,2026-07-07,584.54,Cancelled,batch_001,2026-07-31T17:51:10
POL00054,CUST00964,Life,2024-01-15,2025-01-14,3441.02,Active,batch_001,2026-07-31T17:51:10
POL00055,CUST00163,Auto,2022-04-03,2025-04-02,1381.83,Lapsed,batch_001,2026-07-31T17:51:10
POL00056,CUST01296,Health,2023-07-23,2026-07-22,3001.63,Active,batch_001,2026-07-31T17:51:10
POL00057,CUST00978,Health,2022-06-08,2025-06-07,3637.72,Lapsed,batch_001,2026-07-31T17:51:10
POL00058,CUST01229,Life,2024-10-23,2025-10-23,3424.11,Lapsed,batch_001,2026-07-31T17:51:10
POL00059,CUST00410,Auto,2023-12-10,2024-12-09,244.71,Cancelled,batch_001,2026-07-31T17:51:10
POL00060,CUST00543,Health,2025-06-07,2026-06-07,2628.25,Active,batch_001,2026-07-31T17:51:10
POL00061,CUST00647,Life,2024-09-05,2025-09-05,1973.73,Cancelled,batch_001,2026-07-31T17:51:10
POL00062,CUST00033,Health,2022-12-17,2025-12-16,1652.08,Cancelled,batch_001,2026-07-31T17:51:10
POL00063,CUST00551,Health,2024-09-22,2025-09-22,4706.86,Active,batch_001,2026-07-31T17:51:10
POL00064,CUST00637,Health,2024-08-06,2025-08-06,3763.60,Lapsed,batch_001,2026-07-31T17:51:10
POL00065,CUST01405,Home,2023-05-11,2026-05-10,1211.02,Cancelled,batch_001,2026-07-31T17:51:10
POL00066,CUST02002,Health,2023-11-06,2026-11-05,4293.98,Active,batch_001,2026-07-31T17:51:10
POL00067,CUST01134,Auto,2022-03-08,2023-03-08,3244.57,Active,batch_001,2026-07-31T17:51:10
POL00068,CUST01073,Home,2023-01-12,2025-01-11,3901.37,Cancelled,batch_001,2026-07-31T17:51:10
POL00069,CUST01752,Auto,2026-02-13,2028-02-13,2848.07,Active,batch_001,2026-07-31T17:51:10
POL00070,CUST00611,Auto,2023-08-29,2024-08-28,4736.24,Lapsed,batch_001,2026-07-31T17:51:10
POL00071,CUST01761,Home,2022-12-19,2025-12-18,2852.12,Active,batch_001,2026-07-31T17:51:10
POL00072,CUST00164,Health,2025-07-05,2027-07-05,1950.33,Active,batch_001,2026-07-31T17:51:10
POL00073,CUST00422,Health,2024-10-20,2027-10-20,1397.74,Cancelled,batch_001,2026-07-31T17:51:10
POL00074,CUST00634,Home,2023-11-15,2025-11-14,4874.42,Active,batch_001,2026-07-31T17:51:10
POL00075,CUST00102,Home,2026-04-25,2027-04-25,4430.80,Cancelled,batch_001,2026-07-31T17:51:10
POL00076,CUST01687,Home,2023-06-12,2025-06-11,3955.46,Lapsed,batch_001,2026-07-31T17:51:10
POL00077,CUST00443,Life,2024-05-02,2025-05-02,3979.40,Active,batch_001,2026-07-31T17:51:10
POL00078,CUST01886,Health,2022-01-19,2024-01-19,1267.68,Lapsed,batch_001,2026-07-31T17:51:10
POL00079,CUST00792,Life,2023-07-11,2024-07-10,1270.03,Lapsed,batch_001,2026-07-31T17:51:10
POL00080,CUST01144,Health,2021-11-06,2023-11-06,4348.89,Cancelled,batch_001,2026-07-31T17:51:10
POL00081,CUST01357,Auto,2024-04-05,2027-04-05,2118.46,Active,batch_001,2026-07-31T17:51:10
POL00082,CUST01088,Auto,2024-12-27,2026-12-27,1057.13,Active,batch_001,2026-07-31T17:51:10
POL00083,CUST01285,Life,2023-11-08,2026-11-07,2285.91,Cancelled,batch_001,2026-07-31T17:51:10
POL00084,CUST00779,Health,2022-02-20,2025-02-19,755.10,Active,batch_001,2026-07-31T17:51:10
POL00085,CUST00808,Health,2023-05-16,2026-05-15,2293.08,Lapsed,batch_001,2026-07-31T17:51:10
POL00086,CUST01353,Health,2026-05-27,2027-05-27,4754.60,Cancelled,batch_001,2026-07-31T17:51:10
POL00087,CUST01231,Health,2024-04-02,2025-04-02,3654.82,Cancelled,batch_001,2026-07-31T17:51:10
POL00088,CUST01212,Home,2023-05-21,2025-05-20,1765.68,Active,batch_001,2026-07-31T17:51:10
POL00089,CUST01553,Home,2025-10-28,2027-10-28,3391.66,Cancelled,batch_001,2026-07-31T17:51:10
POL00090,CUST00002,Health,2024-12-10,2027-12-10,1644.56,Lapsed,batch_001,2026-07-31T17:51:10
POL00091,CUST01320,Life,2025-06-24,2026-06-24,2263.46,Lapsed,batch_001,2026-07-31T17:51:10
POL00092,CUST01939,Home,2022-10-16,2024-10-15,3443.01,Cancelled,batch_001,2026-07-31T17:51:10
POL00093,CUST01373,Auto,2023-10-30,2024-10-29,1562.17,Active,batch_001,2026-07-31T17:51:10
POL00094,CUST00816,Home,2022-10-06,2025-10-05,1690.01,Active,batch_001,2026-07-31T17:51:10
POL00095,CUST01947,Auto,2023-09-04,2024-09-03,1375.24,Lapsed,batch_001,2026-07-31T17:51:10
POL00096,CUST00797,Life,2026-05-09,2028-05-08,4453.46,Lapsed,batch_001,2026-07-31T17:51:10
POL00097,CUST00023,Auto,2026-02-28,2028-02-28,1371.13,Lapsed,batch_001,2026-07-31T17:51:10
POL00098,CUST01903,Auto,2023-10-24,2024-10-23,1044.26,Cancelled,batch_001,2026-07-31T17:51:10
POL00099,CUST00498,Life,2026-07-20,2027-07-20,4603.86,Active,batch_001,2026-07-31T17:51:10
POL00100,CUST01300,Life,2025-03-22,2027-03-22,3404.37,Cancelled,batch_001,2026-07-31T17:51:10
POL00101,CUST01748,Life,2026-07-16,2029-07-15,4481.70,Active,batch_001,2026-07-31T17:51:10
POL00102,CUST01844,Health,2024-12-21,2027-12-21,4335.18,Active,batch_001,2026-07-31T17:51:10
POL00103,CUST01985,Home,2024-08-27,2027-08-27,1531.09,Lapsed,batch_001,2026-07-31T17:51:10
POL00104,CUST01171,Home,2023-06-11,2025-06-10,571.92,Lapsed,batch_001,2026-07-31T17:51:10
POL00105,CUST00331,Home,2022-10-02,2024-10-01,1734.61,Active,batch_001,2026-07-31T17:51:10
POL00106,CUST00626,Home,2025-11-29,2026-11-29,2038.57,Active,batch_001,2026-07-31T17:51:10
POL00107,CUST01909,Life,2025-10-10,2027-10-10,2156.48,Active,batch_001,2026-07-31T17:51:10
POL00108,CUST01596,Auto,2022-05-08,2023-05-08,4197.88,Cancelled,batch_001,2026-07-31T17:51:10
POL00109,CUST01441,Health,2021-12-23,2023-12-23,2489.50,Lapsed,batch_001,2026-07-31T17:51:10
POL00110,CUST00904,Life,2022-07-05,2024-07-04,2783.46,Active,batch_001,2026-07-31T17:51:10
POL00111,CUST00119,Life,2022-11-16,2024-11-15,2292.01,Lapsed,batch_001,2026-07-31T17:51:10
POL00112,CUST01657,Home,2022-12-09,2025-12-08,3459.88,Lapsed,batch_001,2026-07-31T17:51:10
POL00113,CUST00111,Life,2025-03-02,2026-03-02,4907.47,Cancelled,batch_001,2026-07-31T17:51:10
POL00114,CUST00344,Life,2022-02-12,2025-02-11,3382.40,Active,batch_001,2026-07-31T17:51:10
POL00115,CUST01066,Life,2024-11-06,2026-11-06,1072.30,Lapsed,batch_001,2026-07-31T17:51:10
POL00116,CUST01383,Life,2024-10-27,2025-10-27,2382.56,Lapsed,batch_001,2026-07-31T17:51:10
POL00117,CUST00336,Life,2025-07-23,2027-07-23,1410.90,Active,batch_001,2026-07-31T17:51:10
POL00118,CUST01434,Home,2026-01-28,2029-01-27,2789.21,Cancelled,batch_001,2026-07-31T17:51:10
POL00119,CUST00165,Auto,2023-09-19,2024-09-18,3949.92,Active,batch_001,2026-07-31T17:51:10
POL00120,CUST00625,Home,2026-04-13,2027-04-13,4228.30,Active,batch_001,2026-07-31T17:51:10
POL00121,CUST00893,Life,2021-09-03,2023-09-03,3413.40,Cancelled,batch_001,2026-07-31T17:51:10
POL00122,CUST00688,Auto,2022-07-20,2024-07-19,3881.11,Active,batch_001,2026-07-31T17:51:10
POL00123,CUST00106,Health,2026-02-22,2028-02-22,718.87,Cancelled,batch_001,2026-07-31T17:51:10
POL00124,CUST01538,Life,2023-11-05,2026-11-04,4558.53,Cancelled,batch_001,2026-07-31T17:51:10
POL00125,CUST00995,Auto,2024-06-20,2025-06-20,564.78,Cancelled,batch_001,2026-07-31T17:51:10
POL00126,CUST00496,Auto,2022-07-11,2024-07-10,4281.41,Lapsed,batch_001,2026-07-31T17:51:10
POL00127,CUST01518,Auto,2024-01-27,2027-01-26,2256.21,Cancelled,batch_001,2026-07-31T17:51:10
POL00128,CUST01721,Life,2025-04-10,2028-04-09,1837.91,Active,batch_001,2026-07-31T17:51:10
POL00129,CUST01884,Home,2022-12-03,2024-12-02,4811.78,Lapsed,batch_001,2026-07-31T17:51:10
POL00130,CUST01107,Life,2025-06-08,2026-06-08,3722.22,Lapsed,batch_001,2026-07-31T17:51:10
POL00131,CUST01100,Health,2021-08-09,2023-08-09,4163.53,Active,batch_001,2026-07-31T17:51:10
POL00132,CUST01847,Home,2023-10-26,2024-10-25,1538.86,Lapsed,batch_001,2026-07-31T17:51:10
POL00133,CUST01553,Health,2025-11-01,2028-10-31,3129.59,Active,batch_001,2026-07-31T17:51:10
POL00134,CUST00745,Life,2023-02-05,2025-02-04,4284.57,Active,batch_001,2026-07-31T17:51:10
POL00135,CUST01395,Health,2025-11-23,2027-11-23,4029.60,Cancelled,batch_001,2026-07-31T17:51:10
POL00136,CUST00042,Home,2022-06-25,2025-06-24,4424.52,Active,batch_001,2026-07-31T17:51:10
POL00137,CUST02002,Home,2024-02-12,2025-02-11,3656.36,Cancelled,batch_001,2026-07-31T17:51:10
POL00138,CUST02011,Life,2025-11-23,2027-11-23,3300.33,Active,batch_001,2026-07-31T17:51:10
POL00139,CUST01657,Home,2023-04-08,2024-04-07,1612.33,Lapsed,batch_001,2026-07-31T17:51:10
POL00140,CUST01939,Health,2022-11-16,2025-11-15,2991.47,Lapsed,batch_001,2026-07-31T17:51:10
POL00141,CUST01442,Life,2024-10-03,2027-10-03,2841.86,Lapsed,batch_001,2026-07-31T17:51:10
POL00142,CUST00495,Home,2022-12-13,2024-12-12,1406.74,Lapsed,batch_001,2026-07-31T17:51:10
POL00143,CUST00759,Home,2026-03-01,2027-03-01,3765.83,Active,batch_001,2026-07-31T17:51:10
POL00144,CUST01160,Auto,2026-02-01,2029-01-31,2524.15,Active,batch_001,2026-07-31T17:51:10
POL00145,CUST00735,Health,2021-07-31,2023-07-31,1291.92,Active,batch_001,2026-07-31T17:51:10
POL00146,CUST01124,Auto,2024-05-02,2027-05-02,2763.85,Active,batch_001,2026-07-31T17:51:10
POL00147,CUST00518,Life,2025-09-25,2028-09-24,1602.26,Active,batch_001,2026-07-31T17:51:10
POL00148,CUST01923,Life,2021-09-28,2022-09-28,2955.51,Lapsed,batch_001,2026-07-31T17:51:10
POL00149,CUST00211,Health,2022-07-12,2024-07-11,1084.95,Lapsed,batch_001,2026-07-31T17:51:10
POL00150,CUST01642,Life,2024-08-30,2025-08-30,4146.16,Active,batch_001,2026-07-31T17:51:10
POL00151,CUST00220,Home,2024-03-11,2027-03-11,3221.34,Active,batch_001,2026-07-31T17:51:10
POL00152,CUST00349,Home,2023-08-12,2026-08-11,4755.80,Active,batch_001,2026-07-31T17:51:10
POL00153,CUST00925,Life,2022-01-25,2025-01-24,3869.33,Lapsed,batch_001,2026-07-31T17:51:10
POL00154,CUST01757,Health,2023-08-17,2025-08-16,1627.30,Cancelled,batch_001,2026-07-31T17:51:10
POL00155,CUST00407,Home,2026-05-27,2029-05-26,489.11,Cancelled,batch_001,2026-07-31T17:51:10
POL00156,CUST00333,Home,2022-03-31,2023-03-31,1470.30,Active,batch_001,2026-07-31T17:51:10
POL00157,CUST00642,Auto,2022-04-22,2023-04-22,2849.56,Lapsed,batch_001,2026-07-31T17:51:10
POL00158,CUST01925,Health,2025-09-16,2027-09-16,3508.98,Active,batch_001,2026-07-31T17:51:10
POL00159,CUST01159,Life,2022-03-02,2023-03-02,1582.90,Active,batch_001,2026-07-31T17:51:10
POL00160,CUST01084,Home,2026-02-09,2029-02-08,1320.43,Lapsed,batch_001,2026-07-31T17:51:10
POL00161,CUST00611,Health,2022-08-24,2023-08-24,2813.90,Active,batch_001,2026-07-31T17:51:10
POL00162,CUST01260,Health,2022-09-01,2023-09-01,486.26,Lapsed,batch_001,2026-07-31T17:51:10
POL00163,CUST01246,Life,2025-08-14,2026-08-14,2449.75,Lapsed,batch_001,2026-07-31T17:51:10
POL00164,CUST01794,Auto,2026-04-03,2029-04-02,2791.91,Cancelled,batch_001,2026-07-31T17:51:10
POL00165,CUST01321,Health,2022-12-25,2023-12-25,4469.23,Active,batch_001,2026-07-31T17:51:10
POL00166,CUST00085,Health,2023-10-31,2024-10-30,1298.84,Cancelled,batch_001,2026-07-31T17:51:10
POL00167,CUST00718,Life,2026-01-24,2027-01-24,3862.92,Cancelled,batch_001,2026-07-31T17:51:10
POL00168,CUST01140,Home,2025-03-05,2028-03-04,2322.70,Cancelled,batch_001,2026-07-31T17:51:10
POL00169,CUST02015,Auto,2023-05-19,2025-05-18,3246.97,Lapsed,batch_001,2026-07-31T17:51:10
POL00170,CUST01316,Auto,2026-03-01,2028-02-29,2160.07,Active,batch_001,2026-07-31T17:51:10
POL00171,CUST02030,Health,2023-04-15,2025-04-14,2175.90,Cancelled,batch_001,2026-07-31T17:51:10
POL00172,CUST00151,Life,2024-03-24,2026-03-24,4105.12,Active,batch_001,2026-07-31T17:51:10
POL00173,CUST00475,Life,2024-12-20,2026-12-20,1411.51,Cancelled,batch_001,2026-07-31T17:51:10
POL00174,CUST01893,Life,2024-10-02,2025-10-02,3356.77,Active,batch_001,2026-07-31T17:51:10
POL00175,CUST02042,Life,2025-04-21,2026-04-21,2688.51,Active,batch_001,2026-07-31T17:51:10
POL00176,CUST00537,Health,2025-12-24,2026-12-24,1481.87,Lapsed,batch_001,2026-07-31T17:51:10
POL00177,CUST00119,Home,2025-06-01,2028-05-31,2526.62,Cancelled,batch_001,2026-07-31T17:51:10
POL00178,CUST00057,Life,2022-08-09,2023-08-09,1691.60,Active,batch_001,2026-07-31T17:51:10
POL00179,CUST00465,Life,2023-09-08,2024-09-07,4962.83,Active,batch_001,2026-07-31T17:51:10
POL00180,CUST02042,Health,2023-06-28,2026-06-27,4194.29,Cancelled,batch_001,2026-07-31T17:51:10
POL00181,CUST01977,Life,2022-02-13,2025-02-12,1512.44,Active,batch_001,2026-07-31T17:51:10
POL00182,CUST01572,Home,2024-06-14,2026-06-14,2846.07,Cancelled,batch_001,2026-07-31T17:51:10
POL00183,CUST00560,Auto,2021-10-03,2024-10-02,3782.20,Lapsed,batch_001,2026-07-31T17:51:10
POL00184,CUST01095,Auto,2026-04-15,2028-04-14,1831.40,Lapsed,batch_001,2026-07-31T17:51:10
POL00185,CUST02006,Home,2023-07-14,2026-07-13,1633.07,Lapsed,batch_001,2026-07-31T17:51:10
POL00186,CUST01362,Life,2023-06-14,2026-06-13,2524.84,Lapsed,batch_001,2026-07-31T17:51:10
POL00187,CUST00979,Life,2021-08-21,2023-08-21,4374.09,Active,batch_001,2026-07-31T17:51:10
POL00188,CUST01938,Life,2022-03-07,2024-03-06,409.51,Lapsed,batch_001,2026-07-31T17:51:10
POL00189,CUST00624,Life,2022-01-28,2025-01-27,4003.49,Active,batch_001,2026-07-31T17:51:10
POL00190,CUST01360,Auto,2023-07-11,2024-07-10,2611.00,Lapsed,batch_001,2026-07-31T17:51:10
POL00191,CUST01872,Auto,2022-02-24,2023-02-24,2724.57,Cancelled,batch_001,2026-07-31T17:51:10
POL00192,CUST00633,Auto,2021-11-04,2022-11-04,2167.90,Lapsed,batch_001,2026-07-31T17:51:10
POL00193,CUST01629,Auto,2024-05-21,2026-05-21,1825.09,Lapsed,batch_001,2026-07-31T17:51:10
POL00194,CUST01557,Health,2022-03-07,2025-03-06,4324.84,Cancelled,batch_001,2026-07-31T17:51:10
POL00195,CUST01999,Auto,2025-12-13,2028-12-12,4459.71,Cancelled,batch_001,2026-07-31T17:51:10
POL00196,CUST01178,Home,2023-08-08,2024-08-07,1326.90,Cancelled,batch_001,2026-07-31T17:51:10
POL00197,CUST00404,Auto,2023-12-12,2024-12-11,2283.06,Lapsed,batch_001,2026-07-31T17:51:10
POL00198,CUST00119,Auto,2025-09-15,2026-09-15,3531.21,Lapsed,batch_001,2026-07-31T17:51:10
POL00199,CUST01536,Life,2023-05-26,2024-05-25,1608.17,Active,batch_001,2026-07-31T17:51:10
POL00200,CUST00738,Home,2026-03-01,2027-03-01,2749.60,Active,batch_001,2026-07-31T17:51:10
POL00201,CUST01567,Home,2022-09-14,2023-09-14,3125.56,Lapsed,batch_001,2026-07-31T17:51:10
POL00202,CUST01889,Health,2026-06-08,2029-06-07,886.97,Lapsed,batch_001,2026-07-31T17:51:10
POL00203,CUST01906,Health,2026-06-24,2028-06-23,3400.84,Cancelled,batch_001,2026-07-31T17:51:10
POL00204,CUST01810,Health,2025-08-06,2028-08-05,958.28,Cancelled,batch_001,2026-07-31T17:51:10
POL00205,CUST01738,Health,2023-08-23,2025-08-22,3266.91,Lapsed,batch_001,2026-07-31T17:51:10
POL00206,CUST01576,Life,2025-08-07,2027-08-07,1156.24,Active,batch_001,2026-07-31T17:51:10
POL00207,CUST01471,Health,2025-01-14,2026-01-14,2030.55,Cancelled,batch_001,2026-07-31T17:51:10
POL00208,CUST01622,Health,2023-03-13,2025-03-12,305.31,Active,batch_001,2026-07-31T17:51:10
POL00209,CUST00201,Life,2022-05-19,2025-05-18,4352.32,Lapsed,batch_001,2026-07-31T17:51:10
POL00210,CUST01444,Home,2022-05-27,2023-05-27,3113.91,Cancelled,batch_001,2026-07-31T17:51:10
POL00211,CUST00561,Auto,2025-03-30,2026-03-30,3180.28,Cancelled,batch_001,2026-07-31T17:51:10
POL00212,CUST01806,Auto,2024-08-03,2027-08-03,389.23,Cancelled,batch_001,2026-07-31T17:51:10
POL00213,CUST00370,Health,2025-03-07,2027-03-07,3715.33,Lapsed,batch_001,2026-07-31T17:51:10
POL00214,CUST00823,Home,2025-01-27,2028-01-27,2194.41,Cancelled,batch_001,2026-07-31T17:51:10
POL00215,CUST01117,Home,2025-07-19,2027-07-19,2748.09,Lapsed,batch_001,2026-07-31T17:51:10
POL00216,CUST01209,Health,2022-01-14,2024-01-14,4843.44,Active,batch_001,2026-07-31T17:51:10
POL00217,CUST00577,Home,2022-05-31,2024-05-30,4821.89,Cancelled,batch_001,2026-07-31T17:51:10
POL00218,CUST01628,Health,2022-02-03,2025-02-02,3437.15,Active,batch_001,2026-07-31T17:51:10
POL00219,CUST00507,Life,2024-12-31,2026-12-31,266.81,Lapsed,batch_001,2026-07-31T17:51:10
POL00220,CUST01074,Life,2024-06-18,2027-06-18,3795.26,Cancelled,batch_001,2026-07-31T17:51:10
POL00221,CUST00958,Life,2022-07-04,2024-07-03,720.06,Active,batch_001,2026-07-31T17:51:10
POL00222,CUST01344,Home,2023-09-10,2026-09-09,4444.33,Cancelled,batch_001,2026-07-31T17:51:10
POL00223,CUST01902,Health,2023-03-17,2024-03-16,3249.94,Cancelled,batch_001,2026-07-31T17:51:10
POL00224,CUST00186,Auto,2023-03-12,2025-03-11,760.04,Lapsed,batch_001,2026-07-31T17:51:10
POL00225,CUST00962,Home,2026-02-20,2028-02-20,757.38,Lapsed,batch_001,2026-07-31T17:51:10
POL00226,CUST01717,Home,2025-05-23,2027-05-23,1980.86,Lapsed,batch_001,2026-07-31T17:51:10
POL00227,CUST02005,Life,2022-10-08,2025-10-07,675.30,Lapsed,batch_001,2026-07-31T17:51:10
POL00228,CUST00890,Life,2025-03-01,2026-03-01,3513.35,Lapsed,batch_001,2026-07-31T17:51:10
POL00229,CUST00407,Health,2023-02-20,2024-02-20,4306.16,Cancelled,batch_001,2026-07-31T17:51:10
POL00230,CUST01631,Health,2023-12-12,2026-12-11,1921.63,Active,batch_001,2026-07-31T17:51:10
POL00231,CUST01863,Auto,2025-07-06,2026-07-06,4755.25,Cancelled,batch_001,2026-07-31T17:51:10
POL00232,CUST00088,Auto,2023-09-14,2024-09-13,3280.18,Lapsed,batch_001,2026-07-31T17:51:10
POL00233,CUST00841,Auto,2022-03-21,2023-03-21,4946.34,Cancelled,batch_001,2026-07-31T17:51:10
POL00234,CUST00955,Health,2025-05-06,2026-05-06,3014.64,Active,batch_001,2026-07-31T17:51:10
POL00235,CUST00593,Home,2026-04-04,2029-04-03,213.61,Cancelled,batch_001,2026-07-31T17:51:10
POL00236,CUST00451,Auto,2022-05-30,2024-05-29,4032.87,Active,batch_001,2026-07-31T17:51:10
POL00237,CUST00975,Health,2022-01-03,2023-01-03,1919.56,Active,batch_001,2026-07-31T17:51:10
POL00238,CUST00520,Life,2026-03-05,2027-03-05,1473.76,Cancelled,batch_001,2026-07-31T17:51:10
POL00239,CUST01951,Life,2021-09-13,2022-09-13,3779.19,Lapsed,batch_001,2026-07-31T17:51:10
POL00240,CUST01852,Home,2022-05-15,2025-05-14,3049.60,Cancelled,batch_001,2026-07-31T17:51:10
POL00241,CUST01236,Life,2023-08-03,2024-08-02,3690.77,Cancelled,batch_001,2026-07-31T17:51:10
POL00242,CUST01962,Life,2022-12-28,2023-12-28,491.96,Lapsed,batch_001,2026-07-31T17:51:10
POL00243,CUST01817,Auto,2025-01-12,2028-01-12,718.22,Active,batch_001,2026-07-31T17:51:10
POL00244,CUST00270,Home,2025-09-15,2027-09-15,3119.83,Lapsed,batch_001,2026-07-31T17:51:10
POL00245,CUST01332,Life,2025-09-02,2028-09-01,3238.77,Cancelled,batch_001,2026-07-31T17:51:10
POL00246,CUST01763,Auto,2023-05-25,2026-05-24,1615.51,Cancelled,batch_001,2026-07-31T17:51:10
POL00247,CUST00881,Life,2024-12-26,2025-12-26,4293.41,Lapsed,batch_001,2026-07-31T17:51:10
POL00248,CUST01858,Life,2022-01-28,2023-01-28,2186.31,Lapsed,batch_001,2026-07-31T17:51:10
POL00249,CUST01749,Health,2022-12-23,2025-12-22,656.41,Cancelled,batch_001,2026-07-31T17:51:10
POL00250,CUST00626,Life,2024-10-19,2026-10-19,1996.64,Active,batch_001,2026-07-31T17:51:10
POL00251,CUST00382,Life,2021-08-05,2022-08-05,4192.51,Active,batch_001,2026-07-31T17:51:10
POL00252,CUST00533,Auto,2024-11-23,2027-11-23,3746.22,Cancelled,batch_001,2026-07-31T17:51:10
POL00253,CUST00501,Life,2023-10-31,2026-10-30,2896.08,Lapsed,batch_001,2026-07-31T17:51:10
POL00254,CUST01733,Auto,2025-06-12,2028-06-11,4717.42,Lapsed,batch_001,2026-07-31T17:51:10
POL00255,CUST00425,Home,2024-01-02,2027-01-01,1699.75,Active,batch_001,2026-07-31T17:51:10
POL00256,CUST00444,Health,2025-03-05,2028-03-04,2514.51,Cancelled,batch_001,2026-07-31T17:51:10
POL00257,CUST01142,Home,2026-04-21,2028-04-20,751.45,Lapsed,batch_001,2026-07-31T17:51:10
POL00258,CUST00108,Health,2025-09-19,2028-09-18,4877.82,Active,batch_001,2026-07-31T17:51:10
POL00259,CUST01266,Health,2022-11-22,2023-11-22,1511.70,Lapsed,batch_001,2026-07-31T17:51:10
POL00260,CUST00587,Life,2023-03-11,2024-03-10,1070.75,Active,batch_001,2026-07-31T17:51:10
POL00261,CUST00126,Auto,2024-02-06,2025-02-05,3756.65,Cancelled,batch_001,2026-07-31T17:51:10
POL00262,CUST01720,Life,2023-06-06,2026-06-05,1232.64,Lapsed,batch_001,2026-07-31T17:51:10
POL00263,CUST01329,Auto,2022-01-27,2023-01-27,1976.25,Active,batch_001,2026-07-31T17:51:10
POL00264,CUST00204,Auto,2026-07-03,2027-07-03,955.57,Lapsed,batch_001,2026-07-31T17:51:10
POL00265,CUST01990,Life,2026-03-10,2028-03-09,3377.31,Lapsed,batch_001,2026-07-31T17:51:10
POL00266,CUST00467,Health,2022-02-04,2024-02-04,1234.73,Lapsed,batch_001,2026-07-31T17:51:10
POL00267,CUST01994,Health,2024-03-30,2025-03-30,1559.58,Active,batch_001,2026-07-31T17:51:10
POL00268,CUST00225,Auto,2022-01-23,2023-01-23,2097.26,Active,batch_001,2026-07-31T17:51:10
POL00269,CUST00563,Health,2022-01-01,2024-01-01,4737.56,Lapsed,batch_001,2026-07-31T17:51:10
POL00270,CUST02038,Life,2026-07-18,2028-07-17,775.92,Active,batch_001,2026-07-31T17:51:10
POL00271,CUST00943,Health,2025-08-19,2026-08-19,2025.00,Active,batch_001,2026-07-31T17:51:10
POL00272,CUST00174,Life,2025-11-08,2027-11-08,4336.47,Active,batch_001,2026-07-31T17:51:10
POL00273,CUST01283,Life,2026-02-04,2028-02-04,4621.58,Cancelled,batch_001,2026-07-31T17:51:10
POL00274,CUST01711,Health,2022-12-01,2024-11-30,3605.60,Active,batch_001,2026-07-31T17:51:10
POL00275,CUST01331,Home,2022-01-22,2024-01-22,300.11,Cancelled,batch_001,2026-07-31T17:51:10
POL00276,CUST01483,Auto,2025-11-23,2027-11-23,4193.72,Lapsed,batch_001,2026-07-31T17:51:10
POL00277,CUST01641,Auto,2022-04-04,2023-04-04,1367.92,Lapsed,batch_001,2026-07-31T17:51:10
POL00278,CUST00908,Health,2023-02-27,2025-02-26,3779.86,Active,batch_001,2026-07-31T17:51:10
POL00279,CUST00468,Home,2022-02-27,2023-02-27,2650.32,Lapsed,batch_001,2026-07-31T17:51:10
POL00280,CUST00605,Home,2022-02-26,2024-02-26,3691.42,Active,batch_001,2026-07-31T17:51:10
POL00281,CUST00711,Home,2023-07-30,2024-07-29,1428.65,Cancelled,batch_001,2026-07-31T17:51:10
POL00282,CUST02024,Life,2025-01-04,2026-01-04,1050.30,Cancelled,batch_001,2026-07-31T17:51:10
POL00283,CUST01324,Health,2022-08-06,2025-08-05,2354.75,Active,batch_001,2026-07-31T17:51:10
POL00284,CUST01812,Health,2026-06-03,2028-06-02,527.77,Lapsed,batch_001,2026-07-31T17:51:10
POL00285,CUST00304,Health,2023-09-02,2026-09-01,469.63,Lapsed,batch_001,2026-07-31T17:51:10
POL00286,CUST01511,Health,2026-07-02,2028-07-01,380.51,Active,batch_001,2026-07-31T17:51:10
POL00287,CUST00370,Life,2021-11-30,2024-11-29,4348.40,Lapsed,batch_001,2026-07-31T17:51:10
POL00288,CUST00169,Life,2022-04-10,2025-04-09,2860.72,Cancelled,batch_001,2026-07-31T17:51:10
POL00289,CUST01949,Home,2025-02-21,2028-02-21,1103.55,Active,batch_001,2026-07-31T17:51:10
POL00290,CUST01407,Auto,2026-07-17,2028-07-16,696.81,Cancelled,batch_001,2026-07-31T17:51:10
POL00291,CUST01015,Life,2026-05-21,2029-05-20,1028.28,Lapsed,batch_001,2026-07-31T17:51:10
POL00292,CUST00651,Health,2026-01-09,2029-01-08,2709.19,Lapsed,batch_001,2026-07-31T17:51:10
POL00293,CUST01386,Auto,2024-04-07,2026-04-07,2059.60,Cancelled,batch_001,2026-07-31T17:51:10
POL00294,CUST01351,Auto,2023-10-18,2026-10-17,1806.32,Cancelled,batch_001,2026-07-31T17:51:10
POL00295,CUST01033,Home,2023-04-25,2026-04-24,2055.51,Lapsed,batch_001,2026-07-31T17:51:10
POL00296,CUST00580,Health,2024-04-01,2025-04-01,2997.15,Lapsed,batch_001,2026-07-31T17:51:10
POL00297,CUST01606,Home,2023-08-10,2026-08-09,3552.70,Cancelled,batch_001,2026-07-31T17:51:10
POL00298,CUST01269,Life,2023-11-02,2026-11-01,4702.41,Cancelled,batch_001,2026-07-31T17:51:10
POL00299,CUST00383,Life,2024-12-10,2026-12-10,4103.29,Cancelled,batch_001,2026-07-31T17:51:10
POL00300,CUST01266,Home,2022-09-09,2024-09-08,287.51,Active,batch_001,2026-07-31T17:51:10
POL00301,CUST01992,Home,2024-02-17,2026-02-16,4748.81,Active,batch_001,2026-07-31T17:51:10
POL00302,CUST01212,Auto,2025-06-19,2026-06-19,943.74,Cancelled,batch_001,2026-07-31T17:51:10
POL00303,CUST00155,Health,2024-04-07,2027-04-07,4208.58,Cancelled,batch_001,2026-07-31T17:51:10
POL00304,CUST00632,Home,2022-03-12,2023-03-12,3066.78,Active,batch_001,2026-07-31T17:51:10
POL00305,CUST00679,Life,2021-08-27,2024-08-26,3901.27,Active,batch_001,2026-07-31T17:51:10
POL00306,CUST00973,Life,2025-06-22,2027-06-22,1948.64,Cancelled,batch_001,2026-07-31T17:51:10
POL00307,CUST01839,Home,2026-05-14,2028-05-13,3811.48,Cancelled,batch_001,2026-07-31T17:51:10
POL00308,CUST01922,Home,2022-06-05,2023-06-05,1685.45,Lapsed,batch_001,2026-07-31T17:51:10
POL00309,CUST01805,Life,2022-03-14,2025-03-13,4746.22,Lapsed,batch_001,2026-07-31T17:51:10
POL00310,CUST01715,Home,2026-02-24,2028-02-24,2613.95,Active,batch_001,2026-07-31T17:51:10
POL00311,CUST01025,Auto,2023-05-23,2026-05-22,864.31,Cancelled,batch_001,2026-07-31T17:51:10
POL00312,CUST00421,Auto,2025-11-17,2027-11-17,4395.76,Lapsed,batch_001,2026-07-31T17:51:10
POL00313,CUST01118,Life,2023-10-31,2024-10-30,3862.96,Cancelled,batch_001,2026-07-31T17:51:10
POL00314,CUST00376,Home,2022-09-14,2023-09-14,4189.02,Lapsed,batch_001,2026-07-31T17:51:10
POL00315,CUST01700,Auto,2024-07-18,2026-07-18,4666.27,Lapsed,batch_001,2026-07-31T17:51:10
POL00316,CUST01582,Auto,2022-02-28,2025-02-27,1995.02,Lapsed,batch_001,2026-07-31T17:51:10
POL00317,CUST00406,Health,2023-08-27,2024-08-26,335.30,Active,batch_001,2026-07-31T17:51:10
POL00318,CUST01936,Home,2024-09-20,2025-09-20,383.86,Cancelled,batch_001,2026-07-31T17:51:10
POL00319,CUST00022,Auto,2024-01-01,2025-12-31,2353.29,Active,batch_001,2026-07-31T17:51:10
POL00320,CUST00613,Life,2022-12-02,2024-12-01,1235.14,Active,batch_001,2026-07-31T17:51:10
POL00321,CUST00500,Auto,2025-04-21,2027-04-21,1340.67,Active,batch_001,2026-07-31T17:51:10
POL00322,CUST01873,Auto,2026-03-13,2028-03-12,3266.97,Active,batch_001,2026-07-31T17:51:10
POL00323,CUST00068,Home,2024-02-24,2026-02-23,3064.35,Cancelled,batch_001,2026-07-31T17:51:10
POL00324,CUST00007,Health,2026-01-28,2027-01-28,1598.11,Active,batch_001,2026-07-31T17:51:10
POL00325,CUST00351,Health,2021-08-23,2024-08-22,2199.52,Active,batch_001,2026-07-31T17:51:10
POL00326,CUST00084,Life,2026-04-18,2029-04-17,2811.59,Lapsed,batch_001,2026-07-31T17:51:10
POL00327,CUST01530,Health,2024-02-15,2025-02-14,3251.22,Cancelled,batch_001,2026-07-31T17:51:10
POL00328,CUST00277,Health,2022-06-16,2023-06-16,1914.05,Active,batch_001,2026-07-31T17:51:10
POL00329,CUST00425,Health,2022-09-20,2025-09-19,3354.10,Active,batch_001,2026-07-31T17:51:10
POL00330,CUST01387,Home,2023-10-29,2024-10-28,1891.04,Cancelled,batch_001,2026-07-31T17:51:10
POL00331,CUST01961,Home,2022-07-23,2024-07-22,4907.93,Active,batch_001,2026-07-31T17:51:10
POL00332,CUST01875,Auto,2022-06-27,2023-06-27,3637.02,Lapsed,batch_001,2026-07-31T17:51:10
POL00333,CUST00818,Auto,2026-04-13,2027-04-13,410.27,Lapsed,batch_001,2026-07-31T17:51:10
POL00334,CUST01940,Health,2022-11-24,2024-11-23,2673.84,Active,batch_001,2026-07-31T17:51:10
POL00335,CUST01463,Auto,2023-11-23,2026-11-22,1117.30,Cancelled,batch_001,2026-07-31T17:51:10
POL00336,CUST01508,Life,2023-12-22,2025-12-21,1511.44,Lapsed,batch_001,2026-07-31T17:51:10
POL00337,CUST01584,Health,2023-05-15,2026-05-14,2310.74,Active,batch_001,2026-07-31T17:51:10
POL00338,CUST01505,Health,2024-06-29,2026-06-29,3521.93,Active,batch_001,2026-07-31T17:51:10
POL00339,CUST01764,Home,2023-04-23,2026-04-22,2237.60,Cancelled,batch_001,2026-07-31T17:51:10
POL00340,CUST00328,Health,2023-10-28,2025-10-27,1741.81,Cancelled,batch_001,2026-07-31T17:51:10
POL00341,CUST01746,Home,2025-11-16,2027-11-16,1671.18,Cancelled,batch_001,2026-07-31T17:51:10
POL00342,CUST00174,Health,2025-09-24,2027-09-24,1887.43,Cancelled,batch_001,2026-07-31T17:51:10
POL00343,CUST00235,Auto,2023-09-18,2025-09-17,1517.87,Cancelled,batch_001,2026-07-31T17:51:10
POL00344,CUST00656,Auto,2022-01-03,2025-01-02,2149.81,Active,batch_001,2026-07-31T17:51:10
POL00345,CUST01795,Auto,2022-05-12,2025-05-11,3454.83,Active,batch_001,2026-07-31T17:51:10
POL00346,CUST01501,Health,2025-03-07,2026-03-07,1332.78,Lapsed,batch_001,2026-07-31T17:51:10
POL00347,CUST00629,Life,2023-12-06,2026-12-05,355.45,Lapsed,batch_001,2026-07-31T17:51:10
POL00348,CUST00315,Home,2021-12-13,2023-12-13,2330.91,Cancelled,batch_001,2026-07-31T17:51:10
POL00349,CUST01142,Home,2021-08-10,2023-08-10,2110.56,Active,batch_001,2026-07-31T17:51:10
POL00350,CUST02045,Life,2024-05-31,2025-05-31,3731.24,Cancelled,batch_001,2026-07-31T17:51:10
POL00351,CUST01067,Life,2022-09-09,2023-09-09,1456.53,Active,batch_001,2026-07-31T17:51:10
POL00352,CUST02012,Home,2023-10-21,2026-10-20,1570.77,Active,batch_001,2026-07-31T17:51:10
POL00353,CUST01852,Home,2022-12-14,2023-12-14,4293.57,Cancelled,batch_001,2026-07-31T17:51:10
POL00354,CUST01310,Health,2025-05-02,2027-05-02,4986.86,Cancelled,batch_001,2026-07-31T17:51:10
POL00355,CUST01190,Health,2026-04-09,2027-04-09,2839.99,Active,batch_001,2026-07-31T17:51:10
POL00356,CUST00714,Health,2025-03-19,2028-03-18,3605.91,Cancelled,batch_001,2026-07-31T17:51:10
POL00357,CUST00824,Home,2026-05-07,2027-05-07,782.54,Active,batch_001,2026-07-31T17:51:10
POL00358,CUST01512,Life,2021-08-29,2023-08-29,326.16,Cancelled,batch_001,2026-07-31T17:51:10
POL00359,CUST00354,Auto,2022-07-12,2023-07-12,3137.35,Lapsed,batch_001,2026-07-31T17:51:10
POL00360,CUST01961,Life,2022-03-20,2024-03-19,4998.06,Lapsed,batch_001,2026-07-31T17:51:10
POL00361,CUST01299,Auto,2022-11-05,2025-11-04,554.00,Lapsed,batch_001,2026-07-31T17:51:10
POL00362,CUST01412,Home,2026-03-21,2028-03-20,3464.52,Cancelled,batch_001,2026-07-31T17:51:10
POL00363,CUST00529,Life,2021-11-18,2024-11-17,3021.37,Cancelled,batch_001,2026-07-31T17:51:10
POL00364,CUST00627,Health,2024-09-19,2025-09-19,4190.68,Active,batch_001,2026-07-31T17:51:10
POL00365,CUST00924,Health,2026-07-13,2027-07-13,1748.77,Cancelled,batch_001,2026-07-31T17:51:10
POL00366,CUST01027,Home,2026-04-11,2028-04-10,4260.48,Cancelled,batch_001,2026-07-31T17:51:10
POL00367,CUST01241,Auto,2022-11-02,2025-11-01,1517.36,Cancelled,batch_001,2026-07-31T17:51:10
POL00368,CUST00632,Home,2025-03-26,2028-03-25,1009.45,Cancelled,batch_001,2026-07-31T17:51:10
POL00369,CUST01383,Auto,2022-08-29,2025-08-28,3659.04,Active,batch_001,2026-07-31T17:51:10
POL00370,CUST01085,Home,2021-12-06,2022-12-06,418.22,Cancelled,batch_001,2026-07-31T17:51:10
POL00371,CUST00125,Life,2024-03-13,2026-03-13,3166.92,Cancelled,batch_001,2026-07-31T17:51:10
POL00372,CUST01238,Life,2024-09-04,2027-09-04,1590.42,Active,batch_001,2026-07-31T17:51:10
POL00373,CUST01858,Auto,2021-11-30,2024-11-29,2149.24,Cancelled,batch_001,2026-07-31T17:51:10
POL00374,CUST01703,Life,2024-08-14,2025-08-14,958.79,Lapsed,batch_001,2026-07-31T17:51:10
POL00375,CUST00589,Health,2023-05-13,2024-05-12,1832.92,Cancelled,batch_001,2026-07-31T17:51:10
POL00376,CUST01415,Life,2023-09-13,2025-09-12,3724.16,Active,batch_001,2026-07-31T17:51:10
POL00377,CUST00435,Health,2022-06-14,2024-06-13,2671.90,Active,batch_001,2026-07-31T17:51:10
POL00378,CUST01842,Home,2024-08-01,2026-08-01,788.11,Active,batch_001,2026-07-31T17:51:10
POL00379,CUST01574,Life,2026-05-04,2027-05-04,442.91,Active,batch_001,2026-07-31T17:51:10
POL00380,CUST01281,Home,2025-01-12,2026-01-12,4104.69,Active,batch_001,2026-07-31T17:51:10
POL00381,CUST01913,Life,2022-11-22,2024-11-21,4980.65,Lapsed,batch_001,2026-07-31T17:51:10
POL00382,CUST01611,Life,2023-08-04,2025-08-03,311.25,Active,batch_001,2026-07-31T17:51:10
POL00383,CUST00200,Auto,2022-12-16,2023-12-16,3000.05,Lapsed,batch_001,2026-07-31T17:51:10
POL00384,CUST01928,Health,2023-01-31,2025-01-30,3068.09,Cancelled,batch_001,2026-07-31T17:51:10
POL00385,CUST01766,Home,2025-01-30,2026-01-30,4266.43,Lapsed,batch_001,2026-07-31T17:51:10
POL00386,CUST01652,Health,2021-10-15,2024-10-14,1955.73,Active,batch_001,2026-07-31T17:51:10
POL00387,CUST00798,Health,2023-02-07,2025-02-06,445.56,Cancelled,batch_001,2026-07-31T17:51:10
POL00388,CUST01845,Health,2024-05-27,2026-05-27,552.95,Cancelled,batch_001,2026-07-31T17:51:10
POL00389,CUST00528,Auto,2025-01-29,2028-01-29,3133.01,Lapsed,batch_001,2026-07-31T17:51:10
POL00390,CUST01389,Health,2023-09-09,2025-09-08,4015.51,Active,batch_001,2026-07-31T17:51:10
POL00391,CUST01645,Auto,2023-11-05,2024-11-04,3091.82,Active,batch_001,2026-07-31T17:51:10
POL00392,CUST01365,Life,2022-12-06,2023-12-06,857.77,Cancelled,batch_001,2026-07-31T17:51:10
POL00393,CUST00573,Health,2022-06-30,2024-06-29,914.92,Cancelled,batch_001,2026-07-31T17:51:10
POL00394,CUST01226,Health,2024-10-30,2026-10-30,980.01,Cancelled,batch_001,2026-07-31T17:51:10
POL00395,CUST01228,Life,2021-11-27,2024-11-26,2755.23,Active,batch_001,2026-07-31T17:51:10
POL00396,CUST00449,Life,2025-07-31,2027-07-31,1789.95,Cancelled,batch_001,2026-07-31T17:51:10
POL00397,CUST00110,Life,2023-06-21,2025-06-20,4024.42,Lapsed,batch_001,2026-07-31T17:51:10
POL00398,CUST00933,Auto,2023-04-11,2026-04-10,3957.94,Cancelled,batch_001,2026-07-31T17:51:10
POL00399,CUST01558,Home,2025-06-29,2027-06-29,1018.46,Cancelled,batch_001,2026-07-31T17:51:10
POL00400,CUST00451,Home,2024-07-20,2025-07-20,351.54,Active,batch_001,2026-07-31T17:51:10
POL00401,CUST00621,Life,2024-03-04,2026-03-04,1705.72,Cancelled,batch_001,2026-07-31T17:51:10
POL00402,CUST01932,Auto,2023-07-07,2024-07-06,2169.81,Cancelled,batch_001,2026-07-31T17:51:10
POL00403,CUST01332,Life,2023-06-22,2024-06-21,2689.68,Cancelled,batch_001,2026-07-31T17:51:10
POL00404,CUST00710,Life,2021-10-11,2023-10-11,1706.01,Cancelled,batch_001,2026-07-31T17:51:10
POL00405,CUST01083,Life,2023-03-22,2025-03-21,2822.11,Active,batch_001,2026-07-31T17:51:10
POL00406,CUST01223,Home,2024-12-18,2025-12-18,1539.23,Lapsed,batch_001,2026-07-31T17:51:10
POL00407,CUST02003,Health,2024-05-14,2026-05-14,3583.52,Lapsed,batch_001,2026-07-31T17:51:10
POL00408,CUST01121,Health,2023-12-12,2025-12-11,2890.34,Active,batch_001,2026-07-31T17:51:10
POL00409,CUST01556,Life,2022-03-02,2025-03-01,3447.79,Lapsed,batch_001,2026-07-31T17:51:10
POL00410,CUST01179,Auto,2023-12-14,2024-12-13,1594.17,Lapsed,batch_001,2026-07-31T17:51:10
POL00411,CUST01963,Home,2024-07-24,2026-07-24,3348.67,Active,batch_001,2026-07-31T17:51:10
POL00412,CUST01113,Home,2025-11-28,2028-11-27,1501.44,Active,batch_001,2026-07-31T17:51:10
POL00413,CUST00981,Home,2024-12-22,2027-12-22,3756.28,Active,batch_001,2026-07-31T17:51:10
POL00414,CUST00925,Home,2026-02-19,2029-02-18,4544.88,Active,batch_001,2026-07-31T17:51:10
POL00415,CUST01935,Auto,2024-05-23,2025-05-23,2183.85,Cancelled,batch_001,2026-07-31T17:51:10
POL00416,CUST00647,Life,2021-10-23,2022-10-23,224.87,Cancelled,batch_001,2026-07-31T17:51:10
POL00417,CUST00817,Health,2022-07-23,2024-07-22,2491.75,Lapsed,batch_001,2026-07-31T17:51:10
POL00418,CUST00367,Home,2023-10-19,2025-10-18,3300.31,Cancelled,batch_001,2026-07-31T17:51:10
POL00419,CUST00153,Home,2023-02-04,2026-02-03,3670.96,Lapsed,batch_001,2026-07-31T17:51:10
POL00420,CUST00149,Life,2026-07-07,2027-07-07,4682.83,Lapsed,batch_001,2026-07-31T17:51:10
POL00421,CUST01186,Auto,2023-11-01,2024-10-31,4695.72,Active,batch_001,2026-07-31T17:51:10
POL00422,CUST00440,Health,2021-11-25,2023-11-25,2926.22,Lapsed,batch_001,2026-07-31T17:51:10
POL00423,CUST02024,Home,2022-07-01,2024-06-30,4947.68,Cancelled,batch_001,2026-07-31T17:51:10
POL00424,CUST00462,Health,2025-04-10,2027-04-10,1509.62,Active,batch_001,2026-07-31T17:51:10
POL00425,CUST01054,Home,2024-07-08,2027-07-08,2402.79,Active,batch_001,2026-07-31T17:51:10
POL00426,CUST01209,Home,2024-03-30,2027-03-30,1818.14,Active,batch_001,2026-07-31T17:51:10
POL00427,CUST01661,Life,2025-04-15,2028-04-14,4309.50,Cancelled,batch_001,2026-07-31T17:51:10
POL00428,CUST00391,Home,2025-12-04,2027-12-04,616.34,Active,batch_001,2026-07-31T17:51:10
POL00429,CUST01017,Auto,2022-07-24,2024-07-23,1753.29,Lapsed,batch_001,2026-07-31T17:51:10
POL00430,CUST01094,Health,2024-11-07,2026-11-07,1330.50,Lapsed,batch_001,2026-07-31T17:51:10
POL00431,CUST00047,Health,2026-06-25,2029-06-24,3669.84,Cancelled,batch_001,2026-07-31T17:51:10
POL00432,CUST00255,Auto,2023-03-12,2025-03-11,3525.29,Lapsed,batch_001,2026-07-31T17:51:10
POL00433,CUST01274,Auto,2023-09-29,2025-09-28,966.64,Cancelled,batch_001,2026-07-31T17:51:10
POL00434,CUST00905,Home,2021-12-14,2023-12-14,1964.21,Active,batch_001,2026-07-31T17:51:10
POL00435,CUST01531,Life,2025-04-14,2027-04-14,935.29,Cancelled,batch_001,2026-07-31T17:51:10
POL00436,CUST00895,Home,2021-08-04,2024-08-03,4581.43,Cancelled,batch_001,2026-07-31T17:51:10
POL00437,CUST00336,Life,2025-12-31,2028-12-30,4391.05,Cancelled,batch_001,2026-07-31T17:51:10
POL00438,CUST00460,Auto,2026-02-26,2029-02-25,1936.57,Cancelled,batch_001,2026-07-31T17:51:10
POL00439,CUST00614,Home,2023-04-03,2026-04-02,1170.35,Lapsed,batch_001,2026-07-31T17:51:10
POL00440,CUST00842,Life,2024-09-03,2027-09-03,2320.83,Active,batch_001,2026-07-31T17:51:10
POL00441,CUST00228,Life,2025-03-30,2028-03-29,2338.32,Active,batch_001,2026-07-31T17:51:10
POL00442,CUST00237,Life,2022-03-04,2025-03-03,2194.04,Cancelled,batch_001,2026-07-31T17:51:10
POL00443,CUST01622,Health,2024-05-20,2026-05-20,3671.74,Active,batch_001,2026-07-31T17:51:10
POL00444,CUST00300,Auto,2024-03-31,2027-03-31,1245.93,Lapsed,batch_001,2026-07-31T17:51:10
POL00445,CUST00247,Auto,2022-08-21,2024-08-20,3561.85,Lapsed,batch_001,2026-07-31T17:51:10
POL00446,CUST00738,Home,2024-02-18,2025-02-17,1578.04,Cancelled,batch_001,2026-07-31T17:51:10
POL00447,CUST01722,Health,2025-11-21,2028-11-20,3300.23,Lapsed,batch_001,2026-07-31T17:51:10
POL00448,CUST01547,Life,2024-03-16,2026-03-16,4374.18,Active,batch_001,2026-07-31T17:51:10
POL00449,CUST00545,Health,2025-01-18,2028-01-18,4827.89,Active,batch_001,2026-07-31T17:51:10
POL00450,CUST01610,Home,2024-05-08,2025-05-08,4965.66,Cancelled,batch_001,2026-07-31T17:51:10
POL00451,CUST00094,Health,2024-12-31,2025-12-31,4207.14,Lapsed,batch_001,2026-07-31T17:51:10
POL00452,CUST01738,Life,2024-02-03,2027-02-02,3651.65,Active,batch_001,2026-07-31T17:51:10
POL00453,CUST00636,Health,2026-04-17,2027-04-17,2411.00,Active,batch_001,2026-07-31T17:51:10
POL00454,CUST00132,Life,2022-08-29,2025-08-28,3874.35,Cancelled,batch_001,2026-07-31T17:51:10
POL00455,CUST00276,Auto,2023-03-18,2024-03-17,1355.20,Cancelled,batch_001,2026-07-31T17:51:10
POL00456,CUST00200,Home,2025-02-25,2026-02-25,2342.92,Cancelled,batch_001,2026-07-31T17:51:10
POL00457,CUST00960,Home,2024-10-19,2025-10-19,2130.87,Active,batch_001,2026-07-31T17:51:10
POL00458,CUST01185,Home,2023-01-21,2024-01-21,2618.70,Cancelled,batch_001,2026-07-31T17:51:10
POL00459,CUST01314,Home,2026-06-02,2029-06-01,1730.74,Lapsed,batch_001,2026-07-31T17:51:10
POL00460,CUST00906,Life,2024-02-20,2025-02-19,4931.34,Lapsed,batch_001,2026-07-31T17:51:10
POL00461,CUST00718,Life,2025-01-11,2027-01-11,492.60,Cancelled,batch_001,2026-07-31T17:51:10
POL00462,CUST01411,Life,2026-03-28,2028-03-27,425.04,Cancelled,batch_001,2026-07-31T17:51:10
POL00463,CUST01673,Home,2021-07-31,2023-07-31,3542.28,Lapsed,batch_001,2026-07-31T17:51:10
POL00464,CUST01940,Home,2024-02-29,2026-02-28,1082.62,Active,batch_001,2026-07-31T17:51:10
POL00465,CUST00592,Life,2024-01-07,2026-01-06,4316.20,Active,batch_001,2026-07-31T17:51:10
POL00466,CUST01707,Home,2023-05-14,2026-05-13,2180.85,Lapsed,batch_001,2026-07-31T17:51:10
POL00467,CUST01353,Auto,2025-03-26,2026-03-26,1423.98,Lapsed,batch_001,2026-07-31T17:51:10
POL00468,CUST00781,Auto,2026-07-05,2028-07-04,643.83,Lapsed,batch_001,2026-07-31T17:51:10
POL00469,CUST00162,Auto,2024-04-26,2026-04-26,3433.63,Active,batch_001,2026-07-31T17:51:10
POL00470,CUST00889,Life,2025-07-13,2028-07-12,3676.67,Active,batch_001,2026-07-31T17:51:10
POL00471,CUST00063,Home,2025-05-02,2027-05-02,1655.30,Active,batch_001,2026-07-31T17:51:10
POL00472,CUST01962,Home,2025-05-03,2028-05-02,763.12,Cancelled,batch_001,2026-07-31T17:51:10
POL00473,CUST01625,Home,2023-05-24,2026-05-23,3578.09,Cancelled,batch_001,2026-07-31T17:51:10
POL00474,CUST01560,Life,2025-12-04,2027-12-04,3922.47,Cancelled,batch_001,2026-07-31T17:51:10
POL00475,CUST01072,Health,2025-08-08,2028-08-07,1924.45,Cancelled,batch_001,2026-07-31T17:51:10
POL00476,CUST01924,Health,2023-01-08,2025-01-07,2436.82,Active,batch_001,2026-07-31T17:51:10
POL00477,CUST00188,Home,2022-04-19,2024-04-18,1702.03,Cancelled,batch_001,2026-07-31T17:51:10
POL00478,CUST01711,Health,2023-12-28,2024-12-27,277.86,Active,batch_001,2026-07-31T17:51:10
POL00479,CUST01556,Home,2025-12-17,2026-12-17,1783.35,Lapsed,batch_001,2026-07-31T17:51:10
POL00480,CUST01383,Health,2024-06-05,2027-06-05,3342.12,Lapsed,batch_001,2026-07-31T17:51:10
POL00481,CUST02010,Life,2022-05-16,2025-05-15,3280.13,Active,batch_001,2026-07-31T17:51:10
POL00482,CUST00694,Home,2023-07-29,2026-07-28,4015.88,Cancelled,batch_001,2026-07-31T17:51:10
POL00483,CUST00241,Auto,2024-03-20,2027-03-20,2543.92,Active,batch_001,2026-07-31T17:51:10
POL00484,CUST00027,Life,2023-06-27,2026-06-26,432.87,Active,batch_001,2026-07-31T17:51:10
POL00485,CUST00619,Auto,2023-04-09,2026-04-08,1310.88,Active,batch_001,2026-07-31T17:51:10
POL00486,CUST00248,Life,2022-10-30,2025-10-29,2388.85,Cancelled,batch_001,2026-07-31T17:51:10
POL00487,CUST01685,Auto,2021-10-13,2023-10-13,275.51,Active,batch_001,2026-07-31T17:51:10
POL00488,CUST01175,Auto,2021-12-20,2024-12-19,3666.53,Cancelled,batch_001,2026-07-31T17:51:10
POL00489,CUST00735,Auto,2023-08-29,2026-08-28,3435.36,Active,batch_001,2026-07-31T17:51:10
POL00490,CUST00787,Health,2025-08-14,2028-08-13,914.71,Lapsed,batch_001,2026-07-31T17:51:10
POL00491,CUST00324,Health,2022-03-13,2024-03-12,4015.69,Lapsed,batch_001,2026-07-31T17:51:10
POL00492,CUST00926,Health,2025-06-13,2027-06-13,2912.01,Cancelled,batch_001,2026-07-31T17:51:10
POL00493,CUST00130,Auto,2025-02-06,2026-02-06,3337.93,Lapsed,batch_001,2026-07-31T17:51:10
POL00494,CUST01950,Auto,2026-06-22,2028-06-21,2010.41,Cancelled,batch_001,2026-07-31T17:51:10
POL00495,CUST00339,Life,2023-03-26,2024-03-25,3573.66,Lapsed,batch_001,2026-07-31T17:51:10
POL00496,CUST00391,Auto,2024-11-03,2027-11-03,3965.01,Active,batch_001,2026-07-31T17:51:10
POL00497,CUST01948,Health,2025-10-12,2026-10-12,4526.11,Active,batch_001,2026-07-31T17:51:10
POL00498,CUST01149,Auto,2024-12-22,2025-12-22,3485.26,Active,batch_001,2026-07-31T17:51:10
POL00499,CUST00849,Home,2023-08-27,2025-08-26,275.16,Cancelled,batch_001,2026-07-31T17:51:10
POL00500,CUST01226,Home,2022-10-31,2024-10-30,4658.60,Cancelled,batch_001,2026-07-31T17:51:10
POL00501,CUST01594,Health,2021-08-16,2022-08-16,2920.14,Lapsed,batch_001,2026-07-31T17:51:10
POL00502,CUST00322,Health,2022-06-26,2025-06-25,871.76,Active,batch_001,2026-07-31T17:51:10
POL00503,CUST00312,Health,2025-03-11,2026-03-11,2298.02,Cancelled,batch_001,2026-07-31T17:51:10
POL00504,CUST01625,Health,2023-06-09,2026-06-08,4783.32,Active,batch_001,2026-07-31T17:51:10
POL00505,CUST01846,Life,2023-01-27,2026-01-26,1511.97,Active,batch_001,2026-07-31T17:51:10
POL00506,CUST01538,Life,2025-12-25,2027-12-25,2854.58,Active,batch_001,2026-07-31T17:51:10
POL00507,CUST01557,Auto,2025-07-12,2028-07-11,3012.20,Cancelled,batch_001,2026-07-31T17:51:10
POL00508,CUST00302,Auto,2022-01-02,2024-01-02,4030.66,Lapsed,batch_001,2026-07-31T17:51:10
POL00509,CUST00632,Life,2026-04-26,2027-04-26,2024.00,Lapsed,batch_001,2026-07-31T17:51:10
POL00510,CUST00022,Health,2023-09-12,2025-09-11,711.44,Lapsed,batch_001,2026-07-31T17:51:10
POL00511,CUST00419,Home,2022-08-11,2024-08-10,3854.46,Active,batch_001,2026-07-31T17:51:10
POL00512,CUST01672,Auto,2025-06-17,2026-06-17,2268.70,Active,batch_001,2026-07-31T17:51:10
POL00513,CUST00382,Health,2022-09-17,2023-09-17,1898.79,Lapsed,batch_001,2026-07-31T17:51:10
POL00514,CUST01589,Auto,2025-07-12,2026-07-12,1600.87,Cancelled,batch_001,2026-07-31T17:51:10
POL00515,CUST00995,Home,2026-02-04,2029-02-03,4545.00,Cancelled,batch_001,2026-07-31T17:51:10
POL00516,CUST01102,Health,2026-05-01,2028-04-30,1013.61,Lapsed,batch_001,2026-07-31T17:51:10
POL00517,CUST00685,Life,2024-04-10,2026-04-10,900.49,Lapsed,batch_001,2026-07-31T17:51:10
POL00518,CUST00316,Health,2025-05-05,2027-05-05,1638.81,Lapsed,batch_001,2026-07-31T17:51:10
POL00519,CUST02031,Home,2025-11-14,2026-11-14,3660.32,Lapsed,batch_001,2026-07-31T17:51:10
POL00520,CUST00028,Life,2025-03-16,2026-03-16,850.35,Lapsed,batch_001,2026-07-31T17:51:10
POL00521,CUST01350,Life,2026-03-28,2029-03-27,2023.47,Lapsed,batch_001,2026-07-31T17:51:10
POL00522,CUST00558,Health,2025-05-15,2027-05-15,4114.28,Lapsed,batch_001,2026-07-31T17:51:10
POL00523,CUST00823,Life,2022-12-06,2025-12-05,4746.94,Lapsed,batch_001,2026-07-31T17:51:10
POL00524,CUST01308,Health,2025-08-12,2026-08-12,4829.96,Cancelled,batch_001,2026-07-31T17:51:10
POL00525,CUST00993,Health,2025-05-28,2028-05-27,3237.93,Lapsed,batch_001,2026-07-31T17:51:10
POL00526,CUST01610,Health,2023-10-13,2025-10-12,4119.17,Active,batch_001,2026-07-31T17:51:10
POL00527,CUST00737,Auto,2023-09-06,2026-09-05,1159.04,Cancelled,batch_001,2026-07-31T17:51:10
POL00528,CUST00859,Life,2023-12-08,2025-12-07,4726.28,Lapsed,batch_001,2026-07-31T17:51:10
POL00529,CUST01676,Life,2026-01-04,2029-01-03,531.96,Active,batch_001,2026-07-31T17:51:10
POL00530,CUST01035,Home,2025-09-12,2028-09-11,1653.60,Cancelled,batch_001,2026-07-31T17:51:10
POL00531,CUST00303,Life,2023-08-12,2025-08-11,3987.57,Cancelled,batch_001,2026-07-31T17:51:10
POL00532,CUST01714,Auto,2023-11-30,2025-11-29,2994.77,Lapsed,batch_001,2026-07-31T17:51:10
POL00533,CUST00349,Auto,2025-04-26,2028-04-25,4498.41,Active,batch_001,2026-07-31T17:51:10
POL00534,CUST00682,Auto,2022-03-27,2025-03-26,3390.53,Cancelled,batch_001,2026-07-31T17:51:10
POL00535,CUST01637,Health,2024-01-03,2027-01-02,3451.87,Lapsed,batch_001,2026-07-31T17:51:10
POL00536,CUST01060,Home,2023-07-28,2024-07-27,250.63,Cancelled,batch_001,2026-07-31T17:51:10
POL00537,CUST00906,Life,2023-11-21,2026-11-20,2690.23,Lapsed,batch_001,2026-07-31T17:51:10
POL00538,CUST02050,Home,2024-06-07,2026-06-07,2422.70,Lapsed,batch_001,2026-07-31T17:51:10
POL00539,CUST01211,Life,2024-04-18,2025-04-18,2517.30,Active,batch_001,2026-07-31T17:51:10
POL00540,CUST00581,Health,2026-03-04,2027-03-04,4190.33,Lapsed,batch_001,2026-07-31T17:51:10
POL00541,CUST00848,Life,2022-04-06,2024-04-05,2385.60,Lapsed,batch_001,2026-07-31T17:51:10
POL00542,CUST01854,Health,2022-10-02,2024-10-01,668.59,Active,batch_001,2026-07-31T17:51:10
POL00543,CUST00472,Auto,2022-11-10,2024-11-09,414.48,Lapsed,batch_001,2026-07-31T17:51:10
POL00544,CUST00674,Home,2023-07-18,2026-07-17,724.94,Cancelled,batch_001,2026-07-31T17:51:10
POL00545,CUST01356,Life,2024-11-01,2025-11-01,2849.17,Lapsed,batch_001,2026-07-31T17:51:10
POL00546,CUST00756,Home,2022-11-16,2023-11-16,4029.23,Cancelled,batch_001,2026-07-31T17:51:10
POL00547,CUST00120,Home,2023-05-25,2026-05-24,2274.25,Lapsed,batch_001,2026-07-31T17:51:10
POL00548,CUST00019,Home,2022-02-14,2025-02-13,2261.85,Active,batch_001,2026-07-31T17:51:10
POL00549,CUST00257,Auto,2025-02-07,2027-02-07,3811.16,Cancelled,batch_001,2026-07-31T17:51:10
POL00550,CUST00808,Life,2025-01-16,2026-01-16,1955.81,Active,batch_001,2026-07-31T17:51:10
POL00551,CUST02005,Health,2024-05-23,2026-05-23,3419.37,Cancelled,batch_001,2026-07-31T17:51:10
POL00552,CUST00468,Health,2026-03-11,2028-03-10,3134.28,Lapsed,batch_001,2026-07-31T17:51:10
POL00553,CUST01219,Auto,2025-07-16,2027-07-16,3163.34,Cancelled,batch_001,2026-07-31T17:51:10
POL00554,CUST00978,Health,2025-02-10,2026-02-10,1703.29,Active,batch_001,2026-07-31T17:51:10
POL00555,CUST00580,Life,2022-02-08,2023-02-08,1991.87,Lapsed,batch_001,2026-07-31T17:51:10
POL00556,CUST01572,Life,2023-05-03,2026-05-02,861.76,Active,batch_001,2026-07-31T17:51:10
POL00557,CUST00710,Home,2025-02-24,2027-02-24,3250.41,Lapsed,batch_001,2026-07-31T17:51:10
POL00558,CUST01289,Life,2024-11-21,2026-11-21,873.42,Cancelled,batch_001,2026-07-31T17:51:10
POL00559,CUST00040,Life,2026-07-18,2027-07-18,4354.51,Active,batch_001,2026-07-31T17:51:10
POL00560,CUST02028,Life,2021-09-28,2022-09-28,4113.04,Cancelled,batch_001,2026-07-31T17:51:10
POL00561,CUST01819,Life,2026-06-22,2028-06-21,2195.03,Active,batch_001,2026-07-31T17:51:10
POL00562,CUST00904,Health,2024-10-23,2025-10-23,2913.91,Active,batch_001,2026-07-31T17:51:10
POL00563,CUST01183,Home,2025-08-19,2027-08-19,1279.25,Lapsed,batch_001,2026-07-31T17:51:10
POL00564,CUST02029,Auto,2021-08-17,2024-08-16,3764.09,Cancelled,batch_001,2026-07-31T17:51:10
POL00565,CUST01503,Auto,2024-07-26,2025-07-26,1485.87,Cancelled,batch_001,2026-07-31T17:51:10
POL00566,CUST01742,Auto,2024-02-12,2026-02-11,2822.50,Cancelled,batch_001,2026-07-31T17:51:10
POL00567,CUST01220,Auto,2024-11-22,2027-11-22,3806.46,Lapsed,batch_001,2026-07-31T17:51:10
POL00568,CUST00357,Life,2025-02-20,2027-02-20,1873.17,Active,batch_001,2026-07-31T17:51:10
POL00569,CUST01437,Life,2026-02-26,2027-02-26,1207.42,Active,batch_001,2026-07-31T17:51:10
POL00570,CUST00847,Home,2026-03-22,2029-03-21,868.33,Active,batch_001,2026-07-31T17:51:10
POL00571,CUST01152,Home,2023-06-15,2026-06-14,1883.91,Lapsed,batch_001,2026-07-31T17:51:10
POL00572,CUST01096,Auto,2025-09-23,2028-09-22,1604.65,Active,batch_001,2026-07-31T17:51:10
POL00573,CUST01136,Home,2023-06-11,2025-06-10,4610.09,Cancelled,batch_001,2026-07-31T17:51:10
POL00574,CUST01320,Home,2023-11-24,2024-11-23,1398.45,Cancelled,batch_001,2026-07-31T17:51:10
POL00575,CUST01101,Life,2025-04-14,2027-04-14,2549.40,Lapsed,batch_001,2026-07-31T17:51:10
POL00576,CUST00382,Life,2025-09-15,2027-09-15,562.48,Cancelled,batch_001,2026-07-31T17:51:10
POL00577,CUST01512,Life,2021-10-28,2024-10-27,1535.48,Lapsed,batch_001,2026-07-31T17:51:10
POL00578,CUST00382,Life,2024-11-19,2026-11-19,2993.39,Cancelled,batch_001,2026-07-31T17:51:10
POL00579,CUST00260,Life,2024-06-08,2027-06-08,3546.99,Active,batch_001,2026-07-31T17:51:10
POL00580,CUST02027,Health,2025-01-06,2027-01-06,4159.27,Lapsed,batch_001,2026-07-31T17:51:10
POL00581,CUST00535,Life,2022-12-24,2024-12-23,1821.22,Lapsed,batch_001,2026-07-31T17:51:10
POL00582,CUST00189,Auto,2025-07-21,2028-07-20,3858.82,Cancelled,batch_001,2026-07-31T17:51:10
POL00583,CUST00648,Life,2022-08-30,2024-08-29,278.15,Lapsed,batch_001,2026-07-31T17:51:10
POL00584,CUST01753,Home,2026-02-13,2027-02-13,4960.82,Cancelled,batch_001,2026-07-31T17:51:10
POL00585,CUST01237,Home,2021-10-21,2022-10-21,4434.31,Lapsed,batch_001,2026-07-31T17:51:10
POL00586,CUST01026,Auto,2024-12-05,2025-12-05,3342.02,Lapsed,batch_001,2026-07-31T17:51:10
POL00587,CUST00678,Auto,2026-05-18,2029-05-17,4538.24,Lapsed,batch_001,2026-07-31T17:51:10
POL00588,CUST00960,Life,2021-10-22,2024-10-21,1666.44,Cancelled,batch_001,2026-07-31T17:51:10
POL00589,CUST00005,Home,2022-04-16,2023-04-16,3577.75,Lapsed,batch_001,2026-07-31T17:51:10
POL00590,CUST00927,Life,2025-03-22,2026-03-22,836.96,Active,batch_001,2026-07-31T17:51:10
POL00591,CUST00494,Life,2022-09-24,2023-09-24,3538.87,Cancelled,batch_001,2026-07-31T17:51:10
POL00592,CUST00938,Life,2025-07-03,2026-07-03,2492.96,Active,batch_001,2026-07-31T17:51:10
POL00593,CUST00423,Health,2023-02-14,2026-02-13,4068.59,Lapsed,batch_001,2026-07-31T17:51:10
POL00594,CUST00546,Home,2022-01-02,2024-01-02,858.22,Active,batch_001,2026-07-31T17:51:10
POL00595,CUST00673,Life,2023-10-16,2026-10-15,2903.80,Lapsed,batch_001,2026-07-31T17:51:10
POL00596,CUST00621,Life,2024-10-19,2027-10-19,1222.67,Cancelled,batch_001,2026-07-31T17:51:10
POL00597,CUST00890,Auto,2024-05-12,2027-05-12,2323.44,Active,batch_001,2026-07-31T17:51:10
POL00598,CUST01573,Health,2023-05-18,2024-05-17,3811.74,Lapsed,batch_001,2026-07-31T17:51:10
POL00599,CUST01015,Health,2025-06-11,2027-06-11,3997.17,Cancelled,batch_001,2026-07-31T17:51:10
POL00600,CUST01168,Auto,2024-05-10,2025-05-10,1391.20,Cancelled,batch_001,2026-07-31T17:51:10
POL00601,CUST00773,Life,2024-06-12,2026-06-12,1186.14,Lapsed,batch_001,2026-07-31T17:51:10
POL00602,CUST00981,Life,2024-10-19,2027-10-19,461.93,Lapsed,batch_001,2026-07-31T17:51:10
POL00603,CUST00291,Auto,2023-12-11,2024-12-10,1357.19,Lapsed,batch_001,2026-07-31T17:51:10
POL00604,CUST01724,Health,2025-02-28,2027-02-28,833.52,Cancelled,batch_001,2026-07-31T17:51:10
POL00605,CUST01930,Auto,2023-09-21,2026-09-20,1029.30,Active,batch_001,2026-07-31T17:51:10
POL00606,CUST01074,Home,2022-04-10,2025-04-09,524.16,Active,batch_001,2026-07-31T17:51:10
POL00607,CUST01631,Health,2025-07-30,2026-07-30,4753.66,Cancelled,batch_001,2026-07-31T17:51:10
POL00608,CUST01702,Life,2021-09-28,2024-09-27,2605.04,Cancelled,batch_001,2026-07-31T17:51:10
POL00609,CUST00626,Health,2026-03-01,2028-02-29,595.65,Active,batch_001,2026-07-31T17:51:10
POL00610,CUST00833,Home,2022-01-07,2024-01-07,579.30,Cancelled,batch_001,2026-07-31T17:51:10
POL00611,CUST00271,Health,2024-07-21,2026-07-21,2075.51,Cancelled,batch_001,2026-07-31T17:51:10
POL00612,CUST00978,Auto,2023-06-26,2025-06-25,3703.80,Active,batch_001,2026-07-31T17:51:10
POL00613,CUST00476,Life,2022-02-28,2023-02-28,4638.21,Cancelled,batch_001,2026-07-31T17:51:10
POL00614,CUST00720,Auto,2021-12-02,2024-12-01,464.14,Active,batch_001,2026-07-31T17:51:10
POL00615,CUST00047,Home,2021-11-03,2024-11-02,858.62,Lapsed,batch_001,2026-07-31T17:51:10
POL00616,CUST01062,Home,2023-09-06,2025-09-05,2710.43,Lapsed,batch_001,2026-07-31T17:51:10
POL00617,CUST01101,Auto,2023-04-10,2024-04-09,3798.93,Active,batch_001,2026-07-31T17:51:10
POL00618,CUST01115,Auto,2021-10-01,2023-10-01,4074.12,Lapsed,batch_001,2026-07-31T17:51:10
POL00619,CUST00316,Life,2022-11-15,2025-11-14,4880.24,Lapsed,batch_001,2026-07-31T17:51:10
POL00620,CUST02047,Home,2023-08-10,2026-08-09,1928.59,Lapsed,batch_001,2026-07-31T17:51:10
POL00621,CUST00422,Auto,2022-08-26,2023-08-26,1424.56,Active,batch_001,2026-07-31T17:51:10
POL00622,CUST00181,Auto,2025-08-09,2028-08-08,2642.36,Active,batch_001,2026-07-31T17:51:10
POL00623,CUST01569,Home,2022-07-20,2023-07-20,2464.47,Active,batch_001,2026-07-31T17:51:10
POL00624,CUST01718,Home,2026-05-17,2027-05-17,2853.75,Lapsed,batch_001,2026-07-31T17:51:10
POL00625,CUST01311,Health,2023-06-07,2024-06-06,2198.03,Active,batch_001,2026-07-31T17:51:10
POL00626,CUST00216,Home,2025-07-13,2028-07-12,1989.48,Active,batch_001,2026-07-31T17:51:10
POL00627,CUST01643,Auto,2023-10-04,2026-10-03,4910.79,Lapsed,batch_001,2026-07-31T17:51:10
POL00628,CUST01273,Health,2024-09-18,2026-09-18,3912.93,Active,batch_001,2026-07-31T17:51:10
POL00629,CUST01512,Home,2023-01-02,2026-01-01,2392.38,Lapsed,batch_001,2026-07-31T17:51:10
POL00630,CUST00994,Life,2022-07-20,2025-07-19,3965.63,Lapsed,batch_001,2026-07-31T17:51:10
POL00631,CUST00801,Home,2022-12-20,2025-12-19,4864.92,Active,batch_001,2026-07-31T17:51:10
POL00632,CUST00098,Home,2024-03-22,2025-03-22,4675.51,Cancelled,batch_001,2026-07-31T17:51:10
POL00633,CUST00040,Health,2022-06-30,2024-06-29,3252.52,Active,batch_001,2026-07-31T17:51:10
POL00634,CUST01260,Auto,2026-07-01,2029-06-30,2006.12,Active,batch_001,2026-07-31T17:51:10
POL00635,CUST01720,Life,2021-10-17,2024-10-16,4918.96,Active,batch_001,2026-07-31T17:51:10
POL00636,CUST00382,Auto,2024-03-25,2025-03-25,3615.93,Active,batch_001,2026-07-31T17:51:10
POL00637,CUST01526,Life,2026-06-22,2029-06-21,2182.67,Cancelled,batch_001,2026-07-31T17:51:10
POL00638,CUST00547,Life,2024-10-08,2025-10-08,2987.70,Active,batch_001,2026-07-31T17:51:10
POL00639,CUST01782,Home,2024-12-13,2027-12-13,2925.54,Active,batch_001,2026-07-31T17:51:10
POL00640,CUST01291,Life,2023-04-07,2025-04-06,1452.76,Cancelled,batch_001,2026-07-31T17:51:10
POL00641,CUST01855,Health,2022-03-23,2025-03-22,1766.01,Active,batch_001,2026-07-31T17:51:10
POL00642,CUST00558,Auto,2023-08-23,2024-08-22,4729.06,Active,batch_001,2026-07-31T17:51:10
POL00643,CUST01909,Health,2022-06-11,2023-06-11,989.00,Lapsed,batch_001,2026-07-31T17:51:10
POL00644,CUST00851,Life,2024-02-21,2025-02-20,2772.44,Lapsed,batch_001,2026-07-31T17:51:10
POL00645,CUST00492,Auto,2022-08-10,2024-08-09,1472.04,Active,batch_001,2026-07-31T17:51:10
POL00646,CUST00166,Home,2026-05-23,2029-05-22,1660.23,Lapsed,batch_001,2026-07-31T17:51:10
POL00647,CUST01017,Health,2021-12-04,2022-12-04,637.82,Lapsed,batch_001,2026-07-31T17:51:10
POL00648,CUST01225,Health,2024-07-12,2027-07-12,434.96,Active,batch_001,2026-07-31T17:51:10
POL00649,CUST01853,Home,2026-02-09,2027-02-09,4770.06,Active,batch_001,2026-07-31T17:51:10
POL00650,CUST00573,Auto,2025-03-21,2027-03-21,689.16,Active,batch_001,2026-07-31T17:51:10
POL00651,CUST00911,Home,2024-09-23,2025-09-23,4185.79,Active,batch_001,2026-07-31T17:51:10
POL00652,CUST00345,Health,2022-03-01,2024-02-29,1986.75,Active,batch_001,2026-07-31T17:51:10
POL00653,CUST00810,Life,2025-11-17,2026-11-17,4986.37,Active,batch_001,2026-07-31T17:51:10
POL00654,CUST01359,Auto,2024-06-24,2025-06-24,4544.37,Active,batch_001,2026-07-31T17:51:10
POL00655,CUST01775,Life,2021-09-07,2023-09-07,443.06,Lapsed,batch_001,2026-07-31T17:51:10
POL00656,CUST01748,Home,2025-02-24,2026-02-24,2037.10,Lapsed,batch_001,2026-07-31T17:51:10
POL00657,CUST01127,Health,2025-09-30,2026-09-30,4559.86,Lapsed,batch_001,2026-07-31T17:51:10
POL00658,CUST01007,Health,2022-06-22,2023-06-22,366.32,Lapsed,batch_001,2026-07-31T17:51:10
POL00659,CUST01963,Auto,2025-04-06,2027-04-06,4437.34,Active,batch_001,2026-07-31T17:51:10
POL00660,CUST01718,Home,2024-08-28,2026-08-28,2038.47,Cancelled,batch_001,2026-07-31T17:51:10
POL00661,CUST00080,Life,2025-06-27,2028-06-26,1395.91,Cancelled,batch_001,2026-07-31T17:51:10
POL00662,CUST01986,Health,2022-11-17,2024-11-16,2502.49,Cancelled,batch_001,2026-07-31T17:51:10
POL00663,CUST01108,Home,2025-04-13,2028-04-12,1743.70,Active,batch_001,2026-07-31T17:51:10
POL00664,CUST00121,Health,2023-01-28,2025-01-27,3066.16,Active,batch_001,2026-07-31T17:51:10
POL00665,CUST00954,Home,2026-01-06,2028-01-06,2741.28,Active,batch_001,2026-07-31T17:51:10
POL00666,CUST01092,Auto,2023-11-16,2024-11-15,3352.95,Active,batch_001,2026-07-31T17:51:10
POL00667,CUST01591,Health,2026-02-26,2029-02-25,4263.22,Active,batch_001,2026-07-31T17:51:10
POL00668,CUST01303,Health,2025-09-09,2026-09-09,1335.45,Cancelled,batch_001,2026-07-31T17:51:10
POL00669,CUST01441,Home,2025-07-13,2026-07-13,3576.57,Cancelled,batch_001,2026-07-31T17:51:10
POL00670,CUST02017,Health,2025-04-13,2026-04-13,4216.14,Active,batch_001,2026-07-31T17:51:10
POL00671,CUST00231,Home,2023-11-10,2025-11-09,382.23,Cancelled,batch_001,2026-07-31T17:51:10
POL00672,CUST01958,Auto,2024-04-26,2025-04-26,295.65,Lapsed,batch_001,2026-07-31T17:51:10
POL00673,CUST00535,Health,2023-08-31,2026-08-30,1167.03,Cancelled,batch_001,2026-07-31T17:51:10
POL00674,CUST01326,Auto,2022-04-25,2023-04-25,4610.15,Active,batch_001,2026-07-31T17:51:10
POL00675,CUST00581,Auto,2023-12-13,2024-12-12,3015.72,Cancelled,batch_001,2026-07-31T17:51:10
POL00676,CUST01531,Life,2025-05-30,2027-05-30,4810.68,Cancelled,batch_001,2026-07-31T17:51:10
POL00677,CUST01322,Home,2023-08-26,2024-08-25,1815.49,Active,batch_001,2026-07-31T17:51:10
POL00678,CUST01996,Health,2025-07-12,2028-07-11,4753.73,Active,batch_001,2026-07-31T17:51:10
POL00679,CUST01462,Home,2026-06-04,2029-06-03,4849.97,Cancelled,batch_001,2026-07-31T17:51:10
POL00680,CUST01550,Health,2024-10-19,2027-10-19,4109.38,Cancelled,batch_001,2026-07-31T17:51:10
POL00681,CUST00728,Auto,2024-06-09,2027-06-09,1613.68,Cancelled,batch_001,2026-07-31T17:51:10
POL00682,CUST00133,Home,2021-10-27,2024-10-26,2079.69,Cancelled,batch_001,2026-07-31T17:51:10
POL00683,CUST00905,Auto,2025-10-12,2027-10-12,4620.98,Lapsed,batch_001,2026-07-31T17:51:10
POL00684,CUST00319,Home,2024-05-04,2025-05-04,1789.61,Lapsed,batch_001,2026-07-31T17:51:10
POL00685,CUST00364,Health,2023-02-14,2025-02-13,1005.86,Lapsed,batch_001,2026-07-31T17:51:10
POL00686,CUST01023,Auto,2025-09-21,2026-09-21,1473.02,Lapsed,batch_001,2026-07-31T17:51:10
POL00687,CUST00006,Auto,2023-05-20,2025-05-19,3977.70,Lapsed,batch_001,2026-07-31T17:51:10
POL00688,CUST00682,Life,2024-08-05,2026-08-05,3716.41,Lapsed,batch_001,2026-07-31T17:51:10
POL00689,CUST01538,Auto,2023-10-10,2025-10-09,1885.91,Lapsed,batch_001,2026-07-31T17:51:10
POL00690,CUST00924,Home,2024-06-21,2027-06-21,3324.65,Lapsed,batch_001,2026-07-31T17:51:10
POL00691,CUST00137,Health,2023-12-15,2024-12-14,4036.13,Active,batch_001,2026-07-31T17:51:10
POL00692,CUST00429,Auto,2023-12-05,2025-12-04,1453.41,Lapsed,batch_001,2026-07-31T17:51:10
POL00693,CUST00660,Auto,2026-04-21,2027-04-21,4462.07,Cancelled,batch_001,2026-07-31T17:51:10
POL00694,CUST01978,Auto,2021-08-30,2022-08-30,1822.16,Lapsed,batch_001,2026-07-31T17:51:10
POL00695,CUST01779,Home,2025-12-21,2028-12-20,991.99,Active,batch_001,2026-07-31T17:51:10
POL00696,CUST00779,Life,2023-03-15,2024-03-14,1789.25,Cancelled,batch_001,2026-07-31T17:51:10
POL00697,CUST01087,Health,2022-04-21,2025-04-20,3665.78,Lapsed,batch_001,2026-07-31T17:51:10
POL00698,CUST01610,Life,2023-08-18,2024-08-17,660.40,Active,batch_001,2026-07-31T17:51:10
POL00699,CUST01752,Auto,2025-01-12,2026-01-12,1931.98,Lapsed,batch_001,2026-07-31T17:51:10
POL00700,CUST01968,Home,2025-09-24,2028-09-23,3200.44,Active,batch_001,2026-07-31T17:51:10
POL00701,CUST01196,Auto,2026-04-19,2027-04-19,1193.37,Lapsed,batch_001,2026-07-31T17:51:10
POL00702,CUST01629,Life,2023-08-15,2024-08-14,1680.10,Lapsed,batch_001,2026-07-31T17:51:10
POL00703,CUST01588,Home,2025-08-17,2028-08-16,1472.02,Lapsed,batch_001,2026-07-31T17:51:10
POL00704,CUST01826,Auto,2025-10-01,2027-10-01,1973.13,Lapsed,batch_001,2026-07-31T17:51:10
POL00705,CUST00927,Health,2025-05-22,2027-05-22,2432.28,Cancelled,batch_001,2026-07-31T17:51:10
POL00706,CUST00397,Auto,2021-09-21,2022-09-21,925.43,Cancelled,batch_001,2026-07-31T17:51:10
POL00707,CUST01696,Home,2022-05-15,2024-05-14,4079.26,Cancelled,batch_001,2026-07-31T17:51:10
POL00708,CUST01715,Life,2024-01-30,2025-01-29,4235.83,Cancelled,batch_001,2026-07-31T17:51:10
POL00709,CUST00324,Life,2023-06-18,2024-06-17,2486.06,Cancelled,batch_001,2026-07-31T17:51:10
POL00710,CUST00604,Auto,2025-01-06,2026-01-06,2610.09,Lapsed,batch_001,2026-07-31T17:51:10
POL00711,CUST00685,Home,2023-08-24,2024-08-23,4755.50,Active,batch_001,2026-07-31T17:51:10
POL00712,CUST00321,Life,2024-03-07,2025-03-07,404.84,Active,batch_001,2026-07-31T17:51:10
POL00713,CUST01057,Health,2026-07-10,2029-07-09,909.82,Cancelled,batch_001,2026-07-31T17:51:10
POL00714,CUST01628,Health,2024-09-18,2025-09-18,617.73,Lapsed,batch_001,2026-07-31T17:51:10
POL00715,CUST00051,Life,2025-08-08,2028-08-07,2399.15,Active,batch_001,2026-07-31T17:51:10
POL00716,CUST00411,Auto,2026-04-14,2028-04-13,918.28,Cancelled,batch_001,2026-07-31T17:51:10
POL00717,CUST01409,Life,2026-02-03,2027-02-03,3971.58,Lapsed,batch_001,2026-07-31T17:51:10
POL00718,CUST01938,Auto,2024-07-02,2026-07-02,3342.98,Active,batch_001,2026-07-31T17:51:10
POL00719,CUST01646,Auto,2025-03-12,2027-03-12,2134.28,Lapsed,batch_001,2026-07-31T17:51:10
POL00720,CUST00202,Life,2026-04-04,2028-04-03,3514.47,Lapsed,batch_001,2026-07-31T17:51:10
POL00721,CUST01242,Health,2024-05-22,2026-05-22,297.12,Lapsed,batch_001,2026-07-31T17:51:10
POL00722,CUST00403,Home,2024-07-27,2026-07-27,4319.53,Active,batch_001,2026-07-31T17:51:10
POL00723,CUST01815,Health,2025-06-08,2027-06-08,4876.25,Lapsed,batch_001,2026-07-31T17:51:10
POL00724,CUST00366,Home,2023-11-18,2026-11-17,2200.51,Lapsed,batch_001,2026-07-31T17:51:10
POL00725,CUST01668,Life,2024-03-08,2025-03-08,4584.48,Cancelled,batch_001,2026-07-31T17:51:10
POL00726,CUST00652,Auto,2023-09-19,2025-09-18,4140.88,Lapsed,batch_001,2026-07-31T17:51:10
POL00727,CUST00556,Auto,2023-07-16,2026-07-15,2632.62,Active,batch_001,2026-07-31T17:51:10
POL00728,CUST00823,Auto,2022-08-08,2023-08-08,4400.87,Active,batch_001,2026-07-31T17:51:10
POL00729,CUST01477,Home,2023-03-20,2024-03-19,2390.95,Lapsed,batch_001,2026-07-31T17:51:10
POL00730,CUST01626,Auto,2024-04-05,2026-04-05,4152.83,Cancelled,batch_001,2026-07-31T17:51:10
POL00731,CUST02003,Life,2022-08-05,2023-08-05,1361.30,Active,batch_001,2026-07-31T17:51:10
POL00732,CUST01433,Health,2026-02-18,2028-02-18,3017.03,Active,batch_001,2026-07-31T17:51:10
POL00733,CUST00371,Health,2023-02-25,2025-02-24,3795.01,Active,batch_001,2026-07-31T17:51:10
POL00734,CUST00878,Home,2023-03-17,2025-03-16,438.33,Cancelled,batch_001,2026-07-31T17:51:10
POL00735,CUST01103,Life,2023-06-02,2024-06-01,3452.94,Cancelled,batch_001,2026-07-31T17:51:10
POL00736,CUST00037,Life,2025-09-11,2026-09-11,4350.22,Active,batch_001,2026-07-31T17:51:10
POL00737,CUST00035,Home,2023-12-06,2026-12-05,1031.36,Lapsed,batch_001,2026-07-31T17:51:10
POL00738,CUST01252,Health,2026-01-14,2029-01-13,4064.41,Lapsed,batch_001,2026-07-31T17:51:10
POL00739,CUST01881,Health,2023-12-26,2025-12-25,4287.61,Active,batch_001,2026-07-31T17:51:10
POL00740,CUST01627,Auto,2022-06-07,2024-06-06,1650.30,Active,batch_001,2026-07-31T17:51:10
POL00741,CUST01533,Health,2023-03-25,2026-03-24,4997.26,Lapsed,batch_001,2026-07-31T17:51:10
POL00742,CUST00262,Health,2024-02-05,2027-02-04,718.90,Lapsed,batch_001,2026-07-31T17:51:10
POL00743,CUST01135,Health,2023-07-06,2026-07-05,1760.66,Cancelled,batch_001,2026-07-31T17:51:10
POL00744,CUST01224,Home,2024-08-24,2027-08-24,4770.50,Active,batch_001,2026-07-31T17:51:10
POL00745,CUST00233,Life,2023-02-07,2026-02-06,3874.28,Cancelled,batch_001,2026-07-31T17:51:10
POL00746,CUST00105,Life,2024-02-24,2026-02-23,3467.63,Lapsed,batch_001,2026-07-31T17:51:10
POL00747,CUST01658,Life,2021-09-11,2023-09-11,4553.18,Cancelled,batch_001,2026-07-31T17:51:10
POL00748,CUST00778,Health,2026-02-13,2027-02-13,2998.51,Cancelled,batch_001,2026-07-31T17:51:10
POL00749,CUST01949,Health,2022-08-27,2025-08-26,1267.34,Cancelled,batch_001,2026-07-31T17:51:10
POL00750,CUST00742,Health,2023-11-29,2025-11-28,4258.01,Active,batch_001,2026-07-31T17:51:10
POL00751,CUST01060,Home,2021-12-18,2023-12-18,814.13,Cancelled,batch_001,2026-07-31T17:51:10
POL00752,CUST00911,Health,2022-01-15,2024-01-15,3341.29,Active,batch_001,2026-07-31T17:51:10
POL00753,CUST01723,Health,2026-04-14,2029-04-13,4382.87,Lapsed,batch_001,2026-07-31T17:51:10
POL00754,CUST01900,Auto,2024-01-23,2026-01-22,3010.74,Lapsed,batch_001,2026-07-31T17:51:10
POL00755,CUST00292,Life,2022-08-26,2023-08-26,4358.69,Active,batch_001,2026-07-31T17:51:10
POL00756,CUST01564,Health,2025-10-02,2028-10-01,775.12,Lapsed,batch_001,2026-07-31T17:51:10
POL00757,CUST00618,Home,2022-06-13,2023-06-13,4380.08,Active,batch_001,2026-07-31T17:51:10
POL00758,CUST01875,Home,2021-09-06,2023-09-06,2164.12,Lapsed,batch_001,2026-07-31T17:51:10
POL00759,CUST00332,Life,2026-06-17,2029-06-16,1065.71,Lapsed,batch_001,2026-07-31T17:51:10
POL00760,CUST01284,Auto,2023-12-30,2026-12-29,4935.87,Active,batch_001,2026-07-31T17:51:10
POL00761,CUST00691,Home,2025-07-27,2027-07-27,1512.93,Lapsed,batch_001,2026-07-31T17:51:10
POL00762,CUST01777,Life,2025-08-25,2026-08-25,821.15,Lapsed,batch_001,2026-07-31T17:51:10
POL00763,CUST01571,Auto,2025-04-28,2027-04-28,4833.57,Active,batch_001,2026-07-31T17:51:10
POL00764,CUST01529,Auto,2024-06-22,2027-06-22,1157.19,Lapsed,batch_001,2026-07-31T17:51:10
POL00765,CUST00017,Home,2023-02-22,2026-02-21,1114.77,Active,batch_001,2026-07-31T17:51:10
POL00766,CUST01279,Home,2022-01-05,2025-01-04,4409.53,Active,batch_001,2026-07-31T17:51:10
POL00767,CUST01254,Home,2023-09-22,2025-09-21,2616.02,Active,batch_001,2026-07-31T17:51:10
POL00768,CUST01192,Life,2025-08-22,2026-08-22,1631.37,Cancelled,batch_001,2026-07-31T17:51:10
POL00769,CUST01384,Life,2022-07-19,2025-07-18,3062.58,Cancelled,batch_001,2026-07-31T17:51:10
POL00770,CUST02008,Health,2022-02-18,2023-02-18,1845.12,Active,batch_001,2026-07-31T17:51:10
POL00771,CUST01653,Auto,2024-12-25,2025-12-25,4750.80,Active,batch_001,2026-07-31T17:51:10
POL00772,CUST00538,Home,2025-10-04,2026-10-04,3690.41,Cancelled,batch_001,2026-07-31T17:51:10
POL00773,CUST00693,Auto,2022-03-17,2023-03-17,3030.53,Lapsed,batch_001,2026-07-31T17:51:10
POL00774,CUST00154,Life,2026-06-26,2029-06-25,3322.59,Cancelled,batch_001,2026-07-31T17:51:10
POL00775,CUST00200,Auto,2022-01-12,2024-01-12,3902.00,Cancelled,batch_001,2026-07-31T17:51:10
POL00776,CUST00081,Auto,2022-11-13,2023-11-13,3337.12,Cancelled,batch_001,2026-07-31T17:51:10
POL00777,CUST01558,Auto,2022-11-05,2023-11-05,2200.52,Cancelled,batch_001,2026-07-31T17:51:10
POL00778,CUST00628,Home,2026-05-13,2028-05-12,2477.10,Cancelled,batch_001,2026-07-31T17:51:10
POL00779,CUST01234,Life,2024-02-28,2027-02-27,3225.49,Cancelled,batch_001,2026-07-31T17:51:10
POL00780,CUST01106,Home,2022-04-20,2023-04-20,3379.92,Lapsed,batch_001,2026-07-31T17:51:10
POL00781,CUST00483,Health,2023-09-09,2024-09-08,2655.61,Active,batch_001,2026-07-31T17:51:10
POL00782,CUST00819,Health,2022-08-02,2023-08-02,2589.15,Cancelled,batch_001,2026-07-31T17:51:10
POL00783,CUST01679,Health,2026-04-28,2027-04-28,1918.02,Active,batch_001,2026-07-31T17:51:10
POL00784,CUST00851,Life,2025-02-12,2026-02-12,2831.07,Lapsed,batch_001,2026-07-31T17:51:10
POL00785,CUST00365,Auto,2023-07-01,2024-06-30,213.14,Cancelled,batch_001,2026-07-31T17:51:10
POL00786,CUST00369,Auto,2026-01-08,2029-01-07,2571.70,Cancelled,batch_001,2026-07-31T17:51:10
POL00787,CUST01049,Home,2024-10-23,2027-10-23,686.19,Lapsed,batch_001,2026-07-31T17:51:10
POL00788,CUST00206,Auto,2025-05-29,2027-05-29,1467.80,Active,batch_001,2026-07-31T17:51:10
POL00789,CUST01476,Health,2025-05-05,2026-05-05,4290.79,Lapsed,batch_001,2026-07-31T17:51:10
POL00790,CUST00188,Auto,2024-02-08,2027-02-07,756.33,Active,batch_001,2026-07-31T17:51:10
POL00791,CUST01347,Health,2025-03-23,2028-03-22,3306.55,Lapsed,batch_001,2026-07-31T17:51:10
POL00792,CUST00381,Health,2024-03-04,2027-03-04,1487.89,Lapsed,batch_001,2026-07-31T17:51:10
POL00793,CUST01640,Life,2026-05-31,2027-05-31,746.39,Lapsed,batch_001,2026-07-31T17:51:10
POL00794,CUST01959,Life,2022-02-02,2024-02-02,3511.53,Cancelled,batch_001,2026-07-31T17:51:10
POL00795,CUST00241,Home,2022-06-03,2023-06-03,742.67,Active,batch_001,2026-07-31T17:51:10
POL00796,CUST01978,Life,2023-05-06,2025-05-05,4573.89,Active,batch_001,2026-07-31T17:51:10
POL00797,CUST01469,Auto,2023-05-16,2026-05-15,2022.80,Cancelled,batch_001,2026-07-31T17:51:10
POL00798,CUST00536,Life,2023-10-30,2026-10-29,4872.53,Lapsed,batch_001,2026-07-31T17:51:10
POL00799,CUST01806,Auto,2022-04-08,2023-04-08,4460.45,Active,batch_001,2026-07-31T17:51:10
POL00800,CUST00051,Home,2022-11-29,2024-11-28,3343.87,Cancelled,batch_001,2026-07-31T17:51:10
POL00801,CUST00391,Life,2023-08-14,2025-08-13,2691.68,Cancelled,batch_001,2026-07-31T17:51:10
POL00802,CUST01417,Life,2023-01-21,2026-01-20,1393.17,Active,batch_001,2026-07-31T17:51:10
POL00803,CUST00224,Auto,2026-04-09,2029-04-08,4481.90,Cancelled,batch_001,2026-07-31T17:51:10
POL00804,CUST01923,Life,2022-03-20,2023-03-20,2626.72,Active,batch_001,2026-07-31T17:51:10
POL00805,CUST01314,Home,2022-11-28,2023-11-28,3806.86,Lapsed,batch_001,2026-07-31T17:51:10
POL00806,CUST00913,Life,2021-08-07,2023-08-07,441.68,Lapsed,batch_001,2026-07-31T17:51:10
POL00807,CUST01820,Life,2025-01-19,2026-01-19,578.39,Active,batch_001,2026-07-31T17:51:10
POL00808,CUST00487,Life,2025-05-29,2027-05-29,2345.93,Cancelled,batch_001,2026-07-31T17:51:10
POL00809,CUST01653,Life,2025-07-28,2028-07-27,285.29,Active,batch_001,2026-07-31T17:51:10
POL00810,CUST00373,Health,2024-01-20,2027-01-19,2835.67,Cancelled,batch_001,2026-07-31T17:51:10
POL00811,CUST01869,Health,2021-11-08,2024-11-07,1192.89,Lapsed,batch_001,2026-07-31T17:51:10
POL00812,CUST01862,Health,2023-07-19,2024-07-18,4119.63,Cancelled,batch_001,2026-07-31T17:51:10
POL00813,CUST01489,Life,2024-01-11,2027-01-10,3079.77,Active,batch_001,2026-07-31T17:51:10
POL00814,CUST00909,Auto,2023-12-25,2024-12-24,3844.74,Lapsed,batch_001,2026-07-31T17:51:10
POL00815,CUST01196,Health,2025-06-09,2027-06-09,4183.44,Cancelled,batch_001,2026-07-31T17:51:10
POL00816,CUST00673,Life,2022-03-08,2023-03-08,419.73,Active,batch_001,2026-07-31T17:51:10
POL00817,CUST01677,Auto,2023-07-25,2026-07-24,3764.05,Lapsed,batch_001,2026-07-31T17:51:10
POL00818,CUST00495,Life,2023-10-29,2026-10-28,1140.42,Active,batch_001,2026-07-31T17:51:10
POL00819,CUST00781,Health,2023-04-05,2025-04-04,4157.86,Active,batch_001,2026-07-31T17:51:10
POL00820,CUST00505,Life,2025-03-11,2027-03-11,423.20,Lapsed,batch_001,2026-07-31T17:51:10
POL00821,CUST00552,Life,2022-07-21,2025-07-20,3028.72,Active,batch_001,2026-07-31T17:51:10
POL00822,CUST01773,Life,2026-03-17,2029-03-16,3733.83,Cancelled,batch_001,2026-07-31T17:51:10
POL00823,CUST00712,Home,2023-06-28,2024-06-27,3520.73,Active,batch_001,2026-07-31T17:51:10
POL00824,CUST01319,Life,2022-11-04,2024-11-03,3356.10,Lapsed,batch_001,2026-07-31T17:51:10
POL00825,CUST01017,Health,2023-11-02,2026-11-01,4596.37,Lapsed,batch_001,2026-07-31T17:51:10
POL00826,CUST01855,Home,2022-10-14,2024-10-13,4858.36,Active,batch_001,2026-07-31T17:51:10
POL00827,CUST01225,Health,2022-03-08,2024-03-07,3092.12,Cancelled,batch_001,2026-07-31T17:51:10
POL00828,CUST00891,Home,2022-01-31,2025-01-30,4690.46,Active,batch_001,2026-07-31T17:51:10
POL00829,CUST01415,Home,2022-12-27,2025-12-26,3629.05,Cancelled,batch_001,2026-07-31T17:51:10
POL00830,CUST00729,Health,2024-03-11,2027-03-11,4880.86,Cancelled,batch_001,2026-07-31T17:51:10
POL00831,CUST01968,Life,2026-06-02,2027-06-02,3851.72,Cancelled,batch_001,2026-07-31T17:51:10
POL00832,CUST01172,Life,2024-01-12,2027-01-11,4490.56,Active,batch_001,2026-07-31T17:51:10
POL00833,CUST01561,Home,2025-04-24,2028-04-23,711.06,Active,batch_001,2026-07-31T17:51:10
POL00834,CUST01094,Home,2022-08-20,2025-08-19,471.70,Lapsed,batch_001,2026-07-31T17:51:10
POL00835,CUST00255,Health,2025-07-25,2028-07-24,1402.69,Active,batch_001,2026-07-31T17:51:10
POL00836,CUST01854,Auto,2024-02-29,2027-02-28,355.07,Cancelled,batch_001,2026-07-31T17:51:10
POL00837,CUST00919,Life,2024-12-31,2027-12-31,3749.56,Active,batch_001,2026-07-31T17:51:10
POL00838,CUST01179,Auto,2023-11-22,2026-11-21,3964.67,Lapsed,batch_001,2026-07-31T17:51:10
POL00839,CUST01281,Auto,2025-10-31,2027-10-31,2199.52,Active,batch_001,2026-07-31T17:51:10
POL00840,CUST01815,Home,2026-03-03,2029-03-02,1406.44,Cancelled,batch_001,2026-07-31T17:51:10
POL00841,CUST01507,Home,2025-10-11,2028-10-10,3605.82,Cancelled,batch_001,2026-07-31T17:51:10
POL00842,CUST00727,Auto,2025-04-20,2026-04-20,1612.05,Active,batch_001,2026-07-31T17:51:10
POL00843,CUST00489,Life,2022-04-05,2023-04-05,3728.38,Active,batch_001,2026-07-31T17:51:10
POL00844,CUST01083,Home,2021-11-30,2023-11-30,1539.74,Active,batch_001,2026-07-31T17:51:10
POL00845,CUST00024,Health,2025-04-02,2028-04-01,4260.87,Lapsed,batch_001,2026-07-31T17:51:10
POL00846,CUST00164,Home,2024-04-26,2027-04-26,4699.97,Lapsed,batch_001,2026-07-31T17:51:10
POL00847,CUST01234,Life,2023-09-15,2026-09-14,444.11,Cancelled,batch_001,2026-07-31T17:51:10
POL00848,CUST01302,Home,2021-10-18,2024-10-17,1918.81,Active,batch_001,2026-07-31T17:51:10
POL00849,CUST00653,Life,2022-05-09,2025-05-08,527.25,Cancelled,batch_001,2026-07-31T17:51:10
POL00850,CUST01432,Home,2023-07-11,2026-07-10,2136.40,Active,batch_001,2026-07-31T17:51:10
POL00851,CUST01478,Health,2026-06-21,2029-06-20,1793.04,Active,batch_001,2026-07-31T17:51:10
POL00852,CUST00037,Auto,2026-07-28,2029-07-27,2746.39,Cancelled,batch_001,2026-07-31T17:51:10
POL00853,CUST00999,Auto,2021-10-02,2023-10-02,2339.20,Cancelled,batch_001,2026-07-31T17:51:10
POL00854,CUST00465,Life,2023-11-14,2025-11-13,2030.59,Lapsed,batch_001,2026-07-31T17:51:10
POL00855,CUST00102,Health,2026-06-24,2029-06-23,3675.08,Cancelled,batch_001,2026-07-31T17:51:10
POL00856,CUST00180,Health,2021-12-01,2024-11-30,2338.67,Cancelled,batch_001,2026-07-31T17:51:10
POL00857,CUST00338,Auto,2023-01-25,2024-01-25,1737.50,Active,batch_001,2026-07-31T17:51:10
POL00858,CUST00269,Home,2025-07-30,2028-07-29,2759.39,Cancelled,batch_001,2026-07-31T17:51:10
POL00859,CUST01738,Auto,2025-12-28,2028-12-27,3913.19,Active,batch_001,2026-07-31T17:51:10
POL00860,CUST01783,Auto,2025-05-03,2028-05-02,4177.99,Cancelled,batch_001,2026-07-31T17:51:10
POL00861,CUST01881,Health,2023-12-11,2026-12-10,938.02,Active,batch_001,2026-07-31T17:51:10
POL00862,CUST00730,Health,2023-02-13,2024-02-13,551.59,Cancelled,batch_001,2026-07-31T17:51:10
POL00863,CUST00933,Health,2026-07-22,2027-07-22,2959.82,Lapsed,batch_001,2026-07-31T17:51:10
POL00864,CUST01657,Life,2025-04-14,2027-04-14,2365.40,Lapsed,batch_001,2026-07-31T17:51:10
POL00865,CUST00485,Auto,2025-10-04,2026-10-04,2069.61,Cancelled,batch_001,2026-07-31T17:51:10
POL00866,CUST00187,Auto,2022-05-09,2025-05-08,3168.08,Lapsed,batch_001,2026-07-31T17:51:10
POL00867,CUST01235,Auto,2025-07-29,2028-07-28,709.45,Lapsed,batch_001,2026-07-31T17:51:10
POL00868,CUST00127,Life,2024-07-15,2026-07-15,2030.79,Active,batch_001,2026-07-31T17:51:10
POL00869,CUST01602,Health,2025-01-18,2028-01-18,1255.36,Cancelled,batch_001,2026-07-31T17:51:10
POL00870,CUST01529,Auto,2024-05-30,2025-05-30,1630.67,Cancelled,batch_001,2026-07-31T17:51:10
POL00871,CUST00172,Auto,2024-04-22,2027-04-22,878.59,Cancelled,batch_001,2026-07-31T17:51:10
POL00872,CUST00349,Health,2022-06-19,2025-06-18,2091.59,Active,batch_001,2026-07-31T17:51:10
POL00873,CUST01409,Home,2022-12-11,2025-12-10,3758.87,Lapsed,batch_001,2026-07-31T17:51:10
POL00874,CUST00584,Home,2024-05-19,2027-05-19,4287.00,Active,batch_001,2026-07-31T17:51:10
POL00875,CUST01036,Home,2025-01-28,2026-01-28,3161.05,Active,batch_001,2026-07-31T17:51:10
POL00876,CUST00223,Life,2025-10-16,2026-10-16,3420.69,Cancelled,batch_001,2026-07-31T17:51:10
POL00877,CUST00276,Health,2024-01-11,2027-01-10,551.09,Active,batch_001,2026-07-31T17:51:10
POL00878,CUST01996,Health,2024-12-25,2025-12-25,3682.83,Lapsed,batch_001,2026-07-31T17:51:10
POL00879,CUST00961,Auto,2026-04-04,2027-04-04,3422.22,Lapsed,batch_001,2026-07-31T17:51:10
POL00880,CUST00793,Health,2021-11-21,2024-11-20,535.08,Lapsed,batch_001,2026-07-31T17:51:10
POL00881,CUST01253,Home,2025-06-12,2027-06-12,1776.06,Cancelled,batch_001,2026-07-31T17:51:10
POL00882,CUST01296,Life,2022-04-29,2025-04-28,1949.57,Active,batch_001,2026-07-31T17:51:10
POL00883,CUST00908,Life,2024-04-02,2025-04-02,1703.43,Lapsed,batch_001,2026-07-31T17:51:10
POL00884,CUST01359,Life,2023-09-22,2025-09-21,844.67,Lapsed,batch_001,2026-07-31T17:51:10
POL00885,CUST01252,Life,2024-04-29,2026-04-29,1921.96,Cancelled,batch_001,2026-07-31T17:51:10
POL00886,CUST00336,Health,2022-07-25,2023-07-25,1043.70,Active,batch_001,2026-07-31T17:51:10
POL00887,CUST00314,Auto,2025-01-05,2028-01-05,1142.87,Active,batch_001,2026-07-31T17:51:10
POL00888,CUST01660,Home,2025-12-14,2028-12-13,3231.81,Active,batch_001,2026-07-31T17:51:10
POL00889,CUST01934,Home,2021-08-02,2024-08-01,1450.96,Lapsed,batch_001,2026-07-31T17:51:10
POL00890,CUST01192,Home,2026-03-11,2028-03-10,1271.87,Lapsed,batch_001,2026-07-31T17:51:10
POL00891,CUST01626,Health,2025-07-04,2028-07-03,2649.98,Cancelled,batch_001,2026-07-31T17:51:10
POL00892,CUST00680,Home,2025-02-02,2026-02-02,3380.86,Lapsed,batch_001,2026-07-31T17:51:10
POL00893,CUST00599,Life,2022-01-14,2023-01-14,1059.90,Lapsed,batch_001,2026-07-31T17:51:10
POL00894,CUST01998,Home,2023-03-04,2024-03-03,1250.33,Active,batch_001,2026-07-31T17:51:10
POL00895,CUST00176,Home,2025-12-26,2027-12-26,1973.29,Cancelled,batch_001,2026-07-31T17:51:10
POL00896,CUST01863,Auto,2024-08-27,2026-08-27,2062.85,Active,batch_001,2026-07-31T17:51:10
POL00897,CUST01121,Health,2025-10-25,2028-10-24,1755.54,Cancelled,batch_001,2026-07-31T17:51:10
POL00898,CUST01543,Life,2025-05-03,2028-05-02,2936.77,Lapsed,batch_001,2026-07-31T17:51:10
POL00899,CUST00319,Health,2022-01-06,2025-01-05,3336.02,Lapsed,batch_001,2026-07-31T17:51:10
POL00900,CUST01446,Health,2023-04-23,2024-04-22,2678.58,Lapsed,batch_001,2026-07-31T17:51:10
POL00901,CUST00028,Home,2023-11-06,2025-11-05,4458.43,Lapsed,batch_001,2026-07-31T17:51:10
POL00902,CUST01151,Home,2026-04-01,2027-04-01,1303.96,Active,batch_001,2026-07-31T17:51:10
POL00903,CUST00485,Home,2022-09-10,2023-09-10,955.32,Lapsed,batch_001,2026-07-31T17:51:10
POL00904,CUST01973,Life,2024-01-10,2026-01-09,3657.23,Lapsed,batch_001,2026-07-31T17:51:10
POL00905,CUST01684,Auto,2025-04-21,2026-04-21,3035.80,Active,batch_001,2026-07-31T17:51:10
POL00906,CUST00660,Home,2025-09-12,2026-09-12,813.85,Cancelled,batch_001,2026-07-31T17:51:10
POL00907,CUST00602,Auto,2022-08-11,2025-08-10,388.12,Active,batch_001,2026-07-31T17:51:10
POL00908,CUST01661,Auto,2021-10-27,2023-10-27,4627.74,Cancelled,batch_001,2026-07-31T17:51:10
POL00909,CUST01162,Auto,2023-08-12,2026-08-11,3376.38,Active,batch_001,2026-07-31T17:51:10
POL00910,CUST01931,Life,2022-12-04,2024-12-03,3111.32,Active,batch_001,2026-07-31T17:51:10
POL00911,CUST00585,Home,2024-03-21,2025-03-21,4185.75,Cancelled,batch_001,2026-07-31T17:51:10
POL00912,CUST00687,Health,2026-04-06,2029-04-05,2651.86,Lapsed,batch_001,2026-07-31T17:51:10
POL00913,CUST00942,Life,2021-09-10,2024-09-09,3034.86,Lapsed,batch_001,2026-07-31T17:51:10
POL00914,CUST00829,Life,2026-04-10,2027-04-10,721.14,Active,batch_001,2026-07-31T17:51:10
POL00915,CUST01950,Auto,2025-01-17,2028-01-17,662.23,Cancelled,batch_001,2026-07-31T17:51:10
POL00916,CUST00382,Life,2022-05-15,2025-05-14,3811.44,Cancelled,batch_001,2026-07-31T17:51:10
POL00917,CUST00005,Life,2023-06-28,2024-06-27,4529.53,Cancelled,batch_001,2026-07-31T17:51:10
POL00918,CUST00178,Life,2022-07-17,2024-07-16,1977.81,Active,batch_001,2026-07-31T17:51:10
POL00919,CUST01562,Health,2025-07-02,2027-07-02,3989.87,Cancelled,batch_001,2026-07-31T17:51:10
POL00920,CUST00401,Life,2022-07-29,2025-07-28,4557.72,Active,batch_001,2026-07-31T17:51:10
POL00921,CUST00953,Auto,2022-11-20,2024-11-19,2490.28,Lapsed,batch_001,2026-07-31T17:51:10
POL00922,CUST01674,Health,2025-10-25,2028-10-24,4408.48,Active,batch_001,2026-07-31T17:51:10
POL00923,CUST00030,Auto,2024-01-22,2025-01-21,3603.91,Cancelled,batch_001,2026-07-31T17:51:10
POL00924,CUST00842,Health,2025-11-27,2026-11-27,2000.14,Lapsed,batch_001,2026-07-31T17:51:10
POL00925,CUST01746,Health,2023-11-26,2025-11-25,711.60,Lapsed,batch_001,2026-07-31T17:51:10
POL00926,CUST01498,Health,2025-02-09,2028-02-09,2233.10,Cancelled,batch_001,2026-07-31T17:51:10
POL00927,CUST01693,Life,2025-09-06,2027-09-06,3823.87,Active,batch_001,2026-07-31T17:51:10
POL00928,CUST01982,Health,2025-08-05,2027-08-05,2883.65,Lapsed,batch_001,2026-07-31T17:51:10
POL00929,CUST01631,Home,2023-08-26,2026-08-25,1852.91,Cancelled,batch_001,2026-07-31T17:51:10
POL00930,CUST01830,Home,2025-06-18,2026-06-18,3789.51,Active,batch_001,2026-07-31T17:51:10
POL00931,CUST01387,Auto,2026-04-07,2027-04-07,2640.05,Active,batch_001,2026-07-31T17:51:10
POL00932,CUST00022,Auto,2022-10-22,2024-10-21,4829.94,Active,batch_001,2026-07-31T17:51:10
POL00933,CUST01784,Auto,2024-11-02,2026-11-02,4644.14,Active,batch_001,2026-07-31T17:51:10
POL00934,CUST00328,Auto,2023-03-14,2025-03-13,1264.50,Cancelled,batch_001,2026-07-31T17:51:10
POL00935,CUST01642,Health,2025-11-25,2027-11-25,4667.29,Cancelled,batch_001,2026-07-31T17:51:10
POL00936,CUST00718,Life,2022-09-27,2025-09-26,475.82,Lapsed,batch_001,2026-07-31T17:51:10
POL00937,CUST01172,Home,2022-03-03,2023-03-03,1168.19,Active,batch_001,2026-07-31T17:51:10
POL00938,CUST00949,Home,2023-12-05,2026-12-04,2650.63,Cancelled,batch_001,2026-07-31T17:51:10
POL00939,CUST00002,Home,2025-02-08,2026-02-08,1926.75,Active,batch_001,2026-07-31T17:51:10
POL00940,CUST01447,Life,2024-06-19,2026-06-19,3942.43,Lapsed,batch_001,2026-07-31T17:51:10
POL00941,CUST00063,Auto,2025-11-23,2028-11-22,1161.49,Active,batch_001,2026-07-31T17:51:10
POL00942,CUST01426,Health,2023-11-07,2026-11-06,1565.57,Lapsed,batch_001,2026-07-31T17:51:10
POL00943,CUST00797,Life,2021-08-06,2022-08-06,3110.54,Lapsed,batch_001,2026-07-31T17:51:10
POL00944,CUST00717,Life,2023-12-25,2026-12-24,222.33,Cancelled,batch_001,2026-07-31T17:51:10
POL00945,CUST01206,Health,2024-02-12,2025-02-11,2881.43,Active,batch_001,2026-07-31T17:51:10
POL00946,CUST01025,Life,2026-07-27,2029-07-26,4792.20,Lapsed,batch_001,2026-07-31T17:51:10
POL00947,CUST00997,Health,2026-07-05,2029-07-04,2521.42,Lapsed,batch_001,2026-07-31T17:51:10
POL00948,CUST00113,Life,2025-09-28,2028-09-27,2411.46,Active,batch_001,2026-07-31T17:51:10
POL00949,CUST00903,Home,2022-11-03,2024-11-02,524.26,Lapsed,batch_001,2026-07-31T17:51:10
POL00950,CUST00040,Health,2025-05-17,2027-05-17,4786.14,Active,batch_001,2026-07-31T17:51:10
POL00951,CUST01401,Auto,2026-02-27,2028-02-27,646.45,Cancelled,batch_001,2026-07-31T17:51:10
POL00952,CUST01449,Home,2025-09-11,2026-09-11,2487.47,Cancelled,batch_001,2026-07-31T17:51:10
POL00953,CUST00779,Life,2024-07-06,2026-07-06,1077.37,Cancelled,batch_001,2026-07-31T17:51:10
POL00954,CUST00992,Health,2024-05-27,2025-05-27,1327.33,Active,batch_001,2026-07-31T17:51:10
POL00955,CUST01023,Health,2026-04-09,2027-04-09,1173.28,Active,batch_001,2026-07-31T17:51:10
POL00956,CUST00322,Life,2026-03-14,2027-03-14,775.42,Cancelled,batch_001,2026-07-31T17:51:10
POL00957,CUST00174,Life,2024-10-13,2025-10-13,3868.37,Lapsed,batch_001,2026-07-31T17:51:10
POL00958,CUST01126,Life,2025-06-13,2028-06-12,1714.00,Active,batch_001,2026-07-31T17:51:10
POL00959,CUST00910,Home,2024-04-24,2027-04-24,1545.28,Active,batch_001,2026-07-31T17:51:10
POL00960,CUST01960,Auto,2023-03-08,2026-03-07,4036.50,Cancelled,batch_001,2026-07-31T17:51:10
POL00961,CUST00716,Life,2023-08-10,2025-08-09,2089.84,Active,batch_001,2026-07-31T17:51:10
POL00962,CUST01293,Auto,2026-06-10,2029-06-09,2687.38,Active,batch_001,2026-07-31T17:51:10
POL00963,CUST00413,Health,2024-10-31,2027-10-31,1211.61,Lapsed,batch_001,2026-07-31T17:51:10
POL00964,CUST00767,Health,2023-07-25,2026-07-24,4336.84,Active,batch_001,2026-07-31T17:51:10
POL00965,CUST01406,Health,2025-01-26,2027-01-26,2462.46,Active,batch_001,2026-07-31T17:51:10
POL00966,CUST01717,Health,2021-12-12,2023-12-12,2234.93,Lapsed,batch_001,2026-07-31T17:51:10
POL00967,CUST00737,Home,2024-04-13,2026-04-13,1542.22,Cancelled,batch_001,2026-07-31T17:51:10
POL00968,CUST00410,Health,2025-08-07,2028-08-06,1297.12,Active,batch_001,2026-07-31T17:51:10
POL00969,CUST01561,Home,2024-10-26,2027-10-26,2274.65,Active,batch_001,2026-07-31T17:51:10
POL00970,CUST00040,Home,2024-11-10,2027-11-10,917.83,Lapsed,batch_001,2026-07-31T17:51:10
POL00971,CUST01294,Life,2022-11-14,2024-11-13,845.46,Lapsed,batch_001,2026-07-31T17:51:10
POL00972,CUST00196,Life,2025-10-15,2027-10-15,2898.26,Active,batch_001,2026-07-31T17:51:10
POL00973,CUST00883,Health,2021-11-22,2024-11-21,984.04,Lapsed,batch_001,2026-07-31T17:51:10
POL00974,CUST01371,Health,2022-08-26,2025-08-25,662.25,Lapsed,batch_001,2026-07-31T17:51:10
POL00975,CUST01056,Health,2025-11-06,2027-11-06,2889.68,Active,batch_001,2026-07-31T17:51:10
POL00976,CUST00815,Home,2024-05-26,2026-05-26,781.94,Lapsed,batch_001,2026-07-31T17:51:10
POL00977,CUST01997,Life,2022-06-06,2024-06-05,1760.43,Active,batch_001,2026-07-31T17:51:10
POL00978,CUST01900,Home,2025-04-27,2027-04-27,3145.59,Active,batch_001,2026-07-31T17:51:10
POL00979,CUST01382,Life,2022-06-04,2025-06-03,4077.04,Cancelled,batch_001,2026-07-31T17:51:10
POL00980,CUST00293,Auto,2026-01-19,2029-01-18,2943.86,Active,batch_001,2026-07-31T17:51:10
POL00981,CUST01298,Health,2025-06-18,2027-06-18,1295.45,Cancelled,batch_001,2026-07-31T17:51:10
POL00982,CUST01620,Health,2021-09-15,2023-09-15,3105.85,Lapsed,batch_001,2026-07-31T17:51:10
POL00983,CUST01845,Life,2022-10-20,2024-10-19,3789.90,Active,batch_001,2026-07-31T17:51:10
POL00984,CUST00513,Home,2025-01-23,2026-01-23,4300.22,Cancelled,batch_001,2026-07-31T17:51:10
POL00985,CUST00328,Home,2022-11-21,2024-11-20,4714.10,Active,batch_001,2026-07-31T17:51:10
POL00986,CUST00262,Life,2022-03-19,2024-03-18,694.44,Cancelled,batch_001,2026-07-31T17:51:10
POL00987,CUST01627,Auto,2025-07-27,2026-07-27,326.55,Active,batch_001,2026-07-31T17:51:10
POL00988,CUST00346,Life,2023-10-31,2025-10-30,3166.89,Lapsed,batch_001,2026-07-31T17:51:10
POL00989,CUST01164,Life,2024-06-15,2025-06-15,1387.50,Cancelled,batch_001,2026-07-31T17:51:10
POL00990,CUST00699,Auto,2024-12-15,2025-12-15,830.13,Active,batch_001,2026-07-31T17:51:10
POL00991,CUST01333,Life,2022-04-05,2025-04-04,1912.84,Lapsed,batch_001,2026-07-31T17:51:10
POL00992,CUST01823,Home,2024-05-15,2027-05-15,4687.32,Cancelled,batch_001,2026-07-31T17:51:10
POL00993,CUST01871,Life,2026-02-11,2029-02-10,1049.78,Cancelled,batch_001,2026-07-31T17:51:10
POL00994,CUST01269,Health,2024-10-22,2027-10-22,3269.74,Lapsed,batch_001,2026-07-31T17:51:10
POL00995,CUST00367,Life,2024-04-08,2027-04-08,1290.22,Lapsed,batch_001,2026-07-31T17:51:10
POL00996,CUST00638,Health,2025-09-23,2027-09-23,2178.58,Active,batch_001,2026-07-31T17:51:10
POL00997,CUST00559,Health,2026-03-06,2027-03-06,2711.92,Lapsed,batch_001,2026-07-31T17:51:10
POL00998,CUST02015,Life,2021-11-18,2023-11-18,2768.47,Lapsed,batch_001,2026-07-31T17:51:10
POL00999,CUST01200,Home,2022-02-27,2023-02-27,3876.17,Active,batch_001,2026-07-31T17:51:10
POL01000,CUST01687,Life,2023-07-29,2026-07-28,1993.49,Lapsed,batch_001,2026-07-31T17:51:10
POL01001,CUST01597,Life,2024-01-08,2025-01-07,983.69,Active,batch_001,2026-07-31T17:51:10
POL01002,CUST00982,Health,2023-07-06,2025-07-05,580.21,Lapsed,batch_001,2026-07-31T17:51:10
POL01003,CUST01102,Life,2022-05-06,2025-05-05,3766.05,Active,batch_001,2026-07-31T17:51:10
POL01004,CUST01187,Auto,2025-04-08,2026-04-08,1075.55,Cancelled,batch_001,2026-07-31T17:51:10
POL01005,CUST01115,Life,2022-05-31,2024-05-30,3165.10,Active,batch_001,2026-07-31T17:51:10
POL01006,CUST00204,Auto,2022-06-07,2024-06-06,293.10,Active,batch_001,2026-07-31T17:51:10
POL01007,CUST00513,Life,2025-05-08,2026-05-08,1554.15,Cancelled,batch_001,2026-07-31T17:51:10
POL01008,CUST00618,Auto,2022-12-28,2023-12-28,1317.49,Lapsed,batch_001,2026-07-31T17:51:10
POL01009,CUST01277,Life,2024-02-15,2025-02-14,1841.18,Lapsed,batch_001,2026-07-31T17:51:10
POL01010,CUST00130,Health,2021-10-27,2023-10-27,3545.29,Active,batch_001,2026-07-31T17:51:10
POL01011,CUST01608,Auto,2021-12-19,2022-12-19,468.98,Cancelled,batch_001,2026-07-31T17:51:10
POL01012,CUST01025,Life,2024-05-02,2026-05-02,1071.70,Active,batch_001,2026-07-31T17:51:10
POL01013,CUST01020,Life,2022-01-20,2023-01-20,4878.07,Lapsed,batch_001,2026-07-31T17:51:10
POL01014,CUST00138,Home,2024-01-27,2025-01-26,3740.57,Lapsed,batch_001,2026-07-31T17:51:10
POL01015,CUST00854,Life,2024-08-16,2027-08-16,3900.78,Lapsed,batch_001,2026-07-31T17:51:10
POL01016,CUST01324,Home,2024-10-06,2027-10-06,4813.83,Cancelled,batch_001,2026-07-31T17:51:10
POL01017,CUST00501,Health,2025-03-29,2028-03-28,402.49,Lapsed,batch_001,2026-07-31T17:51:10
POL01018,CUST01477,Auto,2022-10-25,2025-10-24,1634.30,Cancelled,batch_001,2026-07-31T17:51:10
POL01019,CUST00967,Life,2023-08-27,2024-08-26,4871.72,Lapsed,batch_001,2026-07-31T17:51:10
POL01020,CUST01131,Auto,2026-02-04,2027-02-04,1003.33,Lapsed,batch_001,2026-07-31T17:51:10
POL01021,CUST00173,Life,2025-01-30,2026-01-30,242.86,Cancelled,batch_001,2026-07-31T17:51:10
POL01022,CUST00367,Home,2026-05-23,2029-05-22,943.96,Active,batch_001,2026-07-31T17:51:10
POL01023,CUST01387,Auto,2023-02-09,2025-02-08,638.73,Active,batch_001,2026-07-31T17:51:10
POL01024,CUST00440,Home,2023-01-09,2025-01-08,3293.96,Lapsed,batch_001,2026-07-31T17:51:10
POL01025,CUST01423,Life,2023-01-24,2024-01-24,1720.35,Cancelled,batch_001,2026-07-31T17:51:10
POL01026,CUST01548,Health,2022-04-01,2023-04-01,302.49,Cancelled,batch_001,2026-07-31T17:51:10
POL01027,CUST00162,Life,2024-10-30,2025-10-30,1403.34,Cancelled,batch_001,2026-07-31T17:51:10
POL01028,CUST02008,Home,2023-08-17,2025-08-16,2883.32,Cancelled,batch_001,2026-07-31T17:51:10
POL01029,CUST01326,Life,2025-10-23,2026-10-23,2809.38,Lapsed,batch_001,2026-07-31T17:51:10
POL01030,CUST00657,Auto,2026-07-15,2029-07-14,4589.48,Cancelled,batch_001,2026-07-31T17:51:10
POL01031,CUST01079,Health,2022-10-17,2023-10-17,2357.04,Lapsed,batch_001,2026-07-31T17:51:10
POL01032,CUST01553,Home,2023-07-21,2024-07-20,3924.41,Active,batch_001,2026-07-31T17:51:10
POL01033,CUST00979,Health,2025-07-01,2028-06-30,4312.78,Cancelled,batch_001,2026-07-31T17:51:10
POL01034,CUST01588,Home,2023-09-27,2024-09-26,3359.79,Cancelled,batch_001,2026-07-31T17:51:10
POL01035,CUST00632,Health,2025-06-26,2028-06-25,2588.24,Lapsed,batch_001,2026-07-31T17:51:10
POL01036,CUST00453,Auto,2023-10-01,2025-09-30,3276.34,Cancelled,batch_001,2026-07-31T17:51:10
POL01037,CUST00532,Home,2021-08-28,2024-08-27,520.06,Active,batch_001,2026-07-31T17:51:10
POL01038,CUST00785,Auto,2025-07-14,2026-07-14,713.86,Active,batch_001,2026-07-31T17:51:10
POL01039,CUST01592,Life,2024-01-09,2027-01-08,3280.41,Cancelled,batch_001,2026-07-31T17:51:10
POL01040,CUST01049,Auto,2026-03-24,2029-03-23,3566.31,Lapsed,batch_001,2026-07-31T17:51:10
POL01041,CUST00291,Auto,2022-12-02,2023-12-02,3108.58,Active,batch_001,2026-07-31T17:51:10
POL01042,CUST00328,Life,2022-03-16,2025-03-15,2558.75,Cancelled,batch_001,2026-07-31T17:51:10
POL01043,CUST01704,Health,2025-05-02,2026-05-02,1932.45,Cancelled,batch_001,2026-07-31T17:51:10
POL01044,CUST01089,Auto,2024-07-07,2025-07-07,4153.49,Cancelled,batch_001,2026-07-31T17:51:10
POL01045,CUST00320,Home,2026-07-29,2027-07-29,4205.39,Cancelled,batch_001,2026-07-31T17:51:10
POL01046,CUST00947,Life,2024-02-14,2025-02-13,685.88,Active,batch_001,2026-07-31T17:51:10
POL01047,CUST01019,Home,2025-03-09,2026-03-09,2725.72,Cancelled,batch_001,2026-07-31T17:51:10
POL01048,CUST00433,Health,2023-09-15,2026-09-14,2879.08,Cancelled,batch_001,2026-07-31T17:51:10
POL01049,CUST01750,Auto,2025-06-18,2027-06-18,3572.24,Active,batch_001,2026-07-31T17:51:10
POL01050,CUST01383,Home,2024-02-23,2025-02-22,2839.83,Cancelled,batch_001,2026-07-31T17:51:10
POL01051,CUST01444,Health,2023-04-09,2026-04-08,2326.46,Cancelled,batch_001,2026-07-31T17:51:10
POL01052,CUST01689,Life,2024-11-06,2026-11-06,4255.30,Cancelled,batch_001,2026-07-31T17:51:10
POL01053,CUST00877,Life,2025-09-08,2027-09-08,3120.38,Cancelled,batch_001,2026-07-31T17:51:10
POL01054,CUST01854,Life,2022-06-26,2025-06-25,1419.63,Lapsed,batch_001,2026-07-31T17:51:10
POL01055,CUST01166,Auto,2023-08-05,2024-08-04,3686.30,Cancelled,batch_001,2026-07-31T17:51:10
POL01056,CUST01237,Auto,2024-10-26,2025-10-26,4968.38,Lapsed,batch_001,2026-07-31T17:51:10
POL01057,CUST01290,Auto,2026-06-10,2027-06-10,1231.15,Cancelled,batch_001,2026-07-31T17:51:10
POL01058,CUST00634,Auto,2024-08-18,2026-08-18,4611.74,Active,batch_001,2026-07-31T17:51:10
POL01059,CUST00567,Health,2026-06-19,2028-06-18,1907.15,Lapsed,batch_001,2026-07-31T17:51:10
POL01060,CUST01050,Health,2024-02-04,2027-02-03,1399.31,Active,batch_001,2026-07-31T17:51:10
POL01061,CUST00891,Auto,2024-02-02,2027-02-01,2119.03,Cancelled,batch_001,2026-07-31T17:51:10
POL01062,CUST00709,Life,2021-10-06,2023-10-06,4005.94,Cancelled,batch_001,2026-07-31T17:51:10
POL01063,CUST00391,Health,2024-12-10,2027-12-10,2965.92,Active,batch_001,2026-07-31T17:51:10
POL01064,CUST01563,Auto,2023-11-29,2026-11-28,4080.04,Active,batch_001,2026-07-31T17:51:10
POL01065,CUST01779,Life,2021-08-24,2023-08-24,1870.06,Active,batch_001,2026-07-31T17:51:10
POL01066,CUST00047,Life,2026-05-23,2027-05-23,3788.86,Active,batch_001,2026-07-31T17:51:10
POL01067,CUST01308,Home,2021-12-29,2023-12-29,2717.04,Lapsed,batch_001,2026-07-31T17:51:10
POL01068,CUST00628,Auto,2025-10-20,2028-10-19,3549.29,Cancelled,batch_001,2026-07-31T17:51:10
POL01069,CUST01826,Auto,2024-01-05,2027-01-04,4987.36,Active,batch_001,2026-07-31T17:51:10
POL01070,CUST01616,Home,2023-07-14,2025-07-13,1590.96,Active,batch_001,2026-07-31T17:51:10
POL01071,CUST00202,Life,2024-07-28,2026-07-28,596.22,Lapsed,batch_001,2026-07-31T17:51:10
POL01072,CUST01780,Home,2023-06-10,2024-06-09,2112.93,Active,batch_001,2026-07-31T17:51:10
POL01073,CUST01999,Life,2023-03-12,2025-03-11,2884.62,Cancelled,batch_001,2026-07-31T17:51:10
POL01074,CUST01009,Home,2023-09-16,2026-09-15,1141.28,Active,batch_001,2026-07-31T17:51:10
POL01075,CUST01325,Auto,2022-09-27,2024-09-26,3928.51,Active,batch_001,2026-07-31T17:51:10
POL01076,CUST01497,Health,2022-05-27,2025-05-26,2185.19,Active,batch_001,2026-07-31T17:51:10
POL01077,CUST00100,Health,2021-11-29,2023-11-29,1853.72,Active,batch_001,2026-07-31T17:51:10
POL01078,CUST01812,Home,2024-03-15,2026-03-15,3157.86,Lapsed,batch_001,2026-07-31T17:51:10
POL01079,CUST00957,Home,2025-04-29,2026-04-29,4636.22,Cancelled,batch_001,2026-07-31T17:51:10
POL01080,CUST00352,Auto,2021-11-10,2023-11-10,948.76,Cancelled,batch_001,2026-07-31T17:51:10
POL01081,CUST00605,Health,2026-07-04,2027-07-04,1366.63,Active,batch_001,2026-07-31T17:51:10
POL01082,CUST00456,Health,2024-09-05,2026-09-05,3530.22,Lapsed,batch_001,2026-07-31T17:51:10
POL01083,CUST00857,Home,2022-09-11,2024-09-10,309.19,Active,batch_001,2026-07-31T17:51:10
POL01084,CUST01060,Life,2022-05-06,2025-05-05,2711.68,Cancelled,batch_001,2026-07-31T17:51:10
POL01085,CUST00076,Life,2024-02-01,2027-01-31,4963.05,Cancelled,batch_001,2026-07-31T17:51:10
POL01086,CUST01047,Home,2024-05-10,2027-05-10,2728.64,Active,batch_001,2026-07-31T17:51:10
POL01087,CUST01112,Auto,2025-02-09,2027-02-09,1163.34,Lapsed,batch_001,2026-07-31T17:51:10
POL01088,CUST00273,Life,2023-01-26,2026-01-25,4736.85,Cancelled,batch_001,2026-07-31T17:51:10
POL01089,CUST01476,Auto,2023-04-14,2025-04-13,3382.31,Active,batch_001,2026-07-31T17:51:10
POL01090,CUST01584,Home,2022-09-13,2024-09-12,4363.57,Lapsed,batch_001,2026-07-31T17:51:10
POL01091,CUST00408,Health,2026-03-01,2029-02-28,4887.74,Lapsed,batch_001,2026-07-31T17:51:10
POL01092,CUST00764,Home,2024-09-08,2027-09-08,2751.49,Cancelled,batch_001,2026-07-31T17:51:10
POL01093,CUST00089,Auto,2026-02-03,2028-02-03,2891.30,Active,batch_001,2026-07-31T17:51:10
POL01094,CUST02007,Life,2025-11-05,2028-11-04,1663.65,Cancelled,batch_001,2026-07-31T17:51:10
POL01095,CUST01442,Health,2023-11-23,2024-11-22,288.19,Cancelled,batch_001,2026-07-31T17:51:10
POL01096,CUST01130,Auto,2022-12-23,2024-12-22,1333.78,Cancelled,batch_001,2026-07-31T17:51:10
POL01097,CUST00121,Health,2023-10-06,2025-10-05,4417.65,Active,batch_001,2026-07-31T17:51:10
POL01098,CUST01610,Home,2025-09-04,2026-09-04,1840.57,Active,batch_001,2026-07-31T17:51:10
POL01099,CUST00932,Life,2024-02-01,2027-01-31,2034.59,Active,batch_001,2026-07-31T17:51:10
POL01100,CUST01280,Health,2024-06-16,2027-06-16,933.20,Lapsed,batch_001,2026-07-31T17:51:10
POL01101,CUST00568,Home,2022-07-22,2025-07-21,832.51,Active,batch_001,2026-07-31T17:51:10
POL01102,CUST00554,Life,2025-07-24,2027-07-24,3504.95,Active,batch_001,2026-07-31T17:51:10
POL01103,CUST00648,Health,2022-03-20,2025-03-19,4678.54,Active,batch_001,2026-07-31T17:51:10
POL01104,CUST00485,Home,2022-10-10,2025-10-09,2758.22,Lapsed,batch_001,2026-07-31T17:51:10
POL01105,CUST01306,Life,2023-06-30,2024-06-29,3689.98,Lapsed,batch_001,2026-07-31T17:51:10
POL01106,CUST01122,Home,2024-12-15,2026-12-15,2326.42,Active,batch_001,2026-07-31T17:51:10
POL01107,CUST00108,Health,2026-04-26,2027-04-26,831.42,Cancelled,batch_001,2026-07-31T17:51:10
POL01108,CUST00952,Home,2024-09-08,2027-09-08,3139.34,Cancelled,batch_001,2026-07-31T17:51:10
POL01109,CUST01953,Home,2022-05-06,2023-05-06,1924.45,Cancelled,batch_001,2026-07-31T17:51:10
POL01110,CUST01532,Home,2024-12-06,2027-12-06,2450.06,Lapsed,batch_001,2026-07-31T17:51:10
POL01111,CUST00671,Home,2021-09-11,2023-09-11,2474.47,Active,batch_001,2026-07-31T17:51:10
POL01112,CUST00062,Health,2023-10-29,2024-10-28,2161.23,Lapsed,batch_001,2026-07-31T17:51:10
POL01113,CUST00831,Home,2026-02-21,2027-02-21,3763.36,Active,batch_001,2026-07-31T17:51:10
POL01114,CUST01800,Life,2022-08-17,2023-08-17,4650.10,Cancelled,batch_001,2026-07-31T17:51:10
POL01115,CUST01011,Life,2025-06-11,2027-06-11,4360.52,Lapsed,batch_001,2026-07-31T17:51:10
POL01116,CUST01559,Health,2024-09-17,2025-09-17,3118.06,Lapsed,batch_001,2026-07-31T17:51:10
POL01117,CUST00158,Auto,2023-10-22,2026-10-21,4707.87,Lapsed,batch_001,2026-07-31T17:51:10
POL01118,CUST00174,Home,2026-07-20,2028-07-19,4169.65,Cancelled,batch_001,2026-07-31T17:51:10
POL01119,CUST00161,Life,2024-10-25,2027-10-25,2098.93,Cancelled,batch_001,2026-07-31T17:51:10
POL01120,CUST00778,Health,2024-09-26,2027-09-26,4820.44,Lapsed,batch_001,2026-07-31T17:51:10
POL01121,CUST01172,Life,2022-07-01,2024-06-30,4445.11,Active,batch_001,2026-07-31T17:51:10
POL01122,CUST00224,Home,2023-07-26,2025-07-25,1613.21,Lapsed,batch_001,2026-07-31T17:51:10
POL01123,CUST00464,Home,2025-08-02,2028-08-01,2368.15,Cancelled,batch_001,2026-07-31T17:51:10
POL01124,CUST01611,Life,2021-10-15,2024-10-14,2822.75,Lapsed,batch_001,2026-07-31T17:51:10
POL01125,CUST01859,Home,2026-05-09,2028-05-08,319.58,Lapsed,batch_001,2026-07-31T17:51:10
POL01126,CUST00672,Auto,2024-05-14,2025-05-14,1400.40,Active,batch_001,2026-07-31T17:51:10
POL01127,CUST01487,Auto,2023-06-17,2024-06-16,3589.89,Cancelled,batch_001,2026-07-31T17:51:10
POL01128,CUST00655,Life,2022-02-11,2025-02-10,2043.62,Cancelled,batch_001,2026-07-31T17:51:10
POL01129,CUST00700,Health,2025-07-11,2027-07-11,410.75,Cancelled,batch_001,2026-07-31T17:51:10
POL01130,CUST00665,Home,2024-02-23,2027-02-22,4340.83,Active,batch_001,2026-07-31T17:51:10
POL01131,CUST01262,Health,2025-01-18,2028-01-18,446.29,Cancelled,batch_001,2026-07-31T17:51:10
POL01132,CUST00741,Auto,2022-07-27,2024-07-26,1586.15,Active,batch_001,2026-07-31T17:51:10
POL01133,CUST01037,Auto,2022-10-07,2023-10-07,216.96,Lapsed,batch_001,2026-07-31T17:51:10
POL01134,CUST00024,Life,2021-12-17,2023-12-17,4305.97,Active,batch_001,2026-07-31T17:51:10
POL01135,CUST01949,Life,2021-11-22,2022-11-22,3026.54,Lapsed,batch_001,2026-07-31T17:51:10
POL01136,CUST00027,Home,2024-03-01,2026-03-01,581.14,Cancelled,batch_001,2026-07-31T17:51:10
POL01137,CUST00851,Auto,2025-10-07,2027-10-07,3174.88,Active,batch_001,2026-07-31T17:51:10
POL01138,CUST01430,Auto,2022-07-25,2023-07-25,464.31,Active,batch_001,2026-07-31T17:51:10
POL01139,CUST01223,Health,2022-05-27,2023-05-27,3401.58,Active,batch_001,2026-07-31T17:51:10
POL01140,CUST00731,Home,2023-07-29,2024-07-28,722.66,Cancelled,batch_001,2026-07-31T17:51:10
POL01141,CUST00727,Life,2026-02-24,2028-02-24,3133.23,Cancelled,batch_001,2026-07-31T17:51:10
POL01142,CUST00147,Auto,2022-09-24,2025-09-23,1928.91,Lapsed,batch_001,2026-07-31T17:51:10
POL01143,CUST01553,Auto,2024-11-18,2026-11-18,1969.13,Lapsed,batch_001,2026-07-31T17:51:10
POL01144,CUST01929,Home,2025-06-08,2028-06-07,511.64,Active,batch_001,2026-07-31T17:51:10
POL01145,CUST01349,Life,2024-09-24,2027-09-24,4325.16,Cancelled,batch_001,2026-07-31T17:51:10
POL01146,CUST00239,Auto,2026-03-04,2027-03-04,3539.98,Cancelled,batch_001,2026-07-31T17:51:10
POL01147,CUST00360,Life,2025-02-21,2028-02-21,4900.88,Cancelled,batch_001,2026-07-31T17:51:10
POL01148,CUST01177,Life,2026-07-28,2029-07-27,3102.93,Cancelled,batch_001,2026-07-31T17:51:10
POL01149,CUST01450,Home,2022-11-22,2024-11-21,1446.37,Cancelled,batch_001,2026-07-31T17:51:10
POL01150,CUST02039,Life,2025-02-08,2028-02-08,2582.71,Active,batch_001,2026-07-31T17:51:10
POL01151,CUST01190,Home,2022-06-02,2025-06-01,1317.06,Active,batch_001,2026-07-31T17:51:10
POL01152,CUST00484,Home,2025-09-27,2026-09-27,315.14,Cancelled,batch_001,2026-07-31T17:51:10
POL01153,CUST01368,Health,2025-01-17,2027-01-17,2187.40,Cancelled,batch_001,2026-07-31T17:51:10
POL01154,CUST00825,Health,2023-12-16,2026-12-15,1219.22,Lapsed,batch_001,2026-07-31T17:51:10
POL01155,CUST01327,Auto,2021-11-08,2022-11-08,1677.31,Active,batch_001,2026-07-31T17:51:10
POL01156,CUST01623,Auto,2024-09-23,2027-09-23,1799.76,Active,batch_001,2026-07-31T17:51:10
POL01157,CUST01385,Life,2023-06-05,2024-06-04,1786.47,Lapsed,batch_001,2026-07-31T17:51:10
POL01158,CUST01973,Home,2025-05-07,2026-05-07,3299.13,Cancelled,batch_001,2026-07-31T17:51:10
POL01159,CUST01373,Life,2025-05-11,2027-05-11,4481.88,Lapsed,batch_001,2026-07-31T17:51:10
POL01160,CUST01227,Health,2023-08-02,2026-08-01,468.91,Cancelled,batch_001,2026-07-31T17:51:10
POL01161,CUST01359,Health,2024-08-29,2027-08-29,289.85,Active,batch_001,2026-07-31T17:51:10
POL01162,CUST00128,Health,2022-06-03,2023-06-03,1546.21,Lapsed,batch_001,2026-07-31T17:51:10
POL01163,CUST00680,Life,2024-09-13,2027-09-13,2764.51,Active,batch_001,2026-07-31T17:51:10
POL01164,CUST01263,Health,2026-03-17,2029-03-16,760.85,Cancelled,batch_001,2026-07-31T17:51:10
POL01165,CUST00356,Life,2024-08-17,2025-08-17,1503.19,Active,batch_001,2026-07-31T17:51:10
POL01166,CUST01240,Home,2022-02-03,2024-02-03,2369.15,Cancelled,batch_001,2026-07-31T17:51:10
POL01167,CUST01533,Auto,2024-12-17,2026-12-17,1040.06,Active,batch_001,2026-07-31T17:51:10
POL01168,CUST00103,Life,2023-12-04,2024-12-03,2330.12,Cancelled,batch_001,2026-07-31T17:51:10
POL01169,CUST01981,Health,2023-03-11,2024-03-10,1113.02,Lapsed,batch_001,2026-07-31T17:51:10
POL01170,CUST00403,Home,2022-08-13,2023-08-13,3893.51,Active,batch_001,2026-07-31T17:51:10
POL01171,CUST01588,Auto,2025-06-11,2028-06-10,375.45,Active,batch_001,2026-07-31T17:51:10
POL01172,CUST00357,Health,2022-05-10,2024-05-09,4675.22,Lapsed,batch_001,2026-07-31T17:51:10
POL01173,CUST01280,Auto,2023-05-19,2024-05-18,694.89,Cancelled,batch_001,2026-07-31T17:51:10
POL01174,CUST00860,Health,2021-10-04,2023-10-04,3266.48,Active,batch_001,2026-07-31T17:51:10
POL01175,CUST01308,Life,2022-01-03,2023-01-03,1575.52,Cancelled,batch_001,2026-07-31T17:51:10
POL01176,CUST00646,Health,2024-05-31,2025-05-31,1508.74,Active,batch_001,2026-07-31T17:51:10
POL01177,CUST00420,Home,2023-08-25,2024-08-24,4799.83,Cancelled,batch_001,2026-07-31T17:51:10
POL01178,CUST01111,Home,2022-08-25,2024-08-24,2836.96,Cancelled,batch_001,2026-07-31T17:51:10
POL01179,CUST00702,Auto,2026-05-19,2028-05-18,2955.60,Lapsed,batch_001,2026-07-31T17:51:10
POL01180,CUST01818,Auto,2023-04-28,2026-04-27,4482.77,Active,batch_001,2026-07-31T17:51:10
POL01181,CUST00207,Auto,2022-02-28,2023-02-28,2459.53,Lapsed,batch_001,2026-07-31T17:51:10
POL01182,CUST01606,Home,2026-04-16,2027-04-16,613.37,Cancelled,batch_001,2026-07-31T17:51:10
POL01183,CUST01827,Health,2023-05-04,2026-05-03,4478.12,Lapsed,batch_001,2026-07-31T17:51:10
POL01184,CUST00322,Life,2026-07-25,2028-07-24,4123.72,Cancelled,batch_001,2026-07-31T17:51:10
POL01185,CUST01919,Auto,2023-05-31,2024-05-30,646.00,Lapsed,batch_001,2026-07-31T17:51:10
POL01186,CUST01907,Life,2023-07-23,2025-07-22,3485.49,Active,batch_001,2026-07-31T17:51:10
POL01187,CUST01057,Health,2024-05-15,2025-05-15,889.86,Lapsed,batch_001,2026-07-31T17:51:10
POL01188,CUST01354,Health,2022-10-31,2023-10-31,3558.15,Lapsed,batch_001,2026-07-31T17:51:10
POL01189,CUST01947,Auto,2021-08-07,2023-08-07,345.27,Lapsed,batch_001,2026-07-31T17:51:10
POL01190,CUST00700,Health,2023-12-08,2025-12-07,2413.96,Lapsed,batch_001,2026-07-31T17:51:10
POL01191,CUST00422,Life,2022-10-22,2025-10-21,2958.46,Cancelled,batch_001,2026-07-31T17:51:10
POL01192,CUST00291,Health,2022-09-06,2023-09-06,1764.17,Cancelled,batch_001,2026-07-31T17:51:10
POL01193,CUST01694,Home,2026-03-04,2028-03-03,2123.92,Cancelled,batch_001,2026-07-31T17:51:10
POL01194,CUST01976,Life,2023-09-16,2024-09-15,2830.16,Active,batch_001,2026-07-31T17:51:10
POL01195,CUST01766,Life,2023-01-23,2025-01-22,1199.54,Cancelled,batch_001,2026-07-31T17:51:10
POL01196,CUST00968,Home,2022-07-06,2024-07-05,2813.73,Cancelled,batch_001,2026-07-31T17:51:10
POL01197,CUST01994,Auto,2021-10-18,2024-10-17,573.89,Cancelled,batch_001,2026-07-31T17:51:10
POL01198,CUST00400,Life,2022-09-12,2025-09-11,2421.96,Active,batch_001,2026-07-31T17:51:10
POL01199,CUST00286,Auto,2021-09-14,2023-09-14,4788.24,Cancelled,batch_001,2026-07-31T17:51:10
POL01200,CUST01553,Health,2024-08-16,2027-08-16,3902.45,Lapsed,batch_001,2026-07-31T17:51:10
POL01201,CUST00371,Home,2023-08-08,2026-08-07,3368.79,Active,batch_001,2026-07-31T17:51:10
POL01202,CUST00001,Home,2024-04-30,2027-04-30,4535.63,Cancelled,batch_001,2026-07-31T17:51:10
POL01203,CUST01194,Life,2021-09-17,2022-09-17,2374.28,Cancelled,batch_001,2026-07-31T17:51:10
POL01204,CUST00843,Health,2023-01-22,2026-01-21,2346.37,Lapsed,batch_001,2026-07-31T17:51:10
POL01205,CUST01248,Life,2023-11-01,2026-10-31,4012.86,Cancelled,batch_001,2026-07-31T17:51:10
POL01206,CUST00034,Life,2022-01-08,2024-01-08,4953.39,Active,batch_001,2026-07-31T17:51:10
POL01207,CUST00218,Auto,2022-08-27,2024-08-26,499.57,Cancelled,batch_001,2026-07-31T17:51:10
POL01208,CUST01472,Auto,2025-02-26,2028-02-26,4139.62,Lapsed,batch_001,2026-07-31T17:51:10
POL01209,CUST01615,Health,2026-01-19,2027-01-19,1329.16,Cancelled,batch_001,2026-07-31T17:51:10
POL01210,CUST01783,Home,2022-07-18,2024-07-17,2148.96,Cancelled,batch_001,2026-07-31T17:51:10
POL01211,CUST00771,Life,2022-02-12,2023-02-12,2479.38,Lapsed,batch_001,2026-07-31T17:51:10
POL01212,CUST00515,Home,2025-08-17,2027-08-17,940.48,Active,batch_001,2026-07-31T17:51:10
POL01213,CUST00590,Life,2025-05-22,2026-05-22,3312.27,Cancelled,batch_001,2026-07-31T17:51:10
POL01214,CUST00557,Auto,2024-08-27,2026-08-27,4879.88,Active,batch_001,2026-07-31T17:51:10
POL01215,CUST01868,Life,2025-12-10,2028-12-09,4068.52,Cancelled,batch_001,2026-07-31T17:51:10
POL01216,CUST01738,Life,2022-07-03,2023-07-03,2381.09,Lapsed,batch_001,2026-07-31T17:51:10
POL01217,CUST01740,Auto,2025-06-03,2027-06-03,1283.56,Cancelled,batch_001,2026-07-31T17:51:10
POL01218,CUST00970,Health,2025-11-11,2027-11-11,4264.66,Lapsed,batch_001,2026-07-31T17:51:10
POL01219,CUST00138,Auto,2023-06-18,2026-06-17,2966.49,Cancelled,batch_001,2026-07-31T17:51:10
POL01220,CUST00464,Life,2021-12-11,2023-12-11,3583.44,Cancelled,batch_001,2026-07-31T17:51:10
POL01221,CUST01145,Life,2026-01-05,2027-01-05,882.02,Cancelled,batch_001,2026-07-31T17:51:10
POL01222,CUST00363,Home,2024-02-22,2025-02-21,2712.11,Lapsed,batch_001,2026-07-31T17:51:10
POL01223,CUST00320,Health,2025-06-22,2028-06-21,3760.09,Cancelled,batch_001,2026-07-31T17:51:10
POL01224,CUST00045,Life,2021-11-03,2022-11-03,4537.21,Lapsed,batch_001,2026-07-31T17:51:10
POL01225,CUST01358,Life,2022-02-03,2025-02-02,4549.06,Lapsed,batch_001,2026-07-31T17:51:10
POL01226,CUST00145,Health,2025-08-26,2027-08-26,1588.20,Cancelled,batch_001,2026-07-31T17:51:10
POL01227,CUST01939,Home,2024-12-28,2027-12-28,1450.13,Cancelled,batch_001,2026-07-31T17:51:10
POL01228,CUST01196,Auto,2025-03-15,2026-03-15,3350.34,Lapsed,batch_001,2026-07-31T17:51:10
POL01229,CUST00315,Health,2022-06-30,2024-06-29,596.05,Lapsed,batch_001,2026-07-31T17:51:10
POL01230,CUST01128,Health,2025-09-30,2026-09-30,3155.83,Active,batch_001,2026-07-31T17:51:10
POL01231,CUST00716,Home,2025-05-08,2028-05-07,735.44,Cancelled,batch_001,2026-07-31T17:51:10
POL01232,CUST00719,Health,2022-03-15,2024-03-14,1974.88,Cancelled,batch_001,2026-07-31T17:51:10
POL01233,CUST00136,Health,2022-04-07,2023-04-07,2527.61,Active,batch_001,2026-07-31T17:51:10
POL01234,CUST00632,Life,2024-04-25,2025-04-25,3058.61,Lapsed,batch_001,2026-07-31T17:51:10
POL01235,CUST01803,Home,2022-11-02,2024-11-01,1342.15,Active,batch_001,2026-07-31T17:51:10
POL01236,CUST01414,Auto,2022-02-19,2025-02-18,3724.93,Cancelled,batch_001,2026-07-31T17:51:10
POL01237,CUST00476,Auto,2022-08-26,2024-08-25,3826.32,Active,batch_001,2026-07-31T17:51:10
POL01238,CUST01235,Life,2023-12-01,2025-11-30,2113.98,Cancelled,batch_001,2026-07-31T17:51:10
POL01239,CUST01598,Life,2026-07-22,2029-07-21,1321.57,Lapsed,batch_001,2026-07-31T17:51:10
POL01240,CUST01781,Auto,2026-03-29,2027-03-29,2746.12,Lapsed,batch_001,2026-07-31T17:51:10
POL01241,CUST01294,Auto,2024-05-05,2026-05-05,2033.62,Active,batch_001,2026-07-31T17:51:10
POL01242,CUST01769,Health,2024-10-25,2027-10-25,3259.64,Lapsed,batch_001,2026-07-31T17:51:10
POL01243,CUST00403,Health,2026-02-02,2028-02-02,1482.02,Cancelled,batch_001,2026-07-31T17:51:10
POL01244,CUST00991,Home,2024-02-01,2027-01-31,2077.54,Cancelled,batch_001,2026-07-31T17:51:10
POL01245,CUST00737,Health,2025-06-08,2027-06-08,3453.05,Cancelled,batch_001,2026-07-31T17:51:10
POL01246,CUST00279,Auto,2025-11-16,2026-11-16,3429.45,Lapsed,batch_001,2026-07-31T17:51:10
POL01247,CUST01827,Health,2025-03-27,2026-03-27,2721.27,Active,batch_001,2026-07-31T17:51:10
POL01248,CUST00791,Auto,2022-06-03,2025-06-02,1559.83,Active,batch_001,2026-07-31T17:51:10
POL01249,CUST00889,Auto,2022-07-20,2025-07-19,641.32,Cancelled,batch_001,2026-07-31T17:51:10
POL01250,CUST00533,Life,2026-04-07,2027-04-07,614.65,Cancelled,batch_001,2026-07-31T17:51:10
POL01251,CUST00757,Auto,2023-05-29,2026-05-28,2917.13,Cancelled,batch_001,2026-07-31T17:51:10
POL01252,CUST01913,Auto,2025-03-27,2026-03-27,1416.01,Cancelled,batch_001,2026-07-31T17:51:10
POL01253,CUST01133,Life,2025-06-01,2027-06-01,4628.94,Cancelled,batch_001,2026-07-31T17:51:10
POL01254,CUST01325,Health,2023-07-09,2026-07-08,3895.43,Active,batch_001,2026-07-31T17:51:10
POL01255,CUST00256,Life,2025-02-04,2026-02-04,1530.98,Lapsed,batch_001,2026-07-31T17:51:10
POL01256,CUST01058,Health,2024-06-17,2026-06-17,4980.60,Active,batch_001,2026-07-31T17:51:10
POL01257,CUST00822,Life,2025-06-07,2027-06-07,533.11,Active,batch_001,2026-07-31T17:51:10
POL01258,CUST00590,Life,2024-12-19,2027-12-19,2561.88,Active,batch_001,2026-07-31T17:51:10
POL01259,CUST01809,Health,2025-02-11,2028-02-11,3288.02,Active,batch_001,2026-07-31T17:51:10
POL01260,CUST01027,Life,2022-05-21,2023-05-21,550.01,Active,batch_001,2026-07-31T17:51:10
POL01261,CUST00004,Auto,2024-03-27,2026-03-27,914.50,Cancelled,batch_001,2026-07-31T17:51:10
POL01262,CUST01351,Life,2025-03-16,2027-03-16,1478.90,Cancelled,batch_001,2026-07-31T17:51:10
POL01263,CUST02010,Life,2024-03-26,2025-03-26,2673.84,Lapsed,batch_001,2026-07-31T17:51:10
POL01264,CUST00288,Home,2023-09-29,2025-09-28,4251.44,Active,batch_001,2026-07-31T17:51:10
POL01265,CUST01975,Auto,2024-10-04,2026-10-04,4779.95,Cancelled,batch_001,2026-07-31T17:51:10
POL01266,CUST01471,Health,2022-11-16,2025-11-15,4688.20,Cancelled,batch_001,2026-07-31T17:51:10
POL01267,CUST00372,Health,2025-08-11,2027-08-11,2122.95,Cancelled,batch_001,2026-07-31T17:51:10
POL01268,CUST01883,Health,2022-02-23,2024-02-23,586.19,Cancelled,batch_001,2026-07-31T17:51:10
POL01269,CUST00162,Life,2022-05-09,2023-05-09,1047.77,Cancelled,batch_001,2026-07-31T17:51:10
POL01270,CUST01598,Auto,2022-04-21,2023-04-21,1634.58,Cancelled,batch_001,2026-07-31T17:51:10
POL01271,CUST00348,Life,2022-05-15,2025-05-14,1924.45,Cancelled,batch_001,2026-07-31T17:51:10
POL01272,CUST00791,Auto,2025-04-01,2026-04-01,871.73,Cancelled,batch_001,2026-07-31T17:51:10
POL01273,CUST01593,Auto,2022-05-26,2025-05-25,1344.73,Cancelled,batch_001,2026-07-31T17:51:10
POL01274,CUST01841,Auto,2024-09-29,2027-09-29,1677.11,Active,batch_001,2026-07-31T17:51:10
POL01275,CUST00176,Life,2022-09-07,2024-09-06,469.06,Active,batch_001,2026-07-31T17:51:10
POL01276,CUST01878,Home,2026-04-23,2027-04-23,4074.10,Cancelled,batch_001,2026-07-31T17:51:10
POL01277,CUST00296,Auto,2022-02-01,2025-01-31,1318.33,Cancelled,batch_001,2026-07-31T17:51:10
POL01278,CUST00079,Life,2026-07-26,2027-07-26,2546.69,Cancelled,batch_001,2026-07-31T17:51:10
POL01279,CUST00535,Auto,2026-05-09,2027-05-09,1364.88,Active,batch_001,2026-07-31T17:51:10
POL01280,CUST01259,Auto,2026-05-10,2029-05-09,439.80,Lapsed,batch_001,2026-07-31T17:51:10
POL01281,CUST00262,Auto,2024-05-19,2027-05-19,1019.31,Active,batch_001,2026-07-31T17:51:10
POL01282,CUST00904,Auto,2022-08-13,2024-08-12,3055.89,Active,batch_001,2026-07-31T17:51:10
POL01283,CUST01647,Health,2025-01-26,2027-01-26,1819.25,Active,batch_001,2026-07-31T17:51:10
POL01284,CUST00563,Health,2024-08-01,2027-08-01,2964.64,Active,batch_001,2026-07-31T17:51:10
POL01285,CUST01375,Auto,2025-03-05,2026-03-05,3046.81,Active,batch_001,2026-07-31T17:51:10
POL01286,CUST01701,Home,2022-01-05,2024-01-05,877.94,Cancelled,batch_001,2026-07-31T17:51:10
POL01287,CUST01797,Home,2024-01-09,2026-01-08,2856.36,Cancelled,batch_001,2026-07-31T17:51:10
POL01288,CUST01541,Home,2024-03-26,2025-03-26,840.18,Active,batch_001,2026-07-31T17:51:10
POL01289,CUST00030,Home,2024-07-26,2026-07-26,587.47,Active,batch_001,2026-07-31T17:51:10
POL01290,CUST01163,Life,2022-06-16,2025-06-15,3328.43,Cancelled,batch_001,2026-07-31T17:51:10
POL01291,CUST00845,Home,2026-06-29,2028-06-28,3523.32,Cancelled,batch_001,2026-07-31T17:51:10
POL01292,CUST01688,Home,2025-11-22,2027-11-22,2710.82,Active,batch_001,2026-07-31T17:51:10
POL01293,CUST00738,Life,2023-05-21,2026-05-20,3520.03,Cancelled,batch_001,2026-07-31T17:51:10
POL01294,CUST01234,Health,2022-11-22,2023-11-22,3210.52,Lapsed,batch_001,2026-07-31T17:51:10
POL01295,CUST00787,Auto,2025-09-05,2026-09-05,2877.01,Cancelled,batch_001,2026-07-31T17:51:10
POL01296,CUST00899,Life,2023-06-26,2024-06-25,3170.82,Cancelled,batch_001,2026-07-31T17:51:10
POL01297,CUST00218,Home,2022-07-01,2025-06-30,1198.92,Active,batch_001,2026-07-31T17:51:10
POL01298,CUST01944,Life,2024-07-21,2025-07-21,3489.17,Active,batch_001,2026-07-31T17:51:10
POL01299,CUST00177,Auto,2026-04-23,2027-04-23,3416.68,Cancelled,batch_001,2026-07-31T17:51:10
POL01300,CUST01781,Health,2024-09-13,2026-09-13,1568.31,Lapsed,batch_001,2026-07-31T17:51:10
POL01301,CUST01857,Auto,2022-07-21,2025-07-20,4064.74,Active,batch_001,2026-07-31T17:51:10
POL01302,CUST00721,Home,2023-12-12,2026-12-11,451.79,Active,batch_001,2026-07-31T17:51:10
POL01303,CUST00291,Home,2026-06-17,2028-06-16,2671.54,Cancelled,batch_001,2026-07-31T17:51:10
POL01304,CUST01336,Life,2023-07-02,2025-07-01,3044.99,Active,batch_001,2026-07-31T17:51:10
POL01305,CUST01335,Home,2025-03-24,2028-03-23,3448.89,Active,batch_001,2026-07-31T17:51:10
POL01306,CUST00972,Life,2026-05-07,2028-05-06,1293.35,Active,batch_001,2026-07-31T17:51:10
POL01307,CUST00302,Life,2026-04-24,2028-04-23,4478.55,Cancelled,batch_001,2026-07-31T17:51:10
POL01308,CUST01786,Home,2021-10-19,2023-10-19,460.83,Active,batch_001,2026-07-31T17:51:10
POL01309,CUST01587,Health,2023-11-07,2026-11-06,2383.96,Active,batch_001,2026-07-31T17:51:10
POL01310,CUST01469,Health,2021-10-27,2023-10-27,3655.14,Active,batch_001,2026-07-31T17:51:10
POL01311,CUST00245,Health,2023-02-10,2025-02-09,810.62,Active,batch_001,2026-07-31T17:51:10
POL01312,CUST01879,Life,2023-11-26,2024-11-25,4287.93,Active,batch_001,2026-07-31T17:51:10
POL01313,CUST01209,Home,2024-03-15,2026-03-15,1255.30,Cancelled,batch_001,2026-07-31T17:51:10
POL01314,CUST00941,Auto,2024-06-19,2027-06-19,4546.77,Lapsed,batch_001,2026-07-31T17:51:10
POL01315,CUST00887,Life,2024-07-24,2027-07-24,2548.22,Lapsed,batch_001,2026-07-31T17:51:10
POL01316,CUST01754,Home,2021-08-17,2023-08-17,269.62,Active,batch_001,2026-07-31T17:51:10
POL01317,CUST00911,Home,2023-02-13,2025-02-12,2284.39,Cancelled,batch_001,2026-07-31T17:51:10
POL01318,CUST00182,Auto,2022-10-18,2023-10-18,2205.30,Lapsed,batch_001,2026-07-31T17:51:10
POL01319,CUST00138,Life,2026-05-24,2029-05-23,3889.31,Cancelled,batch_001,2026-07-31T17:51:10
POL01320,CUST00402,Life,2024-12-26,2026-12-26,2500.49,Lapsed,batch_001,2026-07-31T17:51:10
POL01321,CUST00051,Life,2022-03-03,2023-03-03,598.84,Active,batch_001,2026-07-31T17:51:10
POL01322,CUST00980,Auto,2022-10-13,2023-10-13,1920.35,Active,batch_001,2026-07-31T17:51:10
POL01323,CUST00663,Life,2021-11-02,2023-11-02,3411.37,Cancelled,batch_001,2026-07-31T17:51:10
POL01324,CUST01864,Life,2022-05-11,2025-05-10,3001.57,Active,batch_001,2026-07-31T17:51:10
POL01325,CUST01518,Life,2026-02-02,2029-02-01,2145.73,Cancelled,batch_001,2026-07-31T17:51:10
POL01326,CUST00290,Life,2023-05-29,2026-05-28,206.55,Cancelled,batch_001,2026-07-31T17:51:10
POL01327,CUST01215,Life,2024-10-10,2026-10-10,2748.42,Lapsed,batch_001,2026-07-31T17:51:10
POL01328,CUST00849,Auto,2025-02-23,2028-02-23,4741.26,Cancelled,batch_001,2026-07-31T17:51:10
POL01329,CUST00225,Health,2025-06-08,2027-06-08,3731.65,Active,batch_001,2026-07-31T17:51:10
POL01330,CUST01907,Auto,2024-06-23,2025-06-23,2038.18,Lapsed,batch_001,2026-07-31T17:51:10
POL01331,CUST00275,Home,2022-12-01,2024-11-30,1041.28,Active,batch_001,2026-07-31T17:51:10
POL01332,CUST00466,Life,2024-09-21,2026-09-21,1345.44,Cancelled,batch_001,2026-07-31T17:51:10
POL01333,CUST00860,Home,2024-03-24,2027-03-24,4381.43,Lapsed,batch_001,2026-07-31T17:51:10
POL01334,CUST01733,Health,2024-05-02,2026-05-02,4510.08,Active,batch_001,2026-07-31T17:51:10
POL01335,CUST01854,Life,2026-05-28,2027-05-28,1989.51,Cancelled,batch_001,2026-07-31T17:51:10
POL01336,CUST01926,Health,2022-04-19,2025-04-18,4181.89,Lapsed,batch_001,2026-07-31T17:51:10
POL01337,CUST00269,Home,2022-01-09,2025-01-08,1967.10,Lapsed,batch_001,2026-07-31T17:51:10
POL01338,CUST00733,Health,2022-11-25,2023-11-25,584.82,Active,batch_001,2026-07-31T17:51:10
POL01339,CUST00459,Home,2022-12-01,2023-12-01,990.88,Lapsed,batch_001,2026-07-31T17:51:10
POL01340,CUST00093,Health,2021-12-31,2022-12-31,4399.97,Lapsed,batch_001,2026-07-31T17:51:10
POL01341,CUST00541,Life,2022-04-09,2025-04-08,2798.89,Lapsed,batch_001,2026-07-31T17:51:10
POL01342,CUST00088,Health,2023-11-22,2025-11-21,2330.53,Active,batch_001,2026-07-31T17:51:10
POL01343,CUST00952,Health,2025-05-06,2026-05-06,305.78,Lapsed,batch_001,2026-07-31T17:51:10
POL01344,CUST01337,Life,2025-03-08,2028-03-07,1845.40,Cancelled,batch_001,2026-07-31T17:51:10
POL01345,CUST01824,Life,2025-09-15,2028-09-14,3544.95,Lapsed,batch_001,2026-07-31T17:51:10
POL01346,CUST01256,Home,2025-05-03,2028-05-02,833.38,Lapsed,batch_001,2026-07-31T17:51:10
POL01347,CUST01181,Auto,2025-02-05,2026-02-05,2524.37,Active,batch_001,2026-07-31T17:51:10
POL01348,CUST00682,Home,2023-11-25,2025-11-24,1565.03,Cancelled,batch_001,2026-07-31T17:51:10
POL01349,CUST00719,Home,2023-05-30,2026-05-29,1569.18,Active,batch_001,2026-07-31T17:51:10
POL01350,CUST01297,Home,2025-12-07,2026-12-07,761.20,Lapsed,batch_001,2026-07-31T17:51:10
POL01351,CUST00841,Auto,2022-07-18,2024-07-17,1974.43,Cancelled,batch_001,2026-07-31T17:51:10
POL01352,CUST00606,Health,2024-07-06,2026-07-06,4894.51,Lapsed,batch_001,2026-07-31T17:51:10
POL01353,CUST01236,Auto,2025-03-26,2028-03-25,4882.24,Active,batch_001,2026-07-31T17:51:10
POL01354,CUST00596,Life,2022-07-09,2024-07-08,4669.13,Lapsed,batch_001,2026-07-31T17:51:10
POL01355,CUST01357,Health,2023-12-27,2024-12-26,220.61,Lapsed,batch_001,2026-07-31T17:51:10
POL01356,CUST00603,Life,2025-09-18,2027-09-18,4854.11,Lapsed,batch_001,2026-07-31T17:51:10
POL01357,CUST01962,Auto,2026-01-22,2029-01-21,739.11,Active,batch_001,2026-07-31T17:51:10
POL01358,CUST01262,Auto,2024-03-14,2027-03-14,2844.61,Lapsed,batch_001,2026-07-31T17:51:10
POL01359,CUST01827,Health,2021-12-18,2024-12-17,4236.21,Active,batch_001,2026-07-31T17:51:10
POL01360,CUST00800,Home,2023-06-15,2025-06-14,464.16,Lapsed,batch_001,2026-07-31T17:51:10
POL01361,CUST01825,Auto,2024-12-09,2025-12-09,308.23,Cancelled,batch_001,2026-07-31T17:51:10
POL01362,CUST01302,Auto,2022-01-16,2024-01-16,1133.36,Cancelled,batch_001,2026-07-31T17:51:10
POL01363,CUST01752,Health,2021-08-22,2023-08-22,2108.28,Lapsed,batch_001,2026-07-31T17:51:10
POL01364,CUST01413,Health,2023-04-26,2025-04-25,258.52,Lapsed,batch_001,2026-07-31T17:51:10
POL01365,CUST00359,Home,2024-02-21,2026-02-20,4396.65,Cancelled,batch_001,2026-07-31T17:51:10
POL01366,CUST01703,Life,2023-05-17,2025-05-16,3759.33,Lapsed,batch_001,2026-07-31T17:51:10
POL01367,CUST01737,Life,2022-09-29,2023-09-29,4067.23,Active,batch_001,2026-07-31T17:51:10
POL01368,CUST00589,Home,2023-10-01,2026-09-30,3070.09,Lapsed,batch_001,2026-07-31T17:51:10
POL01369,CUST01374,Auto,2024-01-15,2026-01-14,4944.24,Cancelled,batch_001,2026-07-31T17:51:10
POL01370,CUST01678,Health,2024-05-14,2026-05-14,624.55,Lapsed,batch_001,2026-07-31T17:51:10
POL01371,CUST00561,Home,2022-08-06,2023-08-06,2867.91,Active,batch_001,2026-07-31T17:51:10
POL01372,CUST02010,Auto,2021-08-23,2023-08-23,1589.42,Lapsed,batch_001,2026-07-31T17:51:10
POL01373,CUST01899,Home,2025-10-22,2028-10-21,1658.79,Active,batch_001,2026-07-31T17:51:10
POL01374,CUST01230,Life,2025-03-28,2026-03-28,939.32,Active,batch_001,2026-07-31T17:51:10
POL01375,CUST01179,Life,2023-01-26,2026-01-25,3396.38,Active,batch_001,2026-07-31T17:51:10
POL01376,CUST01003,Auto,2022-09-04,2024-09-03,4552.61,Active,batch_001,2026-07-31T17:51:10
POL01377,CUST00274,Health,2024-10-23,2026-10-23,2566.64,Cancelled,batch_001,2026-07-31T17:51:10
POL01378,CUST01057,Life,2026-02-08,2028-02-08,2914.76,Cancelled,batch_001,2026-07-31T17:51:10
POL01379,CUST00072,Health,2023-07-14,2024-07-13,1991.37,Active,batch_001,2026-07-31T17:51:10
POL01380,CUST01310,Life,2025-10-31,2028-10-30,480.85,Cancelled,batch_001,2026-07-31T17:51:10
POL01381,CUST00217,Health,2026-04-30,2027-04-30,1915.45,Lapsed,batch_001,2026-07-31T17:51:10
POL01382,CUST01459,Auto,2024-08-03,2026-08-03,3253.99,Lapsed,batch_001,2026-07-31T17:51:10
POL01383,CUST00315,Home,2022-03-10,2024-03-09,2742.14,Cancelled,batch_001,2026-07-31T17:51:10
POL01384,CUST00685,Health,2024-12-14,2025-12-14,3870.51,Lapsed,batch_001,2026-07-31T17:51:10
POL01385,CUST01112,Health,2021-12-08,2024-12-07,4039.41,Active,batch_001,2026-07-31T17:51:10
POL01386,CUST00589,Auto,2025-04-15,2028-04-14,2984.22,Active,batch_001,2026-07-31T17:51:10
POL01387,CUST01987,Life,2021-09-26,2024-09-25,1550.81,Lapsed,batch_001,2026-07-31T17:51:10
POL01388,CUST00634,Home,2025-06-27,2026-06-27,691.61,Active,batch_001,2026-07-31T17:51:10
POL01389,CUST00467,Life,2022-03-28,2025-03-27,3144.46,Lapsed,batch_001,2026-07-31T17:51:10
POL01390,CUST00538,Auto,2024-03-28,2025-03-28,759.52,Lapsed,batch_001,2026-07-31T17:51:10
POL01391,CUST01486,Home,2026-06-22,2028-06-21,1695.55,Lapsed,batch_001,2026-07-31T17:51:10
POL01392,CUST01402,Home,2025-03-24,2028-03-23,2710.98,Cancelled,batch_001,2026-07-31T17:51:10
POL01393,CUST00486,Home,2026-06-15,2028-06-14,338.05,Active,batch_001,2026-07-31T17:51:10
POL01394,CUST00929,Health,2025-01-06,2028-01-06,883.32,Active,batch_001,2026-07-31T17:51:10
POL01395,CUST00322,Life,2025-02-16,2026-02-16,825.05,Cancelled,batch_001,2026-07-31T17:51:10
POL01396,CUST01984,Life,2024-01-15,2025-01-14,573.13,Active,batch_001,2026-07-31T17:51:10
POL01397,CUST00243,Life,2022-07-22,2023-07-22,717.52,Active,batch_001,2026-07-31T17:51:10
POL01398,CUST01236,Auto,2025-01-08,2027-01-08,407.75,Active,batch_001,2026-07-31T17:51:10
POL01399,CUST00842,Home,2021-10-02,2022-10-02,4616.47,Active,batch_001,2026-07-31T17:51:10
POL01400,CUST00372,Home,2024-05-04,2027-05-04,1887.36,Cancelled,batch_001,2026-07-31T17:51:10
POL01401,CUST01425,Health,2023-01-14,2025-01-13,4754.20,Active,batch_001,2026-07-31T17:51:10
POL01402,CUST00991,Auto,2025-06-28,2028-06-27,3947.85,Active,batch_001,2026-07-31T17:51:10
POL01403,CUST00889,Home,2024-08-27,2027-08-27,3863.57,Lapsed,batch_001,2026-07-31T17:51:10
POL01404,CUST00018,Auto,2022-04-29,2023-04-29,4527.97,Active,batch_001,2026-07-31T17:51:10
POL01405,CUST01945,Health,2025-04-16,2028-04-15,4286.22,Cancelled,batch_001,2026-07-31T17:51:10
POL01406,CUST00440,Home,2022-06-23,2025-06-22,1088.60,Lapsed,batch_001,2026-07-31T17:51:10
POL01407,CUST00933,Life,2023-08-24,2025-08-23,2235.64,Active,batch_001,2026-07-31T17:51:10
POL01408,CUST00452,Home,2025-04-13,2027-04-13,793.35,Lapsed,batch_001,2026-07-31T17:51:10
POL01409,CUST00167,Auto,2024-12-25,2026-12-25,3582.71,Lapsed,batch_001,2026-07-31T17:51:10
POL01410,CUST01162,Life,2026-01-12,2028-01-12,755.47,Cancelled,batch_001,2026-07-31T17:51:10
POL01411,CUST01819,Home,2022-03-31,2025-03-30,1697.63,Cancelled,batch_001,2026-07-31T17:51:10
POL01412,CUST01753,Home,2024-12-10,2026-12-10,1594.83,Active,batch_001,2026-07-31T17:51:10
POL01413,CUST01506,Home,2024-03-19,2026-03-19,4707.59,Active,batch_001,2026-07-31T17:51:10
POL01414,CUST00431,Life,2024-06-18,2027-06-18,2559.91,Lapsed,batch_001,2026-07-31T17:51:10
POL01415,CUST00349,Auto,2023-06-18,2026-06-17,3361.03,Active,batch_001,2026-07-31T17:51:10
POL01416,CUST00417,Home,2024-05-29,2026-05-29,2123.00,Active,batch_001,2026-07-31T17:51:10
POL01417,CUST01388,Home,2023-01-03,2025-01-02,4881.00,Cancelled,batch_001,2026-07-31T17:51:10
POL01418,CUST01740,Life,2022-03-24,2024-03-23,789.26,Lapsed,batch_001,2026-07-31T17:51:10
POL01419,CUST01119,Life,2025-12-02,2028-12-01,3876.67,Lapsed,batch_001,2026-07-31T17:51:10
POL01420,CUST01657,Life,2022-07-19,2024-07-18,3400.05,Cancelled,batch_001,2026-07-31T17:51:10
POL01421,CUST01863,Auto,2026-02-02,2028-02-02,907.40,Active,batch_001,2026-07-31T17:51:10
POL01422,CUST00946,Home,2025-11-30,2027-11-30,2548.84,Active,batch_001,2026-07-31T17:51:10
POL01423,CUST00280,Life,2023-03-24,2024-03-23,3741.43,Cancelled,batch_001,2026-07-31T17:51:10
POL01424,CUST01568,Health,2024-07-19,2025-07-19,4865.95,Active,batch_001,2026-07-31T17:51:10
POL01425,CUST00395,Auto,2024-07-24,2026-07-24,3185.44,Cancelled,batch_001,2026-07-31T17:51:10
POL01426,CUST01909,Home,2022-10-31,2025-10-30,3884.35,Lapsed,batch_001,2026-07-31T17:51:10
POL01427,CUST01072,Health,2023-08-03,2026-08-02,2589.92,Cancelled,batch_001,2026-07-31T17:51:10
POL01428,CUST00130,Life,2022-06-14,2025-06-13,284.82,Active,batch_001,2026-07-31T17:51:10
POL01429,CUST01542,Life,2022-10-27,2024-10-26,2360.55,Lapsed,batch_001,2026-07-31T17:51:10
POL01430,CUST01242,Home,2023-10-03,2024-10-02,357.73,Lapsed,batch_001,2026-07-31T17:51:10
POL01431,CUST01594,Life,2023-04-03,2025-04-02,845.54,Active,batch_001,2026-07-31T17:51:10
POL01432,CUST01925,Life,2023-01-20,2026-01-19,3440.12,Cancelled,batch_001,2026-07-31T17:51:10
POL01433,CUST01604,Health,2022-11-16,2023-11-16,2632.09,Lapsed,batch_001,2026-07-31T17:51:10
POL01434,CUST01445,Health,2022-03-21,2025-03-20,4860.18,Lapsed,batch_001,2026-07-31T17:51:10
POL01435,CUST00185,Home,2023-01-31,2024-01-31,335.11,Lapsed,batch_001,2026-07-31T17:51:10
POL01436,CUST00111,Health,2025-10-12,2027-10-12,4085.86,Lapsed,batch_001,2026-07-31T17:51:10
POL01437,CUST01464,Life,2025-07-10,2026-07-10,2255.11,Lapsed,batch_001,2026-07-31T17:51:10
POL01438,CUST01015,Home,2026-05-16,2027-05-16,3373.95,Cancelled,batch_001,2026-07-31T17:51:10
POL01439,CUST00269,Health,2026-07-04,2028-07-03,3044.15,Active,batch_001,2026-07-31T17:51:10
POL01440,CUST01336,Auto,2025-05-24,2027-05-24,1014.94,Lapsed,batch_001,2026-07-31T17:51:10
POL01441,CUST01726,Health,2026-05-18,2029-05-17,4344.17,Active,batch_001,2026-07-31T17:51:10
POL01442,CUST00092,Health,2024-04-29,2027-04-29,2454.56,Lapsed,batch_001,2026-07-31T17:51:10
POL01443,CUST00401,Life,2024-04-07,2027-04-07,2073.44,Active,batch_001,2026-07-31T17:51:10
POL01444,CUST01377,Life,2022-11-11,2025-11-10,3440.53,Cancelled,batch_001,2026-07-31T17:51:10
POL01445,CUST01227,Health,2025-04-26,2028-04-25,1829.79,Lapsed,batch_001,2026-07-31T17:51:10
POL01446,CUST00309,Home,2022-02-27,2023-02-27,2585.37,Lapsed,batch_001,2026-07-31T17:51:10
POL01447,CUST01647,Home,2025-07-25,2027-07-25,428.15,Cancelled,batch_001,2026-07-31T17:51:10
POL01448,CUST00389,Health,2025-05-03,2028-05-02,4798.12,Lapsed,batch_001,2026-07-31T17:51:10
POL01449,CUST01947,Life,2024-02-25,2025-02-24,2918.86,Active,batch_001,2026-07-31T17:51:10
POL01450,CUST01237,Health,2023-11-30,2025-11-29,4019.13,Lapsed,batch_001,2026-07-31T17:51:10
POL01451,CUST00820,Life,2022-01-20,2025-01-19,2791.75,Lapsed,batch_001,2026-07-31T17:51:10
POL01452,CUST01857,Home,2024-07-27,2026-07-27,3199.83,Active,batch_001,2026-07-31T17:51:10
POL01453,CUST00765,Life,2025-11-22,2028-11-21,3575.99,Active,batch_001,2026-07-31T17:51:10
POL01454,CUST01915,Health,2022-03-17,2025-03-16,4818.16,Cancelled,batch_001,2026-07-31T17:51:10
POL01455,CUST01777,Auto,2024-03-20,2027-03-20,4082.88,Cancelled,batch_001,2026-07-31T17:51:10
POL01456,CUST00606,Home,2025-07-03,2026-07-03,1948.52,Active,batch_001,2026-07-31T17:51:10
POL01457,CUST01230,Life,2025-06-03,2028-06-02,3489.47,Lapsed,batch_001,2026-07-31T17:51:10
POL01458,CUST00264,Home,2021-11-23,2023-11-23,4328.89,Lapsed,batch_001,2026-07-31T17:51:10
POL01459,CUST00658,Health,2022-01-22,2024-01-22,4153.81,Cancelled,batch_001,2026-07-31T17:51:10
POL01460,CUST00977,Auto,2024-09-17,2027-09-17,1333.42,Active,batch_001,2026-07-31T17:51:10
POL01461,CUST01272,Life,2024-01-07,2025-01-06,332.98,Lapsed,batch_001,2026-07-31T17:51:10
POL01462,CUST01729,Auto,2022-03-25,2025-03-24,4958.21,Active,batch_001,2026-07-31T17:51:10
POL01463,CUST00120,Health,2022-05-06,2023-05-06,1509.02,Lapsed,batch_001,2026-07-31T17:51:10
POL01464,CUST00173,Life,2025-11-21,2028-11-20,2843.39,Active,batch_001,2026-07-31T17:51:10
POL01465,CUST00344,Health,2024-11-05,2025-11-05,4326.00,Cancelled,batch_001,2026-07-31T17:51:10
POL01466,CUST01668,Health,2025-07-06,2027-07-06,4362.42,Cancelled,batch_001,2026-07-31T17:51:10
POL01467,CUST01626,Home,2026-07-07,2029-07-06,4451.45,Active,batch_001,2026-07-31T17:51:10
POL01468,CUST02050,Auto,2026-04-17,2027-04-17,2940.67,Cancelled,batch_001,2026-07-31T17:51:10
POL01469,CUST01032,Life,2021-12-04,2024-12-03,4179.11,Active,batch_001,2026-07-31T17:51:10
POL01470,CUST01284,Health,2025-05-27,2026-05-27,3079.14,Cancelled,batch_001,2026-07-31T17:51:10
POL01471,CUST00967,Life,2026-06-10,2029-06-09,2071.76,Active,batch_001,2026-07-31T17:51:10
POL01472,CUST00877,Health,2023-03-06,2024-03-05,712.71,Lapsed,batch_001,2026-07-31T17:51:10
POL01473,CUST00230,Life,2024-04-23,2026-04-23,1420.67,Cancelled,batch_001,2026-07-31T17:51:10
POL01474,CUST00463,Health,2025-08-15,2027-08-15,3558.17,Cancelled,batch_001,2026-07-31T17:51:10
POL01475,CUST01010,Health,2025-11-03,2027-11-03,2479.30,Active,batch_001,2026-07-31T17:51:10
POL01476,CUST01507,Health,2022-11-10,2024-11-09,2481.06,Active,batch_001,2026-07-31T17:51:10
POL01477,CUST00143,Auto,2022-02-07,2025-02-06,4840.66,Cancelled,batch_001,2026-07-31T17:51:10
POL01478,CUST01576,Health,2025-05-29,2028-05-28,1350.44,Cancelled,batch_001,2026-07-31T17:51:10
POL01479,CUST00500,Home,2022-06-16,2025-06-15,1941.70,Lapsed,batch_001,2026-07-31T17:51:10
POL01480,CUST01610,Health,2024-07-01,2026-07-01,237.76,Lapsed,batch_001,2026-07-31T17:51:10
POL01481,CUST00965,Health,2022-04-18,2023-04-18,4694.35,Active,batch_001,2026-07-31T17:51:10
POL01482,CUST01300,Life,2025-11-13,2026-11-13,4596.28,Active,batch_001,2026-07-31T17:51:10
POL01483,CUST02014,Life,2023-01-17,2025-01-16,4358.93,Cancelled,batch_001,2026-07-31T17:51:10
POL01484,CUST01363,Life,2021-11-28,2023-11-28,4647.19,Active,batch_001,2026-07-31T17:51:10
POL01485,CUST00272,Health,2023-09-07,2024-09-06,3552.71,Lapsed,batch_001,2026-07-31T17:51:10
POL01486,CUST01339,Life,2025-04-20,2028-04-19,3700.31,Cancelled,batch_001,2026-07-31T17:51:10
POL01487,CUST00753,Life,2025-04-25,2026-04-25,3857.48,Cancelled,batch_001,2026-07-31T17:51:10
POL01488,CUST00820,Health,2026-01-13,2027-01-13,214.76,Lapsed,batch_001,2026-07-31T17:51:10
POL01489,CUST00647,Home,2026-01-09,2029-01-08,594.71,Cancelled,batch_001,2026-07-31T17:51:10
POL01490,CUST00533,Life,2022-12-05,2025-12-04,4854.39,Lapsed,batch_001,2026-07-31T17:51:10
POL01491,CUST00547,Health,2024-09-02,2026-09-02,2496.15,Active,batch_001,2026-07-31T17:51:10
POL01492,CUST01342,Health,2024-09-30,2027-09-30,3046.50,Active,batch_001,2026-07-31T17:51:10
POL01493,CUST00746,Life,2023-12-25,2024-12-24,2189.58,Lapsed,batch_001,2026-07-31T17:51:10
POL01494,CUST00095,Home,2024-11-14,2027-11-14,1277.54,Active,batch_001,2026-07-31T17:51:10
POL01495,CUST00692,Auto,2025-01-20,2027-01-20,1151.68,Lapsed,batch_001,2026-07-31T17:51:10
POL01496,CUST01066,Home,2024-06-15,2027-06-15,2258.74,Active,batch_001,2026-07-31T17:51:10
POL01497,CUST00481,Auto,2022-01-08,2024-01-08,1016.59,Cancelled,batch_001,2026-07-31T17:51:10
POL01498,CUST01859,Life,2024-06-03,2027-06-03,2288.76,Active,batch_001,2026-07-31T17:51:10
POL01499,CUST00781,Health,2022-02-19,2023-02-19,3625.11,Lapsed,batch_001,2026-07-31T17:51:10
POL01500,CUST00534,Life,2024-05-19,2027-05-19,2572.01,Active,batch_001,2026-07-31T17:51:10
POL01501,CUST01160,Home,2022-05-19,2025-05-18,1234.72,Lapsed,batch_001,2026-07-31T17:51:10
POL01502,CUST00598,Auto,2026-04-28,2027-04-28,2160.92,Lapsed,batch_001,2026-07-31T17:51:10
POL01503,CUST01848,Home,2024-11-12,2026-11-12,1330.33,Lapsed,batch_001,2026-07-31T17:51:10
POL01504,CUST01877,Auto,2023-12-29,2026-12-28,3484.48,Active,batch_001,2026-07-31T17:51:10
POL01505,CUST01325,Life,2023-09-20,2025-09-19,839.38,Cancelled,batch_001,2026-07-31T17:51:10
POL01506,CUST01734,Health,2022-11-09,2023-11-09,3624.01,Active,batch_001,2026-07-31T17:51:10
POL01507,CUST00214,Health,2024-05-30,2025-05-30,2873.60,Active,batch_001,2026-07-31T17:51:10
POL01508,CUST00187,Auto,2022-04-09,2024-04-08,4559.49,Lapsed,batch_001,2026-07-31T17:51:10
POL01509,CUST01240,Life,2026-07-14,2029-07-13,3174.36,Cancelled,batch_001,2026-07-31T17:51:10
POL01510,CUST00169,Home,2022-10-12,2024-10-11,834.74,Lapsed,batch_001,2026-07-31T17:51:10
POL01511,CUST01390,Life,2024-07-20,2025-07-20,2617.98,Active,batch_001,2026-07-31T17:51:10
POL01512,CUST01774,Home,2024-03-19,2025-03-19,1723.12,Lapsed,batch_001,2026-07-31T17:51:10
POL01513,CUST00524,Life,2024-11-28,2025-11-28,1703.69,Lapsed,batch_001,2026-07-31T17:51:10
POL01514,CUST01762,Health,2022-09-03,2025-09-02,1930.84,Lapsed,batch_001,2026-07-31T17:51:10
POL01515,CUST01081,Health,2022-04-19,2025-04-18,4182.03,Lapsed,batch_001,2026-07-31T17:51:10
POL01516,CUST02013,Home,2024-03-17,2025-03-17,1714.61,Cancelled,batch_001,2026-07-31T17:51:10
POL01517,CUST01803,Auto,2026-05-01,2029-04-30,3255.93,Active,batch_001,2026-07-31T17:51:10
POL01518,CUST00751,Auto,2024-10-12,2025-10-12,461.92,Lapsed,batch_001,2026-07-31T17:51:10
POL01519,CUST01914,Life,2024-05-15,2026-05-15,985.06,Active,batch_001,2026-07-31T17:51:10
POL01520,CUST01461,Life,2022-08-31,2024-08-30,395.80,Lapsed,batch_001,2026-07-31T17:51:10
POL01521,CUST00607,Auto,2026-01-20,2028-01-20,739.96,Lapsed,batch_001,2026-07-31T17:51:10
POL01522,CUST01164,Home,2022-05-16,2023-05-16,1177.92,Active,batch_001,2026-07-31T17:51:10
POL01523,CUST01118,Home,2025-03-06,2028-03-05,2641.94,Cancelled,batch_001,2026-07-31T17:51:10
POL01524,CUST00740,Life,2025-11-25,2026-11-25,2724.87,Active,batch_001,2026-07-31T17:51:10
POL01525,CUST00387,Health,2024-08-27,2025-08-27,3887.62,Active,batch_001,2026-07-31T17:51:10
POL01526,CUST00500,Life,2021-09-24,2023-09-24,3470.30,Lapsed,batch_001,2026-07-31T17:51:10
POL01527,CUST00435,Health,2024-08-29,2027-08-29,4659.91,Active,batch_001,2026-07-31T17:51:10
POL01528,CUST01966,Life,2024-03-15,2025-03-15,589.10,Cancelled,batch_001,2026-07-31T17:51:10
POL01529,CUST00024,Health,2023-02-10,2025-02-09,3052.18,Active,batch_001,2026-07-31T17:51:10
POL01530,CUST01856,Health,2023-05-26,2026-05-25,3187.35,Cancelled,batch_001,2026-07-31T17:51:10
POL01531,CUST00530,Home,2024-06-25,2027-06-25,4553.02,Active,batch_001,2026-07-31T17:51:10
POL01532,CUST00228,Auto,2025-09-17,2028-09-16,1558.18,Cancelled,batch_001,2026-07-31T17:51:10
POL01533,CUST01634,Health,2023-03-18,2026-03-17,2030.68,Active,batch_001,2026-07-31T17:51:10
POL01534,CUST01634,Auto,2023-07-03,2024-07-02,4832.24,Active,batch_001,2026-07-31T17:51:10
POL01535,CUST01649,Health,2022-09-30,2023-09-30,982.12,Cancelled,batch_001,2026-07-31T17:51:10
POL01536,CUST01223,Life,2022-11-23,2025-11-22,939.85,Lapsed,batch_001,2026-07-31T17:51:10
POL01537,CUST01271,Home,2022-03-26,2025-03-25,4070.50,Lapsed,batch_001,2026-07-31T17:51:10
POL01538,CUST01506,Home,2024-02-03,2027-02-02,661.34,Lapsed,batch_001,2026-07-31T17:51:10
POL01539,CUST01952,Health,2022-06-09,2024-06-08,4449.98,Cancelled,batch_001,2026-07-31T17:51:10
POL01540,CUST01731,Health,2025-11-23,2028-11-22,2230.74,Cancelled,batch_001,2026-07-31T17:51:10
POL01541,CUST01745,Auto,2026-03-03,2027-03-03,2283.71,Active,batch_001,2026-07-31T17:51:10
POL01542,CUST01899,Home,2026-01-20,2029-01-19,1840.38,Cancelled,batch_001,2026-07-31T17:51:10
POL01543,CUST02029,Auto,2021-11-24,2024-11-23,3625.45,Lapsed,batch_001,2026-07-31T17:51:10
POL01544,CUST01957,Health,2024-06-10,2026-06-10,2299.31,Active,batch_001,2026-07-31T17:51:10
POL01545,CUST01231,Home,2022-09-10,2023-09-10,3484.71,Cancelled,batch_001,2026-07-31T17:51:10
POL01546,CUST00196,Auto,2024-10-12,2026-10-12,1618.31,Active,batch_001,2026-07-31T17:51:10
POL01547,CUST01741,Life,2022-11-21,2025-11-20,716.63,Active,batch_001,2026-07-31T17:51:10
POL01548,CUST01038,Health,2022-12-16,2024-12-15,3372.11,Lapsed,batch_001,2026-07-31T17:51:10
POL01549,CUST00067,Auto,2023-02-11,2026-02-10,592.49,Cancelled,batch_001,2026-07-31T17:51:10
POL01550,CUST00747,Life,2022-12-26,2025-12-25,2421.82,Active,batch_001,2026-07-31T17:51:10
POL01551,CUST01220,Health,2025-04-19,2026-04-19,2198.01,Cancelled,batch_001,2026-07-31T17:51:10
POL01552,CUST01843,Health,2021-12-12,2024-12-11,2383.99,Lapsed,batch_001,2026-07-31T17:51:10
POL01553,CUST00321,Health,2025-01-26,2026-01-26,1213.13,Cancelled,batch_001,2026-07-31T17:51:10
POL01554,CUST00074,Auto,2024-09-03,2025-09-03,2282.23,Lapsed,batch_001,2026-07-31T17:51:10
POL01555,CUST01955,Life,2023-08-06,2024-08-05,263.86,Cancelled,batch_001,2026-07-31T17:51:10
POL01556,CUST01994,Health,2025-05-10,2027-05-10,4370.15,Cancelled,batch_001,2026-07-31T17:51:10
POL01557,CUST01618,Health,2024-01-01,2026-12-31,1931.50,Active,batch_001,2026-07-31T17:51:10
POL01558,CUST00782,Auto,2025-05-24,2026-05-24,848.55,Active,batch_001,2026-07-31T17:51:10
POL01559,CUST00110,Home,2023-07-27,2026-07-26,4858.50,Lapsed,batch_001,2026-07-31T17:51:10
POL01560,CUST00991,Life,2026-02-13,2029-02-12,896.74,Cancelled,batch_001,2026-07-31T17:51:10
POL01561,CUST01233,Life,2023-08-12,2026-08-11,1116.39,Active,batch_001,2026-07-31T17:51:10
POL01562,CUST00478,Home,2024-03-17,2026-03-17,2225.02,Active,batch_001,2026-07-31T17:51:10
POL01563,CUST01987,Life,2025-07-26,2028-07-25,3572.47,Active,batch_001,2026-07-31T17:51:10
POL01564,CUST00825,Health,2023-03-24,2025-03-23,3009.09,Cancelled,batch_001,2026-07-31T17:51:10
POL01565,CUST00033,Auto,2024-09-14,2026-09-14,444.43,Cancelled,batch_001,2026-07-31T17:51:10
POL01566,CUST01703,Life,2026-06-06,2029-06-05,2272.58,Cancelled,batch_001,2026-07-31T17:51:10
POL01567,CUST01192,Auto,2025-04-28,2028-04-27,3060.03,Lapsed,batch_001,2026-07-31T17:51:10
POL01568,CUST01999,Home,2025-07-03,2027-07-03,2533.28,Cancelled,batch_001,2026-07-31T17:51:10
POL01569,CUST01729,Health,2023-12-22,2024-12-21,2735.88,Cancelled,batch_001,2026-07-31T17:51:10
POL01570,CUST01709,Life,2024-10-28,2025-10-28,1485.67,Active,batch_001,2026-07-31T17:51:10
POL01571,CUST01421,Life,2025-11-08,2027-11-08,3188.94,Cancelled,batch_001,2026-07-31T17:51:10
POL01572,CUST01180,Home,2026-01-23,2028-01-23,299.87,Lapsed,batch_001,2026-07-31T17:51:10
POL01573,CUST00900,Health,2025-02-19,2027-02-19,2302.93,Cancelled,batch_001,2026-07-31T17:51:10
POL01574,CUST00538,Health,2022-12-15,2025-12-14,3353.40,Cancelled,batch_001,2026-07-31T17:51:10
POL01575,CUST01708,Health,2023-04-11,2026-04-10,2073.78,Lapsed,batch_001,2026-07-31T17:51:10
POL01576,CUST01157,Auto,2022-10-02,2023-10-02,3184.84,Cancelled,batch_001,2026-07-31T17:51:10
POL01577,CUST00818,Home,2023-09-14,2025-09-13,819.66,Cancelled,batch_001,2026-07-31T17:51:10
POL01578,CUST01704,Life,2022-01-08,2024-01-08,684.34,Lapsed,batch_001,2026-07-31T17:51:10
POL01579,CUST00193,Auto,2025-08-31,2026-08-31,1205.28,Lapsed,batch_001,2026-07-31T17:51:10
POL01580,CUST00650,Home,2024-09-25,2026-09-25,1913.81,Cancelled,batch_001,2026-07-31T17:51:10
POL01581,CUST01384,Life,2026-04-17,2027-04-17,4072.71,Active,batch_001,2026-07-31T17:51:10
POL01582,CUST00918,Life,2022-06-13,2025-06-12,1288.11,Lapsed,batch_001,2026-07-31T17:51:10
POL01583,CUST00192,Health,2025-12-18,2027-12-18,3967.45,Active,batch_001,2026-07-31T17:51:10
POL01584,CUST00427,Auto,2022-08-21,2025-08-20,4393.74,Lapsed,batch_001,2026-07-31T17:51:10
POL01585,CUST00455,Auto,2024-01-01,2025-12-31,4820.71,Cancelled,batch_001,2026-07-31T17:51:10
POL01586,CUST00418,Auto,2022-04-16,2025-04-15,3954.35,Cancelled,batch_001,2026-07-31T17:51:10
POL01587,CUST00484,Home,2022-12-10,2023-12-10,1001.82,Lapsed,batch_001,2026-07-31T17:51:10
POL01588,CUST01809,Life,2023-11-24,2024-11-23,3696.08,Cancelled,batch_001,2026-07-31T17:51:10
POL01589,CUST01490,Health,2025-05-25,2026-05-25,940.62,Active,batch_001,2026-07-31T17:51:10
POL01590,CUST01799,Life,2025-12-10,2026-12-10,4273.26,Active,batch_001,2026-07-31T17:51:10
POL01591,CUST01941,Health,2022-10-30,2023-10-30,4207.10,Lapsed,batch_001,2026-07-31T17:51:10
POL01592,CUST01090,Health,2025-04-19,2028-04-18,1022.06,Cancelled,batch_001,2026-07-31T17:51:10
POL01593,CUST01006,Home,2022-05-10,2024-05-09,1931.09,Cancelled,batch_001,2026-07-31T17:51:10
POL01594,CUST00566,Life,2023-06-19,2025-06-18,3978.64,Lapsed,batch_001,2026-07-31T17:51:10
POL01595,CUST01482,Auto,2025-05-31,2027-05-31,4510.71,Lapsed,batch_001,2026-07-31T17:51:10
POL01596,CUST00286,Auto,2024-07-20,2025-07-20,3896.73,Lapsed,batch_001,2026-07-31T17:51:10
POL01597,CUST00674,Life,2021-10-20,2023-10-20,2127.92,Active,batch_001,2026-07-31T17:51:10
POL01598,CUST00619,Auto,2025-02-08,2027-02-08,3844.12,Cancelled,batch_001,2026-07-31T17:51:10
POL01599,CUST01212,Life,2022-01-11,2025-01-10,4035.54,Lapsed,batch_001,2026-07-31T17:51:10
POL01600,CUST01247,Health,2024-12-12,2027-12-12,3563.79,Lapsed,batch_001,2026-07-31T17:51:10
POL01601,CUST00602,Life,2025-11-05,2026-11-05,4169.62,Lapsed,batch_001,2026-07-31T17:51:10
POL01602,CUST01812,Health,2024-10-03,2027-10-03,1184.64,Cancelled,batch_001,2026-07-31T17:51:10
POL01603,CUST01236,Auto,2023-08-01,2025-07-31,3921.92,Active,batch_001,2026-07-31T17:51:10
POL01604,CUST00517,Health,2024-11-10,2027-11-10,1805.57,Active,batch_001,2026-07-31T17:51:10
POL01605,CUST01279,Health,2022-04-09,2023-04-09,2656.02,Cancelled,batch_001,2026-07-31T17:51:10
POL01606,CUST01060,Home,2024-10-06,2025-10-06,312.42,Lapsed,batch_001,2026-07-31T17:51:10
POL01607,CUST00453,Auto,2023-06-27,2026-06-26,2229.18,Lapsed,batch_001,2026-07-31T17:51:10
POL01608,CUST01452,Auto,2021-10-25,2023-10-25,3209.55,Active,batch_001,2026-07-31T17:51:10
POL01609,CUST01839,Health,2024-04-15,2027-04-15,4718.45,Cancelled,batch_001,2026-07-31T17:51:10
POL01610,CUST01389,Home,2022-06-02,2025-06-01,225.02,Cancelled,batch_001,2026-07-31T17:51:10
POL01611,CUST00958,Health,2024-06-05,2027-06-05,2914.87,Lapsed,batch_001,2026-07-31T17:51:10
POL01612,CUST00574,Life,2022-10-26,2024-10-25,3401.23,Cancelled,batch_001,2026-07-31T17:51:10
POL01613,CUST01343,Home,2022-09-30,2025-09-29,1388.64,Lapsed,batch_001,2026-07-31T17:51:10
POL01614,CUST01744,Life,2021-11-26,2023-11-26,670.34,Active,batch_001,2026-07-31T17:51:10
POL01615,CUST00533,Life,2024-01-07,2025-01-06,498.53,Active,batch_001,2026-07-31T17:51:10
POL01616,CUST01650,Life,2025-08-05,2027-08-05,574.75,Lapsed,batch_001,2026-07-31T17:51:10
POL01617,CUST01735,Life,2022-10-04,2025-10-03,2594.37,Cancelled,batch_001,2026-07-31T17:51:10
POL01618,CUST01708,Home,2025-07-26,2027-07-26,3712.24,Active,batch_001,2026-07-31T17:51:10
POL01619,CUST01875,Home,2025-05-23,2028-05-22,810.20,Cancelled,batch_001,2026-07-31T17:51:10
POL01620,CUST00484,Home,2021-08-15,2024-08-14,4343.70,Lapsed,batch_001,2026-07-31T17:51:10
POL01621,CUST00643,Health,2022-04-02,2024-04-01,356.52,Active,batch_001,2026-07-31T17:51:10
POL01622,CUST00452,Auto,2021-09-27,2024-09-26,4291.13,Lapsed,batch_001,2026-07-31T17:51:10
POL01623,CUST00628,Auto,2023-10-03,2026-10-02,1590.03,Lapsed,batch_001,2026-07-31T17:51:10
POL01624,CUST01243,Health,2023-05-31,2025-05-30,4956.90,Lapsed,batch_001,2026-07-31T17:51:10
POL01625,CUST00583,Life,2022-11-06,2023-11-06,3997.78,Active,batch_001,2026-07-31T17:51:10
POL01626,CUST00884,Home,2026-03-31,2028-03-30,4467.47,Cancelled,batch_001,2026-07-31T17:51:10
POL01627,CUST01429,Auto,2026-01-24,2028-01-24,210.01,Active,batch_001,2026-07-31T17:51:10
POL01628,CUST01269,Life,2025-03-06,2027-03-06,2509.65,Lapsed,batch_001,2026-07-31T17:51:10
POL01629,CUST00544,Home,2022-07-10,2024-07-09,2481.09,Cancelled,batch_001,2026-07-31T17:51:10
POL01630,CUST01843,Life,2024-01-11,2027-01-10,2412.49,Active,batch_001,2026-07-31T17:51:10
POL01631,CUST01678,Life,2023-08-07,2026-08-06,1761.04,Active,batch_001,2026-07-31T17:51:10
POL01632,CUST00188,Life,2024-02-20,2026-02-19,1827.19,Cancelled,batch_001,2026-07-31T17:51:10
POL01633,CUST00679,Auto,2022-08-12,2024-08-11,3300.40,Cancelled,batch_001,2026-07-31T17:51:10
POL01634,CUST01266,Auto,2021-12-25,2024-12-24,4021.56,Cancelled,batch_001,2026-07-31T17:51:10
POL01635,CUST00217,Home,2023-08-09,2026-08-08,608.73,Lapsed,batch_001,2026-07-31T17:51:10
POL01636,CUST00493,Home,2025-02-23,2028-02-23,4504.95,Active,batch_001,2026-07-31T17:51:10
POL01637,CUST01005,Life,2025-06-19,2027-06-19,3976.43,Active,batch_001,2026-07-31T17:51:10
POL01638,CUST01646,Auto,2022-02-10,2025-02-09,3112.90,Lapsed,batch_001,2026-07-31T17:51:10
POL01639,CUST00740,Life,2022-07-09,2023-07-09,1831.79,Active,batch_001,2026-07-31T17:51:10
POL01640,CUST01054,Auto,2025-10-29,2028-10-28,1723.44,Active,batch_001,2026-07-31T17:51:10
POL01641,CUST01169,Home,2026-02-19,2027-02-19,2800.54,Active,batch_001,2026-07-31T17:51:10
POL01642,CUST00632,Health,2021-09-19,2023-09-19,3887.86,Lapsed,batch_001,2026-07-31T17:51:10
POL01643,CUST01333,Home,2025-12-17,2028-12-16,1012.12,Active,batch_001,2026-07-31T17:51:10
POL01644,CUST01598,Auto,2026-06-20,2029-06-19,480.81,Lapsed,batch_001,2026-07-31T17:51:10
POL01645,CUST01328,Health,2023-08-20,2024-08-19,2181.55,Lapsed,batch_001,2026-07-31T17:51:10
POL01646,CUST00982,Home,2022-10-19,2023-10-19,449.01,Lapsed,batch_001,2026-07-31T17:51:10
POL01647,CUST01578,Auto,2024-01-20,2027-01-19,3811.47,Lapsed,batch_001,2026-07-31T17:51:10
POL01648,CUST01668,Auto,2025-03-24,2026-03-24,1728.01,Lapsed,batch_001,2026-07-31T17:51:10
POL01649,CUST00958,Auto,2021-08-03,2022-08-03,2155.97,Lapsed,batch_001,2026-07-31T17:51:10
POL01650,CUST00416,Home,2024-07-30,2027-07-30,4824.68,Cancelled,batch_001,2026-07-31T17:51:10
POL01651,CUST01248,Life,2023-08-16,2026-08-15,3969.03,Lapsed,batch_001,2026-07-31T17:51:10
POL01652,CUST02050,Home,2026-06-06,2027-06-06,4262.13,Active,batch_001,2026-07-31T17:51:10
POL01653,CUST00689,Home,2025-02-13,2027-02-13,2794.11,Cancelled,batch_001,2026-07-31T17:51:10
POL01654,CUST01851,Auto,2023-03-03,2025-03-02,4814.49,Active,batch_001,2026-07-31T17:51:10
POL01655,CUST01185,Home,2022-04-21,2024-04-20,4813.35,Active,batch_001,2026-07-31T17:51:10
POL01656,CUST01976,Health,2026-01-11,2027-01-11,4680.83,Cancelled,batch_001,2026-07-31T17:51:10
POL01657,CUST01558,Health,2024-08-23,2026-08-23,4229.54,Cancelled,batch_001,2026-07-31T17:51:10
POL01658,CUST01153,Auto,2022-02-25,2023-02-25,3008.76,Active,batch_001,2026-07-31T17:51:10
POL01659,CUST00287,Health,2026-01-19,2029-01-18,2763.63,Active,batch_001,2026-07-31T17:51:10
POL01660,CUST00573,Health,2026-03-16,2028-03-15,3552.46,Lapsed,batch_001,2026-07-31T17:51:10
POL01661,CUST01304,Health,2025-11-22,2026-11-22,3130.14,Cancelled,batch_001,2026-07-31T17:51:10
POL01662,CUST01855,Health,2025-11-23,2027-11-23,4902.27,Active,batch_001,2026-07-31T17:51:10
POL01663,CUST01400,Home,2026-04-16,2029-04-15,4918.51,Lapsed,batch_001,2026-07-31T17:51:10
POL01664,CUST00548,Auto,2021-10-01,2024-09-30,1776.59,Cancelled,batch_001,2026-07-31T17:51:10
POL01665,CUST00040,Home,2024-11-24,2026-11-24,220.54,Lapsed,batch_001,2026-07-31T17:51:10
POL01666,CUST02003,Life,2025-07-29,2028-07-28,4497.29,Cancelled,batch_001,2026-07-31T17:51:10
POL01667,CUST00318,Auto,2021-12-12,2022-12-12,3979.07,Cancelled,batch_001,2026-07-31T17:51:10
POL01668,CUST01446,Life,2024-11-12,2026-11-12,3426.78,Cancelled,batch_001,2026-07-31T17:51:10
POL01669,CUST00035,Auto,2024-10-01,2026-10-01,2056.40,Lapsed,batch_001,2026-07-31T17:51:10
POL01670,CUST01821,Auto,2023-09-26,2025-09-25,4693.99,Active,batch_001,2026-07-31T17:51:10
POL01671,CUST01152,Health,2021-09-18,2024-09-17,294.95,Active,batch_001,2026-07-31T17:51:10
POL01672,CUST01242,Home,2024-08-12,2025-08-12,4118.15,Active,batch_001,2026-07-31T17:51:10
POL01673,CUST00151,Health,2022-02-24,2024-02-24,4843.02,Lapsed,batch_001,2026-07-31T17:51:10
POL01674,CUST00857,Auto,2024-07-05,2027-07-05,3593.45,Active,batch_001,2026-07-31T17:51:10
POL01675,CUST01137,Life,2023-08-18,2026-08-17,2101.21,Active,batch_001,2026-07-31T17:51:10
POL01676,CUST00719,Auto,2022-06-17,2025-06-16,1130.10,Cancelled,batch_001,2026-07-31T17:51:10
POL01677,CUST00522,Health,2026-07-11,2027-07-11,3780.67,Cancelled,batch_001,2026-07-31T17:51:10
POL01678,CUST01124,Home,2024-05-28,2025-05-28,4428.81,Cancelled,batch_001,2026-07-31T17:51:10
POL01679,CUST01036,Life,2022-09-17,2023-09-17,4961.37,Active,batch_001,2026-07-31T17:51:10
POL01680,CUST00213,Health,2021-12-14,2023-12-14,3276.64,Lapsed,batch_001,2026-07-31T17:51:10
POL01681,CUST01912,Life,2024-07-28,2026-07-28,1515.37,Lapsed,batch_001,2026-07-31T17:51:10
POL01682,CUST00920,Auto,2026-03-22,2029-03-21,3843.30,Lapsed,batch_001,2026-07-31T17:51:10
POL01683,CUST01296,Auto,2024-06-15,2026-06-15,2755.57,Lapsed,batch_001,2026-07-31T17:51:10
POL01684,CUST00104,Home,2023-01-24,2024-01-24,1806.59,Cancelled,batch_001,2026-07-31T17:51:10
POL01685,CUST01024,Home,2025-07-12,2027-07-12,4797.32,Active,batch_001,2026-07-31T17:51:10
POL01686,CUST00397,Auto,2025-08-24,2027-08-24,1691.87,Lapsed,batch_001,2026-07-31T17:51:10
POL01687,CUST01370,Health,2023-02-16,2025-02-15,4078.68,Active,batch_001,2026-07-31T17:51:10
POL01688,CUST01396,Auto,2022-09-21,2023-09-21,2473.17,Lapsed,batch_001,2026-07-31T17:51:10
POL01689,CUST00299,Life,2022-02-11,2025-02-10,4011.73,Active,batch_001,2026-07-31T17:51:10
POL01690,CUST00512,Auto,2025-06-20,2028-06-19,2342.99,Active,batch_001,2026-07-31T17:51:10
POL01691,CUST00267,Home,2021-11-21,2022-11-21,2011.50,Active,batch_001,2026-07-31T17:51:10
POL01692,CUST01769,Auto,2024-01-27,2026-01-26,462.99,Active,batch_001,2026-07-31T17:51:10
POL01693,CUST00214,Health,2023-04-17,2026-04-16,467.79,Lapsed,batch_001,2026-07-31T17:51:10
POL01694,CUST01684,Home,2021-12-13,2023-12-13,659.99,Cancelled,batch_001,2026-07-31T17:51:10
POL01695,CUST01858,Life,2023-04-10,2026-04-09,3195.24,Lapsed,batch_001,2026-07-31T17:51:10
POL01696,CUST00415,Health,2021-12-07,2023-12-07,4423.70,Cancelled,batch_001,2026-07-31T17:51:10
POL01697,CUST01860,Health,2024-04-05,2027-04-05,3958.06,Cancelled,batch_001,2026-07-31T17:51:10
POL01698,CUST00051,Auto,2024-03-19,2025-03-19,718.43,Cancelled,batch_001,2026-07-31T17:51:10
POL01699,CUST00517,Health,2025-12-17,2026-12-17,4540.98,Lapsed,batch_001,2026-07-31T17:51:10
POL01700,CUST01822,Home,2024-12-18,2026-12-18,2510.72,Active,batch_001,2026-07-31T17:51:10
POL01701,CUST00248,Home,2026-03-13,2027-03-13,4025.72,Lapsed,batch_001,2026-07-31T17:51:10
POL01702,CUST01466,Health,2025-08-08,2028-08-07,2292.07,Cancelled,batch_001,2026-07-31T17:51:10
POL01703,CUST00604,Life,2023-09-25,2026-09-24,3922.38,Lapsed,batch_001,2026-07-31T17:51:10
POL01704,CUST01511,Auto,2021-11-20,2024-11-19,1845.92,Cancelled,batch_001,2026-07-31T17:51:10
POL01705,CUST00593,Auto,2023-03-15,2026-03-14,3356.85,Active,batch_001,2026-07-31T17:51:10
POL01706,CUST00224,Life,2024-01-04,2027-01-03,4132.08,Lapsed,batch_001,2026-07-31T17:51:10
POL01707,CUST00825,Auto,2024-08-12,2025-08-12,4887.25,Lapsed,batch_001,2026-07-31T17:51:10
POL01708,CUST01915,Health,2021-12-25,2022-12-25,3405.73,Cancelled,batch_001,2026-07-31T17:51:10
POL01709,CUST01228,Life,2024-05-26,2027-05-26,4822.71,Lapsed,batch_001,2026-07-31T17:51:10
POL01710,CUST00173,Life,2023-11-25,2024-11-24,703.27,Active,batch_001,2026-07-31T17:51:10
POL01711,CUST00944,Life,2022-08-20,2023-08-20,3266.08,Cancelled,batch_001,2026-07-31T17:51:10
POL01712,CUST01358,Life,2024-09-15,2025-09-15,1347.29,Active,batch_001,2026-07-31T17:51:10
POL01713,CUST00028,Health,2025-04-17,2027-04-17,1084.37,Active,batch_001,2026-07-31T17:51:10
POL01714,CUST00472,Home,2024-12-23,2025-12-23,1917.86,Lapsed,batch_001,2026-07-31T17:51:10
POL01715,CUST01475,Auto,2025-04-26,2027-04-26,1133.14,Active,batch_001,2026-07-31T17:51:10
POL01716,CUST00714,Home,2024-11-12,2025-11-12,1149.56,Lapsed,batch_001,2026-07-31T17:51:10
POL01717,CUST01008,Home,2024-06-17,2027-06-17,1036.57,Active,batch_001,2026-07-31T17:51:10
POL01718,CUST01073,Auto,2023-03-02,2024-03-01,1045.17,Active,batch_001,2026-07-31T17:51:10
POL01719,CUST00455,Health,2025-10-18,2028-10-17,858.77,Active,batch_001,2026-07-31T17:51:10
POL01720,CUST01515,Health,2025-10-22,2027-10-22,2389.78,Cancelled,batch_001,2026-07-31T17:51:10
POL01721,CUST01777,Auto,2024-09-13,2025-09-13,4717.58,Active,batch_001,2026-07-31T17:51:10
POL01722,CUST00536,Home,2025-12-29,2026-12-29,4437.07,Active,batch_001,2026-07-31T17:51:10
POL01723,CUST01533,Health,2023-11-05,2026-11-04,2015.34,Cancelled,batch_001,2026-07-31T17:51:10
POL01724,CUST01002,Auto,2022-04-12,2024-04-11,4889.51,Cancelled,batch_001,2026-07-31T17:51:10
POL01725,CUST01205,Home,2025-03-09,2028-03-08,1107.69,Lapsed,batch_001,2026-07-31T17:51:10
POL01726,CUST01148,Home,2022-04-01,2023-04-01,455.64,Cancelled,batch_001,2026-07-31T17:51:10
POL01727,CUST00858,Auto,2025-03-28,2028-03-27,4452.00,Lapsed,batch_001,2026-07-31T17:51:10
POL01728,CUST00686,Life,2023-02-10,2026-02-09,3151.45,Cancelled,batch_001,2026-07-31T17:51:10
POL01729,CUST01902,Home,2026-03-20,2029-03-19,1996.48,Lapsed,batch_001,2026-07-31T17:51:10
POL01730,CUST01980,Life,2024-01-28,2027-01-27,1994.62,Lapsed,batch_001,2026-07-31T17:51:10
POL01731,CUST00150,Home,2024-04-22,2026-04-22,2989.70,Active,batch_001,2026-07-31T17:51:10
POL01732,CUST00961,Life,2022-06-13,2023-06-13,2369.98,Active,batch_001,2026-07-31T17:51:10
POL01733,CUST01545,Home,2022-04-04,2024-04-03,2240.11,Lapsed,batch_001,2026-07-31T17:51:10
POL01734,CUST00551,Auto,2024-05-13,2026-05-13,2842.65,Lapsed,batch_001,2026-07-31T17:51:10
POL01735,CUST00943,Auto,2024-02-03,2026-02-02,2690.34,Lapsed,batch_001,2026-07-31T17:51:10
POL01736,CUST01746,Life,2024-03-08,2027-03-08,3181.40,Lapsed,batch_001,2026-07-31T17:51:10
POL01737,CUST02038,Health,2025-05-15,2027-05-15,2162.97,Lapsed,batch_001,2026-07-31T17:51:10
POL01738,CUST01810,Home,2025-03-14,2027-03-14,318.65,Lapsed,batch_001,2026-07-31T17:51:10
POL01739,CUST00338,Health,2022-12-29,2025-12-28,564.26,Cancelled,batch_001,2026-07-31T17:51:10
POL01740,CUST00321,Health,2025-05-09,2028-05-08,2823.93,Active,batch_001,2026-07-31T17:51:10
POL01741,CUST01476,Auto,2024-07-26,2025-07-26,769.22,Cancelled,batch_001,2026-07-31T17:51:10
POL01742,CUST01349,Health,2025-05-19,2026-05-19,1802.04,Lapsed,batch_001,2026-07-31T17:51:10
POL01743,CUST01125,Home,2021-12-08,2024-12-07,4114.71,Cancelled,batch_001,2026-07-31T17:51:10
POL01744,CUST01070,Auto,2024-07-29,2027-07-29,4990.38,Lapsed,batch_001,2026-07-31T17:51:10
POL01745,CUST01655,Life,2025-04-11,2027-04-11,4147.08,Cancelled,batch_001,2026-07-31T17:51:10
POL01746,CUST00612,Life,2023-11-30,2026-11-29,257.08,Active,batch_001,2026-07-31T17:51:10
POL01747,CUST00860,Life,2022-01-24,2023-01-24,3672.01,Active,batch_001,2026-07-31T17:51:10
POL01748,CUST01920,Life,2022-03-20,2025-03-19,3017.62,Lapsed,batch_001,2026-07-31T17:51:10
POL01749,CUST00770,Life,2025-01-12,2026-01-12,1702.76,Cancelled,batch_001,2026-07-31T17:51:10
POL01750,CUST01844,Auto,2024-08-31,2026-08-31,1206.01,Lapsed,batch_001,2026-07-31T17:51:10
POL01751,CUST00526,Health,2025-12-10,2026-12-10,2972.04,Cancelled,batch_001,2026-07-31T17:51:10
POL01752,CUST01453,Health,2022-12-09,2023-12-09,2599.04,Active,batch_001,2026-07-31T17:51:10
POL01753,CUST01653,Health,2021-11-03,2023-11-03,2243.45,Lapsed,batch_001,2026-07-31T17:51:10
POL01754,CUST00132,Home,2022-10-16,2025-10-15,311.55,Active,batch_001,2026-07-31T17:51:10
POL01755,CUST01602,Life,2025-04-21,2027-04-21,2927.32,Active,batch_001,2026-07-31T17:51:10
POL01756,CUST01583,Home,2021-11-15,2023-11-15,505.80,Lapsed,batch_001,2026-07-31T17:51:10
POL01757,CUST01850,Health,2022-08-26,2023-08-26,1778.44,Active,batch_001,2026-07-31T17:51:10
POL01758,CUST00728,Auto,2022-02-23,2023-02-23,700.70,Cancelled,batch_001,2026-07-31T17:51:10
POL01759,CUST00765,Home,2023-08-02,2026-08-01,2545.34,Active,batch_001,2026-07-31T17:51:10
POL01760,CUST00955,Health,2024-09-10,2026-09-10,1562.32,Cancelled,batch_001,2026-07-31T17:51:10
POL01761,CUST00236,Health,2024-08-28,2027-08-28,535.90,Cancelled,batch_001,2026-07-31T17:51:10
POL01762,CUST01683,Life,2024-10-31,2025-10-31,1024.76,Active,batch_001,2026-07-31T17:51:10
POL01763,CUST01714,Life,2026-05-27,2027-05-27,819.86,Cancelled,batch_001,2026-07-31T17:51:10
POL01764,CUST00846,Home,2021-11-07,2022-11-07,2067.17,Active,batch_001,2026-07-31T17:51:10
POL01765,CUST01945,Home,2022-11-18,2024-11-17,2274.56,Cancelled,batch_001,2026-07-31T17:51:10
POL01766,CUST00832,Life,2025-05-27,2028-05-26,4707.94,Lapsed,batch_001,2026-07-31T17:51:10
POL01767,CUST00585,Life,2024-09-24,2025-09-24,235.73,Active,batch_001,2026-07-31T17:51:10
POL01768,CUST01012,Health,2024-09-27,2026-09-27,3103.27,Cancelled,batch_001,2026-07-31T17:51:10
POL01769,CUST00161,Auto,2025-05-09,2027-05-09,2408.98,Lapsed,batch_001,2026-07-31T17:51:10
POL01770,CUST01870,Health,2022-03-25,2025-03-24,4428.77,Cancelled,batch_001,2026-07-31T17:51:10
POL01771,CUST01602,Home,2026-06-17,2029-06-16,4003.26,Lapsed,batch_001,2026-07-31T17:51:10
POL01772,CUST01770,Life,2022-09-30,2023-09-30,1061.97,Lapsed,batch_001,2026-07-31T17:51:10
POL01773,CUST00392,Life,2026-01-29,2029-01-28,1080.53,Cancelled,batch_001,2026-07-31T17:51:10
POL01774,CUST00647,Health,2024-09-12,2025-09-12,1350.54,Cancelled,batch_001,2026-07-31T17:51:10
POL01775,CUST00274,Home,2024-12-17,2027-12-17,1601.07,Lapsed,batch_001,2026-07-31T17:51:10
POL01776,CUST00497,Health,2024-04-01,2026-04-01,4963.47,Active,batch_001,2026-07-31T17:51:10
POL01777,CUST01336,Life,2023-12-12,2024-12-11,2621.10,Lapsed,batch_001,2026-07-31T17:51:10
POL01778,CUST00183,Life,2023-09-13,2024-09-12,1413.28,Active,batch_001,2026-07-31T17:51:10
POL01779,CUST01892,Life,2022-07-17,2023-07-17,3266.56,Lapsed,batch_001,2026-07-31T17:51:10
POL01780,CUST00797,Life,2021-10-18,2024-10-17,2116.84,Active,batch_001,2026-07-31T17:51:10
POL01781,CUST00560,Health,2023-02-28,2024-02-28,1402.91,Cancelled,batch_001,2026-07-31T17:51:10
POL01782,CUST01890,Auto,2025-10-27,2028-10-26,2428.38,Active,batch_001,2026-07-31T17:51:10
POL01783,CUST01793,Home,2025-12-24,2028-12-23,3353.71,Lapsed,batch_001,2026-07-31T17:51:10
POL01784,CUST00699,Auto,2024-11-13,2026-11-13,4239.50,Cancelled,batch_001,2026-07-31T17:51:10
POL01785,CUST00509,Life,2026-05-10,2027-05-10,1050.74,Active,batch_001,2026-07-31T17:51:10
POL01786,CUST00046,Health,2022-07-30,2023-07-30,3422.68,Active,batch_001,2026-07-31T17:51:10
POL01787,CUST00888,Auto,2023-10-21,2025-10-20,1918.82,Cancelled,batch_001,2026-07-31T17:51:10
POL01788,CUST00196,Auto,2023-10-16,2026-10-15,1237.60,Lapsed,batch_001,2026-07-31T17:51:10
POL01789,CUST00215,Auto,2025-05-16,2028-05-15,1679.96,Active,batch_001,2026-07-31T17:51:10
POL01790,CUST01023,Health,2023-05-27,2025-05-26,3882.15,Active,batch_001,2026-07-31T17:51:10
POL01791,CUST01728,Auto,2024-01-03,2025-01-02,638.65,Active,batch_001,2026-07-31T17:51:10
POL01792,CUST00259,Home,2025-10-03,2027-10-03,4138.53,Active,batch_001,2026-07-31T17:51:10
POL01793,CUST00685,Auto,2023-04-12,2026-04-11,1005.84,Lapsed,batch_001,2026-07-31T17:51:10
POL01794,CUST01340,Health,2022-08-15,2025-08-14,716.88,Cancelled,batch_001,2026-07-31T17:51:10
POL01795,CUST00849,Life,2022-09-24,2025-09-23,1109.83,Lapsed,batch_001,2026-07-31T17:51:10
POL01796,CUST00434,Health,2022-03-17,2023-03-17,1315.56,Lapsed,batch_001,2026-07-31T17:51:10
POL01797,CUST01296,Auto,2025-06-03,2026-06-03,271.97,Lapsed,batch_001,2026-07-31T17:51:10
POL01798,CUST00271,Health,2023-01-17,2024-01-17,2402.12,Cancelled,batch_001,2026-07-31T17:51:10
POL01799,CUST00276,Home,2025-05-12,2028-05-11,1971.10,Lapsed,batch_001,2026-07-31T17:51:10
POL01800,CUST02047,Auto,2022-04-28,2024-04-27,3884.22,Cancelled,batch_001,2026-07-31T17:51:10
POL01801,CUST00703,Health,2024-04-17,2027-04-17,3998.05,Active,batch_001,2026-07-31T17:51:10
POL01802,CUST01592,Home,2024-07-13,2027-07-13,1756.90,Lapsed,batch_001,2026-07-31T17:51:10
POL01803,CUST01303,Life,2022-02-16,2023-02-16,3249.70,Active,batch_001,2026-07-31T17:51:10
POL01804,CUST01839,Life,2026-04-03,2028-04-02,284.71,Cancelled,batch_001,2026-07-31T17:51:10
POL01805,CUST00055,Home,2026-03-10,2029-03-09,3760.71,Active,batch_001,2026-07-31T17:51:10
POL01806,CUST00509,Health,2024-01-18,2027-01-17,3842.92,Active,batch_001,2026-07-31T17:51:10
POL01807,CUST00998,Auto,2024-02-16,2027-02-15,2256.79,Active,batch_001,2026-07-31T17:51:10
POL01808,CUST01215,Home,2022-12-01,2023-12-01,1997.71,Active,batch_001,2026-07-31T17:51:10
POL01809,CUST00156,Home,2023-01-21,2025-01-20,1181.05,Cancelled,batch_001,2026-07-31T17:51:10
POL01810,CUST01818,Health,2024-08-26,2027-08-26,4945.05,Active,batch_001,2026-07-31T17:51:10
POL01811,CUST00163,Life,2025-11-26,2027-11-26,1724.19,Cancelled,batch_001,2026-07-31T17:51:10
POL01812,CUST00939,Health,2023-06-26,2025-06-25,3802.64,Lapsed,batch_001,2026-07-31T17:51:10
POL01813,CUST00222,Home,2022-08-11,2023-08-11,1187.92,Cancelled,batch_001,2026-07-31T17:51:10
POL01814,CUST01563,Health,2023-04-15,2026-04-14,3653.61,Active,batch_001,2026-07-31T17:51:10
POL01815,CUST00265,Life,2022-10-04,2024-10-03,3222.96,Active,batch_001,2026-07-31T17:51:10
POL01816,CUST00580,Home,2023-08-04,2024-08-03,450.11,Active,batch_001,2026-07-31T17:51:10
POL01817,CUST00838,Home,2025-10-11,2026-10-11,1033.64,Cancelled,batch_001,2026-07-31T17:51:10
POL01818,CUST01914,Health,2021-10-19,2022-10-19,2245.95,Active,batch_001,2026-07-31T17:51:10
POL01819,CUST01737,Home,2024-08-24,2027-08-24,1148.17,Cancelled,batch_001,2026-07-31T17:51:10
POL01820,CUST01837,Home,2026-04-16,2027-04-16,1654.88,Lapsed,batch_001,2026-07-31T17:51:10
POL01821,CUST01473,Life,2026-06-12,2028-06-11,584.08,Lapsed,batch_001,2026-07-31T17:51:10
POL01822,CUST01732,Life,2024-09-18,2025-09-18,2459.42,Active,batch_001,2026-07-31T17:51:10
POL01823,CUST01563,Life,2025-07-21,2027-07-21,295.09,Active,batch_001,2026-07-31T17:51:10
POL01824,CUST00626,Home,2026-04-08,2028-04-07,3056.88,Lapsed,batch_001,2026-07-31T17:51:10
POL01825,CUST01858,Health,2022-09-06,2024-09-05,2425.53,Lapsed,batch_001,2026-07-31T17:51:10
POL01826,CUST00295,Health,2022-04-23,2025-04-22,3108.92,Active,batch_001,2026-07-31T17:51:10
POL01827,CUST00634,Home,2022-02-19,2025-02-18,2452.44,Active,batch_001,2026-07-31T17:51:10
POL01828,CUST01533,Life,2024-03-16,2025-03-16,4335.94,Lapsed,batch_001,2026-07-31T17:51:10
POL01829,CUST01529,Life,2024-12-18,2026-12-18,4713.37,Lapsed,batch_001,2026-07-31T17:51:10
POL01830,CUST00292,Life,2025-08-25,2027-08-25,3277.03,Active,batch_001,2026-07-31T17:51:10
POL01831,CUST00666,Home,2026-01-18,2027-01-18,2047.16,Lapsed,batch_001,2026-07-31T17:51:10
POL01832,CUST01428,Life,2025-01-26,2027-01-26,3902.10,Cancelled,batch_001,2026-07-31T17:51:10
POL01833,CUST00237,Life,2025-01-22,2028-01-22,1967.27,Lapsed,batch_001,2026-07-31T17:51:10
POL01834,CUST01957,Auto,2026-06-20,2029-06-19,1384.60,Lapsed,batch_001,2026-07-31T17:51:10
POL01835,CUST00116,Home,2022-03-16,2025-03-15,3591.48,Lapsed,batch_001,2026-07-31T17:51:10
POL01836,CUST00604,Health,2022-08-23,2025-08-22,2386.26,Active,batch_001,2026-07-31T17:51:10
POL01837,CUST00662,Auto,2024-04-09,2027-04-09,2976.04,Active,batch_001,2026-07-31T17:51:10
POL01838,CUST01575,Life,2022-03-17,2023-03-17,3293.11,Cancelled,batch_001,2026-07-31T17:51:10
POL01839,CUST00330,Home,2025-05-28,2028-05-27,4875.90,Lapsed,batch_001,2026-07-31T17:51:10
POL01840,CUST01036,Health,2025-07-16,2026-07-16,4182.80,Cancelled,batch_001,2026-07-31T17:51:10
POL01841,CUST01568,Health,2025-12-23,2028-12-22,3360.73,Cancelled,batch_001,2026-07-31T17:51:10
POL01842,CUST00365,Auto,2024-07-04,2026-07-04,3811.82,Cancelled,batch_001,2026-07-31T17:51:10
POL01843,CUST01411,Home,2022-09-01,2025-08-31,3928.12,Lapsed,batch_001,2026-07-31T17:51:10
POL01844,CUST01631,Health,2026-04-07,2029-04-06,1205.72,Active,batch_001,2026-07-31T17:51:10
POL01845,CUST00007,Auto,2026-07-30,2027-07-30,4118.67,Active,batch_001,2026-07-31T17:51:10
POL01846,CUST01708,Health,2023-02-15,2026-02-14,2205.63,Cancelled,batch_001,2026-07-31T17:51:10
POL01847,CUST01535,Home,2022-09-03,2024-09-02,1019.04,Cancelled,batch_001,2026-07-31T17:51:10
POL01848,CUST00746,Auto,2025-04-04,2026-04-04,1150.50,Lapsed,batch_001,2026-07-31T17:51:10
POL01849,CUST00761,Home,2025-11-08,2028-11-07,4108.98,Active,batch_001,2026-07-31T17:51:10
POL01850,CUST00786,Health,2022-01-18,2025-01-17,1077.10,Lapsed,batch_001,2026-07-31T17:51:10
POL01851,CUST00448,Home,2022-08-19,2024-08-18,3208.82,Active,batch_001,2026-07-31T17:51:10
POL01852,CUST00511,Health,2025-12-25,2027-12-25,611.39,Active,batch_001,2026-07-31T17:51:10
POL01853,CUST00962,Life,2022-11-17,2024-11-16,342.40,Lapsed,batch_001,2026-07-31T17:51:10
POL01854,CUST00039,Auto,2024-02-29,2027-02-28,3850.56,Lapsed,batch_001,2026-07-31T17:51:10
POL01855,CUST00172,Auto,2022-12-23,2023-12-23,3393.55,Active,batch_001,2026-07-31T17:51:10
POL01856,CUST01539,Health,2022-12-15,2025-12-14,4000.58,Lapsed,batch_001,2026-07-31T17:51:10
POL01857,CUST01760,Health,2024-04-27,2026-04-27,3833.18,Lapsed,batch_001,2026-07-31T17:51:10
POL01858,CUST01292,Home,2023-06-30,2026-06-29,4472.73,Lapsed,batch_001,2026-07-31T17:51:10
POL01859,CUST00235,Health,2024-07-09,2027-07-09,2112.66,Lapsed,batch_001,2026-07-31T17:51:10
POL01860,CUST01646,Home,2025-12-28,2026-12-28,214.81,Active,batch_001,2026-07-31T17:51:10
POL01861,CUST01145,Home,2023-12-29,2026-12-28,789.89,Lapsed,batch_001,2026-07-31T17:51:10
POL01862,CUST01947,Life,2022-04-01,2024-03-31,3168.09,Cancelled,batch_001,2026-07-31T17:51:10
POL01863,CUST01320,Auto,2023-09-16,2024-09-15,215.02,Cancelled,batch_001,2026-07-31T17:51:10
POL01864,CUST01334,Life,2023-03-31,2025-03-30,4392.49,Active,batch_001,2026-07-31T17:51:10
POL01865,CUST00334,Health,2026-04-06,2029-04-05,2525.77,Lapsed,batch_001,2026-07-31T17:51:10
POL01866,CUST00412,Life,2023-11-29,2025-11-28,4936.98,Lapsed,batch_001,2026-07-31T17:51:10
POL01867,CUST00587,Auto,2022-08-22,2025-08-21,1136.37,Active,batch_001,2026-07-31T17:51:10
POL01868,CUST01235,Life,2024-02-25,2026-02-24,4024.74,Active,batch_001,2026-07-31T17:51:10
POL01869,CUST01975,Home,2026-02-11,2028-02-11,4784.25,Active,batch_001,2026-07-31T17:51:10
POL01870,CUST00367,Auto,2022-05-16,2023-05-16,1018.08,Lapsed,batch_001,2026-07-31T17:51:10
POL01871,CUST01338,Life,2025-11-07,2028-11-06,340.26,Lapsed,batch_001,2026-07-31T17:51:10
POL01872,CUST01951,Auto,2023-01-04,2024-01-04,3652.04,Cancelled,batch_001,2026-07-31T17:51:10
POL01873,CUST02016,Auto,2026-07-08,2027-07-08,4629.13,Cancelled,batch_001,2026-07-31T17:51:10
POL01874,CUST00265,Health,2022-11-21,2024-11-20,4385.31,Lapsed,batch_001,2026-07-31T17:51:10
POL01875,CUST01564,Life,2023-01-12,2026-01-11,3766.25,Active,batch_001,2026-07-31T17:51:10
POL01876,CUST01192,Auto,2024-06-12,2025-06-12,1443.65,Active,batch_001,2026-07-31T17:51:10
POL01877,CUST00771,Auto,2026-05-16,2027-05-16,1833.14,Cancelled,batch_001,2026-07-31T17:51:10
POL01878,CUST01284,Life,2021-12-04,2023-12-04,811.60,Cancelled,batch_001,2026-07-31T17:51:10
POL01879,CUST00254,Home,2021-10-26,2024-10-25,208.06,Lapsed,batch_001,2026-07-31T17:51:10
POL01880,CUST01496,Home,2022-04-08,2024-04-07,1734.29,Cancelled,batch_001,2026-07-31T17:51:10
POL01881,CUST00910,Auto,2021-12-18,2024-12-17,3087.76,Lapsed,batch_001,2026-07-31T17:51:10
POL01882,CUST01887,Health,2026-06-25,2027-06-25,2783.81,Active,batch_001,2026-07-31T17:51:10
POL01883,CUST02048,Life,2023-10-30,2025-10-29,4218.64,Active,batch_001,2026-07-31T17:51:10
POL01884,CUST00141,Health,2023-05-15,2026-05-14,1560.29,Lapsed,batch_001,2026-07-31T17:51:10
POL01885,CUST00506,Health,2026-06-11,2029-06-10,4953.61,Cancelled,batch_001,2026-07-31T17:51:10
POL01886,CUST00884,Life,2025-02-13,2028-02-13,2495.76,Lapsed,batch_001,2026-07-31T17:51:10
POL01887,CUST00241,Health,2021-11-01,2024-10-31,4839.18,Active,batch_001,2026-07-31T17:51:10
POL01888,CUST00922,Auto,2025-10-24,2028-10-23,1210.94,Active,batch_001,2026-07-31T17:51:10
POL01889,CUST01226,Home,2026-03-21,2028-03-20,3691.50,Active,batch_001,2026-07-31T17:51:10
POL01890,CUST01731,Life,2024-01-15,2027-01-14,2082.97,Lapsed,batch_001,2026-07-31T17:51:10
POL01891,CUST01160,Health,2024-02-23,2026-02-22,2077.10,Cancelled,batch_001,2026-07-31T17:51:10
POL01892,CUST01613,Auto,2025-09-07,2026-09-07,3565.32,Active,batch_001,2026-07-31T17:51:10
POL01893,CUST00222,Health,2023-08-29,2025-08-28,3810.88,Lapsed,batch_001,2026-07-31T17:51:10
POL01894,CUST00564,Life,2025-01-11,2028-01-11,985.73,Cancelled,batch_001,2026-07-31T17:51:10
POL01895,CUST00594,Home,2024-02-09,2026-02-08,1597.19,Active,batch_001,2026-07-31T17:51:10
POL01896,CUST00038,Health,2025-06-08,2028-06-07,1139.14,Cancelled,batch_001,2026-07-31T17:51:10
POL01897,CUST00605,Life,2022-03-13,2025-03-12,689.35,Lapsed,batch_001,2026-07-31T17:51:10
POL01898,CUST00231,Auto,2022-02-01,2025-01-31,4239.97,Lapsed,batch_001,2026-07-31T17:51:10
POL01899,CUST00215,Auto,2022-12-03,2024-12-02,1062.24,Cancelled,batch_001,2026-07-31T17:51:10
POL01900,CUST01777,Home,2025-04-25,2028-04-24,1824.73,Cancelled,batch_001,2026-07-31T17:51:10
POL01901,CUST00140,Auto,2025-02-10,2028-02-10,2139.17,Active,batch_001,2026-07-31T17:51:10
POL01902,CUST00707,Life,2025-09-11,2027-09-11,2545.40,Cancelled,batch_001,2026-07-31T17:51:10
POL01903,CUST01900,Life,2025-07-11,2028-07-10,3360.89,Lapsed,batch_001,2026-07-31T17:51:10
POL01904,CUST01505,Auto,2023-04-24,2026-04-23,3335.34,Active,batch_001,2026-07-31T17:51:10
POL01905,CUST02004,Home,2024-06-20,2025-06-20,596.66,Active,batch_001,2026-07-31T17:51:10
POL01906,CUST01965,Health,2022-10-19,2025-10-18,2950.31,Cancelled,batch_001,2026-07-31T17:51:10
POL01907,CUST00742,Life,2024-03-27,2027-03-27,653.86,Lapsed,batch_001,2026-07-31T17:51:10
POL01908,CUST01223,Home,2024-04-17,2027-04-17,3573.14,Active,batch_001,2026-07-31T17:51:10
POL01909,CUST00758,Life,2024-07-07,2026-07-07,504.79,Cancelled,batch_001,2026-07-31T17:51:10
POL01910,CUST02002,Auto,2024-12-19,2025-12-19,2090.22,Cancelled,batch_001,2026-07-31T17:51:10
POL01911,CUST00509,Home,2022-09-09,2025-09-08,2787.11,Cancelled,batch_001,2026-07-31T17:51:10
POL01912,CUST00738,Auto,2024-09-23,2025-09-23,1067.19,Cancelled,batch_001,2026-07-31T17:51:10
POL01913,CUST00504,Auto,2025-12-15,2027-12-15,4042.46,Active,batch_001,2026-07-31T17:51:10
POL01914,CUST00661,Auto,2026-05-09,2029-05-08,1189.90,Cancelled,batch_001,2026-07-31T17:51:10
POL01915,CUST00144,Auto,2022-06-24,2024-06-23,4286.96,Active,batch_001,2026-07-31T17:51:10
POL01916,CUST00703,Life,2024-04-16,2027-04-16,1633.17,Cancelled,batch_001,2026-07-31T17:51:10
POL01917,CUST00190,Health,2023-08-20,2024-08-19,1392.02,Cancelled,batch_001,2026-07-31T17:51:10
POL01918,CUST02009,Health,2025-07-18,2028-07-17,2335.62,Cancelled,batch_001,2026-07-31T17:51:10
POL01919,CUST00860,Auto,2022-08-14,2024-08-13,3109.63,Cancelled,batch_001,2026-07-31T17:51:10
POL01920,CUST00771,Home,2023-11-08,2024-11-07,1338.08,Lapsed,batch_001,2026-07-31T17:51:10
POL01921,CUST00885,Health,2025-05-26,2026-05-26,4795.63,Lapsed,batch_001,2026-07-31T17:51:10
POL01922,CUST01729,Auto,2023-09-08,2024-09-07,3699.70,Cancelled,batch_001,2026-07-31T17:51:10
POL01923,CUST00669,Life,2022-10-10,2024-10-09,1451.24,Lapsed,batch_001,2026-07-31T17:51:10
POL01924,CUST01743,Home,2022-05-26,2023-05-26,4734.75,Cancelled,batch_001,2026-07-31T17:51:10
POL01925,CUST01104,Home,2022-01-03,2023-01-03,538.68,Cancelled,batch_001,2026-07-31T17:51:10
POL01926,CUST00672,Life,2024-01-17,2026-01-16,2905.48,Active,batch_001,2026-07-31T17:51:10
POL01927,CUST01777,Life,2024-11-04,2026-11-04,4963.76,Active,batch_001,2026-07-31T17:51:10
POL01928,CUST01107,Auto,2025-02-18,2028-02-18,1387.99,Cancelled,batch_001,2026-07-31T17:51:10
POL01929,CUST01667,Auto,2023-09-09,2024-09-08,3483.10,Lapsed,batch_001,2026-07-31T17:51:10
POL01930,CUST01367,Health,2022-12-08,2025-12-07,627.08,Active,batch_001,2026-07-31T17:51:10
POL01931,CUST00402,Life,2024-05-12,2025-05-12,1513.50,Active,batch_001,2026-07-31T17:51:10
POL01932,CUST00506,Home,2026-06-28,2028-06-27,4768.56,Cancelled,batch_001,2026-07-31T17:51:10
POL01933,CUST02006,Auto,2024-03-27,2027-03-27,4402.46,Cancelled,batch_001,2026-07-31T17:51:10
POL01934,CUST01156,Health,2023-03-11,2025-03-10,3562.19,Cancelled,batch_001,2026-07-31T17:51:10
POL01935,CUST00700,Health,2022-12-07,2023-12-07,4503.54,Lapsed,batch_001,2026-07-31T17:51:10
POL01936,CUST01650,Life,2025-10-25,2026-10-25,1856.83,Cancelled,batch_001,2026-07-31T17:51:10
POL01937,CUST00637,Home,2025-12-15,2026-12-15,1443.49,Active,batch_001,2026-07-31T17:51:10
POL01938,CUST01096,Auto,2025-07-19,2027-07-19,2924.29,Cancelled,batch_001,2026-07-31T17:51:10
POL01939,CUST01021,Life,2025-10-26,2028-10-25,4877.60,Cancelled,batch_001,2026-07-31T17:51:10
POL01940,CUST01450,Life,2024-03-14,2026-03-14,1078.90,Cancelled,batch_001,2026-07-31T17:51:10
POL01941,CUST01753,Home,2025-10-22,2027-10-22,1523.95,Lapsed,batch_001,2026-07-31T17:51:10
POL01942,CUST01252,Life,2021-10-10,2024-10-09,4318.02,Lapsed,batch_001,2026-07-31T17:51:10
POL01943,CUST00315,Home,2022-05-05,2023-05-05,3246.45,Active,batch_001,2026-07-31T17:51:10
POL01944,CUST00347,Health,2024-12-02,2025-12-02,2961.52,Cancelled,batch_001,2026-07-31T17:51:10
POL01945,CUST00044,Life,2025-11-16,2027-11-16,4080.07,Cancelled,batch_001,2026-07-31T17:51:10
POL01946,CUST00559,Life,2025-06-19,2028-06-18,4675.72,Lapsed,batch_001,2026-07-31T17:51:10
POL01947,CUST00511,Life,2023-08-16,2026-08-15,3488.58,Active,batch_001,2026-07-31T17:51:10
POL01948,CUST00030,Life,2023-05-29,2026-05-28,1112.88,Cancelled,batch_001,2026-07-31T17:51:10
POL01949,CUST01001,Auto,2026-07-16,2029-07-15,3798.41,Cancelled,batch_001,2026-07-31T17:51:10
POL01950,CUST00922,Home,2024-07-30,2026-07-30,4830.31,Active,batch_001,2026-07-31T17:51:10
POL01951,CUST01448,Auto,2021-12-28,2023-12-28,4229.16,Lapsed,batch_001,2026-07-31T17:51:10
POL01952,CUST01529,Auto,2022-01-03,2024-01-03,2019.65,Lapsed,batch_001,2026-07-31T17:51:10
POL01953,CUST00483,Health,2023-12-21,2026-12-20,1398.87,Lapsed,batch_001,2026-07-31T17:51:10
POL01954,CUST00873,Auto,2025-10-14,2027-10-14,1609.02,Cancelled,batch_001,2026-07-31T17:51:10
POL01955,CUST00891,Health,2025-07-31,2028-07-30,2930.44,Cancelled,batch_001,2026-07-31T17:51:10
POL01956,CUST00146,Life,2024-01-03,2027-01-02,4163.49,Cancelled,batch_001,2026-07-31T17:51:10
POL01957,CUST00025,Life,2026-02-21,2028-02-21,475.98,Lapsed,batch_001,2026-07-31T17:51:10
POL01958,CUST00022,Health,2021-08-24,2023-08-24,1898.69,Cancelled,batch_001,2026-07-31T17:51:10
POL01959,CUST00037,Auto,2022-06-28,2023-06-28,2129.93,Lapsed,batch_001,2026-07-31T17:51:10
POL01960,CUST00630,Life,2025-03-29,2027-03-29,1148.21,Active,batch_001,2026-07-31T17:51:10
POL01961,CUST01025,Home,2022-09-19,2024-09-18,233.17,Lapsed,batch_001,2026-07-31T17:51:10
POL01962,CUST01493,Life,2023-10-29,2025-10-28,1996.69,Active,batch_001,2026-07-31T17:51:10
POL01963,CUST00446,Life,2024-09-08,2027-09-08,4095.41,Cancelled,batch_001,2026-07-31T17:51:10
POL01964,CUST01449,Life,2025-01-02,2027-01-02,976.80,Active,batch_001,2026-07-31T17:51:10
POL01965,CUST00813,Auto,2024-09-08,2026-09-08,4441.17,Active,batch_001,2026-07-31T17:51:10
POL01966,CUST01617,Life,2021-12-17,2023-12-17,393.23,Cancelled,batch_001,2026-07-31T17:51:10
POL01967,CUST00657,Home,2024-12-25,2026-12-25,4524.79,Lapsed,batch_001,2026-07-31T17:51:10
POL01968,CUST00487,Life,2022-01-04,2025-01-03,4918.06,Lapsed,batch_001,2026-07-31T17:51:10
POL01969,CUST00522,Health,2026-06-05,2029-06-04,2578.72,Lapsed,batch_001,2026-07-31T17:51:10
POL01970,CUST01593,Home,2026-05-10,2029-05-09,3684.77,Active,batch_001,2026-07-31T17:51:10
POL01971,CUST00517,Home,2023-03-26,2024-03-25,4005.02,Lapsed,batch_001,2026-07-31T17:51:10
POL01972,CUST00969,Auto,2024-08-29,2027-08-29,265.51,Cancelled,batch_001,2026-07-31T17:51:10
POL01973,CUST00033,Life,2026-04-13,2028-04-12,2262.39,Lapsed,batch_001,2026-07-31T17:51:10
POL01974,CUST00339,Life,2024-01-12,2026-01-11,1554.67,Active,batch_001,2026-07-31T17:51:10
POL01975,CUST00766,Home,2022-03-15,2025-03-14,931.98,Lapsed,batch_001,2026-07-31T17:51:10
POL01976,CUST01014,Life,2024-11-11,2025-11-11,4348.00,Active,batch_001,2026-07-31T17:51:10
POL01977,CUST00423,Home,2025-11-12,2027-11-12,3591.01,Active,batch_001,2026-07-31T17:51:10
POL01978,CUST00610,Home,2025-05-29,2028-05-28,3218.76,Active,batch_001,2026-07-31T17:51:10
POL01979,CUST01122,Home,2026-04-03,2027-04-03,2126.16,Active,batch_001,2026-07-31T17:51:10
POL01980,CUST00818,Auto,2023-12-16,2025-12-15,284.77,Active,batch_001,2026-07-31T17:51:10
POL01981,CUST01256,Home,2022-08-03,2024-08-02,2155.03,Active,batch_001,2026-07-31T17:51:10
POL01982,CUST00252,Life,2022-09-02,2024-09-01,2245.16,Cancelled,batch_001,2026-07-31T17:51:10
POL01983,CUST01103,Health,2022-05-26,2023-05-26,1660.59,Lapsed,batch_001,2026-07-31T17:51:10
POL01984,CUST01012,Health,2024-12-04,2026-12-04,3615.61,Active,batch_001,2026-07-31T17:51:10
POL01985,CUST00214,Health,2024-10-01,2025-10-01,396.27,Active,batch_001,2026-07-31T17:51:10
POL01986,CUST00413,Life,2024-06-17,2026-06-17,2465.88,Active,batch_001,2026-07-31T17:51:10
POL01987,CUST01490,Health,2026-04-28,2028-04-27,4751.98,Lapsed,batch_001,2026-07-31T17:51:10
POL01988,CUST00056,Home,2024-09-07,2025-09-07,665.06,Lapsed,batch_001,2026-07-31T17:51:10
POL01989,CUST01481,Health,2022-10-21,2024-10-20,3758.20,Active,batch_001,2026-07-31T17:51:10
POL01990,CUST01574,Auto,2023-04-09,2026-04-08,1524.55,Active,batch_001,2026-07-31T17:51:10
POL01991,CUST00493,Auto,2025-11-27,2026-11-27,3221.88,Cancelled,batch_001,2026-07-31T17:51:10
POL01992,CUST00791,Life,2024-12-28,2027-12-28,4123.56,Active,batch_001,2026-07-31T17:51:10
POL01993,CUST01405,Health,2025-10-30,2026-10-30,4720.73,Cancelled,batch_001,2026-07-31T17:51:10
POL01994,CUST00828,Home,2021-12-02,2023-12-02,4950.29,Active,batch_001,2026-07-31T17:51:10
POL01995,CUST01035,Health,2021-12-17,2022-12-17,1120.19,Lapsed,batch_001,2026-07-31T17:51:10
POL01996,CUST00481,Life,2021-11-27,2023-11-27,3223.35,Active,batch_001,2026-07-31T17:51:10
POL01997,CUST00090,Home,2022-09-28,2024-09-27,2211.22,Cancelled,batch_001,2026-07-31T17:51:10
POL01998,CUST00529,Health,2024-05-29,2026-05-29,3544.19,Active,batch_001,2026-07-31T17:51:10
POL01999,CUST00780,Life,2025-08-09,2028-08-08,491.81,Lapsed,batch_001,2026-07-31T17:51:10
POL02000,CUST00308,Home,2025-12-29,2028-12-28,2755.86,Lapsed,batch_001,2026-07-31T17:51:10
POL02001,CUST01599,Life,2025-06-18,2028-06-17,2043.92,Cancelled,batch_001,2026-07-31T17:51:10
POL02002,CUST00015,Home,2022-11-04,2024-11-03,1193.24,Cancelled,batch_001,2026-07-31T17:51:10
POL02003,CUST00037,Life,2025-12-17,2026-12-17,3042.14,Cancelled,batch_001,2026-07-31T17:51:10
POL02004,CUST01061,Health,2022-10-07,2025-10-06,3658.78,Active,batch_001,2026-07-31T17:51:10
POL02005,CUST00488,Home,2024-05-13,2026-05-13,3599.62,Active,batch_001,2026-07-31T17:51:10
POL02006,CUST01196,Auto,2024-04-14,2025-04-14,2761.12,Cancelled,batch_001,2026-07-31T17:51:10
POL02007,CUST01138,Home,2022-12-16,2023-12-16,4721.82,Lapsed,batch_001,2026-07-31T17:51:10
POL02008,CUST01020,Home,2024-12-01,2025-12-01,3283.58,Cancelled,batch_001,2026-07-31T17:51:10
POL02009,CUST01424,Health,2024-02-14,2025-02-13,206.72,Lapsed,batch_001,2026-07-31T17:51:10
POL02010,CUST01082,Home,2024-06-09,2025-06-09,4742.85,Lapsed,batch_001,2026-07-31T17:51:10
POL02011,CUST00235,Auto,2025-11-22,2028-11-21,1615.50,Lapsed,batch_001,2026-07-31T17:51:10
POL02012,CUST01146,Home,2025-11-29,2026-11-29,3706.29,Lapsed,batch_001,2026-07-31T17:51:10
POL02013,CUST00436,Life,2026-02-07,2027-02-07,2779.47,Cancelled,batch_001,2026-07-31T17:51:10
POL02014,CUST00845,Life,2025-09-28,2027-09-28,4376.12,Active,batch_001,2026-07-31T17:51:10
POL02015,CUST01620,Home,2026-05-13,2028-05-12,1490.21,Lapsed,batch_001,2026-07-31T17:51:10
POL02016,CUST01778,Health,2024-02-16,2025-02-15,3703.10,Active,batch_001,2026-07-31T17:51:10
POL02017,CUST00744,Life,2025-08-13,2027-08-13,649.72,Active,batch_001,2026-07-31T17:51:10
POL02018,CUST02010,Home,2021-09-19,2022-09-19,1106.53,Cancelled,batch_001,2026-07-31T17:51:10
POL02019,CUST00668,Home,2024-09-16,2026-09-16,301.03,Lapsed,batch_001,2026-07-31T17:51:10
POL02020,CUST00285,Home,2024-05-24,2027-05-24,3117.55,Active,batch_001,2026-07-31T17:51:10
POL02021,CUST01649,Auto,2022-07-05,2024-07-04,1377.22,Cancelled,batch_001,2026-07-31T17:51:10
POL02022,CUST00049,Auto,2025-02-13,2028-02-13,859.00,Lapsed,batch_001,2026-07-31T17:51:10
POL02023,CUST00056,Auto,2026-07-17,2028-07-16,299.44,Active,batch_001,2026-07-31T17:51:10
POL02024,CUST01097,Home,2024-03-11,2025-03-11,3896.56,Cancelled,batch_001,2026-07-31T17:51:10
POL02025,CUST00039,Auto,2021-10-20,2024-10-19,264.79,Cancelled,batch_001,2026-07-31T17:51:10
POL02026,CUST00349,Home,2025-08-12,2028-08-11,4127.63,Active,batch_001,2026-07-31T17:51:10
POL02027,CUST01820,Home,2023-11-01,2025-10-31,3846.42,Lapsed,batch_001,2026-07-31T17:51:10
POL02028,CUST00999,Auto,2026-07-01,2028-06-30,2498.76,Cancelled,batch_001,2026-07-31T17:51:10
POL02029,CUST00505,Auto,2026-06-28,2029-06-27,1483.79,Active,batch_001,2026-07-31T17:51:10
POL02030,CUST00421,Life,2023-07-06,2024-07-05,2814.28,Active,batch_001,2026-07-31T17:51:10
POL02031,CUST00099,Home,2022-01-05,2023-01-05,4578.40,Lapsed,batch_001,2026-07-31T17:51:10
POL02032,CUST01175,Home,2026-07-16,2028-07-15,907.41,Cancelled,batch_001,2026-07-31T17:51:10
POL02033,CUST00461,Life,2025-08-30,2027-08-30,3496.48,Active,batch_001,2026-07-31T17:51:10
POL02034,CUST01155,Health,2023-01-10,2024-01-10,1277.71,Active,batch_001,2026-07-31T17:51:10
POL02035,CUST01477,Auto,2026-01-13,2029-01-12,1801.88,Active,batch_001,2026-07-31T17:51:10
POL02036,CUST01756,Health,2024-10-23,2027-10-23,925.29,Cancelled,batch_001,2026-07-31T17:51:10
POL02037,CUST00616,Health,2022-11-01,2023-11-01,3461.28,Cancelled,batch_001,2026-07-31T17:51:10
POL02038,CUST00426,Health,2023-08-21,2025-08-20,1872.25,Lapsed,batch_001,2026-07-31T17:51:10
POL02039,CUST01088,Auto,2021-11-05,2024-11-04,1971.74,Active,batch_001,2026-07-31T17:51:10
POL02040,CUST00601,Health,2026-06-12,2027-06-12,3933.36,Active,batch_001,2026-07-31T17:51:10
POL02041,CUST01960,Auto,2022-07-06,2024-07-05,2344.14,Active,batch_001,2026-07-31T17:51:10
POL02042,CUST01141,Home,2023-03-14,2026-03-13,2251.78,Active,batch_001,2026-07-31T17:51:10
POL02043,CUST00745,Life,2021-09-26,2023-09-26,4974.90,Lapsed,batch_001,2026-07-31T17:51:10
POL02044,CUST01972,Life,2025-04-30,2027-04-30,2572.19,Cancelled,batch_001,2026-07-31T17:51:10
POL02045,CUST01008,Life,2024-03-30,2027-03-30,1800.63,Lapsed,batch_001,2026-07-31T17:51:10
POL02046,CUST02018,Home,2025-02-20,2028-02-20,2586.09,Lapsed,batch_001,2026-07-31T17:51:10
POL02047,CUST01728,Home,2022-11-12,2023-11-12,2988.63,Cancelled,batch_001,2026-07-31T17:51:10
POL02048,CUST00012,Home,2025-02-02,2026-02-02,1328.93,Active,batch_001,2026-07-31T17:51:10
POL02049,CUST00548,Auto,2023-04-24,2025-04-23,2880.20,Active,batch_001,2026-07-31T17:51:10
POL02050,CUST00571,Health,2025-01-24,2027-01-24,1932.12,Lapsed,batch_001,2026-07-31T17:51:10
POL02051,CUST01725,Home,2025-11-05,2026-11-05,4209.21,Active,batch_001,2026-07-31T17:51:10
POL02052,CUST00565,Auto,2025-08-03,2026-08-03,468.16,Cancelled,batch_001,2026-07-31T17:51:10
POL02053,CUST00108,Life,2022-02-08,2025-02-07,886.77,Lapsed,batch_001,2026-07-31T17:51:10
POL02054,CUST00303,Life,2022-10-02,2023-10-02,3566.73,Cancelled,batch_001,2026-07-31T17:51:10
POL02055,CUST01497,Home,2025-12-27,2026-12-27,344.89,Active,batch_001,2026-07-31T17:51:10
POL02056,CUST01706,Home,2023-05-05,2024-05-04,569.91,Active,batch_001,2026-07-31T17:51:10
POL02057,CUST01227,Life,2026-05-07,2028-05-06,3769.08,Lapsed,batch_001,2026-07-31T17:51:10
POL02058,CUST00055,Health,2024-05-04,2027-05-04,1819.22,Active,batch_001,2026-07-31T17:51:10
POL02059,CUST00132,Home,2025-08-24,2026-08-24,488.00,Cancelled,batch_001,2026-07-31T17:51:10
POL02060,CUST01736,Life,2026-01-17,2027-01-17,252.16,Cancelled,batch_001,2026-07-31T17:51:10
POL02061,CUST01254,Home,2024-10-12,2027-10-12,4181.69,Lapsed,batch_001,2026-07-31T17:51:10
POL02062,CUST00377,Life,2024-03-30,2025-03-30,1504.77,Active,batch_001,2026-07-31T17:51:10
POL02063,CUST00230,Home,2023-01-19,2026-01-18,1216.95,Lapsed,batch_001,2026-07-31T17:51:10
POL02064,CUST00317,Life,2025-06-27,2026-06-27,4148.02,Lapsed,batch_001,2026-07-31T17:51:10
POL02065,CUST01660,Life,2026-02-10,2028-02-10,3332.96,Active,batch_001,2026-07-31T17:51:10
POL02066,CUST01738,Home,2024-06-27,2025-06-27,4056.03,Lapsed,batch_001,2026-07-31T17:51:10
POL02067,CUST01486,Health,2026-03-23,2027-03-23,701.12,Active,batch_001,2026-07-31T17:51:10
POL02068,CUST00437,Auto,2024-08-03,2025-08-03,1554.59,Active,batch_001,2026-07-31T17:51:10
POL02069,CUST01267,Home,2023-10-29,2026-10-28,252.69,Cancelled,batch_001,2026-07-31T17:51:10
POL02070,CUST00133,Home,2025-09-11,2026-09-11,3264.27,Lapsed,batch_001,2026-07-31T17:51:10
POL02071,CUST00184,Life,2023-03-19,2024-03-18,4887.98,Active,batch_001,2026-07-31T17:51:10
POL02072,CUST01265,Auto,2023-09-03,2024-09-02,1709.99,Lapsed,batch_001,2026-07-31T17:51:10
POL02073,CUST02049,Home,2023-12-13,2025-12-12,4801.95,Lapsed,batch_001,2026-07-31T17:51:10
POL02074,CUST00531,Auto,2026-04-28,2028-04-27,3683.30,Lapsed,batch_001,2026-07-31T17:51:10
POL02075,CUST00414,Home,2024-02-12,2026-02-11,4503.25,Active,batch_001,2026-07-31T17:51:10
POL02076,CUST01954,Auto,2023-06-28,2026-06-27,4021.13,Lapsed,batch_001,2026-07-31T17:51:10
POL02077,CUST01897,Auto,2024-02-09,2025-02-08,927.38,Cancelled,batch_001,2026-07-31T17:51:10
POL02078,CUST00949,Home,2024-01-13,2025-01-12,4773.53,Cancelled,batch_001,2026-07-31T17:51:10
POL02079,CUST00660,Health,2023-05-04,2026-05-03,876.14,Lapsed,batch_001,2026-07-31T17:51:10
POL02080,CUST01476,Life,2025-09-26,2026-09-26,1827.30,Active,batch_001,2026-07-31T17:51:10
POL02081,CUST01588,Home,2024-04-10,2027-04-10,3916.04,Active,batch_001,2026-07-31T17:51:10
POL02082,CUST00625,Life,2025-08-28,2028-08-27,3113.01,Active,batch_001,2026-07-31T17:51:10
POL02083,CUST01268,Auto,2024-07-17,2025-07-17,884.59,Lapsed,batch_001,2026-07-31T17:51:10
POL02084,CUST00696,Health,2026-05-06,2027-05-06,2383.08,Active,batch_001,2026-07-31T17:51:10
POL02085,CUST01489,Health,2023-11-26,2024-11-25,1544.56,Active,batch_001,2026-07-31T17:51:10
POL02086,CUST01888,Health,2024-01-10,2025-01-09,1060.09,Lapsed,batch_001,2026-07-31T17:51:10
POL02087,CUST01811,Home,2022-08-12,2024-08-11,3863.10,Active,batch_001,2026-07-31T17:51:10
POL02088,CUST01489,Health,2026-06-15,2029-06-14,2543.64,Lapsed,batch_001,2026-07-31T17:51:10
POL02089,CUST00529,Life,2026-03-13,2028-03-12,4313.60,Lapsed,batch_001,2026-07-31T17:51:10
POL02090,CUST01285,Health,2024-10-21,2027-10-21,4255.21,Active,batch_001,2026-07-31T17:51:10
POL02091,CUST01844,Health,2024-12-06,2027-12-06,2183.33,Cancelled,batch_001,2026-07-31T17:51:10
POL02092,CUST00234,Home,2024-07-06,2025-07-06,3178.95,Cancelled,batch_001,2026-07-31T17:51:10
POL02093,CUST00432,Health,2022-10-28,2025-10-27,238.13,Lapsed,batch_001,2026-07-31T17:51:10
POL02094,CUST00299,Home,2024-01-18,2025-01-17,2936.64,Lapsed,batch_001,2026-07-31T17:51:10
POL02095,CUST01430,Life,2021-12-07,2023-12-07,3411.92,Lapsed,batch_001,2026-07-31T17:51:10
POL02096,CUST01905,Auto,2024-01-09,2027-01-08,2768.56,Active,batch_001,2026-07-31T17:51:10
POL02097,CUST01626,Life,2022-04-01,2023-04-01,3712.53,Active,batch_001,2026-07-31T17:51:10
POL02098,CUST01300,Health,2024-07-10,2026-07-10,1777.86,Cancelled,batch_001,2026-07-31T17:51:10
POL02099,CUST01951,Auto,2025-05-04,2027-05-04,1220.65,Lapsed,batch_001,2026-07-31T17:51:10
POL02100,CUST00638,Life,2023-10-04,2025-10-03,383.76,Active,batch_001,2026-07-31T17:51:10
POL02101,CUST00129,Life,2025-08-26,2028-08-25,1224.66,Active,batch_001,2026-07-31T17:51:10
POL02102,CUST01940,Home,2023-05-25,2025-05-24,3989.88,Active,batch_001,2026-07-31T17:51:10
POL02103,CUST01733,Health,2023-04-18,2024-04-17,4366.50,Lapsed,batch_001,2026-07-31T17:51:10
POL02104,CUST00581,Auto,2026-02-27,2029-02-26,1045.31,Lapsed,batch_001,2026-07-31T17:51:10
POL02105,CUST01850,Life,2023-11-19,2025-11-18,592.20,Cancelled,batch_001,2026-07-31T17:51:10
POL02106,CUST01063,Home,2026-05-11,2027-05-11,3414.29,Active,batch_001,2026-07-31T17:51:10
POL02107,CUST01756,Health,2023-11-20,2024-11-19,4495.79,Lapsed,batch_001,2026-07-31T17:51:10
POL02108,CUST01717,Life,2022-09-29,2023-09-29,1153.31,Lapsed,batch_001,2026-07-31T17:51:10
POL02109,CUST00659,Life,2022-07-04,2025-07-03,3506.39,Lapsed,batch_001,2026-07-31T17:51:10
POL02110,CUST00041,Home,2026-07-27,2029-07-26,2937.52,Active,batch_001,2026-07-31T17:51:10
POL02111,CUST00593,Health,2023-08-12,2026-08-11,3406.22,Cancelled,batch_001,2026-07-31T17:51:10
POL02112,CUST01297,Auto,2023-08-22,2026-08-21,3765.61,Active,batch_001,2026-07-31T17:51:10
POL02113,CUST02046,Health,2022-01-03,2024-01-03,4682.33,Active,batch_001,2026-07-31T17:51:10
POL02114,CUST00016,Life,2026-02-03,2029-02-02,2150.66,Active,batch_001,2026-07-31T17:51:10
POL02115,CUST00400,Auto,2023-07-01,2026-06-30,2356.78,Active,batch_001,2026-07-31T17:51:10
POL02116,CUST01722,Home,2023-07-23,2026-07-22,4899.35,Cancelled,batch_001,2026-07-31T17:51:10
POL02117,CUST00860,Home,2022-01-09,2024-01-09,1237.46,Cancelled,batch_001,2026-07-31T17:51:10
POL02118,CUST01517,Health,2022-06-06,2025-06-05,4784.50,Active,batch_001,2026-07-31T17:51:10
POL02119,CUST00511,Life,2025-02-03,2027-02-03,4503.94,Cancelled,batch_001,2026-07-31T17:51:10
POL02120,CUST01441,Health,2024-05-21,2026-05-21,2187.46,Cancelled,batch_001,2026-07-31T17:51:10
POL02121,CUST01376,Auto,2025-08-05,2027-08-05,2711.22,Active,batch_001,2026-07-31T17:51:10
POL02122,CUST00725,Home,2022-06-07,2024-06-06,2256.24,Cancelled,batch_001,2026-07-31T17:51:10
POL02123,CUST01792,Health,2022-09-30,2024-09-29,2031.50,Cancelled,batch_001,2026-07-31T17:51:10
POL02124,CUST00407,Auto,2021-08-15,2024-08-14,4701.93,Active,batch_001,2026-07-31T17:51:10
POL02125,CUST01685,Auto,2026-04-04,2027-04-04,3318.20,Lapsed,batch_001,2026-07-31T17:51:10
POL02126,CUST00409,Life,2022-12-02,2025-12-01,3808.29,Cancelled,batch_001,2026-07-31T17:51:10
POL02127,CUST01188,Life,2025-01-14,2028-01-14,4068.18,Active,batch_001,2026-07-31T17:51:10
POL02128,CUST01561,Auto,2025-08-15,2026-08-15,3929.03,Active,batch_001,2026-07-31T17:51:10
POL02129,CUST01437,Life,2025-08-21,2027-08-21,4762.65,Lapsed,batch_001,2026-07-31T17:51:10
POL02130,CUST01622,Auto,2023-04-10,2026-04-09,3578.41,Lapsed,batch_001,2026-07-31T17:51:10
POL02131,CUST01097,Health,2024-01-08,2025-01-07,2636.29,Lapsed,batch_001,2026-07-31T17:51:10
POL02132,CUST00018,Life,2024-04-22,2026-04-22,3431.84,Active,batch_001,2026-07-31T17:51:10
POL02133,CUST01534,Health,2024-01-02,2025-01-01,325.98,Lapsed,batch_001,2026-07-31T17:51:10
POL02134,CUST01762,Home,2022-01-29,2023-01-29,4803.97,Cancelled,batch_001,2026-07-31T17:51:10
POL02135,CUST01612,Auto,2022-05-03,2024-05-02,1124.77,Cancelled,batch_001,2026-07-31T17:51:10
POL02136,CUST01600,Home,2026-06-17,2028-06-16,818.58,Lapsed,batch_001,2026-07-31T17:51:10
POL02137,CUST01792,Home,2023-07-21,2025-07-20,2682.93,Active,batch_001,2026-07-31T17:51:10
POL02138,CUST00485,Life,2026-02-16,2029-02-15,4045.63,Cancelled,batch_001,2026-07-31T17:51:10
POL02139,CUST00652,Health,2021-11-22,2023-11-22,4219.22,Active,batch_001,2026-07-31T17:51:10
POL02140,CUST01792,Auto,2023-01-24,2024-01-24,647.67,Cancelled,batch_001,2026-07-31T17:51:10
POL02141,CUST00323,Life,2025-02-17,2028-02-17,934.63,Active,batch_001,2026-07-31T17:51:10
POL02142,CUST01859,Health,2023-01-27,2026-01-26,3724.01,Active,batch_001,2026-07-31T17:51:10
POL02143,CUST00909,Health,2021-11-19,2022-11-19,3332.11,Active,batch_001,2026-07-31T17:51:10
POL02144,CUST01549,Health,2024-12-14,2027-12-14,4234.19,Cancelled,batch_001,2026-07-31T17:51:10
POL02145,CUST00589,Auto,2025-10-16,2026-10-16,1519.83,Cancelled,batch_001,2026-07-31T17:51:10
POL02146,CUST00455,Life,2023-02-28,2026-02-27,4361.31,Cancelled,batch_001,2026-07-31T17:51:10
POL02147,CUST01157,Health,2024-01-15,2025-01-14,713.97,Active,batch_001,2026-07-31T17:51:10
POL02148,CUST01481,Home,2021-11-23,2022-11-23,571.43,Lapsed,batch_001,2026-07-31T17:51:10
POL02149,CUST00090,Life,2021-08-27,2022-08-27,2556.98,Active,batch_001,2026-07-31T17:51:10
POL02150,CUST00313,Home,2024-02-12,2026-02-11,4804.24,Cancelled,batch_001,2026-07-31T17:51:10
POL02151,CUST01285,Life,2026-05-29,2028-05-28,2001.22,Active,batch_001,2026-07-31T17:51:10
POL02152,CUST00732,Auto,2022-06-28,2023-06-28,1634.02,Active,batch_001,2026-07-31T17:51:10
POL02153,CUST01983,Auto,2024-06-04,2026-06-04,4969.95,Active,batch_001,2026-07-31T17:51:10
POL02154,CUST00499,Home,2023-12-31,2026-12-30,3760.14,Cancelled,batch_001,2026-07-31T17:51:10
POL02155,CUST00625,Home,2025-06-10,2026-06-10,2772.58,Lapsed,batch_001,2026-07-31T17:51:10
POL02156,CUST00121,Health,2026-03-13,2027-03-13,4513.15,Active,batch_001,2026-07-31T17:51:10
POL02157,CUST00519,Health,2026-01-14,2027-01-14,600.53,Lapsed,batch_001,2026-07-31T17:51:10
POL02158,CUST00377,Health,2025-10-11,2027-10-11,1156.34,Cancelled,batch_001,2026-07-31T17:51:10
POL02159,CUST01914,Life,2022-09-19,2025-09-18,3329.24,Lapsed,batch_001,2026-07-31T17:51:10
POL02160,CUST00791,Health,2025-11-12,2028-11-11,4742.46,Active,batch_001,2026-07-31T17:51:10
POL02161,CUST01152,Life,2025-07-23,2026-07-23,3497.88,Active,batch_001,2026-07-31T17:51:10
POL02162,CUST01277,Home,2023-11-24,2026-11-23,4007.14,Active,batch_001,2026-07-31T17:51:10
POL02163,CUST01828,Life,2023-03-21,2026-03-20,2541.59,Cancelled,batch_001,2026-07-31T17:51:10
POL02164,CUST01306,Auto,2022-07-14,2025-07-13,1504.03,Cancelled,batch_001,2026-07-31T17:51:10
POL02165,CUST01446,Health,2024-05-22,2026-05-22,2260.70,Cancelled,batch_001,2026-07-31T17:51:10
POL02166,CUST00139,Health,2022-12-16,2023-12-16,2357.14,Cancelled,batch_001,2026-07-31T17:51:10
POL02167,CUST01443,Life,2025-06-24,2027-06-24,1608.67,Active,batch_001,2026-07-31T17:51:10
POL02168,CUST01322,Life,2023-10-07,2024-10-06,1063.54,Active,batch_001,2026-07-31T17:51:10
POL02169,CUST00882,Health,2023-02-28,2025-02-27,1377.53,Lapsed,batch_001,2026-07-31T17:51:10
POL02170,CUST00501,Auto,2021-09-11,2022-09-11,3941.67,Lapsed,batch_001,2026-07-31T17:51:10
POL02171,CUST01348,Home,2024-06-11,2027-06-11,252.32,Lapsed,batch_001,2026-07-31T17:51:10
POL02172,CUST00953,Auto,2024-02-01,2027-01-31,4017.15,Lapsed,batch_001,2026-07-31T17:51:10
POL02173,CUST00891,Auto,2026-05-29,2028-05-28,3088.65,Cancelled,batch_001,2026-07-31T17:51:10
POL02174,CUST00307,Life,2023-03-22,2025-03-21,3638.07,Cancelled,batch_001,2026-07-31T17:51:10
POL02175,CUST01312,Home,2023-01-26,2025-01-25,1725.36,Active,batch_001,2026-07-31T17:51:10
POL02176,CUST02043,Auto,2025-01-09,2026-01-09,4053.08,Lapsed,batch_001,2026-07-31T17:51:10
POL02177,CUST01855,Home,2025-03-19,2027-03-19,772.44,Cancelled,batch_001,2026-07-31T17:51:10
POL02178,CUST00969,Auto,2025-12-16,2027-12-16,3037.62,Lapsed,batch_001,2026-07-31T17:51:10
POL02179,CUST00020,Life,2024-05-13,2025-05-13,3289.60,Lapsed,batch_001,2026-07-31T17:51:10
POL02180,CUST01650,Auto,2022-04-25,2023-04-25,4239.89,Cancelled,batch_001,2026-07-31T17:51:10
POL02181,CUST00067,Auto,2024-12-26,2027-12-26,387.78,Lapsed,batch_001,2026-07-31T17:51:10
POL02182,CUST01701,Health,2022-05-22,2023-05-22,4183.28,Lapsed,batch_001,2026-07-31T17:51:10
POL02183,CUST01640,Auto,2023-02-24,2025-02-23,3817.72,Cancelled,batch_001,2026-07-31T17:51:10
POL02184,CUST00193,Life,2022-10-09,2024-10-08,2570.33,Lapsed,batch_001,2026-07-31T17:51:10
POL02185,CUST02021,Auto,2025-08-21,2028-08-20,4923.04,Lapsed,batch_001,2026-07-31T17:51:10
POL02186,CUST00918,Auto,2024-04-30,2027-04-30,693.17,Active,batch_001,2026-07-31T17:51:10
POL02187,CUST01323,Life,2023-09-08,2024-09-07,704.65,Active,batch_001,2026-07-31T17:51:10
POL02188,CUST01511,Auto,2021-08-20,2022-08-20,622.48,Cancelled,batch_001,2026-07-31T17:51:10
POL02189,CUST00177,Auto,2023-10-18,2024-10-17,1446.50,Active,batch_001,2026-07-31T17:51:10
POL02190,CUST01349,Life,2024-11-02,2026-11-02,560.20,Lapsed,batch_001,2026-07-31T17:51:10
POL02191,CUST00565,Life,2023-07-31,2026-07-30,1017.63,Active,batch_001,2026-07-31T17:51:10
POL02192,CUST00607,Life,2025-05-17,2026-05-17,1732.80,Cancelled,batch_001,2026-07-31T17:51:10
POL02193,CUST00986,Life,2023-11-06,2025-11-05,3407.53,Cancelled,batch_001,2026-07-31T17:51:10
POL02194,CUST01319,Life,2024-05-19,2026-05-19,4886.48,Active,batch_001,2026-07-31T17:51:10
POL02195,CUST01214,Auto,2024-02-23,2025-02-22,1466.30,Lapsed,batch_001,2026-07-31T17:51:10
POL02196,CUST00993,Home,2026-07-13,2029-07-12,4210.60,Cancelled,batch_001,2026-07-31T17:51:10
POL02197,CUST02026,Auto,2026-06-13,2027-06-13,560.69,Active,batch_001,2026-07-31T17:51:10
POL02198,CUST01918,Life,2021-09-03,2022-09-03,3418.39,Active,batch_001,2026-07-31T17:51:10
POL02199,CUST00855,Health,2023-10-20,2025-10-19,701.77,Lapsed,batch_001,2026-07-31T17:51:10
POL02200,CUST00631,Auto,2024-08-20,2027-08-20,2379.31,Active,batch_001,2026-07-31T17:51:10
POL02201,CUST01580,Life,2023-08-03,2024-08-02,4600.15,Cancelled,batch_001,2026-07-31T17:51:10
POL02202,CUST01640,Home,2022-02-08,2025-02-07,1174.50,Active,batch_001,2026-07-31T17:51:10
POL02203,CUST01259,Auto,2022-08-01,2024-07-31,2230.85,Active,batch_001,2026-07-31T17:51:10
POL02204,CUST00452,Home,2025-07-14,2027-07-14,4405.74,Active,batch_001,2026-07-31T17:51:10
POL02205,CUST00118,Life,2024-03-09,2026-03-09,1097.74,Cancelled,batch_001,2026-07-31T17:51:10
POL02206,CUST01088,Auto,2022-12-08,2025-12-07,2372.68,Cancelled,batch_001,2026-07-31T17:51:10
POL02207,CUST00869,Home,2025-01-09,2026-01-09,1901.25,Lapsed,batch_001,2026-07-31T17:51:10
POL02208,CUST01367,Auto,2025-11-07,2028-11-06,2268.07,Lapsed,batch_001,2026-07-31T17:51:10
POL02209,CUST00202,Life,2024-03-22,2026-03-22,1974.95,Cancelled,batch_001,2026-07-31T17:51:10
POL02210,CUST00776,Life,2022-07-29,2024-07-28,1130.87,Active,batch_001,2026-07-31T17:51:10
POL02211,CUST02022,Life,2024-02-01,2027-01-31,1524.44,Active,batch_001,2026-07-31T17:51:10
POL02212,CUST01020,Auto,2024-09-13,2027-09-13,439.38,Active,batch_001,2026-07-31T17:51:10
POL02213,CUST00147,Health,2023-06-16,2024-06-15,455.06,Active,batch_001,2026-07-31T17:51:10
POL02214,CUST01129,Home,2023-06-10,2024-06-09,2754.23,Cancelled,batch_001,2026-07-31T17:51:10
POL02215,CUST01606,Life,2022-09-17,2025-09-16,3635.95,Active,batch_001,2026-07-31T17:51:10
POL02216,CUST01099,Life,2025-08-23,2026-08-23,3722.84,Active,batch_001,2026-07-31T17:51:10
POL02217,CUST01424,Health,2022-11-17,2023-11-17,3971.49,Cancelled,batch_001,2026-07-31T17:51:10
POL02218,CUST00013,Auto,2025-06-12,2028-06-11,1582.30,Active,batch_001,2026-07-31T17:51:10
POL02219,CUST01953,Health,2024-10-02,2027-10-02,4557.36,Cancelled,batch_001,2026-07-31T17:51:10
POL02220,CUST00285,Home,2025-02-10,2026-02-10,1017.12,Active,batch_001,2026-07-31T17:51:10
POL02221,CUST00581,Auto,2026-04-01,2028-03-31,4519.37,Cancelled,batch_001,2026-07-31T17:51:10
POL02222,CUST00086,Home,2025-07-31,2027-07-31,2254.03,Lapsed,batch_001,2026-07-31T17:51:10
POL02223,CUST00040,Health,2026-02-24,2027-02-24,1019.48,Lapsed,batch_001,2026-07-31T17:51:10
POL02224,CUST01014,Life,2023-06-08,2026-06-07,204.83,Active,batch_001,2026-07-31T17:51:10
POL02225,CUST01191,Home,2023-09-06,2024-09-05,4130.85,Cancelled,batch_001,2026-07-31T17:51:10
POL02226,CUST00601,Auto,2022-04-10,2025-04-09,1003.06,Active,batch_001,2026-07-31T17:51:10
POL02227,CUST01375,Life,2026-01-17,2028-01-17,4058.68,Lapsed,batch_001,2026-07-31T17:51:10
POL02228,CUST01055,Life,2025-05-17,2028-05-16,1883.75,Lapsed,batch_001,2026-07-31T17:51:10
POL02229,CUST01445,Health,2026-01-25,2028-01-25,2402.00,Cancelled,batch_001,2026-07-31T17:51:10
POL02230,CUST01984,Auto,2024-08-27,2026-08-27,4478.59,Lapsed,batch_001,2026-07-31T17:51:10
POL02231,CUST00085,Home,2022-03-29,2025-03-28,2692.68,Lapsed,batch_001,2026-07-31T17:51:10
POL02232,CUST00581,Health,2026-05-17,2027-05-17,3364.96,Lapsed,batch_001,2026-07-31T17:51:10
POL02233,CUST01765,Health,2022-07-13,2023-07-13,1372.97,Active,batch_001,2026-07-31T17:51:10
POL02234,CUST01548,Auto,2022-02-06,2025-02-05,628.52,Lapsed,batch_001,2026-07-31T17:51:10
POL02235,CUST01841,Home,2026-03-27,2029-03-26,3458.25,Lapsed,batch_001,2026-07-31T17:51:10
POL02236,CUST01357,Life,2025-11-16,2028-11-15,1874.46,Cancelled,batch_001,2026-07-31T17:51:10
POL02237,CUST01132,Health,2023-04-19,2025-04-18,4737.28,Active,batch_001,2026-07-31T17:51:10
POL02238,CUST01407,Auto,2026-06-13,2027-06-13,2981.68,Lapsed,batch_001,2026-07-31T17:51:10
POL02239,CUST01422,Health,2026-02-21,2028-02-21,2919.98,Active,batch_001,2026-07-31T17:51:10
POL02240,CUST00603,Life,2022-11-07,2023-11-07,2594.85,Cancelled,batch_001,2026-07-31T17:51:10
POL02241,CUST01187,Home,2022-12-23,2023-12-23,2711.29,Lapsed,batch_001,2026-07-31T17:51:10
POL02242,CUST01208,Auto,2024-05-14,2026-05-14,1583.65,Lapsed,batch_001,2026-07-31T17:51:10
POL02243,CUST00506,Auto,2026-01-01,2027-01-01,1243.16,Lapsed,batch_001,2026-07-31T17:51:10
POL02244,CUST01443,Auto,2025-05-02,2027-05-02,224.43,Active,batch_001,2026-07-31T17:51:10
POL02245,CUST01161,Home,2022-07-26,2024-07-25,861.05,Active,batch_001,2026-07-31T17:51:10
POL02246,CUST00806,Life,2023-04-29,2026-04-28,1499.21,Cancelled,batch_001,2026-07-31T17:51:10
POL02247,CUST00132,Life,2026-07-15,2027-07-15,1595.85,Lapsed,batch_001,2026-07-31T17:51:10
POL02248,CUST01583,Life,2025-09-25,2026-09-25,4096.20,Lapsed,batch_001,2026-07-31T17:51:10
POL02249,CUST01238,Health,2022-05-08,2023-05-08,4486.56,Active,batch_001,2026-07-31T17:51:10
POL02250,CUST01321,Home,2025-12-01,2028-11-30,2291.92,Cancelled,batch_001,2026-07-31T17:51:10
POL02251,CUST01706,Home,2025-05-14,2026-05-14,1400.10,Lapsed,batch_001,2026-07-31T17:51:10
POL02252,CUST01889,Home,2022-01-18,2024-01-18,610.87,Lapsed,batch_001,2026-07-31T17:51:10
POL02253,CUST01811,Health,2025-06-07,2027-06-07,661.00,Cancelled,batch_001,2026-07-31T17:51:10
POL02254,CUST01919,Health,2022-09-12,2025-09-11,3620.47,Lapsed,batch_001,2026-07-31T17:51:10
POL02255,CUST01681,Life,2025-12-10,2027-12-10,2218.43,Active,batch_001,2026-07-31T17:51:10
POL02256,CUST01725,Auto,2025-02-09,2028-02-09,326.83,Active,batch_001,2026-07-31T17:51:10
POL02257,CUST00994,Health,2025-06-18,2028-06-17,4552.87,Active,batch_001,2026-07-31T17:51:10
POL02258,CUST01202,Auto,2026-05-17,2029-05-16,2807.69,Lapsed,batch_001,2026-07-31T17:51:10
POL02259,CUST00025,Life,2022-01-25,2023-01-25,2134.12,Cancelled,batch_001,2026-07-31T17:51:10
POL02260,CUST00347,Auto,2026-05-01,2028-04-30,4228.15,Lapsed,batch_001,2026-07-31T17:51:10
POL02261,CUST00399,Health,2025-07-05,2028-07-04,713.83,Cancelled,batch_001,2026-07-31T17:51:10
POL02262,CUST00250,Auto,2024-03-13,2026-03-13,3514.85,Cancelled,batch_001,2026-07-31T17:51:10
POL02263,CUST00218,Home,2021-10-05,2024-10-04,3437.18,Cancelled,batch_001,2026-07-31T17:51:10
POL02264,CUST02029,Home,2024-12-11,2025-12-11,2897.84,Active,batch_001,2026-07-31T17:51:10
POL02265,CUST00634,Health,2023-09-28,2026-09-27,3270.41,Cancelled,batch_001,2026-07-31T17:51:10
POL02266,CUST00027,Life,2021-08-08,2023-08-08,3651.88,Cancelled,batch_001,2026-07-31T17:51:10
POL02267,CUST00276,Auto,2023-06-06,2026-06-05,1163.36,Active,batch_001,2026-07-31T17:51:10
POL02268,CUST00397,Home,2026-06-30,2029-06-29,4423.52,Active,batch_001,2026-07-31T17:51:10
POL02269,CUST01818,Life,2022-03-13,2023-03-13,2473.96,Active,batch_001,2026-07-31T17:51:10
POL02270,CUST01982,Home,2021-12-17,2022-12-17,1639.63,Active,batch_001,2026-07-31T17:51:10
POL02271,CUST01799,Auto,2025-03-07,2028-03-06,1449.30,Lapsed,batch_001,2026-07-31T17:51:10
POL02272,CUST00757,Home,2024-07-04,2025-07-04,3253.75,Cancelled,batch_001,2026-07-31T17:51:10
POL02273,CUST00821,Life,2022-02-13,2025-02-12,1355.27,Lapsed,batch_001,2026-07-31T17:51:10
POL02274,CUST00410,Life,2026-03-07,2028-03-06,1589.36,Lapsed,batch_001,2026-07-31T17:51:10
POL02275,CUST01581,Auto,2022-02-02,2025-02-01,1520.87,Lapsed,batch_001,2026-07-31T17:51:10
POL02276,CUST00607,Auto,2022-03-01,2024-02-29,4104.77,Lapsed,batch_001,2026-07-31T17:51:10
POL02277,CUST01596,Auto,2025-08-04,2027-08-04,776.61,Cancelled,batch_001,2026-07-31T17:51:10
POL02278,CUST01821,Auto,2021-11-05,2023-11-05,363.60,Lapsed,batch_001,2026-07-31T17:51:10
POL02279,CUST01878,Health,2024-01-07,2025-01-06,2445.95,Active,batch_001,2026-07-31T17:51:10
POL02280,CUST00864,Health,2025-01-20,2026-01-20,1917.19,Cancelled,batch_001,2026-07-31T17:51:10
POL02281,CUST00258,Home,2023-02-09,2026-02-08,2075.00,Cancelled,batch_001,2026-07-31T17:51:10
POL02282,CUST01390,Life,2022-09-23,2023-09-23,1888.96,Cancelled,batch_001,2026-07-31T17:51:10
POL02283,CUST01241,Life,2025-02-25,2026-02-25,1536.03,Active,batch_001,2026-07-31T17:51:10
POL02284,CUST01933,Home,2024-10-05,2027-10-05,2521.97,Cancelled,batch_001,2026-07-31T17:51:10
POL02285,CUST01062,Home,2024-10-30,2027-10-30,4651.58,Cancelled,batch_001,2026-07-31T17:51:10
POL02286,CUST01426,Life,2025-05-23,2027-05-23,3026.49,Active,batch_001,2026-07-31T17:51:10
POL02287,CUST00652,Home,2024-10-14,2025-10-14,341.70,Active,batch_001,2026-07-31T17:51:10
POL02288,CUST01952,Health,2024-10-09,2027-10-09,709.86,Active,batch_001,2026-07-31T17:51:10
POL02289,CUST00432,Home,2022-04-05,2025-04-04,4018.90,Cancelled,batch_001,2026-07-31T17:51:10
POL02290,CUST01721,Auto,2026-03-01,2028-02-29,3827.91,Active,batch_001,2026-07-31T17:51:10
POL02291,CUST00154,Auto,2022-09-16,2025-09-15,1402.32,Lapsed,batch_001,2026-07-31T17:51:10
POL02292,CUST00121,Home,2024-07-14,2026-07-14,3111.36,Lapsed,batch_001,2026-07-31T17:51:10
POL02293,CUST01547,Home,2022-08-02,2023-08-02,3553.88,Cancelled,batch_001,2026-07-31T17:51:10
POL02294,CUST00802,Health,2023-02-04,2026-02-03,2871.05,Lapsed,batch_001,2026-07-31T17:51:10
POL02295,CUST00924,Home,2026-02-23,2028-02-23,3458.48,Cancelled,batch_001,2026-07-31T17:51:10
POL02296,CUST00788,Auto,2024-12-02,2025-12-02,2283.50,Cancelled,batch_001,2026-07-31T17:51:10
POL02297,CUST00395,Home,2026-01-28,2027-01-28,3219.76,Active,batch_001,2026-07-31T17:51:10
POL02298,CUST01473,Life,2022-08-29,2023-08-29,4487.80,Cancelled,batch_001,2026-07-31T17:51:10
POL02299,CUST01396,Home,2023-06-21,2026-06-20,4349.56,Cancelled,batch_001,2026-07-31T17:51:10
POL02300,CUST02033,Home,2021-08-09,2024-08-08,4797.17,Active,batch_001,2026-07-31T17:51:10
POL02301,CUST01443,Health,2021-10-08,2024-10-07,4172.36,Cancelled,batch_001,2026-07-31T17:51:10
POL02302,CUST00276,Life,2024-02-11,2027-02-10,4296.42,Lapsed,batch_001,2026-07-31T17:51:10
POL02303,CUST00291,Auto,2025-07-07,2028-07-06,2005.37,Active,batch_001,2026-07-31T17:51:10
POL02304,CUST00484,Life,2026-03-17,2029-03-16,1631.49,Active,batch_001,2026-07-31T17:51:10
POL02305,CUST01356,Auto,2025-03-08,2026-03-08,3087.15,Active,batch_001,2026-07-31T17:51:10
POL02306,CUST01030,Life,2026-02-06,2028-02-06,4626.91,Cancelled,batch_001,2026-07-31T17:51:10
POL02307,CUST00647,Health,2024-10-20,2026-10-20,526.17,Active,batch_001,2026-07-31T17:51:10
POL02308,CUST02049,Health,2023-07-13,2026-07-12,2961.71,Lapsed,batch_001,2026-07-31T17:51:10
POL02309,CUST00455,Life,2023-09-06,2026-09-05,471.91,Lapsed,batch_001,2026-07-31T17:51:10
POL02310,CUST01385,Life,2025-06-30,2028-06-29,343.89,Lapsed,batch_001,2026-07-31T17:51:10
POL02311,CUST00244,Home,2024-07-09,2025-07-09,1805.80,Active,batch_001,2026-07-31T17:51:10
POL02312,CUST01351,Auto,2022-11-23,2025-11-22,4120.46,Active,batch_001,2026-07-31T17:51:10
POL02313,CUST00145,Health,2023-12-03,2025-12-02,549.98,Active,batch_001,2026-07-31T17:51:10
POL02314,CUST00331,Life,2023-03-07,2025-03-06,3071.11,Active,batch_001,2026-07-31T17:51:10
POL02315,CUST00427,Auto,2022-07-15,2024-07-14,3671.98,Lapsed,batch_001,2026-07-31T17:51:10
POL02316,CUST01435,Life,2021-11-07,2024-11-06,1281.18,Lapsed,batch_001,2026-07-31T17:51:10
POL02317,CUST00933,Auto,2025-02-21,2027-02-21,3951.40,Active,batch_001,2026-07-31T17:51:10
POL02318,CUST00804,Life,2021-09-16,2022-09-16,3913.34,Cancelled,batch_001,2026-07-31T17:51:10
POL02319,CUST01975,Auto,2023-08-16,2026-08-15,3742.03,Lapsed,batch_001,2026-07-31T17:51:10
POL02320,CUST01761,Life,2023-05-01,2025-04-30,3538.11,Cancelled,batch_001,2026-07-31T17:51:10
POL02321,CUST00484,Health,2022-02-24,2023-02-24,754.80,Lapsed,batch_001,2026-07-31T17:51:10
POL02322,CUST00238,Home,2022-06-08,2023-06-08,1847.00,Active,batch_001,2026-07-31T17:51:10
POL02323,CUST00931,Life,2021-11-11,2022-11-11,3025.36,Cancelled,batch_001,2026-07-31T17:51:10
POL02324,CUST00062,Home,2025-05-17,2028-05-16,2926.63,Active,batch_001,2026-07-31T17:51:10
POL02325,CUST01797,Home,2021-12-28,2022-12-28,471.94,Lapsed,batch_001,2026-07-31T17:51:10
POL02326,CUST01001,Health,2023-08-29,2024-08-28,1707.80,Active,batch_001,2026-07-31T17:51:10
POL02327,CUST00502,Auto,2021-12-14,2024-12-13,2109.53,Active,batch_001,2026-07-31T17:51:10
POL02328,CUST00844,Life,2024-12-30,2026-12-30,4704.18,Cancelled,batch_001,2026-07-31T17:51:10
POL02329,CUST00903,Life,2025-04-23,2028-04-22,4104.44,Cancelled,batch_001,2026-07-31T17:51:10
POL02330,CUST01199,Home,2023-07-28,2025-07-27,4718.85,Cancelled,batch_001,2026-07-31T17:51:10
POL02331,CUST00428,Auto,2026-03-02,2028-03-01,1730.52,Lapsed,batch_001,2026-07-31T17:51:10
POL02332,CUST01992,Health,2023-06-05,2025-06-04,3586.41,Active,batch_001,2026-07-31T17:51:10
POL02333,CUST00945,Health,2022-01-21,2023-01-21,4577.84,Cancelled,batch_001,2026-07-31T17:51:10
POL02334,CUST01526,Home,2022-10-08,2025-10-07,1211.69,Active,batch_001,2026-07-31T17:51:10
POL02335,CUST01859,Auto,2025-11-11,2026-11-11,3552.04,Active,batch_001,2026-07-31T17:51:10
POL02336,CUST01108,Health,2024-01-14,2026-01-13,4214.36,Cancelled,batch_001,2026-07-31T17:51:10
POL02337,CUST00347,Auto,2023-07-27,2025-07-26,1641.98,Lapsed,batch_001,2026-07-31T17:51:10
POL02338,CUST00078,Life,2026-06-23,2029-06-22,2042.89,Lapsed,batch_001,2026-07-31T17:51:10
POL02339,CUST00843,Life,2024-04-15,2026-04-15,413.19,Active,batch_001,2026-07-31T17:51:10
POL02340,CUST00215,Health,2026-06-28,2029-06-27,2269.21,Active,batch_001,2026-07-31T17:51:10
POL02341,CUST00107,Health,2024-04-21,2027-04-21,3862.38,Lapsed,batch_001,2026-07-31T17:51:10
POL02342,CUST00113,Health,2023-08-05,2026-08-04,1239.41,Cancelled,batch_001,2026-07-31T17:51:10
POL02343,CUST01752,Auto,2024-02-22,2027-02-21,2283.56,Active,batch_001,2026-07-31T17:51:10
POL02344,CUST01178,Life,2022-10-18,2025-10-17,2062.93,Lapsed,batch_001,2026-07-31T17:51:10
POL02345,CUST01066,Home,2026-01-04,2029-01-03,3652.26,Lapsed,batch_001,2026-07-31T17:51:10
POL02346,CUST00976,Home,2023-06-16,2025-06-15,3779.04,Active,batch_001,2026-07-31T17:51:10
POL02347,CUST01124,Auto,2025-02-03,2027-02-03,4038.03,Active,batch_001,2026-07-31T17:51:10
POL02348,CUST01617,Auto,2024-02-18,2027-02-17,1619.96,Cancelled,batch_001,2026-07-31T17:51:10
POL02349,CUST01027,Auto,2023-12-01,2025-11-30,1936.14,Active,batch_001,2026-07-31T17:51:10
POL02350,CUST01315,Health,2022-02-04,2024-02-04,2928.52,Active,batch_001,2026-07-31T17:51:10
POL02351,CUST01802,Auto,2026-04-24,2028-04-23,2421.08,Lapsed,batch_001,2026-07-31T17:51:10
POL02352,CUST01967,Home,2023-01-25,2024-01-25,4836.25,Lapsed,batch_001,2026-07-31T17:51:10
POL02353,CUST00326,Health,2025-03-18,2026-03-18,2981.94,Cancelled,batch_001,2026-07-31T17:51:10
POL02354,CUST00263,Life,2026-04-21,2029-04-20,1707.33,Active,batch_001,2026-07-31T17:51:10
POL02355,CUST01132,Health,2025-10-16,2027-10-16,3876.69,Lapsed,batch_001,2026-07-31T17:51:10
POL02356,CUST00715,Home,2021-12-22,2022-12-22,1291.61,Cancelled,batch_001,2026-07-31T17:51:10
POL02357,CUST00469,Auto,2024-07-04,2027-07-04,437.98,Active,batch_001,2026-07-31T17:51:10
POL02358,CUST01804,Health,2024-10-26,2027-10-26,2632.25,Active,batch_001,2026-07-31T17:51:10
POL02359,CUST00250,Health,2026-01-14,2029-01-13,3643.32,Lapsed,batch_001,2026-07-31T17:51:10
POL02360,CUST01448,Auto,2024-04-15,2025-04-15,3456.26,Cancelled,batch_001,2026-07-31T17:51:10
POL02361,CUST00318,Life,2025-02-12,2026-02-12,1878.70,Active,batch_001,2026-07-31T17:51:10
POL02362,CUST00836,Health,2025-01-18,2028-01-18,571.76,Cancelled,batch_001,2026-07-31T17:51:10
POL02363,CUST01704,Auto,2022-11-05,2024-11-04,4179.86,Cancelled,batch_001,2026-07-31T17:51:10
POL02364,CUST00587,Auto,2024-02-16,2026-02-15,4404.10,Lapsed,batch_001,2026-07-31T17:51:10
POL02365,CUST01373,Life,2024-10-11,2027-10-11,3983.19,Cancelled,batch_001,2026-07-31T17:51:10
POL02366,CUST01205,Auto,2023-02-21,2025-02-20,2459.29,Active,batch_001,2026-07-31T17:51:10
POL02367,CUST00615,Auto,2026-02-25,2028-02-25,414.13,Active,batch_001,2026-07-31T17:51:10
POL02368,CUST01283,Health,2025-08-09,2028-08-08,1215.10,Active,batch_001,2026-07-31T17:51:10
POL02369,CUST00134,Home,2023-08-17,2025-08-16,4187.49,Lapsed,batch_001,2026-07-31T17:51:10
POL02370,CUST00317,Home,2023-06-30,2026-06-29,576.54,Cancelled,batch_001,2026-07-31T17:51:10
POL02371,CUST01713,Auto,2024-02-19,2027-02-18,4989.50,Cancelled,batch_001,2026-07-31T17:51:10
POL02372,CUST01807,Health,2022-10-21,2023-10-21,3114.09,Lapsed,batch_001,2026-07-31T17:51:10
POL02373,CUST01201,Home,2025-07-07,2026-07-07,4212.84,Lapsed,batch_001,2026-07-31T17:51:10
POL02374,CUST01483,Home,2022-01-25,2023-01-25,4035.23,Lapsed,batch_001,2026-07-31T17:51:10
POL02375,CUST00473,Home,2026-05-12,2028-05-11,3791.30,Lapsed,batch_001,2026-07-31T17:51:10
POL02376,CUST01680,Health,2025-02-01,2028-02-01,4796.52,Active,batch_001,2026-07-31T17:51:10
POL02377,CUST00314,Health,2025-02-13,2027-02-13,2890.19,Cancelled,batch_001,2026-07-31T17:51:10
POL02378,CUST01839,Life,2026-04-26,2028-04-25,3105.05,Active,batch_001,2026-07-31T17:51:10
POL02379,CUST00514,Home,2026-01-31,2029-01-30,4173.54,Lapsed,batch_001,2026-07-31T17:51:10
POL02380,CUST00566,Health,2022-09-19,2025-09-18,3006.83,Lapsed,batch_001,2026-07-31T17:51:10
POL02381,CUST00334,Life,2024-11-17,2026-11-17,1706.45,Lapsed,batch_001,2026-07-31T17:51:10
POL02382,CUST02025,Home,2023-08-23,2026-08-22,4919.59,Active,batch_001,2026-07-31T17:51:10
POL02383,CUST00495,Life,2023-09-30,2025-09-29,274.46,Lapsed,batch_001,2026-07-31T17:51:10
POL02384,CUST01925,Auto,2023-04-22,2026-04-21,3614.63,Active,batch_001,2026-07-31T17:51:10
POL02385,CUST00099,Home,2024-05-21,2025-05-21,4202.52,Active,batch_001,2026-07-31T17:51:10
POL02386,CUST01590,Life,2022-04-01,2023-04-01,2671.51,Lapsed,batch_001,2026-07-31T17:51:10
POL02387,CUST00989,Health,2025-05-27,2026-05-27,2131.12,Active,batch_001,2026-07-31T17:51:10
POL02388,CUST01379,Auto,2024-09-24,2026-09-24,4507.65,Cancelled,batch_001,2026-07-31T17:51:10
POL02389,CUST01454,Life,2022-05-13,2023-05-13,554.01,Lapsed,batch_001,2026-07-31T17:51:10
POL02390,CUST01785,Health,2026-02-18,2029-02-17,2358.82,Lapsed,batch_001,2026-07-31T17:51:10
POL02391,CUST00752,Auto,2023-03-13,2026-03-12,846.11,Active,batch_001,2026-07-31T17:51:10
POL02392,CUST01516,Life,2022-01-06,2023-01-06,3049.06,Lapsed,batch_001,2026-07-31T17:51:10
POL02393,CUST01145,Auto,2023-11-11,2025-11-10,2305.22,Active,batch_001,2026-07-31T17:51:10
POL02394,CUST00198,Life,2024-10-13,2026-10-13,2567.81,Lapsed,batch_001,2026-07-31T17:51:10
POL02395,CUST00731,Home,2021-11-29,2023-11-29,2043.53,Active,batch_001,2026-07-31T17:51:10
POL02396,CUST00863,Life,2022-03-13,2025-03-12,4435.44,Cancelled,batch_001,2026-07-31T17:51:10
POL02397,CUST01288,Auto,2023-03-06,2025-03-05,2960.66,Lapsed,batch_001,2026-07-31T17:51:10
POL02398,CUST01180,Health,2026-07-29,2028-07-28,994.84,Lapsed,batch_001,2026-07-31T17:51:10
POL02399,CUST00694,Health,2026-05-01,2028-04-30,1273.44,Lapsed,batch_001,2026-07-31T17:51:10
POL02400,CUST00949,Health,2023-06-04,2026-06-03,3816.65,Active,batch_001,2026-07-31T17:51:10
POL02401,CUST00692,Auto,2025-08-27,2026-08-27,1192.85,Cancelled,batch_001,2026-07-31T17:51:10
POL02402,CUST00800,Auto,2023-05-09,2024-05-08,4807.31,Lapsed,batch_001,2026-07-31T17:51:10
POL02403,CUST01155,Life,2024-05-29,2025-05-29,1973.79,Cancelled,batch_001,2026-07-31T17:51:10
POL02404,CUST01859,Health,2024-02-26,2026-02-25,2700.29,Active,batch_001,2026-07-31T17:51:10
POL02405,CUST00492,Life,2021-09-15,2024-09-14,3590.35,Lapsed,batch_001,2026-07-31T17:51:10
POL02406,CUST00561,Health,2023-05-19,2025-05-18,1462.67,Cancelled,batch_001,2026-07-31T17:51:10
POL02407,CUST01449,Auto,2023-03-12,2026-03-11,759.02,Cancelled,batch_001,2026-07-31T17:51:10
POL02408,CUST01340,Home,2022-07-29,2023-07-29,3691.34,Cancelled,batch_001,2026-07-31T17:51:10
POL02409,CUST00304,Health,2025-08-25,2027-08-25,1525.32,Active,batch_001,2026-07-31T17:51:10
POL02410,CUST01301,Home,2023-08-22,2025-08-21,682.11,Cancelled,batch_001,2026-07-31T17:51:10
POL02411,CUST00146,Auto,2023-04-26,2026-04-25,4220.65,Active,batch_001,2026-07-31T17:51:10
POL02412,CUST00902,Home,2024-12-13,2025-12-13,3014.45,Lapsed,batch_001,2026-07-31T17:51:10
POL02413,CUST00767,Life,2023-08-12,2025-08-11,926.88,Lapsed,batch_001,2026-07-31T17:51:10
POL02414,CUST00364,Home,2026-04-10,2027-04-10,1153.15,Active,batch_001,2026-07-31T17:51:10
POL02415,CUST00855,Home,2024-04-24,2026-04-24,522.85,Active,batch_001,2026-07-31T17:51:10
POL02416,CUST01558,Home,2023-12-26,2025-12-25,3502.31,Cancelled,batch_001,2026-07-31T17:51:10
POL02417,CUST00738,Health,2024-10-24,2026-10-24,2524.32,Active,batch_001,2026-07-31T17:51:10
POL02418,CUST02008,Life,2025-07-17,2027-07-17,3406.28,Cancelled,batch_001,2026-07-31T17:51:10
POL02419,CUST01211,Auto,2026-02-11,2028-02-11,2808.38,Active,batch_001,2026-07-31T17:51:10
POL02420,CUST01177,Life,2024-08-19,2025-08-19,4822.01,Lapsed,batch_001,2026-07-31T17:51:10
POL02421,CUST01741,Auto,2024-03-14,2026-03-14,1387.50,Active,batch_001,2026-07-31T17:51:10
POL02422,CUST00466,Health,2023-10-20,2025-10-19,4790.31,Cancelled,batch_001,2026-07-31T17:51:10
POL02423,CUST01982,Life,2024-08-20,2026-08-20,3583.13,Cancelled,batch_001,2026-07-31T17:51:10
POL02424,CUST00119,Health,2025-12-09,2027-12-09,3498.67,Lapsed,batch_001,2026-07-31T17:51:10
POL02425,CUST01676,Auto,2025-10-21,2028-10-20,1232.51,Cancelled,batch_001,2026-07-31T17:51:10
POL02426,CUST01301,Life,2025-07-16,2027-07-16,1455.71,Lapsed,batch_001,2026-07-31T17:51:10
POL02427,CUST01068,Auto,2022-06-01,2024-05-31,2240.96,Lapsed,batch_001,2026-07-31T17:51:10
POL02428,CUST01392,Auto,2025-07-27,2027-07-27,3695.30,Lapsed,batch_001,2026-07-31T17:51:10
POL02429,CUST00683,Home,2024-04-19,2026-04-19,2167.10,Cancelled,batch_001,2026-07-31T17:51:10
POL02430,CUST01351,Home,2023-04-22,2024-04-21,4749.81,Cancelled,batch_001,2026-07-31T17:51:10
POL02431,CUST00087,Life,2024-09-23,2027-09-23,295.62,Active,batch_001,2026-07-31T17:51:10
POL02432,CUST01445,Auto,2024-03-28,2027-03-28,1799.78,Cancelled,batch_001,2026-07-31T17:51:10
POL02433,CUST01484,Home,2025-02-05,2026-02-05,2689.52,Active,batch_001,2026-07-31T17:51:10
POL02434,CUST00940,Health,2021-12-19,2024-12-18,2098.53,Active,batch_001,2026-07-31T17:51:10
POL02435,CUST00884,Home,2026-05-12,2028-05-11,1791.21,Active,batch_001,2026-07-31T17:51:10
POL02436,CUST00420,Life,2023-06-17,2024-06-16,4258.31,Lapsed,batch_001,2026-07-31T17:51:10
POL02437,CUST01235,Auto,2022-10-26,2023-10-26,953.34,Active,batch_001,2026-07-31T17:51:10
POL02438,CUST01013,Auto,2021-09-18,2024-09-17,3907.58,Lapsed,batch_001,2026-07-31T17:51:10
POL02439,CUST01548,Life,2023-10-18,2026-10-17,793.49,Active,batch_001,2026-07-31T17:51:10
POL02440,CUST00348,Auto,2026-04-14,2029-04-13,4407.78,Active,batch_001,2026-07-31T17:51:10
POL02441,CUST01702,Auto,2026-07-18,2029-07-17,3666.14,Active,batch_001,2026-07-31T17:51:10
POL02442,CUST00622,Auto,2026-07-03,2029-07-02,4185.21,Cancelled,batch_001,2026-07-31T17:51:10
POL02443,CUST00796,Health,2025-02-16,2028-02-16,4004.58,Lapsed,batch_001,2026-07-31T17:51:10
POL02444,CUST00096,Health,2024-02-02,2026-02-01,2659.31,Lapsed,batch_001,2026-07-31T17:51:10
POL02445,CUST01083,Life,2022-11-15,2024-11-14,1172.80,Lapsed,batch_001,2026-07-31T17:51:10
POL02446,CUST00911,Life,2023-03-31,2025-03-30,2261.77,Cancelled,batch_001,2026-07-31T17:51:10
POL02447,CUST01002,Life,2024-05-19,2026-05-19,2520.08,Active,batch_001,2026-07-31T17:51:10
POL02448,CUST01527,Auto,2023-07-14,2025-07-13,3692.28,Lapsed,batch_001,2026-07-31T17:51:10
POL02449,CUST00102,Life,2024-10-22,2025-10-22,2973.82,Active,batch_001,2026-07-31T17:51:10
POL02450,CUST00447,Health,2026-06-04,2028-06-03,1975.14,Lapsed,batch_001,2026-07-31T17:51:10
POL02451,CUST00343,Auto,2023-09-01,2024-08-31,4086.47,Cancelled,batch_001,2026-07-31T17:51:10
POL02452,CUST02007,Home,2025-10-28,2026-10-28,1196.87,Active,batch_001,2026-07-31T17:51:10
POL02453,CUST01940,Home,2026-04-05,2027-04-05,2135.34,Active,batch_001,2026-07-31T17:51:10
POL02454,CUST01276,Health,2024-06-12,2026-06-12,1409.71,Active,batch_001,2026-07-31T17:51:10
POL02455,CUST01666,Auto,2023-10-07,2024-10-06,1742.93,Lapsed,batch_001,2026-07-31T17:51:10
POL02456,CUST02002,Life,2025-09-25,2028-09-24,1204.28,Lapsed,batch_001,2026-07-31T17:51:10
POL02457,CUST01890,Life,2025-10-01,2028-09-30,1331.55,Cancelled,batch_001,2026-07-31T17:51:10
POL02458,CUST00334,Auto,2025-06-30,2028-06-29,4321.53,Lapsed,batch_001,2026-07-31T17:51:10
POL02459,CUST00522,Auto,2023-01-03,2026-01-02,572.02,Active,batch_001,2026-07-31T17:51:10
POL02460,CUST00681,Home,2024-07-28,2027-07-28,3791.11,Lapsed,batch_001,2026-07-31T17:51:10
POL02461,CUST01738,Life,2023-01-06,2024-01-06,387.50,Active,batch_001,2026-07-31T17:51:10
POL02462,CUST01996,Home,2022-10-07,2025-10-06,4055.14,Cancelled,batch_001,2026-07-31T17:51:10
POL02463,CUST00038,Health,2026-03-24,2029-03-23,2207.11,Active,batch_001,2026-07-31T17:51:10
POL02464,CUST01111,Health,2025-09-24,2027-09-24,4979.57,Cancelled,batch_001,2026-07-31T17:51:10
POL02465,CUST00680,Home,2023-02-21,2025-02-20,2906.29,Lapsed,batch_001,2026-07-31T17:51:10
POL02466,CUST01521,Health,2026-03-10,2029-03-09,3488.11,Lapsed,batch_001,2026-07-31T17:51:10
POL02467,CUST01353,Home,2022-01-28,2024-01-28,1210.96,Active,batch_001,2026-07-31T17:51:10
POL02468,CUST01941,Auto,2026-01-12,2029-01-11,3632.39,Lapsed,batch_001,2026-07-31T17:51:10
POL02469,CUST01928,Auto,2021-11-12,2023-11-12,1060.28,Active,batch_001,2026-07-31T17:51:10
POL02470,CUST00817,Auto,2022-03-17,2024-03-16,3567.03,Cancelled,batch_001,2026-07-31T17:51:10
POL02471,CUST00251,Life,2021-12-27,2023-12-27,1788.97,Cancelled,batch_001,2026-07-31T17:51:10
POL02472,CUST00926,Health,2021-08-18,2022-08-18,520.51,Cancelled,batch_001,2026-07-31T17:51:10
POL02473,CUST01125,Health,2025-01-31,2026-01-31,4653.82,Lapsed,batch_001,2026-07-31T17:51:10
POL02474,CUST01505,Life,2022-09-30,2025-09-29,3700.75,Lapsed,batch_001,2026-07-31T17:51:10
POL02475,CUST00830,Auto,2023-07-19,2026-07-18,2796.88,Cancelled,batch_001,2026-07-31T17:51:10
POL02476,CUST00887,Health,2022-02-26,2023-02-26,694.29,Active,batch_001,2026-07-31T17:51:10
POL02477,CUST00519,Life,2022-11-11,2024-11-10,2905.57,Lapsed,batch_001,2026-07-31T17:51:10
POL02478,CUST01136,Life,2021-08-27,2024-08-26,3905.50,Active,batch_001,2026-07-31T17:51:10
POL02479,CUST00950,Home,2023-06-09,2024-06-08,212.82,Active,batch_001,2026-07-31T17:51:10
POL02480,CUST00676,Life,2025-11-17,2028-11-16,903.16,Active,batch_001,2026-07-31T17:51:10
POL02481,CUST00214,Home,2025-06-15,2027-06-15,573.38,Cancelled,batch_001,2026-07-31T17:51:10
POL02482,CUST01933,Health,2024-10-01,2026-10-01,2241.95,Lapsed,batch_001,2026-07-31T17:51:10
POL02483,CUST00987,Life,2022-02-02,2025-02-01,3848.04,Lapsed,batch_001,2026-07-31T17:51:10
POL02484,CUST01455,Health,2025-09-08,2027-09-08,3589.97,Cancelled,batch_001,2026-07-31T17:51:10
POL02485,CUST00877,Home,2025-09-22,2027-09-22,2747.29,Cancelled,batch_001,2026-07-31T17:51:10
POL02486,CUST01791,Life,2021-09-16,2023-09-16,3614.47,Lapsed,batch_001,2026-07-31T17:51:10
POL02487,CUST00493,Life,2021-08-19,2024-08-18,3987.03,Cancelled,batch_001,2026-07-31T17:51:10
POL02488,CUST01498,Life,2026-02-07,2028-02-07,1054.46,Cancelled,batch_001,2026-07-31T17:51:10
POL02489,CUST00876,Home,2026-04-08,2028-04-07,3696.76,Lapsed,batch_001,2026-07-31T17:51:10
POL02490,CUST00044,Home,2025-01-27,2027-01-27,1059.23,Lapsed,batch_001,2026-07-31T17:51:10
POL02491,CUST00023,Health,2021-09-04,2023-09-04,2724.81,Lapsed,batch_001,2026-07-31T17:51:10
POL02492,CUST01040,Auto,2021-09-19,2022-09-19,4573.00,Cancelled,batch_001,2026-07-31T17:51:10
POL02493,CUST01127,Life,2026-01-29,2028-01-29,360.94,Lapsed,batch_001,2026-07-31T17:51:10
POL02494,CUST01037,Health,2023-11-30,2024-11-29,4979.54,Cancelled,batch_001,2026-07-31T17:51:10
POL02495,CUST00125,Life,2026-02-18,2027-02-18,4861.48,Cancelled,batch_001,2026-07-31T17:51:10
POL02496,CUST00712,Life,2024-01-06,2027-01-05,2381.51,Cancelled,batch_001,2026-07-31T17:51:10
POL02497,CUST00426,Auto,2021-09-21,2024-09-20,3802.81,Lapsed,batch_001,2026-07-31T17:51:10
POL02498,CUST00628,Home,2025-11-06,2026-11-06,3142.02,Active,batch_001,2026-07-31T17:51:10
POL02499,CUST00490,Auto,2025-03-28,2026-03-28,2213.95,Lapsed,batch_001,2026-07-31T17:51:10
POL02500,CUST01288,Auto,2023-02-06,2026-02-05,3610.84,Cancelled,batch_001,2026-07-31T17:51:10
POL02501,CUST00796,Auto,2022-06-27,2024-06-26,4920.34,Lapsed,batch_001,2026-07-31T17:51:10
POL02502,CUST01297,Home,2022-05-25,2025-05-24,4271.50,Cancelled,batch_001,2026-07-31T17:51:10
POL02503,CUST00059,Life,2026-01-14,2029-01-13,4732.64,Lapsed,batch_001,2026-07-31T17:51:10
POL02504,CUST00267,Home,2022-11-04,2025-11-03,3414.28,Cancelled,batch_001,2026-07-31T17:51:10
POL02505,CUST00344,Home,2023-08-17,2024-08-16,3698.99,Lapsed,batch_001,2026-07-31T17:51:10
POL02506,CUST00814,Life,2023-03-18,2024-03-17,1522.52,Active,batch_001,2026-07-31T17:51:10
POL02507,CUST00014,Health,2026-01-20,2029-01-19,3784.78,Lapsed,batch_001,2026-07-31T17:51:10
POL02508,CUST01399,Life,2023-09-22,2026-09-21,1883.29,Cancelled,batch_001,2026-07-31T17:51:10
POL02509,CUST01897,Auto,2024-08-04,2027-08-04,613.26,Active,batch_001,2026-07-31T17:51:10
POL02510,CUST00354,Home,2023-11-07,2024-11-06,1076.00,Lapsed,batch_001,2026-07-31T17:51:10
POL02511,CUST00083,Home,2024-12-14,2027-12-14,3207.80,Active,batch_001,2026-07-31T17:51:10
POL02512,CUST01886,Auto,2022-04-01,2023-04-01,3262.14,Cancelled,batch_001,2026-07-31T17:51:10
POL02513,CUST00783,Home,2024-10-01,2025-10-01,1677.36,Lapsed,batch_001,2026-07-31T17:51:10
POL02514,CUST01176,Home,2025-01-11,2026-01-11,2020.69,Lapsed,batch_001,2026-07-31T17:51:10
POL02515,CUST01696,Home,2025-06-25,2026-06-25,2912.19,Active,batch_001,2026-07-31T17:51:10
POL02516,CUST00726,Health,2026-05-20,2028-05-19,4441.13,Lapsed,batch_001,2026-07-31T17:51:10
POL02517,CUST00379,Life,2023-08-24,2026-08-23,2310.07,Lapsed,batch_001,2026-07-31T17:51:10
POL02518,CUST01842,Home,2023-07-01,2026-06-30,1945.34,Active,batch_001,2026-07-31T17:51:10
POL02519,CUST00863,Life,2024-02-16,2027-02-15,2051.27,Lapsed,batch_001,2026-07-31T17:51:10
POL02520,CUST01183,Home,2022-04-06,2025-04-05,4092.36,Lapsed,batch_001,2026-07-31T17:51:10
POL02521,CUST01102,Auto,2021-11-05,2024-11-04,4848.75,Cancelled,batch_001,2026-07-31T17:51:10
POL02522,CUST01916,Health,2022-05-16,2023-05-16,1439.43,Active,batch_001,2026-07-31T17:51:10
POL02523,CUST00764,Life,2025-01-09,2026-01-09,2681.74,Active,batch_001,2026-07-31T17:51:10
POL02524,CUST01525,Life,2024-10-20,2026-10-20,3016.74,Cancelled,batch_001,2026-07-31T17:51:10
POL02525,CUST01321,Auto,2024-10-13,2027-10-13,4526.12,Cancelled,batch_001,2026-07-31T17:51:10
POL02526,CUST00033,Home,2026-04-12,2028-04-11,4372.78,Lapsed,batch_001,2026-07-31T17:51:10
POL02527,CUST00411,Home,2025-08-16,2027-08-16,1806.62,Lapsed,batch_001,2026-07-31T17:51:10
POL02528,CUST00763,Auto,2022-01-20,2024-01-20,981.18,Lapsed,batch_001,2026-07-31T17:51:10
POL02529,CUST01782,Life,2021-08-28,2024-08-27,2390.94,Lapsed,batch_001,2026-07-31T17:51:10
POL02530,CUST01529,Health,2023-01-13,2024-01-13,1412.36,Lapsed,batch_001,2026-07-31T17:51:10
POL02531,CUST00165,Home,2022-04-12,2025-04-11,2125.53,Cancelled,batch_001,2026-07-31T17:51:10
POL02532,CUST01104,Life,2025-10-30,2026-10-30,2220.73,Cancelled,batch_001,2026-07-31T17:51:10
POL02533,CUST00682,Health,2025-04-08,2026-04-08,987.32,Cancelled,batch_001,2026-07-31T17:51:10
POL02534,CUST00813,Home,2024-05-24,2027-05-24,4725.66,Active,batch_001,2026-07-31T17:51:10
POL02535,CUST00221,Auto,2026-05-23,2029-05-22,1799.11,Lapsed,batch_001,2026-07-31T17:51:10
POL02536,CUST01879,Life,2022-05-22,2023-05-22,4047.15,Active,batch_001,2026-07-31T17:51:10
POL02537,CUST00605,Home,2026-01-25,2028-01-25,204.05,Active,batch_001,2026-07-31T17:51:10
POL02538,CUST00757,Home,2021-12-09,2023-12-09,1676.13,Active,batch_001,2026-07-31T17:51:10
POL02539,CUST01003,Home,2023-07-13,2025-07-12,632.80,Cancelled,batch_001,2026-07-31T17:51:10
POL02540,CUST01533,Auto,2023-05-17,2026-05-16,4259.21,Lapsed,batch_001,2026-07-31T17:51:10
POL02541,CUST01929,Life,2026-05-25,2027-05-25,1854.62,Cancelled,batch_001,2026-07-31T17:51:10
POL02542,CUST01542,Life,2025-08-15,2026-08-15,4581.60,Cancelled,batch_001,2026-07-31T17:51:10
POL02543,CUST00393,Life,2023-11-19,2024-11-18,3862.67,Active,batch_001,2026-07-31T17:51:10
POL02544,CUST00547,Life,2021-12-21,2023-12-21,3862.61,Lapsed,batch_001,2026-07-31T17:51:10
POL02545,CUST01740,Life,2022-03-17,2024-03-16,4135.00,Cancelled,batch_001,2026-07-31T17:51:10
POL02546,CUST00111,Home,2023-12-18,2024-12-17,1864.96,Cancelled,batch_001,2026-07-31T17:51:10
POL02547,CUST01512,Health,2026-03-13,2027-03-13,3885.65,Lapsed,batch_001,2026-07-31T17:51:10
POL02548,CUST01631,Auto,2026-05-15,2029-05-14,4151.54,Cancelled,batch_001,2026-07-31T17:51:10
POL02549,CUST00770,Auto,2021-11-09,2022-11-09,862.78,Active,batch_001,2026-07-31T17:51:10
POL02550,CUST01391,Life,2023-02-07,2025-02-06,2289.92,Cancelled,batch_001,2026-07-31T17:51:10
POL02551,CUST01168,Health,2024-04-02,2025-04-02,2243.41,Lapsed,batch_001,2026-07-31T17:51:10
POL02552,CUST00143,Health,2021-09-16,2024-09-15,4142.12,Lapsed,batch_001,2026-07-31T17:51:10
POL02553,CUST00436,Life,2023-05-04,2024-05-03,985.01,Active,batch_001,2026-07-31T17:51:10
POL02554,CUST00416,Life,2026-07-27,2028-07-26,3493.11,Active,batch_001,2026-07-31T17:51:10
POL02555,CUST01573,Life,2022-10-20,2023-10-20,1731.32,Active,batch_001,2026-07-31T17:51:10
POL02556,CUST01646,Life,2024-12-18,2026-12-18,3338.32,Active,batch_001,2026-07-31T17:51:10
POL02557,CUST00475,Life,2022-03-26,2024-03-25,2239.91,Cancelled,batch_001,2026-07-31T17:51:10
POL02558,CUST01373,Health,2024-02-14,2026-02-13,3948.82,Active,batch_001,2026-07-31T17:51:10
POL02559,CUST01571,Auto,2022-12-16,2023-12-16,4907.53,Active,batch_001,2026-07-31T17:51:10
POL02560,CUST01057,Home,2026-05-17,2027-05-17,1818.16,Cancelled,batch_001,2026-07-31T17:51:10
POL02561,CUST01864,Life,2023-08-16,2026-08-15,3692.62,Active,batch_001,2026-07-31T17:51:10
POL02562,CUST00498,Life,2026-05-25,2028-05-24,1552.23,Lapsed,batch_001,2026-07-31T17:51:10
POL02563,CUST01513,Health,2024-11-20,2026-11-20,440.35,Lapsed,batch_001,2026-07-31T17:51:10
POL02564,CUST00097,Health,2026-03-05,2028-03-04,3439.98,Active,batch_001,2026-07-31T17:51:10
POL02565,CUST00072,Life,2024-05-25,2026-05-25,1913.05,Lapsed,batch_001,2026-07-31T17:51:10
POL02566,CUST00458,Health,2024-11-03,2026-11-03,3252.72,Cancelled,batch_001,2026-07-31T17:51:10
POL02567,CUST01623,Home,2022-10-07,2023-10-07,2750.09,Active,batch_001,2026-07-31T17:51:10
POL02568,CUST00517,Home,2022-03-30,2023-03-30,2767.93,Cancelled,batch_001,2026-07-31T17:51:10
POL02569,CUST01126,Health,2025-11-01,2027-11-01,2269.28,Lapsed,batch_001,2026-07-31T17:51:10
POL02570,CUST01878,Auto,2024-07-08,2027-07-08,3162.76,Active,batch_001,2026-07-31T17:51:10
POL02571,CUST00602,Auto,2022-01-12,2024-01-12,1989.42,Lapsed,batch_001,2026-07-31T17:51:10
POL02572,CUST00323,Health,2022-05-29,2025-05-28,4905.28,Cancelled,batch_001,2026-07-31T17:51:10
POL02573,CUST01642,Auto,2025-04-17,2028-04-16,1649.53,Active,batch_001,2026-07-31T17:51:10
POL02574,CUST00325,Life,2023-07-21,2026-07-20,1432.92,Active,batch_001,2026-07-31T17:51:10
POL02575,CUST01242,Home,2022-03-23,2023-03-23,2940.30,Cancelled,batch_001,2026-07-31T17:51:10
POL02576,CUST01938,Home,2024-06-22,2025-06-22,1996.33,Lapsed,batch_001,2026-07-31T17:51:10
POL02577,CUST00761,Health,2024-12-13,2026-12-13,3784.98,Cancelled,batch_001,2026-07-31T17:51:10
POL02578,CUST01633,Home,2024-05-09,2027-05-09,419.56,Cancelled,batch_001,2026-07-31T17:51:10
POL02579,CUST01668,Home,2021-10-30,2023-10-30,1508.86,Active,batch_001,2026-07-31T17:51:10
POL02580,CUST01126,Health,2023-11-26,2025-11-25,3354.62,Lapsed,batch_001,2026-07-31T17:51:10
POL02581,CUST01304,Auto,2025-05-29,2028-05-28,3993.24,Active,batch_001,2026-07-31T17:51:10
POL02582,CUST01330,Home,2025-10-01,2026-10-01,286.75,Active,batch_001,2026-07-31T17:51:10
POL02583,CUST01887,Life,2023-07-08,2026-07-07,1581.59,Cancelled,batch_001,2026-07-31T17:51:10
POL02584,CUST01594,Life,2024-08-08,2027-08-08,1778.01,Cancelled,batch_001,2026-07-31T17:51:10
POL02585,CUST01310,Health,2026-04-13,2027-04-13,1846.16,Lapsed,batch_001,2026-07-31T17:51:10
POL02586,CUST02044,Home,2024-10-08,2025-10-08,2417.35,Cancelled,batch_001,2026-07-31T17:51:10
POL02587,CUST01598,Health,2025-04-01,2028-03-31,1016.06,Lapsed,batch_001,2026-07-31T17:51:10
POL02588,CUST00322,Life,2023-02-27,2024-02-27,3371.35,Cancelled,batch_001,2026-07-31T17:51:10
POL02589,CUST01513,Health,2026-07-24,2028-07-23,598.84,Lapsed,batch_001,2026-07-31T17:51:10
POL02590,CUST01915,Auto,2024-10-22,2026-10-22,2367.20,Active,batch_001,2026-07-31T17:51:10
POL02591,CUST01441,Life,2022-04-22,2025-04-21,3007.70,Lapsed,batch_001,2026-07-31T17:51:10
POL02592,CUST01163,Life,2024-02-02,2025-02-01,3806.66,Active,batch_001,2026-07-31T17:51:10
POL02593,CUST00540,Life,2023-09-03,2025-09-02,4621.65,Cancelled,batch_001,2026-07-31T17:51:10
POL02594,CUST00895,Home,2022-03-15,2023-03-15,665.50,Active,batch_001,2026-07-31T17:51:10
POL02595,CUST00652,Life,2022-04-10,2025-04-09,1588.88,Cancelled,batch_001,2026-07-31T17:51:10
POL02596,CUST00892,Life,2023-11-09,2025-11-08,1889.72,Cancelled,batch_001,2026-07-31T17:51:10
POL02597,CUST01488,Auto,2022-11-21,2024-11-20,1733.14,Cancelled,batch_001,2026-07-31T17:51:10
POL02598,CUST01302,Life,2024-10-22,2027-10-22,4809.15,Active,batch_001,2026-07-31T17:51:10
POL02599,CUST01901,Health,2022-11-21,2024-11-20,2575.20,Lapsed,batch_001,2026-07-31T17:51:10
POL02600,CUST00728,Life,2024-11-21,2025-11-21,4634.77,Lapsed,batch_001,2026-07-31T17:51:10
POL02601,CUST01369,Life,2024-04-08,2025-04-08,2756.80,Cancelled,batch_001,2026-07-31T17:51:10
POL02602,CUST00403,Life,2024-08-23,2025-08-23,3480.09,Cancelled,batch_001,2026-07-31T17:51:10
POL02603,CUST01714,Life,2022-06-26,2025-06-25,2206.88,Active,batch_001,2026-07-31T17:51:10
POL02604,CUST00919,Home,2022-05-10,2025-05-09,339.40,Cancelled,batch_001,2026-07-31T17:51:10
POL02605,CUST00330,Life,2021-08-15,2024-08-14,2616.13,Active,batch_001,2026-07-31T17:51:10
POL02606,CUST00682,Life,2024-03-13,2026-03-13,3127.10,Cancelled,batch_001,2026-07-31T17:51:10
POL02607,CUST00094,Life,2025-05-11,2026-05-11,4768.86,Cancelled,batch_001,2026-07-31T17:51:10
POL02608,CUST00662,Life,2024-08-21,2027-08-21,4344.50,Lapsed,batch_001,2026-07-31T17:51:10
POL02609,CUST00718,Life,2023-11-15,2026-11-14,4398.32,Cancelled,batch_001,2026-07-31T17:51:10
POL02610,CUST01201,Auto,2022-06-12,2023-06-12,1749.08,Active,batch_001,2026-07-31T17:51:10
POL02611,CUST01881,Home,2022-09-14,2023-09-14,2972.49,Cancelled,batch_001,2026-07-31T17:51:10
POL02612,CUST00991,Home,2022-04-27,2025-04-26,2329.54,Lapsed,batch_001,2026-07-31T17:51:10
POL02613,CUST01357,Home,2023-03-04,2026-03-03,3278.62,Active,batch_001,2026-07-31T17:51:10
POL02614,CUST00287,Auto,2025-03-30,2027-03-30,3665.82,Cancelled,batch_001,2026-07-31T17:51:10
POL02615,CUST01665,Life,2025-05-24,2026-05-24,3473.71,Lapsed,batch_001,2026-07-31T17:51:10
POL02616,CUST01066,Auto,2026-04-25,2027-04-25,3958.61,Cancelled,batch_001,2026-07-31T17:51:10
POL02617,CUST00098,Life,2026-04-18,2029-04-17,3306.03,Lapsed,batch_001,2026-07-31T17:51:10
POL02618,CUST01632,Auto,2025-12-08,2028-12-07,486.97,Lapsed,batch_001,2026-07-31T17:51:10
POL02619,CUST01803,Life,2025-01-17,2027-01-17,3639.80,Active,batch_001,2026-07-31T17:51:10
POL02620,CUST01076,Auto,2022-06-15,2023-06-15,900.72,Cancelled,batch_001,2026-07-31T17:51:10
POL02621,CUST01392,Home,2021-10-19,2022-10-19,1959.03,Active,batch_001,2026-07-31T17:51:10
POL02622,CUST00398,Health,2022-05-04,2024-05-03,1208.41,Cancelled,batch_001,2026-07-31T17:51:10
POL02623,CUST02014,Home,2024-08-02,2027-08-02,555.53,Lapsed,batch_001,2026-07-31T17:51:10
POL02624,CUST01822,Health,2026-04-16,2028-04-15,1617.40,Lapsed,batch_001,2026-07-31T17:51:10
POL02625,CUST01128,Auto,2022-05-15,2025-05-14,1438.02,Active,batch_001,2026-07-31T17:51:10
POL02626,CUST00107,Home,2024-05-02,2025-05-02,2704.54,Lapsed,batch_001,2026-07-31T17:51:10
POL02627,CUST01193,Health,2024-11-07,2027-11-07,1941.08,Cancelled,batch_001,2026-07-31T17:51:10
POL02628,CUST01249,Life,2021-09-06,2022-09-06,2924.67,Cancelled,batch_001,2026-07-31T17:51:10
POL02629,CUST00633,Home,2024-01-22,2026-01-21,3431.74,Active,batch_001,2026-07-31T17:51:10
POL02630,CUST01574,Health,2025-02-04,2028-02-04,1603.20,Cancelled,batch_001,2026-07-31T17:51:10
POL02631,CUST00867,Health,2024-11-15,2025-11-15,334.42,Active,batch_001,2026-07-31T17:51:10
POL02632,CUST01492,Life,2022-04-19,2025-04-18,257.92,Lapsed,batch_001,2026-07-31T17:51:10
POL02633,CUST01410,Home,2026-05-03,2029-05-02,4520.02,Cancelled,batch_001,2026-07-31T17:51:10
POL02634,CUST01534,Life,2023-08-23,2026-08-22,1708.62,Lapsed,batch_001,2026-07-31T17:51:10
POL02635,CUST01975,Home,2026-06-11,2029-06-10,1011.78,Lapsed,batch_001,2026-07-31T17:51:10
POL02636,CUST00266,Health,2026-01-04,2028-01-04,268.32,Active,batch_001,2026-07-31T17:51:10
POL02637,CUST00615,Health,2023-01-07,2025-01-06,1190.86,Cancelled,batch_001,2026-07-31T17:51:10
POL02638,CUST00807,Health,2024-10-24,2027-10-24,3988.52,Lapsed,batch_001,2026-07-31T17:51:10
POL02639,CUST00050,Home,2023-01-07,2025-01-06,2933.16,Cancelled,batch_001,2026-07-31T17:51:10
POL02640,CUST00135,Life,2022-10-04,2023-10-04,1945.09,Cancelled,batch_001,2026-07-31T17:51:10
POL02641,CUST00276,Health,2023-11-12,2024-11-11,4769.74,Cancelled,batch_001,2026-07-31T17:51:10
POL02642,CUST00326,Auto,2024-02-20,2027-02-19,4263.71,Lapsed,batch_001,2026-07-31T17:51:10
POL02643,CUST01003,Health,2023-11-10,2026-11-09,2710.15,Cancelled,batch_001,2026-07-31T17:51:10
POL02644,CUST01004,Home,2025-10-09,2026-10-09,3510.56,Cancelled,batch_001,2026-07-31T17:51:10
POL02645,CUST00165,Health,2022-10-26,2025-10-25,2389.12,Cancelled,batch_001,2026-07-31T17:51:10
POL02646,CUST00779,Auto,2022-02-11,2024-02-11,638.52,Active,batch_001,2026-07-31T17:51:10
POL02647,CUST00851,Home,2022-12-31,2025-12-30,1653.25,Active,batch_001,2026-07-31T17:51:10
POL02648,CUST01955,Life,2025-04-10,2028-04-09,3856.07,Active,batch_001,2026-07-31T17:51:10
POL02649,CUST00210,Health,2023-12-04,2026-12-03,4431.88,Cancelled,batch_001,2026-07-31T17:51:10
POL02650,CUST00477,Life,2025-02-27,2026-02-27,1142.84,Active,batch_001,2026-07-31T17:51:10
POL02651,CUST00881,Life,2024-02-16,2026-02-15,1147.50,Lapsed,batch_001,2026-07-31T17:51:10
POL02652,CUST01761,Auto,2025-09-11,2028-09-10,246.09,Cancelled,batch_001,2026-07-31T17:51:10
POL02653,CUST00798,Life,2022-03-25,2024-03-24,3931.50,Active,batch_001,2026-07-31T17:51:10
POL02654,CUST01109,Life,2024-08-24,2026-08-24,3821.89,Cancelled,batch_001,2026-07-31T17:51:10
POL02655,CUST01980,Health,2023-09-20,2024-09-19,1777.47,Cancelled,batch_001,2026-07-31T17:51:10
POL02656,CUST01020,Health,2023-09-04,2025-09-03,1468.16,Lapsed,batch_001,2026-07-31T17:51:10
POL02657,CUST01265,Life,2025-10-17,2028-10-16,2894.07,Active,batch_001,2026-07-31T17:51:10
POL02658,CUST01308,Life,2023-03-29,2024-03-28,2540.39,Lapsed,batch_001,2026-07-31T17:51:10
POL02659,CUST01770,Health,2025-06-21,2026-06-21,1058.22,Active,batch_001,2026-07-31T17:51:10
POL02660,CUST00749,Home,2022-06-27,2024-06-26,1843.67,Active,batch_001,2026-07-31T17:51:10
POL02661,CUST01251,Health,2022-09-23,2023-09-23,1223.44,Cancelled,batch_001,2026-07-31T17:51:10
POL02662,CUST01230,Home,2024-03-02,2026-03-02,694.00,Cancelled,batch_001,2026-07-31T17:51:10
POL02663,CUST00641,Home,2021-08-20,2024-08-19,942.07,Lapsed,batch_001,2026-07-31T17:51:10
POL02664,CUST00644,Health,2024-12-10,2025-12-10,4291.31,Cancelled,batch_001,2026-07-31T17:51:10
POL02665,CUST01708,Health,2024-05-27,2026-05-27,3336.76,Active,batch_001,2026-07-31T17:51:10
POL02666,CUST01244,Health,2024-10-22,2026-10-22,2465.51,Active,batch_001,2026-07-31T17:51:10
POL02667,CUST01450,Health,2024-05-18,2026-05-18,1801.87,Lapsed,batch_001,2026-07-31T17:51:10
POL02668,CUST01612,Life,2025-04-27,2027-04-27,2241.43,Active,batch_001,2026-07-31T17:51:10
POL02669,CUST01675,Health,2024-06-03,2026-06-03,465.48,Cancelled,batch_001,2026-07-31T17:51:10
POL02670,CUST01124,Auto,2025-03-28,2026-03-28,4879.93,Cancelled,batch_001,2026-07-31T17:51:10
POL02671,CUST01049,Health,2022-09-25,2023-09-25,1201.32,Lapsed,batch_001,2026-07-31T17:51:10
POL02672,CUST01567,Health,2024-02-18,2025-02-17,1744.86,Cancelled,batch_001,2026-07-31T17:51:10
POL02673,CUST00881,Life,2024-04-21,2027-04-21,3747.28,Lapsed,batch_001,2026-07-31T17:51:10
POL02674,CUST00658,Health,2023-04-15,2024-04-14,557.25,Cancelled,batch_001,2026-07-31T17:51:10
POL02675,CUST01925,Auto,2025-08-26,2027-08-26,4719.17,Cancelled,batch_001,2026-07-31T17:51:10
POL02676,CUST01995,Home,2024-04-01,2026-04-01,3501.44,Lapsed,batch_001,2026-07-31T17:51:10
POL02677,CUST00243,Auto,2023-02-01,2026-01-31,3013.35,Active,batch_001,2026-07-31T17:51:10
POL02678,CUST01514,Life,2024-12-18,2027-12-18,1844.92,Lapsed,batch_001,2026-07-31T17:51:10
POL02679,CUST00304,Health,2024-04-16,2025-04-16,2464.84,Cancelled,batch_001,2026-07-31T17:51:10
POL02680,CUST00617,Health,2024-01-21,2026-01-20,4156.69,Cancelled,batch_001,2026-07-31T17:51:10
POL02681,CUST01796,Home,2025-10-02,2026-10-02,2896.81,Lapsed,batch_001,2026-07-31T17:51:10
POL02682,CUST01068,Health,2026-06-23,2029-06-22,2823.61,Cancelled,batch_001,2026-07-31T17:51:10
POL02683,CUST00279,Health,2023-08-22,2024-08-21,874.24,Lapsed,batch_001,2026-07-31T17:51:10
POL02684,CUST00880,Home,2024-05-07,2026-05-07,3786.91,Lapsed,batch_001,2026-07-31T17:51:10
POL02685,CUST01484,Health,2024-10-10,2026-10-10,1292.87,Active,batch_001,2026-07-31T17:51:10
POL02686,CUST01061,Health,2023-12-17,2026-12-16,4862.91,Cancelled,batch_001,2026-07-31T17:51:10
POL02687,CUST00575,Auto,2024-12-01,2027-12-01,4676.87,Cancelled,batch_001,2026-07-31T17:51:10
POL02688,CUST01993,Auto,2024-09-06,2026-09-06,2251.19,Cancelled,batch_001,2026-07-31T17:51:10
POL02689,CUST01530,Auto,2022-07-18,2023-07-18,4582.31,Cancelled,batch_001,2026-07-31T17:51:10
POL02690,CUST01340,Life,2026-05-16,2028-05-15,4979.14,Lapsed,batch_001,2026-07-31T17:51:10
POL02691,CUST00275,Auto,2023-04-11,2026-04-10,1802.01,Cancelled,batch_001,2026-07-31T17:51:10
POL02692,CUST00461,Home,2026-03-21,2027-03-21,4876.29,Cancelled,batch_001,2026-07-31T17:51:10
POL02693,CUST01919,Home,2023-02-09,2024-02-09,2954.84,Active,batch_001,2026-07-31T17:51:10
POL02694,CUST01135,Life,2026-04-04,2029-04-03,2268.54,Lapsed,batch_001,2026-07-31T17:51:10
POL02695,CUST01354,Auto,2021-10-21,2024-10-20,930.59,Active,batch_001,2026-07-31T17:51:10
POL02696,CUST01860,Life,2025-07-03,2028-07-02,2961.07,Active,batch_001,2026-07-31T17:51:10
POL02697,CUST00027,Life,2023-05-12,2025-05-11,2958.74,Active,batch_001,2026-07-31T17:51:10
POL02698,CUST01750,Home,2025-04-22,2026-04-22,1281.10,Lapsed,batch_001,2026-07-31T17:51:10
POL02699,CUST01338,Life,2024-01-21,2025-01-20,3005.01,Cancelled,batch_001,2026-07-31T17:51:10
POL02700,CUST01453,Home,2022-03-01,2025-02-28,1161.59,Active,batch_001,2026-07-31T17:51:10
POL02701,CUST00744,Auto,2025-01-21,2026-01-21,1189.49,Active,batch_001,2026-07-31T17:51:10
POL02702,CUST00162,Home,2025-10-28,2028-10-27,3089.22,Cancelled,batch_001,2026-07-31T17:51:10
POL02703,CUST01342,Health,2022-10-05,2024-10-04,4782.37,Active,batch_001,2026-07-31T17:51:10
POL02704,CUST01241,Home,2024-02-25,2027-02-24,1202.27,Lapsed,batch_001,2026-07-31T17:51:10
POL02705,CUST00890,Health,2023-08-20,2025-08-19,1318.30,Active,batch_001,2026-07-31T17:51:10
POL02706,CUST01801,Auto,2023-09-23,2024-09-22,4412.66,Lapsed,batch_001,2026-07-31T17:51:10
POL02707,CUST00855,Life,2022-11-20,2023-11-20,2330.97,Active,batch_001,2026-07-31T17:51:10
POL02708,CUST00814,Home,2025-03-05,2027-03-05,2305.02,Lapsed,batch_001,2026-07-31T17:51:10
POL02709,CUST00381,Home,2024-10-13,2027-10-13,4109.60,Cancelled,batch_001,2026-07-31T17:51:10
POL02710,CUST00499,Home,2022-03-16,2025-03-15,3677.69,Active,batch_001,2026-07-31T17:51:10
POL02711,CUST01468,Health,2025-05-25,2026-05-25,4715.34,Lapsed,batch_001,2026-07-31T17:51:10
POL02712,CUST00372,Health,2025-08-26,2026-08-26,1209.57,Lapsed,batch_001,2026-07-31T17:51:10
POL02713,CUST01872,Auto,2026-07-12,2028-07-11,2641.93,Active,batch_001,2026-07-31T17:51:10
POL02714,CUST01640,Auto,2024-12-26,2026-12-26,4056.38,Lapsed,batch_001,2026-07-31T17:51:10
POL02715,CUST00268,Life,2026-02-14,2028-02-14,4739.51,Cancelled,batch_001,2026-07-31T17:51:10
POL02716,CUST00346,Life,2025-11-19,2027-11-19,1300.92,Lapsed,batch_001,2026-07-31T17:51:10
POL02717,CUST01126,Health,2025-02-18,2026-02-18,4766.28,Active,batch_001,2026-07-31T17:51:10
POL02718,CUST00727,Auto,2026-03-15,2027-03-15,4267.59,Active,batch_001,2026-07-31T17:51:10
POL02719,CUST01925,Auto,2021-11-21,2024-11-20,947.64,Active,batch_001,2026-07-31T17:51:10
POL02720,CUST01201,Health,2024-08-20,2027-08-20,4051.43,Cancelled,batch_001,2026-07-31T17:51:10
POL02721,CUST01718,Home,2026-02-22,2028-02-22,4151.60,Active,batch_001,2026-07-31T17:51:10
POL02722,CUST00744,Health,2022-04-20,2025-04-19,4833.44,Active,batch_001,2026-07-31T17:51:10
POL02723,CUST00836,Health,2022-07-04,2023-07-04,343.90,Lapsed,batch_001,2026-07-31T17:51:10
POL02724,CUST01087,Health,2023-09-09,2026-09-08,1991.28,Active,batch_001,2026-07-31T17:51:10
POL02725,CUST01928,Auto,2024-08-05,2025-08-05,1791.59,Cancelled,batch_001,2026-07-31T17:51:10
POL02726,CUST00191,Life,2022-12-28,2023-12-28,4585.17,Cancelled,batch_001,2026-07-31T17:51:10
POL02727,CUST00648,Auto,2021-12-14,2024-12-13,2720.98,Active,batch_001,2026-07-31T17:51:10
POL02728,CUST00378,Life,2026-05-14,2028-05-13,4506.51,Active,batch_001,2026-07-31T17:51:10
POL02729,CUST01903,Life,2024-12-22,2025-12-22,4849.91,Cancelled,batch_001,2026-07-31T17:51:10
POL02730,CUST00003,Health,2024-05-25,2026-05-25,845.15,Lapsed,batch_001,2026-07-31T17:51:10
POL02731,CUST01053,Home,2025-03-28,2027-03-28,4517.84,Lapsed,batch_001,2026-07-31T17:51:10
POL02732,CUST00395,Life,2022-06-24,2025-06-23,2791.93,Lapsed,batch_001,2026-07-31T17:51:10
POL02733,CUST00804,Home,2021-08-31,2024-08-30,4189.23,Active,batch_001,2026-07-31T17:51:10
POL02734,CUST00585,Home,2022-06-01,2025-05-31,823.08,Cancelled,batch_001,2026-07-31T17:51:10
POL02735,CUST01655,Health,2023-10-11,2024-10-10,3767.29,Cancelled,batch_001,2026-07-31T17:51:10
POL02736,CUST01027,Home,2023-06-19,2024-06-18,1398.94,Cancelled,batch_001,2026-07-31T17:51:10
POL02737,CUST01893,Health,2025-12-02,2028-12-01,1645.32,Active,batch_001,2026-07-31T17:51:10
POL02738,CUST00595,Auto,2025-12-27,2027-12-27,2225.70,Cancelled,batch_001,2026-07-31T17:51:10
POL02739,CUST00811,Home,2026-04-28,2028-04-27,3233.03,Active,batch_001,2026-07-31T17:51:10
POL02740,CUST00975,Home,2026-07-07,2027-07-07,3246.23,Lapsed,batch_001,2026-07-31T17:51:10
POL02741,CUST01970,Life,2026-06-21,2028-06-20,256.22,Lapsed,batch_001,2026-07-31T17:51:10
POL02742,CUST01662,Life,2023-06-16,2024-06-15,3217.82,Active,batch_001,2026-07-31T17:51:10
POL02743,CUST01802,Auto,2025-05-14,2027-05-14,3182.30,Cancelled,batch_001,2026-07-31T17:51:10
POL02744,CUST01382,Health,2024-10-04,2026-10-04,3346.21,Active,batch_001,2026-07-31T17:51:10
POL02745,CUST01997,Life,2024-11-26,2026-11-26,1836.72,Cancelled,batch_001,2026-07-31T17:51:10
POL02746,CUST01403,Health,2025-07-07,2026-07-07,3406.46,Active,batch_001,2026-07-31T17:51:10
POL02747,CUST00105,Home,2025-10-31,2027-10-31,2247.27,Active,batch_001,2026-07-31T17:51:10
POL02748,CUST00456,Auto,2022-11-10,2023-11-10,4880.42,Cancelled,batch_001,2026-07-31T17:51:10
POL02749,CUST01424,Health,2024-07-05,2027-07-05,1619.42,Lapsed,batch_001,2026-07-31T17:51:10
POL02750,CUST00340,Home,2021-10-14,2023-10-14,2855.83,Lapsed,batch_001,2026-07-31T17:51:10
POL02751,CUST00909,Auto,2025-09-06,2028-09-05,1135.41,Active,batch_001,2026-07-31T17:51:10
POL02752,CUST00622,Auto,2022-06-19,2025-06-18,3774.06,Cancelled,batch_001,2026-07-31T17:51:10
POL02753,CUST00684,Health,2024-02-02,2026-02-01,2789.39,Active,batch_001,2026-07-31T17:51:10
POL02754,CUST00927,Home,2025-02-11,2026-02-11,3465.91,Cancelled,batch_001,2026-07-31T17:51:10
POL02755,CUST00829,Health,2022-04-22,2025-04-21,2235.28,Active,batch_001,2026-07-31T17:51:10
POL02756,CUST01726,Life,2022-07-25,2024-07-24,1623.18,Lapsed,batch_001,2026-07-31T17:51:10
POL02757,CUST01229,Auto,2022-10-13,2024-10-12,853.38,Active,batch_001,2026-07-31T17:51:10
POL02758,CUST01277,Home,2024-07-16,2026-07-16,3600.04,Cancelled,batch_001,2026-07-31T17:51:10
POL02759,CUST00274,Auto,2024-03-25,2027-03-25,3051.13,Lapsed,batch_001,2026-07-31T17:51:10
POL02760,CUST00657,Home,2024-06-29,2025-06-29,890.20,Lapsed,batch_001,2026-07-31T17:51:10
POL02761,CUST01602,Home,2025-06-13,2026-06-13,3301.21,Active,batch_001,2026-07-31T17:51:10
POL02762,CUST01132,Home,2023-05-03,2025-05-02,538.55,Lapsed,batch_001,2026-07-31T17:51:10
POL02763,CUST00622,Home,2026-01-04,2027-01-04,3684.70,Lapsed,batch_001,2026-07-31T17:51:10
POL02764,CUST01342,Auto,2025-09-07,2026-09-07,3426.74,Cancelled,batch_001,2026-07-31T17:51:10
POL02765,CUST00421,Life,2024-07-16,2025-07-16,2698.98,Active,batch_001,2026-07-31T17:51:10
POL02766,CUST00512,Life,2025-08-17,2028-08-16,2303.71,Active,batch_001,2026-07-31T17:51:10
POL02767,CUST01399,Health,2022-05-29,2023-05-29,4425.09,Active,batch_001,2026-07-31T17:51:10
POL02768,CUST01047,Auto,2025-04-21,2027-04-21,4222.29,Cancelled,batch_001,2026-07-31T17:51:10
POL02769,CUST00690,Life,2025-06-04,2027-06-04,2244.37,Lapsed,batch_001,2026-07-31T17:51:10
POL02770,CUST00363,Health,2024-04-15,2025-04-15,2709.63,Active,batch_001,2026-07-31T17:51:10
POL02771,CUST01772,Life,2022-02-23,2025-02-22,2573.75,Active,batch_001,2026-07-31T17:51:10
POL02772,CUST01148,Health,2024-02-17,2027-02-16,704.91,Lapsed,batch_001,2026-07-31T17:51:10
POL02773,CUST01719,Health,2021-12-15,2024-12-14,2637.55,Lapsed,batch_001,2026-07-31T17:51:10
POL02774,CUST01989,Home,2022-07-22,2023-07-22,262.05,Cancelled,batch_001,2026-07-31T17:51:10
POL02775,CUST01777,Health,2021-10-08,2023-10-08,1262.66,Active,batch_001,2026-07-31T17:51:10
POL02776,CUST01540,Life,2024-06-29,2027-06-29,2541.74,Active,batch_001,2026-07-31T17:51:10
POL02777,CUST00404,Auto,2022-07-04,2025-07-03,717.43,Active,batch_001,2026-07-31T17:51:10
POL02778,CUST01728,Life,2022-12-22,2023-12-22,1931.36,Cancelled,batch_001,2026-07-31T17:51:10
POL02779,CUST01804,Life,2023-08-26,2026-08-25,391.35,Cancelled,batch_001,2026-07-31T17:51:10
POL02780,CUST01634,Life,2025-12-19,2028-12-18,378.93,Cancelled,batch_001,2026-07-31T17:51:10
POL02781,CUST00741,Auto,2023-01-23,2024-01-23,1236.99,Cancelled,batch_001,2026-07-31T17:51:10
POL02782,CUST01689,Auto,2026-04-09,2028-04-08,674.26,Cancelled,batch_001,2026-07-31T17:51:10
POL02783,CUST01039,Health,2022-12-09,2024-12-08,4277.26,Cancelled,batch_001,2026-07-31T17:51:10
POL02784,CUST01019,Health,2024-05-23,2026-05-23,1891.42,Lapsed,batch_001,2026-07-31T17:51:10
POL02785,CUST01078,Home,2026-05-04,2027-05-04,1757.66,Active,batch_001,2026-07-31T17:51:10
POL02786,CUST01319,Life,2025-03-15,2028-03-14,3899.88,Lapsed,batch_001,2026-07-31T17:51:10
POL02787,CUST00365,Health,2025-07-04,2026-07-04,4254.66,Lapsed,batch_001,2026-07-31T17:51:10
POL02788,CUST00933,Health,2023-07-20,2026-07-19,2783.53,Lapsed,batch_001,2026-07-31T17:51:10
POL02789,CUST00371,Life,2025-01-08,2026-01-08,4588.02,Lapsed,batch_001,2026-07-31T17:51:10
POL02790,CUST00763,Life,2023-02-23,2026-02-22,2586.52,Active,batch_001,2026-07-31T17:51:10
POL02791,CUST01989,Health,2023-03-01,2025-02-28,4308.68,Lapsed,batch_001,2026-07-31T17:51:10
POL02792,CUST00653,Home,2025-04-02,2027-04-02,4499.75,Lapsed,batch_001,2026-07-31T17:51:10
POL02793,CUST01272,Health,2024-12-10,2025-12-10,735.11,Cancelled,batch_001,2026-07-31T17:51:10
POL02794,CUST00312,Home,2021-10-28,2024-10-27,1053.96,Active,batch_001,2026-07-31T17:51:10
POL02795,CUST01658,Health,2023-04-04,2024-04-03,3615.99,Active,batch_001,2026-07-31T17:51:10
POL02796,CUST01450,Life,2025-05-26,2028-05-25,1832.79,Active,batch_001,2026-07-31T17:51:10
POL02797,CUST01204,Auto,2025-03-25,2027-03-25,697.40,Lapsed,batch_001,2026-07-31T17:51:10
POL02798,CUST00168,Home,2024-11-19,2025-11-19,2324.17,Cancelled,batch_001,2026-07-31T17:51:10
POL02799,CUST01122,Auto,2021-08-12,2022-08-12,3404.10,Lapsed,batch_001,2026-07-31T17:51:10
POL02800,CUST00897,Home,2023-05-28,2024-05-27,4199.59,Active,batch_001,2026-07-31T17:51:10
POL02801,CUST00885,Home,2023-04-30,2025-04-29,3309.90,Active,batch_001,2026-07-31T17:51:10
POL02802,CUST00086,Life,2023-12-11,2025-12-10,1369.66,Lapsed,batch_001,2026-07-31T17:51:10
POL02803,CUST00788,Life,2022-02-09,2024-02-09,2870.35,Active,batch_001,2026-07-31T17:51:10
POL02804,CUST01586,Health,2026-06-27,2029-06-26,2988.30,Cancelled,batch_001,2026-07-31T17:51:10
POL02805,CUST01080,Life,2022-06-11,2024-06-10,4056.45,Lapsed,batch_001,2026-07-31T17:51:10
POL02806,CUST00962,Health,2026-02-22,2028-02-22,4520.25,Cancelled,batch_001,2026-07-31T17:51:10
POL02807,CUST00551,Health,2023-03-02,2025-03-01,569.79,Cancelled,batch_001,2026-07-31T17:51:10
POL02808,CUST00528,Auto,2024-09-08,2025-09-08,4018.67,Cancelled,batch_001,2026-07-31T17:51:10
POL02809,CUST01285,Auto,2024-05-07,2027-05-07,2483.54,Cancelled,batch_001,2026-07-31T17:51:10
POL02810,CUST00918,Life,2023-04-03,2024-04-02,3656.51,Lapsed,batch_001,2026-07-31T17:51:10
POL02811,CUST01886,Life,2025-06-20,2028-06-19,4215.74,Lapsed,batch_001,2026-07-31T17:51:10
POL02812,CUST00702,Auto,2022-07-19,2025-07-18,2293.68,Cancelled,batch_001,2026-07-31T17:51:10
POL02813,CUST00236,Health,2023-10-23,2025-10-22,2883.18,Lapsed,batch_001,2026-07-31T17:51:10
POL02814,CUST01452,Auto,2025-09-27,2028-09-26,909.82,Cancelled,batch_001,2026-07-31T17:51:10
POL02815,CUST00113,Life,2026-01-24,2028-01-24,2934.82,Lapsed,batch_001,2026-07-31T17:51:10
POL02816,CUST00547,Life,2024-03-29,2027-03-29,3868.95,Active,batch_001,2026-07-31T17:51:10
POL02817,CUST01248,Health,2024-11-18,2027-11-18,2370.14,Active,batch_001,2026-07-31T17:51:10
POL02818,CUST01668,Home,2024-11-30,2027-11-30,4032.40,Cancelled,batch_001,2026-07-31T17:51:10
POL02819,CUST00028,Auto,2026-07-27,2029-07-26,3016.99,Cancelled,batch_001,2026-07-31T17:51:10
POL02820,CUST00291,Auto,2022-07-19,2024-07-18,3019.75,Cancelled,batch_001,2026-07-31T17:51:10
POL02821,CUST00798,Home,2024-07-14,2026-07-14,3705.83,Cancelled,batch_001,2026-07-31T17:51:10
POL02822,CUST00121,Life,2024-07-27,2025-07-27,4211.55,Cancelled,batch_001,2026-07-31T17:51:10
POL02823,CUST00386,Life,2025-06-21,2026-06-21,1792.59,Cancelled,batch_001,2026-07-31T17:51:10
POL02824,CUST01587,Life,2023-01-17,2026-01-16,4755.34,Lapsed,batch_001,2026-07-31T17:51:10
POL02825,CUST01407,Home,2024-02-09,2027-02-08,2477.16,Active,batch_001,2026-07-31T17:51:10
POL02826,CUST01763,Health,2022-04-19,2024-04-18,1904.75,Lapsed,batch_001,2026-07-31T17:51:10
POL02827,CUST01645,Home,2022-09-19,2023-09-19,1085.92,Active,batch_001,2026-07-31T17:51:10
POL02828,CUST00335,Health,2024-03-29,2026-03-29,4931.05,Lapsed,batch_001,2026-07-31T17:51:10
POL02829,CUST00084,Auto,2022-07-31,2023-07-31,2714.56,Cancelled,batch_001,2026-07-31T17:51:10
POL02830,CUST00392,Home,2023-08-10,2024-08-09,3477.01,Active,batch_001,2026-07-31T17:51:10
POL02831,CUST01339,Life,2024-03-04,2027-03-04,260.38,Lapsed,batch_001,2026-07-31T17:51:10
POL02832,CUST01536,Auto,2022-07-28,2023-07-28,4040.18,Active,batch_001,2026-07-31T17:51:10
POL02833,CUST02041,Home,2023-02-18,2024-02-18,3255.11,Cancelled,batch_001,2026-07-31T17:51:10
POL02834,CUST00398,Home,2024-10-01,2025-10-01,4883.72,Cancelled,batch_001,2026-07-31T17:51:10
POL02835,CUST01806,Home,2022-10-12,2024-10-11,2955.13,Cancelled,batch_001,2026-07-31T17:51:10
POL02836,CUST01824,Auto,2025-12-03,2026-12-03,4108.94,Cancelled,batch_001,2026-07-31T17:51:10
POL02837,CUST00493,Health,2024-11-17,2025-11-17,4689.41,Lapsed,batch_001,2026-07-31T17:51:10
POL02838,CUST00739,Home,2025-02-18,2026-02-18,1875.46,Active,batch_001,2026-07-31T17:51:10
POL02839,CUST00636,Health,2022-10-01,2024-09-30,1127.17,Lapsed,batch_001,2026-07-31T17:51:10
POL02840,CUST01593,Life,2026-06-19,2029-06-18,2830.31,Active,batch_001,2026-07-31T17:51:10
POL02841,CUST01386,Home,2024-11-03,2027-11-03,2861.42,Lapsed,batch_001,2026-07-31T17:51:10
POL02842,CUST02011,Home,2025-03-05,2026-03-05,1349.37,Lapsed,batch_001,2026-07-31T17:51:10
POL02843,CUST01968,Auto,2023-02-27,2024-02-27,1919.94,Cancelled,batch_001,2026-07-31T17:51:10
POL02844,CUST01313,Life,2025-09-19,2026-09-19,3384.86,Cancelled,batch_001,2026-07-31T17:51:10
POL02845,CUST01313,Home,2026-02-23,2029-02-22,1164.47,Lapsed,batch_001,2026-07-31T17:51:10
POL02846,CUST01747,Life,2023-01-19,2024-01-19,1606.20,Lapsed,batch_001,2026-07-31T17:51:10
POL02847,CUST00098,Life,2026-04-19,2028-04-18,595.47,Active,batch_001,2026-07-31T17:51:10
POL02848,CUST01593,Health,2022-12-30,2024-12-29,2894.01,Lapsed,batch_001,2026-07-31T17:51:10
POL02849,CUST00226,Auto,2025-09-28,2027-09-28,3900.05,Active,batch_001,2026-07-31T17:51:10
POL02850,CUST00711,Health,2024-01-13,2025-01-12,1674.18,Cancelled,batch_001,2026-07-31T17:51:10
POL02851,CUST00194,Health,2022-10-08,2023-10-08,2764.60,Lapsed,batch_001,2026-07-31T17:51:10
POL02852,CUST00215,Life,2023-03-03,2024-03-02,1888.47,Cancelled,batch_001,2026-07-31T17:51:10
POL02853,CUST00731,Health,2024-04-02,2027-04-02,2715.13,Cancelled,batch_001,2026-07-31T17:51:10
POL02854,CUST00879,Auto,2025-05-31,2028-05-30,414.66,Lapsed,batch_001,2026-07-31T17:51:10
POL02855,CUST01312,Auto,2022-01-12,2023-01-12,4483.31,Cancelled,batch_001,2026-07-31T17:51:10
POL02856,CUST00064,Auto,2024-08-18,2025-08-18,2577.32,Lapsed,batch_001,2026-07-31T17:51:10
POL02857,CUST00477,Health,2021-08-28,2022-08-28,4521.54,Active,batch_001,2026-07-31T17:51:10
POL02858,CUST01355,Home,2025-09-12,2026-09-12,3366.05,Lapsed,batch_001,2026-07-31T17:51:10
POL02859,CUST01647,Auto,2022-09-27,2023-09-27,1984.56,Active,batch_001,2026-07-31T17:51:10
POL02860,CUST01058,Life,2023-03-28,2024-03-27,3074.01,Cancelled,batch_001,2026-07-31T17:51:10
POL02861,CUST01269,Home,2024-11-03,2027-11-03,3608.83,Cancelled,batch_001,2026-07-31T17:51:10
POL02862,CUST01677,Auto,2026-05-09,2029-05-08,4585.93,Lapsed,batch_001,2026-07-31T17:51:10
POL02863,CUST00777,Life,2025-11-16,2027-11-16,2010.23,Lapsed,batch_001,2026-07-31T17:51:10
POL02864,CUST01620,Auto,2025-10-14,2028-10-13,250.06,Cancelled,batch_001,2026-07-31T17:51:10
POL02865,CUST00914,Auto,2025-01-21,2027-01-21,818.66,Cancelled,batch_001,2026-07-31T17:51:10
POL02866,CUST02002,Auto,2025-10-04,2026-10-04,753.34,Active,batch_001,2026-07-31T17:51:10
POL02867,CUST01051,Life,2025-02-10,2028-02-10,1771.42,Lapsed,batch_001,2026-07-31T17:51:10
POL02868,CUST01072,Auto,2025-05-08,2028-05-07,1574.91,Active,batch_001,2026-07-31T17:51:10
POL02869,CUST00828,Auto,2025-09-25,2027-09-25,4149.81,Cancelled,batch_001,2026-07-31T17:51:10
POL02870,CUST00147,Life,2022-12-31,2024-12-30,1163.78,Lapsed,batch_001,2026-07-31T17:51:10
POL02871,CUST00156,Life,2022-04-12,2023-04-12,734.75,Active,batch_001,2026-07-31T17:51:10
POL02872,CUST00277,Home,2026-05-21,2027-05-21,3860.20,Lapsed,batch_001,2026-07-31T17:51:10
POL02873,CUST00585,Life,2021-11-02,2024-11-01,1980.33,Cancelled,batch_001,2026-07-31T17:51:10
POL02874,CUST00775,Home,2023-06-15,2024-06-14,3381.81,Cancelled,batch_001,2026-07-31T17:51:10
POL02875,CUST00059,Home,2024-01-23,2026-01-22,410.04,Lapsed,batch_001,2026-07-31T17:51:10
POL02876,CUST01435,Life,2021-11-08,2023-11-08,4624.83,Active,batch_001,2026-07-31T17:51:10
POL02877,CUST01557,Home,2023-11-30,2026-11-29,470.86,Lapsed,batch_001,2026-07-31T17:51:10
POL02878,CUST00754,Home,2023-06-28,2026-06-27,505.52,Lapsed,batch_001,2026-07-31T17:51:10
POL02879,CUST00104,Life,2026-02-24,2029-02-23,3661.67,Active,batch_001,2026-07-31T17:51:10
POL02880,CUST01179,Home,2024-01-12,2025-01-11,3087.97,Active,batch_001,2026-07-31T17:51:10
POL02881,CUST00233,Auto,2023-01-03,2026-01-02,4828.05,Cancelled,batch_001,2026-07-31T17:51:10
POL02882,CUST00072,Home,2025-06-19,2026-06-19,2167.64,Cancelled,batch_001,2026-07-31T17:51:10
POL02883,CUST00588,Auto,2026-05-22,2028-05-21,1977.79,Cancelled,batch_001,2026-07-31T17:51:10
POL02884,CUST00015,Auto,2025-10-15,2026-10-15,228.33,Lapsed,batch_001,2026-07-31T17:51:10
POL02885,CUST00920,Auto,2026-04-02,2029-04-01,774.28,Cancelled,batch_001,2026-07-31T17:51:10
POL02886,CUST01952,Life,2025-12-03,2028-12-02,554.84,Lapsed,batch_001,2026-07-31T17:51:10
POL02887,CUST01842,Home,2022-07-16,2025-07-15,3157.04,Cancelled,batch_001,2026-07-31T17:51:10
POL02888,CUST01414,Life,2026-06-13,2028-06-12,3140.52,Lapsed,batch_001,2026-07-31T17:51:10
POL02889,CUST01476,Home,2022-07-19,2023-07-19,2380.27,Active,batch_001,2026-07-31T17:51:10
POL02890,CUST00715,Life,2023-11-09,2025-11-08,3258.05,Lapsed,batch_001,2026-07-31T17:51:10
POL02891,CUST00086,Life,2026-03-13,2027-03-13,1966.77,Lapsed,batch_001,2026-07-31T17:51:10
POL02892,CUST01681,Home,2024-09-11,2025-09-11,404.26,Lapsed,batch_001,2026-07-31T17:51:10
POL02893,CUST01446,Home,2026-03-10,2027-03-10,4232.65,Lapsed,batch_001,2026-07-31T17:51:10
POL02894,CUST01887,Life,2021-12-06,2023-12-06,4441.38,Lapsed,batch_001,2026-07-31T17:51:10
POL02895,CUST01384,Health,2025-05-01,2027-05-01,2424.88,Cancelled,batch_001,2026-07-31T17:51:10
POL02896,CUST00844,Home,2026-03-23,2028-03-22,838.95,Active,batch_001,2026-07-31T17:51:10
POL02897,CUST00798,Health,2023-06-08,2026-06-07,1116.63,Lapsed,batch_001,2026-07-31T17:51:10
POL02898,CUST01673,Health,2025-03-11,2028-03-10,4339.71,Cancelled,batch_001,2026-07-31T17:51:10
POL02899,CUST00579,Life,2022-06-13,2024-06-12,1224.87,Active,batch_001,2026-07-31T17:51:10
POL02900,CUST01231,Life,2023-09-07,2026-09-06,3330.74,Active,batch_001,2026-07-31T17:51:10
POL02901,CUST00642,Life,2024-02-09,2025-02-08,1242.46,Cancelled,batch_001,2026-07-31T17:51:10
POL02902,CUST01815,Auto,2021-11-07,2023-11-07,1065.51,Cancelled,batch_001,2026-07-31T17:51:10
POL02903,CUST00706,Health,2025-05-27,2026-05-27,2052.66,Cancelled,batch_001,2026-07-31T17:51:10
POL02904,CUST00639,Life,2023-10-24,2026-10-23,2904.15,Cancelled,batch_001,2026-07-31T17:51:10
POL02905,CUST01297,Life,2024-07-16,2025-07-16,923.28,Active,batch_001,2026-07-31T17:51:10
POL02906,CUST01994,Health,2022-04-26,2025-04-25,826.66,Cancelled,batch_001,2026-07-31T17:51:10
POL02907,CUST00145,Auto,2025-04-24,2028-04-23,2746.82,Active,batch_001,2026-07-31T17:51:10
POL02908,CUST00217,Health,2022-07-29,2023-07-29,303.04,Active,batch_001,2026-07-31T17:51:10
POL02909,CUST01462,Home,2023-08-05,2025-08-04,4671.50,Cancelled,batch_001,2026-07-31T17:51:10
POL02910,CUST01260,Auto,2023-05-13,2024-05-12,4798.19,Lapsed,batch_001,2026-07-31T17:51:10
POL02911,CUST01830,Life,2026-07-30,2029-07-29,4564.38,Lapsed,batch_001,2026-07-31T17:51:10
POL02912,CUST01243,Auto,2024-07-23,2027-07-23,1041.05,Cancelled,batch_001,2026-07-31T17:51:10
POL02913,CUST00623,Home,2025-03-21,2026-03-21,4523.92,Lapsed,batch_001,2026-07-31T17:51:10
POL02914,CUST01679,Home,2022-12-27,2023-12-27,2755.06,Cancelled,batch_001,2026-07-31T17:51:10
POL02915,CUST01152,Home,2022-10-05,2025-10-04,3217.68,Active,batch_001,2026-07-31T17:51:10
POL02916,CUST01823,Auto,2023-05-02,2026-05-01,4737.93,Active,batch_001,2026-07-31T17:51:10
POL02917,CUST01937,Life,2023-05-03,2024-05-02,4425.11,Lapsed,batch_001,2026-07-31T17:51:10
POL02918,CUST01485,Life,2022-01-30,2023-01-30,3882.26,Cancelled,batch_001,2026-07-31T17:51:10
POL02919,CUST00082,Life,2026-06-05,2029-06-04,1072.80,Cancelled,batch_001,2026-07-31T17:51:10
POL02920,CUST01392,Auto,2024-07-23,2027-07-23,1850.38,Lapsed,batch_001,2026-07-31T17:51:10
POL02921,CUST01230,Life,2026-02-07,2027-02-07,1050.73,Active,batch_001,2026-07-31T17:51:10
POL02922,CUST00808,Health,2023-12-20,2024-12-19,4965.90,Lapsed,batch_001,2026-07-31T17:51:10
POL02923,CUST00341,Health,2026-02-27,2029-02-26,4005.35,Cancelled,batch_001,2026-07-31T17:51:10
POL02924,CUST01712,Home,2023-01-04,2025-01-03,276.59,Lapsed,batch_001,2026-07-31T17:51:10
POL02925,CUST01148,Auto,2024-04-30,2026-04-30,1121.71,Lapsed,batch_001,2026-07-31T17:51:10
POL02926,CUST00214,Home,2024-01-25,2026-01-24,4547.92,Cancelled,batch_001,2026-07-31T17:51:10
POL02927,CUST01774,Health,2024-01-14,2026-01-13,1462.94,Active,batch_001,2026-07-31T17:51:10
POL02928,CUST01877,Auto,2026-06-13,2028-06-12,3799.99,Lapsed,batch_001,2026-07-31T17:51:10
POL02929,CUST00044,Auto,2023-11-07,2026-11-06,350.59,Lapsed,batch_001,2026-07-31T17:51:10
POL02930,CUST01926,Life,2025-12-14,2027-12-14,1158.28,Lapsed,batch_001,2026-07-31T17:51:10
POL02931,CUST01108,Life,2022-05-21,2023-05-21,3537.38,Lapsed,batch_001,2026-07-31T17:51:10
POL02932,CUST01739,Life,2022-09-24,2024-09-23,4055.10,Cancelled,batch_001,2026-07-31T17:51:10
POL02933,CUST01419,Health,2025-01-28,2027-01-28,835.23,Cancelled,batch_001,2026-07-31T17:51:10
POL02934,CUST01093,Auto,2022-01-30,2023-01-30,2546.39,Lapsed,batch_001,2026-07-31T17:51:10
POL02935,CUST01306,Auto,2023-12-08,2026-12-07,607.02,Active,batch_001,2026-07-31T17:51:10
POL02936,CUST00439,Home,2022-08-28,2023-08-28,4069.89,Active,batch_001,2026-07-31T17:51:10
POL02937,CUST00631,Home,2022-09-15,2023-09-15,1992.26,Active,batch_001,2026-07-31T17:51:10
POL02938,CUST00056,Health,2023-09-13,2024-09-12,246.30,Cancelled,batch_001,2026-07-31T17:51:10
POL02939,CUST01888,Health,2022-10-27,2023-10-27,949.97,Cancelled,batch_001,2026-07-31T17:51:10
POL02940,CUST00231,Home,2024-04-25,2025-04-25,3140.31,Active,batch_001,2026-07-31T17:51:10
POL02941,CUST00761,Auto,2023-09-07,2026-09-06,4647.50,Cancelled,batch_001,2026-07-31T17:51:10
POL02942,CUST00955,Home,2024-12-01,2025-12-01,218.44,Active,batch_001,2026-07-31T17:51:10
POL02943,CUST01313,Home,2025-09-27,2028-09-26,581.18,Lapsed,batch_001,2026-07-31T17:51:10
POL02944,CUST02029,Home,2022-10-14,2023-10-14,3599.54,Lapsed,batch_001,2026-07-31T17:51:10
POL02945,CUST00251,Life,2026-06-27,2028-06-26,3711.51,Active,batch_001,2026-07-31T17:51:10
POL02946,CUST00721,Home,2023-11-11,2026-11-10,230.30,Lapsed,batch_001,2026-07-31T17:51:10
POL02947,CUST00776,Auto,2025-02-05,2026-02-05,4415.25,Cancelled,batch_001,2026-07-31T17:51:10
POL02948,CUST01317,Home,2024-10-07,2025-10-07,1103.35,Active,batch_001,2026-07-31T17:51:10
POL02949,CUST01216,Life,2025-06-03,2027-06-03,3249.43,Cancelled,batch_001,2026-07-31T17:51:10
POL02950,CUST01748,Health,2022-03-21,2025-03-20,1569.93,Lapsed,batch_001,2026-07-31T17:51:10
POL02951,CUST00029,Health,2022-05-15,2025-05-14,1355.70,Lapsed,batch_001,2026-07-31T17:51:10
POL02952,CUST00258,Life,2025-01-01,2026-01-01,510.34,Lapsed,batch_001,2026-07-31T17:51:10
POL02953,CUST01762,Auto,2025-12-17,2028-12-16,489.94,Cancelled,batch_001,2026-07-31T17:51:10
POL02954,CUST00362,Health,2023-12-11,2026-12-10,2340.47,Cancelled,batch_001,2026-07-31T17:51:10
POL02955,CUST00270,Health,2024-09-18,2026-09-18,3550.76,Cancelled,batch_001,2026-07-31T17:51:10
POL02956,CUST01968,Health,2025-06-11,2027-06-11,2363.78,Lapsed,batch_001,2026-07-31T17:51:10
POL02957,CUST01284,Home,2025-09-23,2027-09-23,3864.38,Active,batch_001,2026-07-31T17:51:10
POL02958,CUST01446,Life,2024-05-11,2027-05-11,1018.65,Lapsed,batch_001,2026-07-31T17:51:10
POL02959,CUST01652,Life,2026-07-12,2028-07-11,1756.97,Lapsed,batch_001,2026-07-31T17:51:10
POL02960,CUST01580,Life,2021-08-06,2023-08-06,932.89,Active,batch_001,2026-07-31T17:51:10
POL02961,CUST01563,Home,2022-05-15,2023-05-15,3983.67,Lapsed,batch_001,2026-07-31T17:51:10
POL02962,CUST00708,Home,2025-06-23,2027-06-23,266.96,Cancelled,batch_001,2026-07-31T17:51:10
POL02963,CUST00068,Life,2024-08-15,2025-08-15,1241.57,Lapsed,batch_001,2026-07-31T17:51:10
POL02964,CUST00811,Auto,2022-02-11,2023-02-11,1500.27,Lapsed,batch_001,2026-07-31T17:51:10
POL02965,CUST01138,Home,2026-02-14,2028-02-14,959.92,Active,batch_001,2026-07-31T17:51:10
POL02966,CUST02045,Life,2024-12-16,2026-12-16,3112.76,Lapsed,batch_001,2026-07-31T17:51:10
POL02967,CUST00245,Health,2023-06-06,2024-06-05,2539.24,Active,batch_001,2026-07-31T17:51:10
POL02968,CUST01953,Health,2025-03-25,2026-03-25,4774.16,Active,batch_001,2026-07-31T17:51:10
POL02969,CUST02025,Home,2023-05-19,2024-05-18,2690.06,Lapsed,batch_001,2026-07-31T17:51:10
POL02970,CUST01262,Home,2025-10-14,2027-10-14,262.24,Lapsed,batch_001,2026-07-31T17:51:10
POL02971,CUST01758,Auto,2023-11-11,2026-11-10,1690.94,Cancelled,batch_001,2026-07-31T17:51:10
POL02972,CUST01398,Health,2024-04-28,2025-04-28,2742.26,Cancelled,batch_001,2026-07-31T17:51:10
POL02973,CUST01940,Auto,2023-12-28,2024-12-27,1973.92,Active,batch_001,2026-07-31T17:51:10
POL02974,CUST01009,Home,2024-06-13,2026-06-13,1976.04,Lapsed,batch_001,2026-07-31T17:51:10
POL02975,CUST01281,Life,2026-03-26,2029-03-25,1320.50,Lapsed,batch_001,2026-07-31T17:51:10
POL02976,CUST01357,Home,2026-06-29,2029-06-28,1835.64,Active,batch_001,2026-07-31T17:51:10
POL02977,CUST00938,Home,2022-09-08,2024-09-07,3951.66,Active,batch_001,2026-07-31T17:51:10
POL02978,CUST00080,Health,2026-05-23,2028-05-22,2903.83,Cancelled,batch_001,2026-07-31T17:51:10
POL02979,CUST00608,Health,2025-09-14,2026-09-14,2043.89,Active,batch_001,2026-07-31T17:51:10
POL02980,CUST01090,Auto,2024-07-01,2027-07-01,2556.51,Lapsed,batch_001,2026-07-31T17:51:10
POL02981,CUST01132,Home,2021-12-27,2023-12-27,3931.68,Lapsed,batch_001,2026-07-31T17:51:10
POL02982,CUST00915,Auto,2021-12-19,2022-12-19,2473.99,Lapsed,batch_001,2026-07-31T17:51:10
POL02983,CUST01977,Home,2022-06-04,2024-06-03,4159.22,Lapsed,batch_001,2026-07-31T17:51:10
POL02984,CUST01287,Home,2025-06-26,2027-06-26,2526.55,Cancelled,batch_001,2026-07-31T17:51:10
POL02985,CUST00494,Health,2021-09-18,2022-09-18,4797.08,Cancelled,batch_001,2026-07-31T17:51:10
POL02986,CUST00799,Health,2022-08-19,2023-08-19,3730.38,Active,batch_001,2026-07-31T17:51:10
POL02987,CUST00045,Health,2022-12-02,2024-12-01,2230.36,Lapsed,batch_001,2026-07-31T17:51:10
POL02988,CUST00104,Auto,2025-05-01,2026-05-01,891.49,Cancelled,batch_001,2026-07-31T17:51:10
POL02989,CUST00323,Health,2025-06-17,2028-06-16,3859.39,Lapsed,batch_001,2026-07-31T17:51:10
POL02990,CUST01565,Home,2021-08-01,2022-08-01,2344.09,Cancelled,batch_001,2026-07-31T17:51:10
POL02991,CUST00442,Health,2025-03-20,2027-03-20,3840.62,Lapsed,batch_001,2026-07-31T17:51:10
POL02992,CUST01857,Health,2023-04-19,2025-04-18,1149.35,Active,batch_001,2026-07-31T17:51:10
POL02993,CUST00070,Auto,2022-09-12,2025-09-11,816.97,Active,batch_001,2026-07-31T17:51:10
POL02994,CUST01511,Home,2024-02-22,2026-02-21,2852.36,Lapsed,batch_001,2026-07-31T17:51:10
POL02995,CUST00105,Life,2022-12-05,2025-12-04,2000.14,Cancelled,batch_001,2026-07-31T17:51:10
POL02996,CUST01338,Auto,2023-11-28,2025-11-27,2098.58,Cancelled,batch_001,2026-07-31T17:51:10
POL02997,CUST00162,Auto,2022-05-15,2024-05-14,1755.27,Cancelled,batch_001,2026-07-31T17:51:10
POL02998,CUST02035,Auto,2024-08-22,2027-08-22,3625.59,Active,batch_001,2026-07-31T17:51:10
POL02999,CUST00670,Home,2023-09-15,2024-09-14,927.54,Active,batch_001,2026-07-31T17:51:10
POL03000,CUST01386,Auto,2022-04-12,2024-04-11,4867.13,Lapsed,batch_001,2026-07-31T17:51:10
POL03001,CUST02018,Life,2024-09-27,2026-09-27,3804.08,Cancelled,batch_001,2026-07-31T17:51:10
POL03002,CUST01622,Home,2022-12-26,2023-12-26,2718.46,Cancelled,batch_001,2026-07-31T17:51:10
POL03003,CUST01838,Home,2022-01-06,2023-01-06,4108.95,Active,batch_001,2026-07-31T17:51:10
POL03004,CUST00232,Auto,2024-12-12,2026-12-12,1291.50,Active,batch_001,2026-07-31T17:51:10
POL03005,CUST00924,Life,2024-03-05,2027-03-05,4245.89,Active,batch_001,2026-07-31T17:51:10
POL03006,CUST00953,Home,2023-07-27,2024-07-26,1251.20,Active,batch_001,2026-07-31T17:51:10
POL03007,CUST01588,Life,2025-03-24,2028-03-23,1733.40,Active,batch_001,2026-07-31T17:51:10
POL03008,CUST02017,Auto,2022-05-09,2025-05-08,3874.58,Cancelled,batch_001,2026-07-31T17:51:10
POL03009,CUST00279,Auto,2022-05-21,2025-05-20,3546.20,Active,batch_001,2026-07-31T17:51:10
POL03010,CUST00941,Life,2021-08-02,2024-08-01,372.83,Active,batch_001,2026-07-31T17:51:10
POL03011,CUST01508,Home,2023-05-24,2025-05-23,3568.76,Lapsed,batch_001,2026-07-31T17:51:10
POL03012,CUST00031,Health,2025-08-19,2026-08-19,930.83,Lapsed,batch_001,2026-07-31T17:51:10
POL03013,CUST01591,Home,2022-03-29,2025-03-28,1996.64,Active,batch_001,2026-07-31T17:51:10
POL03014,CUST00802,Health,2022-09-15,2025-09-14,1430.14,Lapsed,batch_001,2026-07-31T17:51:10
POL03015,CUST01169,Life,2023-07-02,2025-07-01,772.00,Active,batch_001,2026-07-31T17:51:10
POL03016,CUST01662,Home,2025-12-29,2027-12-29,3096.17,Active,batch_001,2026-07-31T17:51:10
POL03017,CUST00438,Home,2025-05-12,2026-05-12,399.97,Active,batch_001,2026-07-31T17:51:10
POL03018,CUST01224,Home,2021-08-27,2024-08-26,3731.37,Cancelled,batch_001,2026-07-31T17:51:10
POL03019,CUST00223,Home,2021-08-24,2023-08-24,1932.50,Cancelled,batch_001,2026-07-31T17:51:10
POL03020,CUST00098,Health,2024-07-01,2026-07-01,1240.67,Active,batch_001,2026-07-31T17:51:10
POL03021,CUST01368,Home,2022-08-08,2023-08-08,4182.02,Lapsed,batch_001,2026-07-31T17:51:10
POL03022,CUST01341,Life,2025-03-03,2028-03-02,2065.14,Lapsed,batch_001,2026-07-31T17:51:10
POL03023,CUST02014,Life,2022-09-13,2025-09-12,3818.52,Cancelled,batch_001,2026-07-31T17:51:10
POL03024,CUST01018,Auto,2025-08-22,2028-08-21,1569.64,Cancelled,batch_001,2026-07-31T17:51:10
POL03025,CUST00128,Auto,2022-03-07,2023-03-07,4445.18,Active,batch_001,2026-07-31T17:51:10
POL03026,CUST01243,Life,2023-07-11,2025-07-10,4664.77,Lapsed,batch_001,2026-07-31T17:51:10
POL03027,CUST00654,Auto,2024-11-01,2027-11-01,2926.93,Active,batch_001,2026-07-31T17:51:10
POL03028,CUST00782,Life,2022-05-03,2024-05-02,1233.48,Cancelled,batch_001,2026-07-31T17:51:10
POL03029,CUST01711,Auto,2022-06-13,2024-06-12,565.28,Lapsed,batch_001,2026-07-31T17:51:10
POL03030,CUST01238,Home,2022-06-15,2023-06-15,4512.90,Lapsed,batch_001,2026-07-31T17:51:10
POL03031,CUST00839,Auto,2024-03-29,2026-03-29,4664.60,Cancelled,batch_001,2026-07-31T17:51:10
POL03032,CUST00125,Life,2024-09-13,2027-09-13,4771.64,Active,batch_001,2026-07-31T17:51:10
POL03033,CUST00962,Life,2024-02-14,2025-02-13,740.42,Cancelled,batch_001,2026-07-31T17:51:10
POL03034,CUST01107,Auto,2022-09-29,2025-09-28,2875.74,Cancelled,batch_001,2026-07-31T17:51:10
POL03035,CUST00628,Home,2024-10-31,2027-10-31,2502.68,Active,batch_001,2026-07-31T17:51:10
POL03036,CUST00123,Auto,2022-09-16,2024-09-15,3454.49,Lapsed,batch_001,2026-07-31T17:51:10
POL03037,CUST01690,Home,2022-10-16,2024-10-15,4186.17,Active,batch_001,2026-07-31T17:51:10
POL03038,CUST00259,Health,2022-02-27,2025-02-26,4507.56,Cancelled,batch_001,2026-07-31T17:51:10
POL03039,CUST00831,Health,2026-02-02,2028-02-02,3650.58,Active,batch_001,2026-07-31T17:51:10
POL03040,CUST00771,Home,2026-05-15,2029-05-14,1505.42,Cancelled,batch_001,2026-07-31T17:51:10
POL03041,CUST00181,Life,2021-08-25,2023-08-25,4089.70,Cancelled,batch_001,2026-07-31T17:51:10
POL03042,CUST00949,Auto,2022-12-21,2025-12-20,2544.93,Lapsed,batch_001,2026-07-31T17:51:10
POL03043,CUST01505,Life,2025-04-27,2027-04-27,624.40,Lapsed,batch_001,2026-07-31T17:51:10
POL03044,CUST01521,Home,2024-07-25,2027-07-25,986.69,Lapsed,batch_001,2026-07-31T17:51:10
POL03045,CUST01668,Home,2023-05-22,2026-05-21,3268.71,Cancelled,batch_001,2026-07-31T17:51:10
POL03046,CUST01424,Health,2022-11-12,2024-11-11,1986.13,Active,batch_001,2026-07-31T17:51:10
POL03047,CUST02026,Life,2025-01-29,2028-01-29,3807.96,Lapsed,batch_001,2026-07-31T17:51:10
POL03048,CUST01038,Home,2025-05-04,2027-05-04,614.94,Lapsed,batch_001,2026-07-31T17:51:10
POL03049,CUST01847,Home,2023-06-04,2025-06-03,3298.23,Active,batch_001,2026-07-31T17:51:10
POL03050,CUST00595,Health,2022-04-25,2024-04-24,2630.49,Cancelled,batch_001,2026-07-31T17:51:10
POL03051,CUST00654,Home,2022-06-07,2025-06-06,4193.66,Active,batch_001,2026-07-31T17:51:10
POL03052,CUST01717,Auto,2022-10-08,2025-10-07,2102.48,Cancelled,batch_001,2026-07-31T17:51:10
POL03053,CUST00426,Auto,2022-08-16,2025-08-15,401.50,Lapsed,batch_001,2026-07-31T17:51:10
POL03054,CUST00675,Home,2024-11-04,2027-11-04,3390.26,Cancelled,batch_001,2026-07-31T17:51:10
POL03055,CUST02004,Auto,2024-07-26,2027-07-26,3981.08,Lapsed,batch_001,2026-07-31T17:51:10
POL03056,CUST01530,Life,2025-03-25,2028-03-24,4215.05,Cancelled,batch_001,2026-07-31T17:51:10
POL03057,CUST00898,Health,2024-04-02,2027-04-02,4132.93,Cancelled,batch_001,2026-07-31T17:51:10
POL03058,CUST00436,Home,2022-10-07,2024-10-06,3501.44,Cancelled,batch_001,2026-07-31T17:51:10
POL03059,CUST00772,Auto,2023-09-07,2026-09-06,2377.54,Cancelled,batch_001,2026-07-31T17:51:10
POL03060,CUST00296,Health,2023-12-07,2024-12-06,2576.97,Active,batch_001,2026-07-31T17:51:10
POL03061,CUST00858,Auto,2022-04-17,2024-04-16,1653.72,Active,batch_001,2026-07-31T17:51:10
POL03062,CUST01212,Auto,2023-09-09,2024-09-08,277.86,Active,batch_001,2026-07-31T17:51:10
POL03063,CUST00293,Auto,2026-04-14,2027-04-14,4172.75,Lapsed,batch_001,2026-07-31T17:51:10
POL03064,CUST01729,Health,2024-01-01,2025-12-31,4764.86,Cancelled,batch_001,2026-07-31T17:51:10
POL03065,CUST01230,Health,2021-10-21,2023-10-21,250.73,Lapsed,batch_001,2026-07-31T17:51:10
POL03066,CUST01756,Life,2024-02-22,2026-02-21,1200.55,Cancelled,batch_001,2026-07-31T17:51:10
POL03067,CUST02013,Auto,2023-04-29,2026-04-28,3048.01,Lapsed,batch_001,2026-07-31T17:51:10
POL03068,CUST01048,Life,2025-12-24,2027-12-24,1887.19,Lapsed,batch_001,2026-07-31T17:51:10
POL03069,CUST01732,Health,2025-11-29,2028-11-28,3894.98,Cancelled,batch_001,2026-07-31T17:51:10
POL03070,CUST01557,Auto,2023-03-08,2025-03-07,4974.26,Lapsed,batch_001,2026-07-31T17:51:10
POL03071,CUST00378,Auto,2024-11-28,2025-11-28,2479.38,Active,batch_001,2026-07-31T17:51:10
POL03072,CUST00386,Life,2024-02-03,2027-02-02,4187.02,Lapsed,batch_001,2026-07-31T17:51:10
POL03073,CUST01923,Auto,2022-01-15,2025-01-14,1819.44,Lapsed,batch_001,2026-07-31T17:51:10
POL03074,CUST01849,Home,2023-08-12,2025-08-11,2852.60,Cancelled,batch_001,2026-07-31T17:51:10
POL03075,CUST00526,Auto,2025-10-14,2027-10-14,655.78,Cancelled,batch_001,2026-07-31T17:51:10
POL03076,CUST00743,Life,2024-11-09,2026-11-09,531.68,Lapsed,batch_001,2026-07-31T17:51:10
POL03077,CUST00200,Health,2022-07-15,2025-07-14,2912.24,Cancelled,batch_001,2026-07-31T17:51:10
POL03078,CUST02012,Home,2023-08-18,2024-08-17,3551.44,Lapsed,batch_001,2026-07-31T17:51:10
POL03079,CUST00164,Health,2025-10-29,2027-10-29,4297.06,Cancelled,batch_001,2026-07-31T17:51:10
POL03080,CUST00635,Auto,2022-03-07,2024-03-06,2248.31,Active,batch_001,2026-07-31T17:51:10
POL03081,CUST00024,Life,2026-01-26,2028-01-26,2533.99,Cancelled,batch_001,2026-07-31T17:51:10
POL03082,CUST01544,Auto,2021-09-05,2024-09-04,4545.97,Lapsed,batch_001,2026-07-31T17:51:10
POL03083,CUST02021,Home,2024-08-24,2025-08-24,1272.43,Cancelled,batch_001,2026-07-31T17:51:10
POL03084,CUST00476,Auto,2024-04-08,2026-04-08,4080.41,Active,batch_001,2026-07-31T17:51:10
POL03085,CUST00097,Life,2022-09-13,2023-09-13,833.60,Lapsed,batch_001,2026-07-31T17:51:10
POL03086,CUST01762,Auto,2024-11-12,2026-11-12,4012.82,Cancelled,batch_001,2026-07-31T17:51:10
POL03087,CUST01509,Auto,2026-05-30,2029-05-29,4508.91,Lapsed,batch_001,2026-07-31T17:51:10
POL03088,CUST01788,Life,2025-02-26,2027-02-26,360.98,Active,batch_001,2026-07-31T17:51:10
POL03089,CUST01465,Life,2024-09-07,2025-09-07,618.77,Lapsed,batch_001,2026-07-31T17:51:10
POL03090,CUST00564,Auto,2026-03-23,2029-03-22,4612.52,Active,batch_001,2026-07-31T17:51:10
POL03091,CUST00766,Home,2023-01-17,2024-01-17,614.61,Lapsed,batch_001,2026-07-31T17:51:10
POL03092,CUST01530,Health,2025-08-01,2028-07-31,4983.30,Lapsed,batch_001,2026-07-31T17:51:10
POL03093,CUST00760,Life,2022-03-13,2023-03-13,4860.15,Active,batch_001,2026-07-31T17:51:10
POL03094,CUST00830,Home,2021-09-19,2024-09-18,390.83,Lapsed,batch_001,2026-07-31T17:51:10
POL03095,CUST01601,Auto,2026-07-28,2027-07-28,3783.88,Lapsed,batch_001,2026-07-31T17:51:10
POL03096,CUST00050,Auto,2022-02-24,2023-02-24,2648.94,Cancelled,batch_001,2026-07-31T17:51:10
POL03097,CUST00037,Health,2021-09-10,2024-09-09,1476.26,Active,batch_001,2026-07-31T17:51:10
POL03098,CUST01968,Home,2023-10-22,2025-10-21,4619.51,Active,batch_001,2026-07-31T17:51:10
POL03099,CUST01961,Home,2023-05-31,2026-05-30,2478.85,Active,batch_001,2026-07-31T17:51:10
POL03100,CUST00291,Home,2021-11-30,2022-11-30,2061.72,Cancelled,batch_001,2026-07-31T17:51:10
POL03101,CUST00596,Auto,2022-02-02,2023-02-02,4317.66,Lapsed,batch_001,2026-07-31T17:51:10
POL03102,CUST00298,Home,2024-12-17,2027-12-17,4951.36,Active,batch_001,2026-07-31T17:51:10
POL03103,CUST01482,Home,2025-11-19,2028-11-18,3816.39,Lapsed,batch_001,2026-07-31T17:51:10
POL03104,CUST01769,Auto,2024-01-06,2026-01-05,486.43,Lapsed,batch_001,2026-07-31T17:51:10
POL03105,CUST01531,Life,2025-11-02,2027-11-02,332.79,Lapsed,batch_001,2026-07-31T17:51:10
POL03106,CUST00921,Home,2025-02-09,2028-02-09,4214.59,Lapsed,batch_001,2026-07-31T17:51:10
POL03107,CUST01666,Home,2025-03-07,2028-03-06,4757.06,Active,batch_001,2026-07-31T17:51:10
POL03108,CUST02037,Auto,2024-12-30,2027-12-30,2702.04,Lapsed,batch_001,2026-07-31T17:51:10
POL03109,CUST00272,Auto,2022-04-12,2025-04-11,348.39,Cancelled,batch_001,2026-07-31T17:51:10
POL03110,CUST00164,Health,2026-02-21,2027-02-21,3910.01,Lapsed,batch_001,2026-07-31T17:51:10
POL03111,CUST01399,Health,2026-02-24,2028-02-24,1548.00,Cancelled,batch_001,2026-07-31T17:51:10
POL03112,CUST01263,Life,2022-11-16,2025-11-15,1770.02,Cancelled,batch_001,2026-07-31T17:51:10
POL03113,CUST00563,Life,2023-12-09,2025-12-08,2053.25,Lapsed,batch_001,2026-07-31T17:51:10
POL03114,CUST01403,Auto,2022-04-15,2023-04-15,3518.84,Lapsed,batch_001,2026-07-31T17:51:10
POL03115,CUST01112,Health,2024-03-18,2027-03-18,1487.42,Cancelled,batch_001,2026-07-31T17:51:10
POL03116,CUST01328,Home,2022-04-01,2025-03-31,1293.64,Cancelled,batch_001,2026-07-31T17:51:10
POL03117,CUST01255,Home,2025-12-04,2026-12-04,1872.86,Lapsed,batch_001,2026-07-31T17:51:10
POL03118,CUST01141,Health,2023-04-22,2026-04-21,3445.28,Cancelled,batch_001,2026-07-31T17:51:10
POL03119,CUST00772,Home,2022-11-24,2024-11-23,3414.49,Cancelled,batch_001,2026-07-31T17:51:10
POL03120,CUST01481,Health,2026-02-20,2028-02-20,1111.84,Active,batch_001,2026-07-31T17:51:10
POL03121,CUST00711,Auto,2024-05-10,2026-05-10,2992.40,Cancelled,batch_001,2026-07-31T17:51:10
POL03122,CUST01012,Home,2024-11-24,2027-11-24,4405.50,Cancelled,batch_001,2026-07-31T17:51:10
POL03123,CUST00750,Life,2026-07-25,2029-07-24,4185.87,Lapsed,batch_001,2026-07-31T17:51:10
POL03124,CUST01109,Life,2022-02-20,2023-02-20,2079.83,Cancelled,batch_001,2026-07-31T17:51:10
POL03125,CUST00296,Health,2024-03-19,2026-03-19,902.43,Active,batch_001,2026-07-31T17:51:10
POL03126,CUST01611,Auto,2025-04-19,2027-04-19,4102.95,Active,batch_001,2026-07-31T17:51:10
POL03127,CUST01044,Life,2023-08-10,2024-08-09,4097.56,Lapsed,batch_001,2026-07-31T17:51:10
POL03128,CUST01135,Life,2022-01-25,2025-01-24,3001.20,Active,batch_001,2026-07-31T17:51:10
POL03129,CUST01752,Life,2023-08-28,2025-08-27,444.77,Cancelled,batch_001,2026-07-31T17:51:10
POL03130,CUST01585,Health,2022-04-23,2023-04-23,2486.57,Active,batch_001,2026-07-31T17:51:10
POL03131,CUST01481,Auto,2025-04-09,2026-04-09,1069.30,Active,batch_001,2026-07-31T17:51:10
POL03132,CUST01100,Home,2022-07-25,2023-07-25,1531.31,Active,batch_001,2026-07-31T17:51:10
POL03133,CUST00840,Auto,2025-06-07,2028-06-06,3496.28,Cancelled,batch_001,2026-07-31T17:51:10
POL03134,CUST00457,Health,2022-01-16,2025-01-15,487.42,Cancelled,batch_001,2026-07-31T17:51:10
POL03135,CUST01761,Home,2024-03-16,2027-03-16,1530.43,Active,batch_001,2026-07-31T17:51:10
POL03136,CUST01093,Health,2023-01-26,2024-01-26,3167.90,Active,batch_001,2026-07-31T17:51:10
POL03137,CUST01298,Home,2022-08-05,2023-08-05,310.18,Active,batch_001,2026-07-31T17:51:10
POL03138,CUST00072,Home,2021-09-07,2023-09-07,1175.08,Active,batch_001,2026-07-31T17:51:10
POL03139,CUST01105,Life,2022-09-29,2025-09-28,3754.19,Active,batch_001,2026-07-31T17:51:10
POL03140,CUST01665,Home,2021-09-03,2022-09-03,1381.73,Active,batch_001,2026-07-31T17:51:10
POL03141,CUST00711,Home,2022-12-21,2024-12-20,3126.11,Lapsed,batch_001,2026-07-31T17:51:10
POL03142,CUST01264,Life,2025-10-19,2026-10-19,215.21,Cancelled,batch_001,2026-07-31T17:51:10
POL03143,CUST01828,Home,2024-07-11,2027-07-11,4278.03,Active,batch_001,2026-07-31T17:51:10
POL03144,CUST01674,Life,2026-01-09,2027-01-09,4266.95,Lapsed,batch_001,2026-07-31T17:51:10
POL03145,CUST01575,Life,2025-12-22,2026-12-22,3747.99,Active,batch_001,2026-07-31T17:51:10
POL03146,CUST00841,Life,2023-10-13,2026-10-12,3872.27,Lapsed,batch_001,2026-07-31T17:51:10
POL03147,CUST00085,Life,2022-12-30,2025-12-29,1842.99,Cancelled,batch_001,2026-07-31T17:51:10
POL03148,CUST01812,Home,2024-09-27,2027-09-27,2061.92,Lapsed,batch_001,2026-07-31T17:51:10
POL03149,CUST01547,Home,2022-08-28,2023-08-28,3576.59,Lapsed,batch_001,2026-07-31T17:51:10
POL03150,CUST01447,Life,2023-11-12,2024-11-11,1246.06,Lapsed,batch_001,2026-07-31T17:51:10
POL03151,CUST00946,Life,2022-07-31,2023-07-31,3631.68,Cancelled,batch_001,2026-07-31T17:51:10
POL03152,CUST01000,Auto,2021-10-29,2023-10-29,4811.14,Lapsed,batch_001,2026-07-31T17:51:10
POL03153,CUST01593,Health,2024-06-04,2027-06-04,4040.48,Lapsed,batch_001,2026-07-31T17:51:10
POL03154,CUST01788,Life,2025-03-24,2027-03-24,298.37,Lapsed,batch_001,2026-07-31T17:51:10
POL03155,CUST01427,Home,2023-11-22,2024-11-21,2299.34,Lapsed,batch_001,2026-07-31T17:51:10
POL03156,CUST01065,Life,2026-01-12,2028-01-12,4575.67,Active,batch_001,2026-07-31T17:51:10
POL03157,CUST00802,Auto,2022-02-13,2023-02-13,1251.86,Lapsed,batch_001,2026-07-31T17:51:10
POL03158,CUST00937,Auto,2023-10-24,2025-10-23,430.30,Cancelled,batch_001,2026-07-31T17:51:10
POL03159,CUST00206,Health,2026-06-25,2027-06-25,643.41,Active,batch_001,2026-07-31T17:51:10
POL03160,CUST01856,Home,2022-03-26,2025-03-25,4673.65,Lapsed,batch_001,2026-07-31T17:51:10
POL03161,CUST01141,Home,2025-10-18,2026-10-18,4320.80,Active,batch_001,2026-07-31T17:51:10
POL03162,CUST00274,Home,2025-06-13,2027-06-13,1695.67,Active,batch_001,2026-07-31T17:51:10
POL03163,CUST00721,Health,2025-12-02,2028-12-01,450.30,Cancelled,batch_001,2026-07-31T17:51:10
POL03164,CUST00688,Home,2024-08-21,2026-08-21,4721.68,Active,batch_001,2026-07-31T17:51:10
POL03165,CUST00316,Auto,2022-01-18,2023-01-18,3092.64,Active,batch_001,2026-07-31T17:51:10
POL03166,CUST00733,Auto,2025-10-29,2027-10-29,4122.99,Lapsed,batch_001,2026-07-31T17:51:10
POL03167,CUST00733,Home,2026-05-26,2029-05-25,3852.13,Cancelled,batch_001,2026-07-31T17:51:10
POL03168,CUST00036,Health,2022-12-30,2023-12-30,1379.10,Active,batch_001,2026-07-31T17:51:10
POL03169,CUST00085,Auto,2024-09-14,2026-09-14,2663.58,Lapsed,batch_001,2026-07-31T17:51:10
POL03170,CUST01922,Home,2022-11-30,2023-11-30,1001.61,Active,batch_001,2026-07-31T17:51:10
POL03171,CUST01505,Health,2023-09-30,2024-09-29,4336.10,Lapsed,batch_001,2026-07-31T17:51:10
POL03172,CUST00451,Home,2022-06-14,2023-06-14,2383.73,Active,batch_001,2026-07-31T17:51:10
POL03173,CUST00174,Auto,2026-06-17,2029-06-16,3108.85,Lapsed,batch_001,2026-07-31T17:51:10
POL03174,CUST01888,Life,2022-07-23,2023-07-23,202.75,Cancelled,batch_001,2026-07-31T17:51:10
POL03175,CUST01655,Life,2023-07-09,2025-07-08,2841.52,Cancelled,batch_001,2026-07-31T17:51:10
POL03176,CUST01660,Health,2025-11-26,2028-11-25,1898.89,Cancelled,batch_001,2026-07-31T17:51:10
POL03177,CUST02047,Home,2021-08-06,2023-08-06,1001.10,Active,batch_001,2026-07-31T17:51:10
POL03178,CUST01506,Health,2021-12-13,2022-12-13,552.40,Active,batch_001,2026-07-31T17:51:10
POL03179,CUST01568,Life,2021-09-06,2024-09-05,4539.99,Lapsed,batch_001,2026-07-31T17:51:10
POL03180,CUST01996,Home,2023-08-28,2025-08-27,314.60,Active,batch_001,2026-07-31T17:51:10
POL03181,CUST00603,Life,2021-12-19,2022-12-19,2290.58,Cancelled,batch_001,2026-07-31T17:51:10
POL03182,CUST01237,Life,2025-08-03,2028-08-02,871.26,Active,batch_001,2026-07-31T17:51:10
POL03183,CUST00931,Life,2024-09-02,2025-09-02,278.61,Lapsed,batch_001,2026-07-31T17:51:10
POL03184,CUST01906,Health,2024-10-31,2026-10-31,2116.35,Active,batch_001,2026-07-31T17:51:10
POL03185,CUST00211,Home,2022-11-08,2024-11-07,825.99,Active,batch_001,2026-07-31T17:51:10
POL03186,CUST01211,Health,2023-02-06,2026-02-05,4629.18,Active,batch_001,2026-07-31T17:51:10
POL03187,CUST01584,Life,2021-11-16,2023-11-16,2432.43,Active,batch_001,2026-07-31T17:51:10
POL03188,CUST01955,Auto,2026-04-12,2029-04-11,1610.96,Lapsed,batch_001,2026-07-31T17:51:10
POL03189,CUST00793,Health,2025-02-21,2026-02-21,1891.92,Cancelled,batch_001,2026-07-31T17:51:10
POL03190,CUST00415,Home,2023-06-27,2024-06-26,253.07,Cancelled,batch_001,2026-07-31T17:51:10
POL03191,CUST00246,Auto,2024-04-24,2027-04-24,2895.63,Cancelled,batch_001,2026-07-31T17:51:10
POL03192,CUST01521,Auto,2023-09-09,2024-09-08,3227.24,Lapsed,batch_001,2026-07-31T17:51:10
POL03193,CUST01886,Health,2025-02-12,2027-02-12,1803.40,Cancelled,batch_001,2026-07-31T17:51:10
POL03194,CUST00209,Auto,2024-04-19,2026-04-19,1567.65,Lapsed,batch_001,2026-07-31T17:51:10
POL03195,CUST00149,Auto,2023-11-19,2025-11-18,2280.36,Active,batch_001,2026-07-31T17:51:10
POL03196,CUST01802,Health,2022-03-28,2024-03-27,1784.73,Active,batch_001,2026-07-31T17:51:10
POL03197,CUST00805,Auto,2026-06-09,2027-06-09,3858.12,Cancelled,batch_001,2026-07-31T17:51:10
POL03198,CUST00903,Auto,2024-09-30,2026-09-30,1523.65,Active,batch_001,2026-07-31T17:51:10
POL03199,CUST00545,Home,2022-08-04,2024-08-03,258.15,Lapsed,batch_001,2026-07-31T17:51:10
POL03200,CUST00622,Life,2025-11-05,2028-11-04,1129.59,Cancelled,batch_001,2026-07-31T17:51:10
POL03201,CUST00863,Auto,2022-01-09,2025-01-08,1424.71,Active,batch_001,2026-07-31T17:51:10
POL03202,CUST01088,Life,2023-02-07,2024-02-07,4322.44,Active,batch_001,2026-07-31T17:51:10
POL03203,CUST00679,Life,2023-06-23,2024-06-22,2447.87,Active,batch_001,2026-07-31T17:51:10
POL03204,CUST01404,Health,2025-12-18,2026-12-18,3413.20,Lapsed,batch_001,2026-07-31T17:51:10
POL03205,CUST01355,Health,2021-12-19,2023-12-19,2969.81,Cancelled,batch_001,2026-07-31T17:51:10
POL03206,CUST01143,Home,2024-12-26,2025-12-26,3405.21,Active,batch_001,2026-07-31T17:51:10
POL03207,CUST01115,Health,2022-03-01,2023-03-01,2282.59,Cancelled,batch_001,2026-07-31T17:51:10
POL03208,CUST01658,Auto,2025-07-13,2027-07-13,2594.60,Cancelled,batch_001,2026-07-31T17:51:10
POL03209,CUST01056,Auto,2023-12-24,2025-12-23,4048.03,Active,batch_001,2026-07-31T17:51:10
POL03210,CUST00897,Home,2024-03-21,2027-03-21,1273.40,Lapsed,batch_001,2026-07-31T17:51:10
POL03211,CUST01487,Life,2024-05-11,2025-05-11,4645.05,Cancelled,batch_001,2026-07-31T17:51:10
POL03212,CUST01357,Health,2022-04-24,2024-04-23,2212.60,Active,batch_001,2026-07-31T17:51:10
POL03213,CUST01971,Auto,2026-04-13,2027-04-13,979.74,Lapsed,batch_001,2026-07-31T17:51:10
POL03214,CUST01771,Home,2025-06-18,2026-06-18,2290.99,Lapsed,batch_001,2026-07-31T17:51:10
POL03215,CUST01368,Health,2021-08-23,2023-08-23,4896.12,Active,batch_001,2026-07-31T17:51:10
POL03216,CUST02015,Life,2024-09-18,2026-09-18,1331.28,Cancelled,batch_001,2026-07-31T17:51:10
POL03217,CUST00964,Health,2023-04-14,2024-04-13,2145.52,Active,batch_001,2026-07-31T17:51:10
POL03218,CUST01377,Home,2024-01-21,2027-01-20,4061.74,Cancelled,batch_001,2026-07-31T17:51:10
POL03219,CUST00340,Auto,2026-05-16,2028-05-15,3048.54,Active,batch_001,2026-07-31T17:51:10
POL03220,CUST00035,Home,2024-02-29,2025-02-28,4021.73,Cancelled,batch_001,2026-07-31T17:51:10
POL03221,CUST00379,Home,2023-08-22,2025-08-21,2564.71,Active,batch_001,2026-07-31T17:51:10
POL03222,CUST00134,Home,2025-07-10,2026-07-10,2461.80,Lapsed,batch_001,2026-07-31T17:51:10
POL03223,CUST01464,Auto,2024-09-16,2026-09-16,3457.95,Active,batch_001,2026-07-31T17:51:10
POL03224,CUST01353,Auto,2025-10-09,2026-10-09,4485.82,Active,batch_001,2026-07-31T17:51:10
POL03225,CUST00162,Auto,2023-03-29,2026-03-28,595.26,Active,batch_001,2026-07-31T17:51:10
POL03226,CUST02009,Auto,2026-03-24,2027-03-24,4505.87,Lapsed,batch_001,2026-07-31T17:51:10
POL03227,CUST00294,Health,2023-08-30,2026-08-29,1598.86,Active,batch_001,2026-07-31T17:51:10
POL03228,CUST01065,Home,2022-11-09,2023-11-09,2419.22,Cancelled,batch_001,2026-07-31T17:51:10
POL03229,CUST02034,Home,2021-08-18,2024-08-17,2671.48,Cancelled,batch_001,2026-07-31T17:51:10
POL03230,CUST01388,Home,2025-01-23,2027-01-23,353.76,Cancelled,batch_001,2026-07-31T17:51:10
POL03231,CUST01470,Health,2021-10-12,2023-10-12,4089.30,Lapsed,batch_001,2026-07-31T17:51:10
POL03232,CUST01643,Life,2023-07-23,2026-07-22,3587.16,Active,batch_001,2026-07-31T17:51:10
POL03233,CUST00863,Home,2026-03-08,2028-03-07,3398.03,Lapsed,batch_001,2026-07-31T17:51:10
POL03234,CUST00151,Auto,2024-07-10,2025-07-10,3575.53,Active,batch_001,2026-07-31T17:51:10
POL03235,CUST00605,Auto,2021-08-28,2024-08-27,4400.68,Lapsed,batch_001,2026-07-31T17:51:10
POL03236,CUST00301,Health,2024-06-04,2025-06-04,916.77,Lapsed,batch_001,2026-07-31T17:51:10
POL03237,CUST00980,Life,2021-08-03,2024-08-02,1735.76,Lapsed,batch_001,2026-07-31T17:51:10
POL03238,CUST01240,Home,2024-10-11,2026-10-11,788.57,Lapsed,batch_001,2026-07-31T17:51:10
POL03239,CUST00642,Life,2024-03-11,2027-03-11,362.41,Active,batch_001,2026-07-31T17:51:10
POL03240,CUST00129,Health,2022-06-17,2024-06-16,517.07,Lapsed,batch_001,2026-07-31T17:51:10
POL03241,CUST01899,Life,2023-04-28,2024-04-27,4100.09,Cancelled,batch_001,2026-07-31T17:51:10
POL03242,CUST01340,Life,2026-01-31,2028-01-31,2358.14,Cancelled,batch_001,2026-07-31T17:51:10
POL03243,CUST00754,Auto,2023-08-08,2025-08-07,4798.71,Active,batch_001,2026-07-31T17:51:10
POL03244,CUST01995,Health,2025-02-23,2027-02-23,2195.84,Active,batch_001,2026-07-31T17:51:10
POL03245,CUST00984,Life,2025-10-05,2026-10-05,4444.25,Lapsed,batch_001,2026-07-31T17:51:10
POL03246,CUST01712,Auto,2022-02-01,2023-02-01,3659.77,Active,batch_001,2026-07-31T17:51:10
POL03247,CUST01405,Health,2022-10-15,2025-10-14,1931.49,Lapsed,batch_001,2026-07-31T17:51:10
POL03248,CUST00827,Home,2023-12-16,2024-12-15,702.07,Active,batch_001,2026-07-31T17:51:10
POL03249,CUST01121,Life,2022-05-15,2024-05-14,3465.71,Cancelled,batch_001,2026-07-31T17:51:10
POL03250,CUST00806,Life,2021-12-13,2024-12-12,3139.83,Cancelled,batch_001,2026-07-31T17:51:10
POL03251,CUST01189,Life,2023-07-19,2024-07-18,2383.77,Active,batch_001,2026-07-31T17:51:10
POL03252,CUST01669,Auto,2025-12-30,2027-12-30,1796.51,Lapsed,batch_001,2026-07-31T17:51:10
POL03253,CUST00946,Health,2025-02-02,2027-02-02,4659.43,Cancelled,batch_001,2026-07-31T17:51:10
POL03254,CUST01230,Auto,2024-09-29,2025-09-29,2356.50,Active,batch_001,2026-07-31T17:51:10
POL03255,CUST01041,Life,2025-06-23,2028-06-22,4541.03,Lapsed,batch_001,2026-07-31T17:51:10
POL03256,CUST00167,Home,2022-04-19,2023-04-19,2747.57,Lapsed,batch_001,2026-07-31T17:51:10
POL03257,CUST01762,Auto,2026-07-08,2027-07-08,2105.50,Active,batch_001,2026-07-31T17:51:10
POL03258,CUST01708,Auto,2022-05-22,2024-05-21,2769.24,Cancelled,batch_001,2026-07-31T17:51:10
POL03259,CUST01255,Auto,2025-11-16,2028-11-15,4014.22,Lapsed,batch_001,2026-07-31T17:51:10
POL03260,CUST01178,Auto,2022-09-17,2025-09-16,1224.39,Active,batch_001,2026-07-31T17:51:10
POL03261,CUST01346,Home,2024-12-06,2026-12-06,2891.62,Cancelled,batch_001,2026-07-31T17:51:10
POL03262,CUST01760,Auto,2022-03-19,2025-03-18,1161.23,Lapsed,batch_001,2026-07-31T17:51:10
POL03263,CUST01966,Auto,2026-05-29,2029-05-28,1378.86,Active,batch_001,2026-07-31T17:51:10
POL03264,CUST01058,Home,2022-02-08,2023-02-08,4669.19,Cancelled,batch_001,2026-07-31T17:51:10
POL03265,CUST01703,Home,2025-04-11,2027-04-11,3424.69,Lapsed,batch_001,2026-07-31T17:51:10
POL03266,CUST01481,Auto,2022-09-09,2023-09-09,3699.98,Lapsed,batch_001,2026-07-31T17:51:10
POL03267,CUST00281,Auto,2023-08-04,2025-08-03,4989.85,Active,batch_001,2026-07-31T17:51:10
POL03268,CUST00014,Home,2024-01-22,2025-01-21,4294.55,Active,batch_001,2026-07-31T17:51:10
POL03269,CUST00465,Life,2023-10-18,2025-10-17,4832.69,Lapsed,batch_001,2026-07-31T17:51:10
POL03270,CUST01906,Auto,2024-04-03,2025-04-03,2602.22,Lapsed,batch_001,2026-07-31T17:51:10
POL03271,CUST00342,Health,2024-12-01,2027-12-01,3148.96,Active,batch_001,2026-07-31T17:51:10
POL03272,CUST00776,Health,2024-05-08,2026-05-08,1046.71,Cancelled,batch_001,2026-07-31T17:51:10
POL03273,CUST00354,Auto,2024-04-13,2025-04-13,4572.42,Active,batch_001,2026-07-31T17:51:10
POL03274,CUST00796,Life,2025-06-05,2026-06-05,1842.09,Cancelled,batch_001,2026-07-31T17:51:10
POL03275,CUST01595,Life,2023-11-21,2025-11-20,342.99,Active,batch_001,2026-07-31T17:51:10
POL03276,CUST01649,Home,2023-07-25,2026-07-24,3924.14,Active,batch_001,2026-07-31T17:51:10
POL03277,CUST01981,Auto,2022-03-19,2023-03-19,3181.16,Cancelled,batch_001,2026-07-31T17:51:10
POL03278,CUST02025,Life,2023-04-20,2024-04-19,4205.65,Lapsed,batch_001,2026-07-31T17:51:10
POL03279,CUST00816,Auto,2022-09-25,2024-09-24,3284.13,Active,batch_001,2026-07-31T17:51:10
POL03280,CUST01456,Auto,2026-07-20,2028-07-19,1102.79,Cancelled,batch_001,2026-07-31T17:51:10
POL03281,CUST01703,Auto,2022-07-03,2024-07-02,3313.84,Lapsed,batch_001,2026-07-31T17:51:10
POL03282,CUST00394,Auto,2022-11-24,2024-11-23,609.08,Cancelled,batch_001,2026-07-31T17:51:10
POL03283,CUST01396,Auto,2022-06-23,2023-06-23,2472.46,Cancelled,batch_001,2026-07-31T17:51:10
POL03284,CUST01299,Home,2022-12-22,2023-12-22,3973.50,Lapsed,batch_001,2026-07-31T17:51:10
POL03285,CUST01202,Auto,2025-05-26,2028-05-25,4146.39,Active,batch_001,2026-07-31T17:51:10
POL03286,CUST00561,Health,2025-07-16,2026-07-16,4707.43,Lapsed,batch_001,2026-07-31T17:51:10
POL03287,CUST01688,Auto,2024-03-31,2025-03-31,1547.21,Cancelled,batch_001,2026-07-31T17:51:10
POL03288,CUST01264,Health,2025-01-12,2027-01-12,560.54,Lapsed,batch_001,2026-07-31T17:51:10
POL03289,CUST01168,Health,2022-08-09,2023-08-09,325.51,Active,batch_001,2026-07-31T17:51:10
POL03290,CUST00563,Auto,2026-02-19,2029-02-18,646.77,Lapsed,batch_001,2026-07-31T17:51:10
POL03291,CUST01083,Health,2024-08-16,2025-08-16,656.75,Lapsed,batch_001,2026-07-31T17:51:10
POL03292,CUST00870,Auto,2023-05-06,2024-05-05,1076.57,Active,batch_001,2026-07-31T17:51:10
POL03293,CUST00327,Health,2025-06-03,2026-06-03,1527.27,Cancelled,batch_001,2026-07-31T17:51:10
POL03294,CUST01654,Auto,2024-03-13,2027-03-13,1628.22,Lapsed,batch_001,2026-07-31T17:51:10
POL03295,CUST01366,Health,2025-07-08,2027-07-08,646.24,Cancelled,batch_001,2026-07-31T17:51:10
POL03296,CUST00387,Auto,2023-10-31,2024-10-30,857.08,Active,batch_001,2026-07-31T17:51:10
POL03297,CUST01480,Life,2022-08-06,2024-08-05,404.12,Cancelled,batch_001,2026-07-31T17:51:10
POL03298,CUST01015,Auto,2022-05-06,2023-05-06,1468.55,Lapsed,batch_001,2026-07-31T17:51:10
POL03299,CUST00426,Auto,2022-12-01,2023-12-01,1088.62,Lapsed,batch_001,2026-07-31T17:51:10
POL03300,CUST00519,Home,2024-03-01,2025-03-01,3697.99,Cancelled,batch_001,2026-07-31T17:51:10
POL03301,CUST01671,Auto,2021-12-02,2024-12-01,2646.49,Cancelled,batch_001,2026-07-31T17:51:10
POL03302,CUST00769,Life,2023-05-29,2026-05-28,4400.35,Cancelled,batch_001,2026-07-31T17:51:10
POL03303,CUST00865,Life,2024-05-13,2025-05-13,484.98,Active,batch_001,2026-07-31T17:51:10
POL03304,CUST00558,Life,2022-11-02,2025-11-01,1604.99,Cancelled,batch_001,2026-07-31T17:51:10
POL03305,CUST01179,Health,2022-05-09,2024-05-08,4571.58,Active,batch_001,2026-07-31T17:51:10
POL03306,CUST00511,Life,2023-09-09,2026-09-08,4309.47,Lapsed,batch_001,2026-07-31T17:51:10
POL03307,CUST00006,Auto,2024-08-08,2027-08-08,3105.23,Lapsed,batch_001,2026-07-31T17:51:10
POL03308,CUST01037,Home,2024-12-12,2027-12-12,1117.59,Cancelled,batch_001,2026-07-31T17:51:10
POL03309,CUST00492,Home,2025-12-11,2026-12-11,4109.34,Active,batch_001,2026-07-31T17:51:10
POL03310,CUST01024,Auto,2021-12-29,2024-12-28,392.99,Cancelled,batch_001,2026-07-31T17:51:10
POL03311,CUST00545,Home,2024-02-13,2025-02-12,3483.53,Lapsed,batch_001,2026-07-31T17:51:10
POL03312,CUST00861,Auto,2023-10-16,2024-10-15,2957.96,Cancelled,batch_001,2026-07-31T17:51:10
POL03313,CUST01399,Home,2023-01-21,2024-01-21,2184.11,Lapsed,batch_001,2026-07-31T17:51:10
POL03314,CUST00505,Health,2021-11-03,2022-11-03,905.54,Lapsed,batch_001,2026-07-31T17:51:10
POL03315,CUST01127,Life,2025-01-06,2027-01-06,2017.88,Cancelled,batch_001,2026-07-31T17:51:10
POL03316,CUST00598,Home,2025-06-03,2026-06-03,4317.23,Lapsed,batch_001,2026-07-31T17:51:10
POL03317,CUST00995,Life,2026-04-22,2028-04-21,1102.40,Lapsed,batch_001,2026-07-31T17:51:10
POL03318,CUST01033,Auto,2026-04-04,2028-04-03,2299.76,Lapsed,batch_001,2026-07-31T17:51:10
POL03319,CUST00245,Life,2023-09-14,2025-09-13,961.30,Cancelled,batch_001,2026-07-31T17:51:10
POL03320,CUST00453,Health,2022-05-20,2024-05-19,1178.43,Active,batch_001,2026-07-31T17:51:10
POL03321,CUST01746,Auto,2025-07-04,2027-07-04,1540.77,Lapsed,batch_001,2026-07-31T17:51:10
POL03322,CUST01862,Health,2022-06-11,2025-06-10,513.42,Lapsed,batch_001,2026-07-31T17:51:10
POL03323,CUST00823,Health,2022-10-07,2025-10-06,1276.72,Lapsed,batch_001,2026-07-31T17:51:10
POL03324,CUST01968,Home,2022-08-11,2024-08-10,1494.27,Lapsed,batch_001,2026-07-31T17:51:10
POL03325,CUST00961,Life,2021-09-05,2022-09-05,282.30,Lapsed,batch_001,2026-07-31T17:51:10
POL03326,CUST00593,Auto,2022-02-06,2023-02-06,4935.17,Lapsed,batch_001,2026-07-31T17:51:10
POL03327,CUST01044,Auto,2023-06-20,2026-06-19,1980.00,Lapsed,batch_001,2026-07-31T17:51:10
POL03328,CUST01271,Life,2022-09-09,2025-09-08,2679.11,Active,batch_001,2026-07-31T17:51:10
POL03329,CUST00439,Home,2023-04-06,2024-04-05,2922.35,Lapsed,batch_001,2026-07-31T17:51:10
POL03330,CUST00750,Life,2024-12-25,2026-12-25,4086.61,Cancelled,batch_001,2026-07-31T17:51:10
POL03331,CUST00081,Health,2024-09-28,2025-09-28,915.66,Cancelled,batch_001,2026-07-31T17:51:10
POL03332,CUST01398,Auto,2022-04-17,2025-04-16,2214.69,Lapsed,batch_001,2026-07-31T17:51:10
POL03333,CUST01255,Life,2026-07-13,2027-07-13,1099.38,Lapsed,batch_001,2026-07-31T17:51:10
POL03334,CUST00818,Life,2026-07-25,2029-07-24,4062.05,Cancelled,batch_001,2026-07-31T17:51:10
POL03335,CUST01462,Auto,2023-10-12,2026-10-11,2913.04,Lapsed,batch_001,2026-07-31T17:51:10
POL03336,CUST01004,Health,2022-03-19,2024-03-18,3198.17,Active,batch_001,2026-07-31T17:51:10
POL03337,CUST00988,Health,2021-10-05,2023-10-05,1913.03,Lapsed,batch_001,2026-07-31T17:51:10
POL03338,CUST00068,Auto,2022-02-15,2023-02-15,2267.95,Active,batch_001,2026-07-31T17:51:10
POL03339,CUST00948,Life,2023-04-05,2026-04-04,4500.44,Active,batch_001,2026-07-31T17:51:10
POL03340,CUST00298,Auto,2025-05-07,2026-05-07,2442.00,Cancelled,batch_001,2026-07-31T17:51:10
POL03341,CUST00556,Home,2022-09-03,2025-09-02,2318.15,Cancelled,batch_001,2026-07-31T17:51:10
POL03342,CUST00397,Auto,2022-05-11,2023-05-11,1248.66,Lapsed,batch_001,2026-07-31T17:51:10
POL03343,CUST01676,Auto,2024-05-25,2025-05-25,4607.38,Lapsed,batch_001,2026-07-31T17:51:10
POL03344,CUST01843,Home,2022-08-14,2025-08-13,3025.41,Active,batch_001,2026-07-31T17:51:10
POL03345,CUST00487,Auto,2021-12-09,2023-12-09,4633.12,Lapsed,batch_001,2026-07-31T17:51:10
POL03346,CUST00988,Auto,2025-07-01,2028-06-30,2777.08,Lapsed,batch_001,2026-07-31T17:51:10
POL03347,CUST00685,Auto,2022-01-03,2025-01-02,1529.99,Lapsed,batch_001,2026-07-31T17:51:10
POL03348,CUST01355,Auto,2023-01-02,2024-01-02,4019.47,Active,batch_001,2026-07-31T17:51:10
POL03349,CUST01138,Auto,2026-06-16,2029-06-15,2997.82,Lapsed,batch_001,2026-07-31T17:51:10
POL03350,CUST01462,Life,2025-04-05,2028-04-04,1875.00,Cancelled,batch_001,2026-07-31T17:51:10
POL03351,CUST00400,Auto,2024-12-08,2027-12-08,988.61,Cancelled,batch_001,2026-07-31T17:51:10
POL03352,CUST00643,Home,2025-10-18,2027-10-18,1124.21,Cancelled,batch_001,2026-07-31T17:51:10
POL03353,CUST00803,Home,2021-10-29,2022-10-29,3715.71,Active,batch_001,2026-07-31T17:51:10
POL03354,CUST00251,Life,2024-10-31,2025-10-31,1616.00,Active,batch_001,2026-07-31T17:51:10
POL03355,CUST00483,Home,2025-03-16,2028-03-15,845.67,Lapsed,batch_001,2026-07-31T17:51:10
POL03356,CUST01228,Life,2023-01-17,2026-01-16,3831.63,Active,batch_001,2026-07-31T17:51:10
POL03357,CUST00652,Life,2024-08-02,2027-08-02,503.69,Lapsed,batch_001,2026-07-31T17:51:10
POL03358,CUST00144,Home,2023-05-28,2024-05-27,1022.60,Cancelled,batch_001,2026-07-31T17:51:10
POL03359,CUST00646,Home,2023-03-03,2025-03-02,720.92,Active,batch_001,2026-07-31T17:51:10
POL03360,CUST01781,Home,2023-12-01,2024-11-30,2192.25,Cancelled,batch_001,2026-07-31T17:51:10
POL03361,CUST01352,Life,2023-12-16,2024-12-15,1477.47,Active,batch_001,2026-07-31T17:51:10
POL03362,CUST00884,Life,2025-05-15,2028-05-14,2757.67,Lapsed,batch_001,2026-07-31T17:51:10
POL03363,CUST01824,Health,2022-11-03,2023-11-03,3132.55,Lapsed,batch_001,2026-07-31T17:51:10
POL03364,CUST00083,Home,2021-11-14,2023-11-14,3110.15,Lapsed,batch_001,2026-07-31T17:51:10
POL03365,CUST01905,Auto,2023-09-01,2025-08-31,2002.53,Cancelled,batch_001,2026-07-31T17:51:10
POL03366,CUST00520,Auto,2024-02-01,2025-01-31,4023.69,Active,batch_001,2026-07-31T17:51:10
POL03367,CUST00464,Life,2025-10-27,2028-10-26,3561.29,Lapsed,batch_001,2026-07-31T17:51:10
POL03368,CUST00554,Auto,2025-01-30,2028-01-30,2987.18,Cancelled,batch_001,2026-07-31T17:51:10
POL03369,CUST00950,Home,2026-04-05,2027-04-05,2787.32,Active,batch_001,2026-07-31T17:51:10
POL03370,CUST00304,Home,2025-08-26,2026-08-26,2640.40,Cancelled,batch_001,2026-07-31T17:51:10
POL03371,CUST00384,Health,2022-02-04,2025-02-03,601.13,Lapsed,batch_001,2026-07-31T17:51:10
POL03372,CUST00731,Auto,2022-04-28,2024-04-27,2834.76,Lapsed,batch_001,2026-07-31T17:51:10
POL03373,CUST00841,Home,2023-12-16,2025-12-15,4281.18,Active,batch_001,2026-07-31T17:51:10
POL03374,CUST00606,Life,2024-10-31,2027-10-31,3254.00,Active,batch_001,2026-07-31T17:51:10
POL03375,CUST00329,Health,2022-09-29,2024-09-28,3660.42,Lapsed,batch_001,2026-07-31T17:51:10
POL03376,CUST01384,Auto,2025-02-21,2026-02-21,3470.43,Active,batch_001,2026-07-31T17:51:10
POL03377,CUST00100,Auto,2023-04-10,2024-04-09,3944.23,Active,batch_001,2026-07-31T17:51:10
POL03378,CUST00333,Auto,2026-01-18,2028-01-18,991.63,Cancelled,batch_001,2026-07-31T17:51:10
POL03379,CUST00403,Life,2023-09-12,2024-09-11,2507.74,Cancelled,batch_001,2026-07-31T17:51:10
POL03380,CUST00106,Home,2026-03-15,2029-03-14,1983.39,Lapsed,batch_001,2026-07-31T17:51:10
POL03381,CUST00472,Health,2021-09-28,2023-09-28,2019.42,Lapsed,batch_001,2026-07-31T17:51:10
POL03382,CUST00606,Life,2024-10-30,2026-10-30,964.52,Lapsed,batch_001,2026-07-31T17:51:10
POL03383,CUST00314,Home,2024-08-18,2026-08-18,2706.67,Active,batch_001,2026-07-31T17:51:10
POL03384,CUST00174,Health,2025-08-28,2027-08-28,2606.79,Lapsed,batch_001,2026-07-31T17:51:10
POL03385,CUST01781,Life,2026-03-17,2028-03-16,393.84,Active,batch_001,2026-07-31T17:51:10
POL03386,CUST00012,Health,2025-09-12,2026-09-12,3076.22,Active,batch_001,2026-07-31T17:51:10
POL03387,CUST01399,Auto,2024-07-02,2026-07-02,1857.69,Lapsed,batch_001,2026-07-31T17:51:10
POL03388,CUST00615,Life,2026-05-22,2029-05-21,2676.28,Lapsed,batch_001,2026-07-31T17:51:10
POL03389,CUST01692,Home,2025-11-06,2028-11-05,790.12,Lapsed,batch_001,2026-07-31T17:51:10
POL03390,CUST01318,Health,2024-04-24,2027-04-24,1293.65,Cancelled,batch_001,2026-07-31T17:51:10
POL03391,CUST00698,Life,2024-11-17,2025-11-17,1957.81,Cancelled,batch_001,2026-07-31T17:51:10
POL03392,CUST00162,Life,2023-11-17,2024-11-16,2852.21,Active,batch_001,2026-07-31T17:51:10
POL03393,CUST01681,Life,2023-02-08,2025-02-07,1198.00,Cancelled,batch_001,2026-07-31T17:51:10
POL03394,CUST00070,Home,2021-10-18,2023-10-18,3975.31,Active,batch_001,2026-07-31T17:51:10
POL03395,CUST00193,Auto,2024-04-15,2025-04-15,491.42,Lapsed,batch_001,2026-07-31T17:51:10
POL03396,CUST00509,Auto,2023-06-10,2025-06-09,4207.51,Lapsed,batch_001,2026-07-31T17:51:10
POL03397,CUST00727,Life,2021-10-29,2024-10-28,3719.77,Lapsed,batch_001,2026-07-31T17:51:10
POL03398,CUST01549,Home,2023-12-19,2024-12-18,2675.18,Cancelled,batch_001,2026-07-31T17:51:10
POL03399,CUST01097,Home,2022-01-28,2025-01-27,508.00,Active,batch_001,2026-07-31T17:51:10
POL03400,CUST01639,Health,2025-08-03,2028-08-02,514.55,Cancelled,batch_001,2026-07-31T17:51:10
POL03401,CUST01260,Life,2026-01-29,2027-01-29,2704.27,Lapsed,batch_001,2026-07-31T17:51:10
POL03402,CUST01720,Home,2024-08-13,2025-08-13,299.40,Lapsed,batch_001,2026-07-31T17:51:10
POL03403,CUST01765,Home,2026-07-18,2029-07-17,3681.10,Active,batch_001,2026-07-31T17:51:10
POL03404,CUST01032,Auto,2023-07-23,2025-07-22,4811.71,Lapsed,batch_001,2026-07-31T17:51:10
POL03405,CUST01195,Life,2022-12-07,2023-12-07,4145.78,Active,batch_001,2026-07-31T17:51:10
POL03406,CUST01531,Health,2022-06-06,2024-06-05,4741.48,Active,batch_001,2026-07-31T17:51:10
POL03407,CUST00939,Health,2023-09-08,2024-09-07,2135.74,Lapsed,batch_001,2026-07-31T17:51:10
POL03408,CUST01204,Home,2023-08-18,2026-08-17,3479.28,Cancelled,batch_001,2026-07-31T17:51:10
POL03409,CUST01925,Life,2023-11-05,2024-11-04,3409.59,Lapsed,batch_001,2026-07-31T17:51:10
POL03410,CUST01191,Auto,2026-02-12,2028-02-12,4002.05,Active,batch_001,2026-07-31T17:51:10
POL03411,CUST00989,Home,2022-01-19,2025-01-18,723.03,Lapsed,batch_001,2026-07-31T17:51:10
POL03412,CUST00550,Life,2023-06-11,2025-06-10,3682.37,Cancelled,batch_001,2026-07-31T17:51:10
POL03413,CUST01393,Auto,2026-06-22,2029-06-21,495.34,Lapsed,batch_001,2026-07-31T17:51:10
POL03414,CUST01194,Home,2024-11-17,2027-11-17,3267.59,Active,batch_001,2026-07-31T17:51:10
POL03415,CUST01455,Home,2024-08-05,2025-08-05,1202.90,Cancelled,batch_001,2026-07-31T17:51:10
POL03416,CUST00501,Life,2023-01-20,2025-01-19,3018.18,Cancelled,batch_001,2026-07-31T17:51:10
POL03417,CUST00419,Auto,2023-01-28,2024-01-28,4072.18,Active,batch_001,2026-07-31T17:51:10
POL03418,CUST01911,Auto,2023-08-03,2026-08-02,3079.30,Cancelled,batch_001,2026-07-31T17:51:10
POL03419,CUST00814,Home,2024-04-13,2025-04-13,3110.99,Cancelled,batch_001,2026-07-31T17:51:10
POL03420,CUST00811,Life,2024-08-17,2025-08-17,3228.19,Active,batch_001,2026-07-31T17:51:10
POL03421,CUST01324,Home,2021-10-25,2022-10-25,2143.97,Active,batch_001,2026-07-31T17:51:10
POL03422,CUST00315,Auto,2024-07-26,2026-07-26,4303.10,Cancelled,batch_001,2026-07-31T17:51:10
POL03423,CUST01342,Life,2026-05-28,2029-05-27,2584.00,Active,batch_001,2026-07-31T17:51:10
POL03424,CUST01668,Auto,2026-05-16,2028-05-15,4811.55,Active,batch_001,2026-07-31T17:51:10
POL03425,CUST00109,Auto,2022-10-14,2023-10-14,1201.78,Cancelled,batch_001,2026-07-31T17:51:10
POL03426,CUST01700,Auto,2026-05-14,2027-05-14,1806.02,Cancelled,batch_001,2026-07-31T17:51:10
POL03427,CUST00054,Home,2023-03-06,2024-03-05,4220.46,Cancelled,batch_001,2026-07-31T17:51:10
POL03428,CUST02038,Health,2025-10-06,2027-10-06,1802.49,Cancelled,batch_001,2026-07-31T17:51:10
POL03429,CUST00491,Life,2026-03-10,2028-03-09,4150.60,Active,batch_001,2026-07-31T17:51:10
POL03430,CUST01605,Health,2024-03-16,2027-03-16,3464.58,Cancelled,batch_001,2026-07-31T17:51:10
POL03431,CUST00238,Auto,2023-01-26,2025-01-25,842.85,Lapsed,batch_001,2026-07-31T17:51:10
POL03432,CUST00505,Health,2025-09-30,2028-09-29,540.38,Active,batch_001,2026-07-31T17:51:10
POL03433,CUST00948,Life,2021-11-24,2024-11-23,1602.77,Cancelled,batch_001,2026-07-31T17:51:10
POL03434,CUST00109,Home,2022-05-06,2024-05-05,1846.16,Lapsed,batch_001,2026-07-31T17:51:10
POL03435,CUST00646,Home,2022-01-20,2023-01-20,1018.88,Cancelled,batch_001,2026-07-31T17:51:10
POL03436,CUST00302,Home,2023-07-22,2026-07-21,2628.09,Lapsed,batch_001,2026-07-31T17:51:10
POL03437,CUST01714,Auto,2023-06-09,2025-06-08,1808.92,Active,batch_001,2026-07-31T17:51:10
POL03438,CUST01205,Home,2021-09-29,2023-09-29,4682.13,Cancelled,batch_001,2026-07-31T17:51:10
POL03439,CUST00176,Health,2026-01-20,2029-01-19,2154.79,Cancelled,batch_001,2026-07-31T17:51:10
POL03440,CUST01383,Home,2025-08-23,2026-08-23,3934.49,Lapsed,batch_001,2026-07-31T17:51:10
POL03441,CUST00190,Auto,2021-08-01,2023-08-01,2257.61,Active,batch_001,2026-07-31T17:51:10
POL03442,CUST00074,Auto,2024-05-25,2027-05-25,818.17,Active,batch_001,2026-07-31T17:51:10
POL03443,CUST00833,Health,2023-04-16,2024-04-15,2697.23,Lapsed,batch_001,2026-07-31T17:51:10
POL03444,CUST00363,Auto,2022-09-08,2024-09-07,4445.79,Lapsed,batch_001,2026-07-31T17:51:10
POL03445,CUST00298,Health,2024-06-22,2025-06-22,3487.56,Cancelled,batch_001,2026-07-31T17:51:10
POL03446,CUST00719,Home,2023-02-01,2024-02-01,679.74,Lapsed,batch_001,2026-07-31T17:51:10
POL03447,CUST01761,Home,2024-04-30,2026-04-30,1907.82,Lapsed,batch_001,2026-07-31T17:51:10
POL03448,CUST01988,Life,2022-01-31,2025-01-30,722.11,Cancelled,batch_001,2026-07-31T17:51:10
POL03449,CUST00864,Health,2021-10-06,2024-10-05,4531.61,Lapsed,batch_001,2026-07-31T17:51:10
POL03450,CUST00475,Home,2022-10-31,2025-10-30,4823.02,Lapsed,batch_001,2026-07-31T17:51:10
POL03451,CUST01833,Home,2026-07-26,2029-07-25,223.80,Lapsed,batch_001,2026-07-31T17:51:10
POL03452,CUST00560,Life,2022-10-13,2024-10-12,1339.64,Active,batch_001,2026-07-31T17:51:10
POL03453,CUST01534,Auto,2022-07-09,2023-07-09,1321.99,Active,batch_001,2026-07-31T17:51:10
POL03454,CUST01850,Auto,2026-01-20,2027-01-20,3401.72,Cancelled,batch_001,2026-07-31T17:51:10
POL03455,CUST00266,Health,2024-09-05,2025-09-05,2635.52,Lapsed,batch_001,2026-07-31T17:51:10
POL03456,CUST00065,Life,2022-03-12,2025-03-11,1072.53,Lapsed,batch_001,2026-07-31T17:51:10
POL03457,CUST01651,Life,2024-10-02,2027-10-02,4075.16,Cancelled,batch_001,2026-07-31T17:51:10
POL03458,CUST01215,Life,2024-12-10,2027-12-10,4078.74,Active,batch_001,2026-07-31T17:51:10
POL03459,CUST01500,Life,2026-07-24,2029-07-23,1618.63,Cancelled,batch_001,2026-07-31T17:51:10
POL03460,CUST01354,Auto,2022-06-08,2025-06-07,1391.36,Lapsed,batch_001,2026-07-31T17:51:10
POL03461,CUST01269,Home,2024-06-09,2025-06-09,3907.04,Active,batch_001,2026-07-31T17:51:10
POL03462,CUST00914,Health,2024-02-22,2025-02-21,720.10,Active,batch_001,2026-07-31T17:51:10
POL03463,CUST00225,Life,2024-04-27,2026-04-27,2140.22,Cancelled,batch_001,2026-07-31T17:51:10
POL03464,CUST01938,Home,2022-09-26,2025-09-25,310.21,Lapsed,batch_001,2026-07-31T17:51:10
POL03465,CUST01711,Auto,2022-12-01,2025-11-30,765.04,Cancelled,batch_001,2026-07-31T17:51:10
POL03466,CUST00885,Health,2025-04-17,2027-04-17,1034.79,Cancelled,batch_001,2026-07-31T17:51:10
POL03467,CUST00903,Health,2025-09-20,2028-09-19,1294.93,Cancelled,batch_001,2026-07-31T17:51:10
POL03468,CUST01482,Home,2024-04-10,2027-04-10,3091.52,Cancelled,batch_001,2026-07-31T17:51:10
POL03469,CUST00072,Health,2023-01-22,2024-01-22,3354.84,Active,batch_001,2026-07-31T17:51:10
POL03470,CUST00483,Home,2026-05-11,2028-05-10,4808.10,Cancelled,batch_001,2026-07-31T17:51:10
POL03471,CUST01399,Auto,2024-08-11,2027-08-11,3128.03,Cancelled,batch_001,2026-07-31T17:51:10
POL03472,CUST01470,Home,2023-06-23,2024-06-22,2149.91,Lapsed,batch_001,2026-07-31T17:51:10
POL03473,CUST01567,Life,2023-01-25,2026-01-24,1476.99,Lapsed,batch_001,2026-07-31T17:51:10
POL03474,CUST00888,Auto,2024-10-17,2026-10-17,3225.69,Cancelled,batch_001,2026-07-31T17:51:10
POL03475,CUST00403,Home,2024-03-09,2026-03-09,4081.96,Active,batch_001,2026-07-31T17:51:10
POL03476,CUST01380,Auto,2024-01-31,2027-01-30,1705.73,Lapsed,batch_001,2026-07-31T17:51:10
POL03477,CUST01633,Home,2022-08-29,2023-08-29,3930.65,Active,batch_001,2026-07-31T17:51:10
POL03478,CUST01273,Health,2023-02-02,2026-02-01,4022.16,Cancelled,batch_001,2026-07-31T17:51:10
POL03479,CUST00673,Life,2021-08-04,2022-08-04,4302.26,Active,batch_001,2026-07-31T17:51:10
POL03480,CUST01779,Life,2026-06-13,2027-06-13,231.26,Lapsed,batch_001,2026-07-31T17:51:10
POL03481,CUST00479,Life,2024-11-27,2025-11-27,4992.53,Cancelled,batch_001,2026-07-31T17:51:10
POL03482,CUST00792,Health,2026-05-28,2027-05-28,560.27,Active,batch_001,2026-07-31T17:51:10
POL03483,CUST01537,Auto,2021-11-07,2022-11-07,4737.65,Cancelled,batch_001,2026-07-31T17:51:10
POL03484,CUST01201,Auto,2023-02-15,2026-02-14,1540.39,Cancelled,batch_001,2026-07-31T17:51:10
POL03485,CUST01671,Home,2024-04-13,2026-04-13,460.75,Cancelled,batch_001,2026-07-31T17:51:10
POL03486,CUST01816,Life,2023-06-16,2026-06-15,1140.32,Cancelled,batch_001,2026-07-31T17:51:10
POL03487,CUST01509,Home,2026-05-22,2027-05-22,441.44,Cancelled,batch_001,2026-07-31T17:51:10
POL03488,CUST02029,Life,2022-06-18,2024-06-17,1496.58,Lapsed,batch_001,2026-07-31T17:51:10
POL03489,CUST00665,Auto,2025-10-18,2028-10-17,1551.20,Cancelled,batch_001,2026-07-31T17:51:10
POL03490,CUST01652,Life,2022-10-09,2024-10-08,4450.09,Cancelled,batch_001,2026-07-31T17:51:10
POL03491,CUST01412,Auto,2024-05-23,2025-05-23,3062.30,Cancelled,batch_001,2026-07-31T17:51:10
POL03492,CUST02016,Life,2022-03-28,2023-03-28,3780.14,Lapsed,batch_001,2026-07-31T17:51:10
POL03493,CUST00274,Health,2023-08-08,2024-08-07,4913.52,Active,batch_001,2026-07-31T17:51:10
POL03494,CUST01077,Auto,2024-07-11,2026-07-11,4695.56,Active,batch_001,2026-07-31T17:51:10
POL03495,CUST00951,Auto,2024-04-17,2025-04-17,1172.80,Active,batch_001,2026-07-31T17:51:10
POL03496,CUST00702,Home,2023-01-02,2025-01-01,1917.82,Lapsed,batch_001,2026-07-31T17:51:10
POL03497,CUST00325,Life,2022-05-01,2024-04-30,721.82,Active,batch_001,2026-07-31T17:51:10
POL03498,CUST00673,Auto,2024-06-07,2025-06-07,4277.82,Active,batch_001,2026-07-31T17:51:10
POL03499,CUST01556,Auto,2025-05-17,2028-05-16,984.24,Active,batch_001,2026-07-31T17:51:10
POL03500,CUST01302,Home,2021-09-03,2023-09-03,1342.27,Lapsed,batch_001,2026-07-31T17:51:10
POL03501,CUST01413,Life,2023-10-31,2025-10-30,2821.34,Active,batch_001,2026-07-31T17:51:10
POL03502,CUST00305,Health,2023-05-12,2024-05-11,1247.62,Lapsed,batch_001,2026-07-31T17:51:10
POL03503,CUST00691,Health,2023-09-13,2025-09-12,3044.26,Active,batch_001,2026-07-31T17:51:10
POL03504,CUST01205,Auto,2022-02-25,2023-02-25,4347.79,Active,batch_001,2026-07-31T17:51:10
POL03505,CUST00217,Home,2024-07-22,2026-07-22,1521.88,Lapsed,batch_001,2026-07-31T17:51:10
POL03506,CUST00417,Life,2023-10-05,2024-10-04,3473.83,Lapsed,batch_001,2026-07-31T17:51:10
POL03507,CUST00581,Life,2022-06-30,2025-06-29,719.76,Cancelled,batch_001,2026-07-31T17:51:10
POL03508,CUST00698,Home,2021-08-02,2023-08-02,3402.93,Active,batch_001,2026-07-31T17:51:10
POL03509,CUST00378,Life,2021-12-26,2022-12-26,4203.00,Cancelled,batch_001,2026-07-31T17:51:10
POL03510,CUST00420,Home,2024-11-10,2027-11-10,4171.15,Lapsed,batch_001,2026-07-31T17:51:10
POL03511,CUST01720,Home,2025-04-21,2028-04-20,4666.81,Cancelled,batch_001,2026-07-31T17:51:10
POL03512,CUST02013,Life,2025-02-22,2028-02-22,1832.66,Active,batch_001,2026-07-31T17:51:10
POL03513,CUST00949,Home,2022-12-28,2024-12-27,4359.60,Active,batch_001,2026-07-31T17:51:10
POL03514,CUST01305,Life,2025-02-05,2028-02-05,1050.64,Active,batch_001,2026-07-31T17:51:10
POL03515,CUST01842,Auto,2025-10-08,2027-10-08,1298.76,Lapsed,batch_001,2026-07-31T17:51:10
POL03516,CUST01756,Life,2024-10-18,2027-10-18,3025.34,Cancelled,batch_001,2026-07-31T17:51:10
POL03517,CUST00251,Life,2024-07-25,2025-07-25,2377.15,Lapsed,batch_001,2026-07-31T17:51:10
POL03518,CUST00601,Auto,2026-03-22,2027-03-22,4521.50,Lapsed,batch_001,2026-07-31T17:51:10
POL03519,CUST00589,Auto,2024-10-08,2025-10-08,2005.36,Cancelled,batch_001,2026-07-31T17:51:10
POL03520,CUST01431,Health,2022-06-10,2023-06-10,1066.16,Cancelled,batch_001,2026-07-31T17:51:10
POL03521,CUST01612,Health,2025-08-27,2026-08-27,613.71,Active,batch_001,2026-07-31T17:51:10
POL03522,CUST01833,Auto,2026-06-29,2028-06-28,2787.56,Cancelled,batch_001,2026-07-31T17:51:10
POL03523,CUST00616,Auto,2023-06-30,2025-06-29,2143.69,Cancelled,batch_001,2026-07-31T17:51:10
POL03524,CUST00714,Auto,2022-12-17,2025-12-16,3896.43,Cancelled,batch_001,2026-07-31T17:51:10
POL03525,CUST01630,Life,2025-06-01,2026-06-01,1771.48,Cancelled,batch_001,2026-07-31T17:51:10
POL03526,CUST01100,Home,2022-03-16,2023-03-16,2876.13,Lapsed,batch_001,2026-07-31T17:51:10
POL03527,CUST01183,Auto,2021-11-10,2024-11-09,3123.01,Active,batch_001,2026-07-31T17:51:10
POL03528,CUST00155,Health,2024-02-01,2025-01-31,4482.45,Active,batch_001,2026-07-31T17:51:10
POL03529,CUST00942,Life,2021-09-30,2024-09-29,3520.61,Cancelled,batch_001,2026-07-31T17:51:10
POL03530,CUST01028,Health,2024-04-15,2027-04-15,3640.41,Cancelled,batch_001,2026-07-31T17:51:10
POL03531,CUST01384,Auto,2023-10-19,2024-10-18,1631.06,Cancelled,batch_001,2026-07-31T17:51:10
POL03532,CUST01851,Life,2022-06-20,2023-06-20,1561.12,Active,batch_001,2026-07-31T17:51:10
POL03533,CUST00376,Health,2022-03-17,2025-03-16,3343.20,Active,batch_001,2026-07-31T17:51:10
POL03534,CUST01646,Life,2024-06-25,2025-06-25,4496.94,Lapsed,batch_001,2026-07-31T17:51:10
POL03535,CUST00765,Auto,2023-01-09,2025-01-08,1140.75,Cancelled,batch_001,2026-07-31T17:51:10
POL03536,CUST00320,Auto,2024-10-08,2026-10-08,1519.52,Cancelled,batch_001,2026-07-31T17:51:10
POL03537,CUST01890,Life,2022-12-11,2025-12-10,3385.72,Cancelled,batch_001,2026-07-31T17:51:10
POL03538,CUST00615,Life,2022-03-20,2025-03-19,2563.86,Cancelled,batch_001,2026-07-31T17:51:10
POL03539,CUST00631,Home,2026-03-25,2028-03-24,3648.99,Lapsed,batch_001,2026-07-31T17:51:10
POL03540,CUST02024,Auto,2022-05-15,2025-05-14,2968.66,Cancelled,batch_001,2026-07-31T17:51:10
POL03541,CUST00003,Life,2024-06-13,2027-06-13,1727.62,Cancelled,batch_001,2026-07-31T17:51:10
POL03542,CUST00973,Health,2025-09-06,2026-09-06,3475.23,Active,batch_001,2026-07-31T17:51:10
POL03543,CUST00123,Health,2021-11-03,2024-11-02,1492.77,Lapsed,batch_001,2026-07-31T17:51:10
POL03544,CUST01360,Life,2025-03-31,2027-03-31,3692.91,Cancelled,batch_001,2026-07-31T17:51:10
POL03545,CUST00512,Home,2022-12-24,2023-12-24,347.04,Lapsed,batch_001,2026-07-31T17:51:10
POL03546,CUST01404,Health,2025-04-09,2028-04-08,1044.35,Lapsed,batch_001,2026-07-31T17:51:10
POL03547,CUST01611,Life,2022-11-30,2024-11-29,1076.27,Cancelled,batch_001,2026-07-31T17:51:10
POL03548,CUST01446,Health,2022-01-12,2024-01-12,1141.31,Active,batch_001,2026-07-31T17:51:10
POL03549,CUST00546,Health,2022-06-09,2025-06-08,1383.80,Lapsed,batch_001,2026-07-31T17:51:10
POL03550,CUST00797,Auto,2024-05-23,2025-05-23,4358.20,Lapsed,batch_001,2026-07-31T17:51:10
POL03551,CUST00327,Health,2023-04-29,2025-04-28,989.22,Active,batch_001,2026-07-31T17:51:10
POL03552,CUST01980,Home,2023-03-12,2026-03-11,3855.19,Lapsed,batch_001,2026-07-31T17:51:10
POL03553,CUST00704,Life,2025-01-21,2027-01-21,1004.86,Cancelled,batch_001,2026-07-31T17:51:10
POL03554,CUST00911,Health,2026-04-16,2027-04-16,4368.00,Cancelled,batch_001,2026-07-31T17:51:10
POL03555,CUST01516,Auto,2026-03-04,2029-03-03,3952.08,Active,batch_001,2026-07-31T17:51:10
POL03556,CUST01603,Health,2023-11-01,2026-10-31,709.81,Lapsed,batch_001,2026-07-31T17:51:10
POL03557,CUST02006,Health,2023-12-21,2024-12-20,4767.82,Lapsed,batch_001,2026-07-31T17:51:10
POL03558,CUST01313,Life,2024-02-08,2027-02-07,1757.01,Cancelled,batch_001,2026-07-31T17:51:10
POL03559,CUST00919,Auto,2023-08-07,2025-08-06,4159.34,Active,batch_001,2026-07-31T17:51:10
POL03560,CUST00492,Auto,2022-05-24,2024-05-23,3215.01,Active,batch_001,2026-07-31T17:51:10
POL03561,CUST00676,Auto,2021-12-31,2023-12-31,3075.21,Active,batch_001,2026-07-31T17:51:10
POL03562,CUST01367,Home,2024-12-01,2027-12-01,4198.52,Lapsed,batch_001,2026-07-31T17:51:10
POL03563,CUST01492,Home,2026-06-10,2027-06-10,612.85,Lapsed,batch_001,2026-07-31T17:51:10
POL03564,CUST01203,Life,2026-04-02,2028-04-01,623.39,Active,batch_001,2026-07-31T17:51:10
POL03565,CUST00829,Auto,2025-10-02,2027-10-02,4172.48,Active,batch_001,2026-07-31T17:51:10
POL03566,CUST00879,Life,2022-11-19,2025-11-18,1032.85,Lapsed,batch_001,2026-07-31T17:51:10
POL03567,CUST00399,Home,2022-01-15,2025-01-14,4260.20,Lapsed,batch_001,2026-07-31T17:51:10
POL03568,CUST00188,Auto,2024-08-24,2026-08-24,4287.48,Cancelled,batch_001,2026-07-31T17:51:10
POL03569,CUST00614,Auto,2021-08-10,2023-08-10,4773.11,Lapsed,batch_001,2026-07-31T17:51:10
POL03570,CUST01450,Home,2025-03-19,2026-03-19,368.92,Lapsed,batch_001,2026-07-31T17:51:10
POL03571,CUST00500,Life,2022-04-28,2024-04-27,3155.45,Cancelled,batch_001,2026-07-31T17:51:10
POL03572,CUST00540,Life,2024-01-31,2025-01-30,3104.34,Active,batch_001,2026-07-31T17:51:10
POL03573,CUST00963,Health,2025-08-30,2027-08-30,1932.74,Lapsed,batch_001,2026-07-31T17:51:10
POL03574,CUST01356,Life,2023-04-11,2024-04-10,4472.89,Lapsed,batch_001,2026-07-31T17:51:10
POL03575,CUST01702,Life,2022-05-27,2023-05-27,4786.62,Cancelled,batch_001,2026-07-31T17:51:10
POL03576,CUST00687,Home,2021-10-17,2023-10-17,1541.78,Lapsed,batch_001,2026-07-31T17:51:10
POL03577,CUST01382,Health,2023-05-03,2026-05-02,1821.87,Cancelled,batch_001,2026-07-31T17:51:10
POL03578,CUST01729,Health,2023-01-11,2026-01-10,1829.77,Lapsed,batch_001,2026-07-31T17:51:10
POL03579,CUST01180,Home,2024-01-22,2027-01-21,4239.57,Cancelled,batch_001,2026-07-31T17:51:10
POL03580,CUST00487,Auto,2022-04-10,2023-04-10,1661.80,Cancelled,batch_001,2026-07-31T17:51:10
POL03581,CUST00105,Home,2025-08-09,2027-08-09,4929.85,Active,batch_001,2026-07-31T17:51:10
POL03582,CUST01257,Health,2022-07-23,2023-07-23,405.80,Cancelled,batch_001,2026-07-31T17:51:10
POL03583,CUST00951,Auto,2024-03-14,2025-03-14,3014.39,Active,batch_001,2026-07-31T17:51:10
POL03584,CUST00475,Health,2024-12-15,2025-12-15,3284.72,Lapsed,batch_001,2026-07-31T17:51:10
POL03585,CUST01328,Health,2025-08-01,2026-08-01,1200.05,Lapsed,batch_001,2026-07-31T17:51:10
POL03586,CUST01744,Home,2025-09-26,2026-09-26,2704.58,Cancelled,batch_001,2026-07-31T17:51:10
POL03587,CUST01165,Life,2023-10-31,2024-10-30,1562.77,Lapsed,batch_001,2026-07-31T17:51:10
POL03588,CUST02010,Home,2022-05-09,2025-05-08,3175.82,Lapsed,batch_001,2026-07-31T17:51:10
POL03589,CUST00910,Life,2026-03-16,2029-03-15,4954.22,Lapsed,batch_001,2026-07-31T17:51:10
POL03590,CUST01199,Life,2024-11-15,2027-11-15,3986.37,Active,batch_001,2026-07-31T17:51:10
POL03591,CUST01501,Home,2023-02-24,2026-02-23,230.55,Lapsed,batch_001,2026-07-31T17:51:10
POL03592,CUST00286,Home,2024-09-24,2026-09-24,1203.92,Active,batch_001,2026-07-31T17:51:10
POL03593,CUST00434,Home,2024-10-27,2027-10-27,2808.15,Active,batch_001,2026-07-31T17:51:10
POL03594,CUST00587,Auto,2024-09-19,2025-09-19,806.22,Cancelled,batch_001,2026-07-31T17:51:10
POL03595,CUST00242,Life,2023-03-01,2025-02-28,3195.53,Cancelled,batch_001,2026-07-31T17:51:10
POL03596,CUST01003,Life,2025-05-14,2026-05-14,4450.31,Lapsed,batch_001,2026-07-31T17:51:10
POL03597,CUST01898,Health,2021-12-15,2023-12-15,968.72,Active,batch_001,2026-07-31T17:51:10
POL03598,CUST01932,Life,2023-10-26,2026-10-25,992.28,Cancelled,batch_001,2026-07-31T17:51:10
POL03599,CUST01868,Home,2025-04-26,2028-04-25,618.04,Active,batch_001,2026-07-31T17:51:10
POL03600,CUST01315,Health,2025-07-13,2027-07-13,2504.38,Cancelled,batch_001,2026-07-31T17:51:10
POL03601,CUST01089,Life,2023-10-26,2025-10-25,2897.80,Active,batch_001,2026-07-31T17:51:10
POL03602,CUST00134,Health,2023-07-02,2025-07-01,942.82,Active,batch_001,2026-07-31T17:51:10
POL03603,CUST01858,Life,2023-11-11,2026-11-10,633.12,Cancelled,batch_001,2026-07-31T17:51:10
POL03604,CUST00419,Life,2026-05-18,2029-05-17,1357.23,Active,batch_001,2026-07-31T17:51:10
POL03605,CUST01801,Auto,2022-02-06,2025-02-05,4371.35,Cancelled,batch_001,2026-07-31T17:51:10
POL03606,CUST01873,Home,2022-11-11,2024-11-10,1042.64,Active,batch_001,2026-07-31T17:51:10
POL03607,CUST00890,Home,2022-05-26,2024-05-25,3978.62,Active,batch_001,2026-07-31T17:51:10
POL03608,CUST00636,Home,2022-04-22,2024-04-21,1072.59,Cancelled,batch_001,2026-07-31T17:51:10
POL03609,CUST00413,Life,2024-07-02,2026-07-02,4431.48,Lapsed,batch_001,2026-07-31T17:51:10
POL03610,CUST00309,Health,2026-03-08,2029-03-07,4298.56,Active,batch_001,2026-07-31T17:51:10
POL03611,CUST00969,Home,2025-02-05,2028-02-05,2843.16,Lapsed,batch_001,2026-07-31T17:51:10
POL03612,CUST01002,Home,2023-07-06,2026-07-05,1945.72,Lapsed,batch_001,2026-07-31T17:51:10
POL03613,CUST01093,Life,2026-04-14,2029-04-13,4710.54,Active,batch_001,2026-07-31T17:51:10
POL03614,CUST01897,Life,2022-02-04,2024-02-04,3678.97,Active,batch_001,2026-07-31T17:51:10
POL03615,CUST01188,Home,2024-11-13,2025-11-13,4079.56,Active,batch_001,2026-07-31T17:51:10
POL03616,CUST01040,Life,2026-01-08,2029-01-07,1796.60,Cancelled,batch_001,2026-07-31T17:51:10
POL03617,CUST00740,Life,2025-02-19,2028-02-19,3680.14,Cancelled,batch_001,2026-07-31T17:51:10
POL03618,CUST00766,Home,2026-02-17,2029-02-16,2306.22,Lapsed,batch_001,2026-07-31T17:51:10
POL03619,CUST01357,Home,2025-08-13,2026-08-13,978.03,Cancelled,batch_001,2026-07-31T17:51:10
POL03620,CUST02039,Auto,2026-06-13,2029-06-12,2448.85,Active,batch_001,2026-07-31T17:51:10
POL03621,CUST01339,Home,2023-08-01,2025-07-31,3598.01,Cancelled,batch_001,2026-07-31T17:51:10
POL03622,CUST00996,Home,2025-08-17,2028-08-16,4739.86,Active,batch_001,2026-07-31T17:51:10
POL03623,CUST00404,Home,2024-02-13,2025-02-12,4099.14,Lapsed,batch_001,2026-07-31T17:51:10
POL03624,CUST00223,Home,2022-04-01,2024-03-31,3700.17,Active,batch_001,2026-07-31T17:51:10
POL03625,CUST01087,Life,2024-12-07,2025-12-07,4440.18,Cancelled,batch_001,2026-07-31T17:51:10
POL03626,CUST01796,Health,2021-11-14,2024-11-13,4447.16,Cancelled,batch_001,2026-07-31T17:51:10
POL03627,CUST01525,Health,2025-11-05,2026-11-05,3527.93,Active,batch_001,2026-07-31T17:51:10
POL03628,CUST01616,Auto,2026-06-08,2027-06-08,3259.65,Active,batch_001,2026-07-31T17:51:10
POL03629,CUST01238,Home,2025-12-21,2026-12-21,283.22,Lapsed,batch_001,2026-07-31T17:51:10
POL03630,CUST01314,Auto,2026-06-09,2029-06-08,593.65,Lapsed,batch_001,2026-07-31T17:51:10
POL03631,CUST00668,Home,2022-10-31,2023-10-31,1865.06,Cancelled,batch_001,2026-07-31T17:51:10
POL03632,CUST00384,Auto,2022-08-07,2025-08-06,4512.99,Active,batch_001,2026-07-31T17:51:10
POL03633,CUST01427,Auto,2025-05-25,2028-05-24,2970.50,Active,batch_001,2026-07-31T17:51:10
POL03634,CUST01136,Home,2023-01-18,2025-01-17,1154.43,Active,batch_001,2026-07-31T17:51:10
POL03635,CUST00021,Life,2022-12-31,2025-12-30,4151.60,Lapsed,batch_001,2026-07-31T17:51:10
POL03636,CUST02048,Auto,2023-05-19,2024-05-18,1210.00,Cancelled,batch_001,2026-07-31T17:51:10
POL03637,CUST00199,Home,2023-03-20,2024-03-19,896.88,Cancelled,batch_001,2026-07-31T17:51:10
POL03638,CUST00645,Auto,2022-08-26,2023-08-26,754.69,Cancelled,batch_001,2026-07-31T17:51:10
POL03639,CUST01680,Life,2021-12-09,2024-12-08,4808.55,Cancelled,batch_001,2026-07-31T17:51:10
POL03640,CUST00366,Auto,2025-03-06,2026-03-06,456.82,Active,batch_001,2026-07-31T17:51:10
POL03641,CUST00531,Home,2022-03-30,2024-03-29,2132.94,Active,batch_001,2026-07-31T17:51:10
POL03642,CUST00131,Life,2025-04-12,2026-04-12,3164.04,Active,batch_001,2026-07-31T17:51:10
POL03643,CUST01793,Home,2023-04-18,2026-04-17,1846.11,Active,batch_001,2026-07-31T17:51:10
POL03644,CUST00877,Auto,2022-11-01,2025-10-31,3784.51,Lapsed,batch_001,2026-07-31T17:51:10
POL03645,CUST01558,Health,2023-10-09,2026-10-08,1123.73,Active,batch_001,2026-07-31T17:51:10
POL03646,CUST00733,Life,2024-04-18,2027-04-18,264.36,Cancelled,batch_001,2026-07-31T17:51:10
POL03647,CUST00425,Home,2022-02-23,2025-02-22,4094.04,Lapsed,batch_001,2026-07-31T17:51:10
POL03648,CUST01166,Auto,2022-04-26,2023-04-26,682.20,Cancelled,batch_001,2026-07-31T17:51:10
POL03649,CUST00576,Health,2024-11-16,2027-11-16,2094.96,Active,batch_001,2026-07-31T17:51:10
POL03650,CUST00552,Home,2026-04-23,2029-04-22,3391.63,Cancelled,batch_001,2026-07-31T17:51:10
POL03651,CUST00071,Home,2024-12-15,2026-12-15,2002.77,Cancelled,batch_001,2026-07-31T17:51:10
POL03652,CUST01434,Life,2026-04-10,2028-04-09,4973.92,Active,batch_001,2026-07-31T17:51:10
POL03653,CUST00006,Home,2024-05-08,2027-05-08,3732.72,Cancelled,batch_001,2026-07-31T17:51:10
POL03654,CUST01415,Home,2023-12-05,2026-12-04,2930.58,Cancelled,batch_001,2026-07-31T17:51:10
POL03655,CUST00070,Auto,2025-12-30,2028-12-29,2583.48,Active,batch_001,2026-07-31T17:51:10
POL03656,CUST01129,Home,2025-06-22,2027-06-22,769.52,Lapsed,batch_001,2026-07-31T17:51:10
POL03657,CUST01502,Life,2021-09-06,2023-09-06,2838.54,Lapsed,batch_001,2026-07-31T17:51:10
POL03658,CUST00111,Health,2026-07-29,2027-07-29,1217.66,Active,batch_001,2026-07-31T17:51:10
POL03659,CUST00106,Home,2026-01-08,2029-01-07,3936.90,Lapsed,batch_001,2026-07-31T17:51:10
POL03660,CUST01483,Home,2025-02-22,2026-02-22,2227.81,Lapsed,batch_001,2026-07-31T17:51:10
POL03661,CUST01139,Auto,2022-07-14,2023-07-14,2876.14,Active,batch_001,2026-07-31T17:51:10
POL03662,CUST01815,Auto,2025-02-06,2028-02-06,3173.24,Lapsed,batch_001,2026-07-31T17:51:10
POL03663,CUST00092,Life,2022-11-06,2024-11-05,4337.43,Active,batch_001,2026-07-31T17:51:10
POL03664,CUST01153,Auto,2022-11-02,2023-11-02,807.12,Lapsed,batch_001,2026-07-31T17:51:10
POL03665,CUST00650,Auto,2026-05-25,2028-05-24,1453.10,Active,batch_001,2026-07-31T17:51:10
POL03666,CUST01170,Auto,2026-07-30,2029-07-29,3609.59,Active,batch_001,2026-07-31T17:51:10
POL03667,CUST01488,Life,2026-07-14,2027-07-14,798.53,Lapsed,batch_001,2026-07-31T17:51:10
POL03668,CUST01850,Health,2022-06-06,2025-06-05,4588.19,Lapsed,batch_001,2026-07-31T17:51:10
POL03669,CUST01520,Life,2022-06-23,2024-06-22,3189.95,Cancelled,batch_001,2026-07-31T17:51:10
POL03670,CUST01426,Health,2026-05-13,2029-05-12,3936.23,Lapsed,batch_001,2026-07-31T17:51:10
POL03671,CUST01009,Health,2022-06-08,2024-06-07,4248.83,Lapsed,batch_001,2026-07-31T17:51:10
POL03672,CUST01029,Life,2024-01-04,2025-01-03,856.92,Lapsed,batch_001,2026-07-31T17:51:10
POL03673,CUST00244,Auto,2026-02-18,2027-02-18,730.69,Cancelled,batch_001,2026-07-31T17:51:10
POL03674,CUST00110,Life,2024-07-02,2025-07-02,385.91,Cancelled,batch_001,2026-07-31T17:51:10
POL03675,CUST01633,Health,2025-01-26,2026-01-26,681.81,Active,batch_001,2026-07-31T17:51:10
POL03676,CUST00175,Auto,2023-10-28,2025-10-27,977.00,Cancelled,batch_001,2026-07-31T17:51:10
POL03677,CUST01501,Life,2024-11-01,2025-11-01,4099.21,Active,batch_001,2026-07-31T17:51:10
POL03678,CUST00444,Health,2025-09-15,2026-09-15,3045.19,Cancelled,batch_001,2026-07-31T17:51:10
POL03679,CUST00801,Auto,2026-06-11,2027-06-11,2424.59,Lapsed,batch_001,2026-07-31T17:51:10
POL03680,CUST00221,Life,2025-08-07,2027-08-07,688.00,Cancelled,batch_001,2026-07-31T17:51:10
POL03681,CUST00196,Health,2021-11-23,2022-11-23,1794.27,Lapsed,batch_001,2026-07-31T17:51:10
POL03682,CUST02016,Health,2023-01-16,2026-01-15,4778.66,Active,batch_001,2026-07-31T17:51:10
POL03683,CUST00806,Auto,2023-12-02,2025-12-01,1039.91,Active,batch_001,2026-07-31T17:51:10
POL03684,CUST01430,Health,2025-01-01,2028-01-01,2288.46,Lapsed,batch_001,2026-07-31T17:51:10
POL03685,CUST01040,Life,2022-10-19,2024-10-18,3576.36,Active,batch_001,2026-07-31T17:51:10
POL03686,CUST00023,Health,2024-12-29,2025-12-29,778.38,Active,batch_001,2026-07-31T17:51:10
POL03687,CUST00821,Life,2021-11-27,2024-11-26,4057.54,Active,batch_001,2026-07-31T17:51:10
POL03688,CUST01792,Life,2024-12-10,2026-12-10,4625.45,Lapsed,batch_001,2026-07-31T17:51:10
POL03689,CUST00263,Home,2024-05-24,2025-05-24,578.88,Active,batch_001,2026-07-31T17:51:10
POL03690,CUST00078,Auto,2023-08-07,2026-08-06,4298.00,Active,batch_001,2026-07-31T17:51:10
POL03691,CUST01744,Auto,2021-12-30,2023-12-30,2134.32,Lapsed,batch_001,2026-07-31T17:51:10
POL03692,CUST00103,Auto,2025-08-14,2027-08-14,3208.82,Active,batch_001,2026-07-31T17:51:10
POL03693,CUST01990,Life,2023-11-11,2024-11-10,2345.27,Active,batch_001,2026-07-31T17:51:10
POL03694,CUST01076,Home,2024-09-29,2026-09-29,379.28,Cancelled,batch_001,2026-07-31T17:51:10
POL03695,CUST01105,Auto,2021-09-30,2024-09-29,526.13,Lapsed,batch_001,2026-07-31T17:51:10
POL03696,CUST00270,Health,2024-06-13,2025-06-13,3405.01,Active,batch_001,2026-07-31T17:51:10
POL03697,CUST00156,Health,2024-02-26,2025-02-25,1426.50,Cancelled,batch_001,2026-07-31T17:51:10
POL03698,CUST01618,Life,2024-03-22,2027-03-22,4144.22,Cancelled,batch_001,2026-07-31T17:51:10
POL03699,CUST00814,Life,2023-12-18,2024-12-17,3310.53,Cancelled,batch_001,2026-07-31T17:51:10
POL03700,CUST01699,Life,2025-10-04,2027-10-04,3488.75,Cancelled,batch_001,2026-07-31T17:51:10
POL03701,CUST00419,Life,2022-05-31,2025-05-30,3799.55,Lapsed,batch_001,2026-07-31T17:51:10
POL03702,CUST01987,Health,2023-07-08,2024-07-07,912.51,Active,batch_001,2026-07-31T17:51:10
POL03703,CUST01091,Home,2022-09-20,2024-09-19,2503.48,Active,batch_001,2026-07-31T17:51:10
POL03704,CUST01790,Home,2024-02-18,2025-02-17,3858.54,Active,batch_001,2026-07-31T17:51:10
POL03705,CUST01185,Auto,2025-05-06,2028-05-05,3506.64,Cancelled,batch_001,2026-07-31T17:51:10
POL03706,CUST00275,Health,2024-04-21,2026-04-21,4073.66,Active,batch_001,2026-07-31T17:51:10
POL03707,CUST00572,Auto,2023-11-14,2025-11-13,4270.98,Active,batch_001,2026-07-31T17:51:10
POL03708,CUST01888,Home,2025-02-13,2027-02-13,444.71,Active,batch_001,2026-07-31T17:51:10
POL03709,CUST00649,Auto,2022-05-03,2023-05-03,2171.56,Cancelled,batch_001,2026-07-31T17:51:10
POL03710,CUST00390,Auto,2023-03-05,2026-03-04,3213.30,Active,batch_001,2026-07-31T17:51:10
POL03711,CUST01838,Home,2025-05-02,2027-05-02,3484.86,Active,batch_001,2026-07-31T17:51:10
POL03712,CUST00092,Health,2023-05-17,2024-05-16,4884.85,Cancelled,batch_001,2026-07-31T17:51:10
POL03713,CUST00290,Life,2025-01-15,2028-01-15,346.57,Lapsed,batch_001,2026-07-31T17:51:10
POL03714,CUST00659,Auto,2025-09-12,2027-09-12,2768.50,Lapsed,batch_001,2026-07-31T17:51:10
POL03715,CUST00955,Life,2025-12-20,2027-12-20,2705.34,Cancelled,batch_001,2026-07-31T17:51:10
POL03716,CUST00048,Home,2024-10-03,2026-10-03,2300.81,Active,batch_001,2026-07-31T17:51:10
POL03717,CUST00192,Life,2022-01-20,2023-01-20,1445.60,Lapsed,batch_001,2026-07-31T17:51:10
POL03718,CUST00384,Home,2025-12-16,2027-12-16,2471.72,Active,batch_001,2026-07-31T17:51:10
POL03719,CUST01227,Life,2022-12-05,2024-12-04,2904.46,Active,batch_001,2026-07-31T17:51:10
POL03720,CUST00647,Life,2022-02-18,2025-02-17,3406.32,Cancelled,batch_001,2026-07-31T17:51:10
POL03721,CUST00678,Life,2024-03-22,2027-03-22,1498.00,Cancelled,batch_001,2026-07-31T17:51:10
POL03722,CUST01607,Life,2025-11-20,2028-11-19,922.10,Cancelled,batch_001,2026-07-31T17:51:10
POL03723,CUST00177,Health,2025-01-03,2028-01-03,440.12,Active,batch_001,2026-07-31T17:51:10
POL03724,CUST00363,Life,2022-09-24,2025-09-23,765.99,Active,batch_001,2026-07-31T17:51:10
POL03725,CUST02025,Home,2026-01-13,2028-01-13,2250.32,Active,batch_001,2026-07-31T17:51:10
POL03726,CUST00919,Health,2026-05-31,2028-05-30,1563.76,Cancelled,batch_001,2026-07-31T17:51:10
POL03727,CUST01886,Life,2021-10-27,2023-10-27,1899.40,Active,batch_001,2026-07-31T17:51:10
POL03728,CUST01728,Health,2023-01-20,2025-01-19,3271.99,Cancelled,batch_001,2026-07-31T17:51:10
POL03729,CUST01019,Health,2023-03-20,2025-03-19,2041.91,Cancelled,batch_001,2026-07-31T17:51:10
POL03730,CUST01856,Health,2023-04-14,2025-04-13,322.98,Active,batch_001,2026-07-31T17:51:10
POL03731,CUST00627,Health,2022-01-25,2023-01-25,2330.94,Active,batch_001,2026-07-31T17:51:10
POL03732,CUST01457,Home,2023-09-13,2025-09-12,883.23,Cancelled,batch_001,2026-07-31T17:51:10
POL03733,CUST00513,Auto,2021-11-09,2023-11-09,1521.04,Cancelled,batch_001,2026-07-31T17:51:10
POL03734,CUST00910,Health,2025-06-17,2028-06-16,4808.74,Cancelled,batch_001,2026-07-31T17:51:10
POL03735,CUST00934,Auto,2022-01-03,2024-01-03,2756.98,Lapsed,batch_001,2026-07-31T17:51:10
POL03736,CUST01619,Life,2024-08-22,2025-08-22,4928.06,Active,batch_001,2026-07-31T17:51:10
POL03737,CUST00280,Life,2023-04-09,2026-04-08,2336.84,Active,batch_001,2026-07-31T17:51:10
POL03738,CUST00366,Health,2023-11-28,2026-11-27,4198.50,Active,batch_001,2026-07-31T17:51:10
POL03739,CUST00463,Home,2024-09-16,2025-09-16,4993.81,Lapsed,batch_001,2026-07-31T17:51:10
POL03740,CUST00669,Home,2025-07-11,2028-07-10,3826.36,Cancelled,batch_001,2026-07-31T17:51:10
POL03741,CUST00874,Life,2025-11-15,2027-11-15,718.21,Cancelled,batch_001,2026-07-31T17:51:10
POL03742,CUST01400,Home,2024-12-14,2026-12-14,4493.32,Active,batch_001,2026-07-31T17:51:10
POL03743,CUST01316,Auto,2022-08-18,2023-08-18,4608.08,Lapsed,batch_001,2026-07-31T17:51:10
POL03744,CUST00090,Home,2021-11-01,2023-11-01,3942.84,Lapsed,batch_001,2026-07-31T17:51:10
POL03745,CUST02030,Home,2023-08-20,2025-08-19,3802.29,Lapsed,batch_001,2026-07-31T17:51:10
POL03746,CUST01757,Health,2024-09-29,2025-09-29,3158.14,Cancelled,batch_001,2026-07-31T17:51:10
POL03747,CUST01185,Health,2025-09-25,2026-09-25,4390.60,Active,batch_001,2026-07-31T17:51:10
POL03748,CUST00259,Life,2025-05-15,2028-05-14,2198.68,Cancelled,batch_001,2026-07-31T17:51:10
POL03749,CUST00268,Home,2023-02-01,2025-01-31,4503.56,Cancelled,batch_001,2026-07-31T17:51:10
POL03750,CUST00172,Auto,2025-08-12,2027-08-12,3053.83,Lapsed,batch_001,2026-07-31T17:51:10
POL03751,CUST00596,Auto,2026-07-27,2028-07-26,4199.97,Lapsed,batch_001,2026-07-31T17:51:10
POL03752,CUST01695,Auto,2026-04-07,2027-04-07,2325.68,Active,batch_001,2026-07-31T17:51:10
POL03753,CUST01616,Life,2024-07-20,2026-07-20,3188.23,Lapsed,batch_001,2026-07-31T17:51:10
POL03754,CUST01020,Life,2024-07-03,2027-07-03,2226.49,Cancelled,batch_001,2026-07-31T17:51:10
POL03755,CUST01277,Life,2022-12-20,2025-12-19,2837.85,Cancelled,batch_001,2026-07-31T17:51:10
POL03756,CUST00370,Health,2023-10-11,2025-10-10,3505.71,Lapsed,batch_001,2026-07-31T17:51:10
POL03757,CUST01285,Auto,2022-05-06,2025-05-05,1453.85,Active,batch_001,2026-07-31T17:51:10
POL03758,CUST00740,Auto,2024-01-01,2024-12-31,3145.75,Cancelled,batch_001,2026-07-31T17:51:10
POL03759,CUST01010,Life,2021-10-23,2023-10-23,4974.48,Cancelled,batch_001,2026-07-31T17:51:10
POL03760,CUST00289,Life,2024-11-12,2025-11-12,1886.05,Active,batch_001,2026-07-31T17:51:10
POL03761,CUST00254,Home,2021-12-31,2023-12-31,3477.28,Cancelled,batch_001,2026-07-31T17:51:10
POL03762,CUST01618,Home,2022-12-18,2025-12-17,3812.99,Lapsed,batch_001,2026-07-31T17:51:10
POL03763,CUST00516,Auto,2026-06-11,2028-06-10,1393.05,Cancelled,batch_001,2026-07-31T17:51:10
POL03764,CUST01526,Auto,2023-05-26,2026-05-25,1447.55,Lapsed,batch_001,2026-07-31T17:51:10
POL03765,CUST00102,Health,2023-06-17,2025-06-16,236.86,Active,batch_001,2026-07-31T17:51:10
POL03766,CUST01025,Home,2023-06-29,2025-06-28,2745.69,Active,batch_001,2026-07-31T17:51:10
POL03767,CUST01537,Health,2023-05-03,2025-05-02,4618.44,Cancelled,batch_001,2026-07-31T17:51:10
POL03768,CUST01767,Life,2023-11-13,2026-11-12,3144.27,Lapsed,batch_001,2026-07-31T17:51:10
POL03769,CUST01786,Health,2025-01-22,2026-01-22,1769.00,Active,batch_001,2026-07-31T17:51:10
POL03770,CUST01273,Health,2025-12-10,2026-12-10,4136.92,Lapsed,batch_001,2026-07-31T17:51:10
POL03771,CUST01815,Health,2021-09-30,2023-09-30,2552.14,Cancelled,batch_001,2026-07-31T17:51:10
POL03772,CUST01264,Health,2021-08-26,2022-08-26,2941.81,Active,batch_001,2026-07-31T17:51:10
POL03773,CUST00119,Life,2025-08-10,2026-08-10,3950.05,Active,batch_001,2026-07-31T17:51:10
POL03774,CUST01514,Health,2022-09-14,2023-09-14,4313.78,Lapsed,batch_001,2026-07-31T17:51:10
POL03775,CUST00755,Life,2023-01-19,2025-01-18,3959.74,Lapsed,batch_001,2026-07-31T17:51:10
POL03776,CUST00445,Life,2021-08-25,2024-08-24,1588.11,Cancelled,batch_001,2026-07-31T17:51:10
POL03777,CUST01422,Home,2023-06-25,2025-06-24,3097.52,Active,batch_001,2026-07-31T17:51:10
POL03778,CUST01743,Home,2023-09-22,2024-09-21,3535.00,Active,batch_001,2026-07-31T17:51:10
POL03779,CUST01205,Home,2024-03-05,2025-03-05,1039.56,Lapsed,batch_001,2026-07-31T17:51:10
POL03780,CUST01960,Life,2023-12-02,2025-12-01,4828.80,Lapsed,batch_001,2026-07-31T17:51:10
POL03781,CUST01295,Auto,2025-03-07,2027-03-07,844.82,Lapsed,batch_001,2026-07-31T17:51:10
POL03782,CUST00725,Health,2024-10-11,2025-10-11,697.55,Cancelled,batch_001,2026-07-31T17:51:10
POL03783,CUST01029,Life,2024-07-17,2025-07-17,643.04,Active,batch_001,2026-07-31T17:51:10
POL03784,CUST00062,Auto,2025-06-25,2026-06-25,3850.37,Lapsed,batch_001,2026-07-31T17:51:10
POL03785,CUST01623,Life,2023-09-20,2026-09-19,2678.10,Cancelled,batch_001,2026-07-31T17:51:10
POL03786,CUST00524,Home,2023-06-07,2025-06-06,4959.86,Active,batch_001,2026-07-31T17:51:10
POL03787,CUST01468,Life,2025-07-18,2026-07-18,2973.63,Active,batch_001,2026-07-31T17:51:10
POL03788,CUST01674,Health,2024-02-23,2026-02-22,2341.35,Active,batch_001,2026-07-31T17:51:10
POL03789,CUST00312,Home,2026-01-02,2029-01-01,4097.55,Cancelled,batch_001,2026-07-31T17:51:10
POL03790,CUST00220,Home,2024-12-14,2025-12-14,4613.70,Cancelled,batch_001,2026-07-31T17:51:10
POL03791,CUST01961,Health,2026-07-19,2028-07-18,1298.28,Active,batch_001,2026-07-31T17:51:10
POL03792,CUST01581,Auto,2022-06-12,2024-06-11,1859.45,Lapsed,batch_001,2026-07-31T17:51:10
POL03793,CUST00692,Health,2021-08-21,2024-08-20,1881.70,Lapsed,batch_001,2026-07-31T17:51:10
POL03794,CUST00524,Auto,2025-12-05,2028-12-04,1039.18,Cancelled,batch_001,2026-07-31T17:51:10
POL03795,CUST00953,Health,2024-10-04,2027-10-04,3534.64,Lapsed,batch_001,2026-07-31T17:51:10
POL03796,CUST01100,Auto,2026-05-09,2028-05-08,4025.20,Active,batch_001,2026-07-31T17:51:10
POL03797,CUST01043,Health,2023-12-25,2026-12-24,4733.95,Cancelled,batch_001,2026-07-31T17:51:10
POL03798,CUST01914,Health,2024-02-12,2026-02-11,1568.99,Cancelled,batch_001,2026-07-31T17:51:10
POL03799,CUST00315,Auto,2022-06-30,2023-06-30,4375.38,Active,batch_001,2026-07-31T17:51:10
POL03800,CUST01833,Health,2025-09-03,2026-09-03,939.99,Cancelled,batch_001,2026-07-31T17:51:10
POL03801,CUST02013,Auto,2022-02-13,2025-02-12,3873.68,Lapsed,batch_001,2026-07-31T17:51:10
POL03802,CUST01631,Home,2024-06-08,2026-06-08,4525.62,Active,batch_001,2026-07-31T17:51:10
POL03803,CUST00682,Life,2023-12-06,2026-12-05,1608.66,Active,batch_001,2026-07-31T17:51:10
POL03804,CUST01555,Home,2024-05-05,2025-05-05,1119.82,Active,batch_001,2026-07-31T17:51:10
POL03805,CUST00052,Auto,2023-12-07,2025-12-06,1897.42,Active,batch_001,2026-07-31T17:51:10
POL03806,CUST01012,Auto,2023-10-19,2026-10-18,3963.38,Lapsed,batch_001,2026-07-31T17:51:10
POL03807,CUST00797,Auto,2024-02-13,2026-02-12,3630.84,Lapsed,batch_001,2026-07-31T17:51:10
POL03808,CUST00941,Health,2023-03-07,2026-03-06,4972.78,Cancelled,batch_001,2026-07-31T17:51:10
POL03809,CUST00594,Health,2022-11-07,2025-11-06,2614.60,Cancelled,batch_001,2026-07-31T17:51:10
POL03810,CUST00941,Health,2025-12-23,2026-12-23,1788.92,Active,batch_001,2026-07-31T17:51:10
POL03811,CUST00426,Auto,2023-08-15,2024-08-14,4317.62,Cancelled,batch_001,2026-07-31T17:51:10
POL03812,CUST01174,Auto,2022-01-22,2024-01-22,2314.60,Lapsed,batch_001,2026-07-31T17:51:10
POL03813,CUST01143,Health,2025-01-05,2027-01-05,4946.71,Lapsed,batch_001,2026-07-31T17:51:10
POL03814,CUST01072,Health,2024-04-17,2027-04-17,4786.46,Lapsed,batch_001,2026-07-31T17:51:10
POL03815,CUST00862,Health,2022-10-07,2023-10-07,4164.09,Cancelled,batch_001,2026-07-31T17:51:10
POL03816,CUST00891,Life,2021-10-17,2022-10-17,2480.53,Cancelled,batch_001,2026-07-31T17:51:10
POL03817,CUST01313,Home,2025-10-22,2028-10-21,714.34,Cancelled,batch_001,2026-07-31T17:51:10
POL03818,CUST01870,Health,2024-02-03,2027-02-02,792.00,Cancelled,batch_001,2026-07-31T17:51:10
POL03819,CUST01744,Home,2023-10-14,2026-10-13,2052.78,Cancelled,batch_001,2026-07-31T17:51:10
POL03820,CUST01289,Life,2025-02-19,2028-02-19,492.42,Cancelled,batch_001,2026-07-31T17:51:10
POL03821,CUST01964,Auto,2025-01-07,2028-01-07,837.66,Lapsed,batch_001,2026-07-31T17:51:10
POL03822,CUST01040,Life,2024-11-17,2026-11-17,3468.91,Active,batch_001,2026-07-31T17:51:10
POL03823,CUST01562,Health,2021-11-16,2022-11-16,4089.07,Active,batch_001,2026-07-31T17:51:10
POL03824,CUST00835,Home,2026-07-15,2028-07-14,834.57,Cancelled,batch_001,2026-07-31T17:51:10
POL03825,CUST00965,Home,2026-06-11,2028-06-10,981.12,Cancelled,batch_001,2026-07-31T17:51:10
POL03826,CUST00462,Life,2023-03-12,2024-03-11,924.55,Active,batch_001,2026-07-31T17:51:10
POL03827,CUST00644,Home,2024-06-30,2026-06-30,4615.76,Active,batch_001,2026-07-31T17:51:10
POL03828,CUST00203,Home,2023-06-20,2026-06-19,4361.28,Active,batch_001,2026-07-31T17:51:10
POL03829,CUST00480,Auto,2026-02-15,2027-02-15,781.41,Active,batch_001,2026-07-31T17:51:10
POL03830,CUST00009,Auto,2025-08-16,2026-08-16,1043.50,Active,batch_001,2026-07-31T17:51:10
POL03831,CUST01890,Life,2024-08-16,2027-08-16,2705.70,Lapsed,batch_001,2026-07-31T17:51:10
POL03832,CUST00123,Life,2025-11-22,2026-11-22,417.49,Cancelled,batch_001,2026-07-31T17:51:10
POL03833,CUST00343,Health,2024-02-17,2026-02-16,784.17,Active,batch_001,2026-07-31T17:51:10
POL03834,CUST00381,Health,2023-01-09,2025-01-08,2041.84,Active,batch_001,2026-07-31T17:51:10
POL03835,CUST01186,Health,2026-04-29,2029-04-28,1329.11,Cancelled,batch_001,2026-07-31T17:51:10
POL03836,CUST00349,Auto,2023-02-12,2024-02-12,3277.54,Lapsed,batch_001,2026-07-31T17:51:10
POL03837,CUST00567,Home,2024-01-28,2026-01-27,2221.47,Lapsed,batch_001,2026-07-31T17:51:10
POL03838,CUST01296,Auto,2022-05-29,2024-05-28,2161.61,Active,batch_001,2026-07-31T17:51:10
POL03839,CUST00070,Life,2025-07-31,2026-07-31,1153.07,Lapsed,batch_001,2026-07-31T17:51:10
POL03840,CUST01143,Health,2022-08-31,2023-08-31,216.84,Cancelled,batch_001,2026-07-31T17:51:10
POL03841,CUST00306,Health,2023-10-11,2026-10-10,2020.11,Active,batch_001,2026-07-31T17:51:10
POL03842,CUST01773,Life,2026-05-01,2029-04-30,421.17,Lapsed,batch_001,2026-07-31T17:51:10
POL03843,CUST00054,Life,2023-02-18,2025-02-17,641.73,Lapsed,batch_001,2026-07-31T17:51:10
POL03844,CUST00370,Home,2024-06-06,2026-06-06,4364.02,Lapsed,batch_001,2026-07-31T17:51:10
POL03845,CUST01327,Auto,2022-05-03,2023-05-03,4077.26,Lapsed,batch_001,2026-07-31T17:51:10
POL03846,CUST01102,Life,2023-06-20,2026-06-19,4126.14,Active,batch_001,2026-07-31T17:51:10
POL03847,CUST01505,Home,2024-08-06,2027-08-06,3152.84,Lapsed,batch_001,2026-07-31T17:51:10
POL03848,CUST01206,Home,2023-06-23,2025-06-22,2831.53,Lapsed,batch_001,2026-07-31T17:51:10
POL03849,CUST01660,Home,2024-03-10,2027-03-10,3682.95,Lapsed,batch_001,2026-07-31T17:51:10
POL03850,CUST00064,Home,2025-02-25,2028-02-25,2403.74,Cancelled,batch_001,2026-07-31T17:51:10
POL03851,CUST00485,Life,2024-05-24,2026-05-24,2878.54,Cancelled,batch_001,2026-07-31T17:51:10
POL03852,CUST01988,Auto,2024-09-26,2027-09-26,3369.98,Lapsed,batch_001,2026-07-31T17:51:10
POL03853,CUST01757,Home,2023-10-17,2024-10-16,1980.78,Lapsed,batch_001,2026-07-31T17:51:10
POL03854,CUST01862,Life,2026-07-23,2028-07-22,4250.69,Active,batch_001,2026-07-31T17:51:10
POL03855,CUST00519,Auto,2024-01-29,2027-01-28,3054.57,Active,batch_001,2026-07-31T17:51:10
POL03856,CUST01469,Life,2025-07-09,2026-07-09,2271.74,Cancelled,batch_001,2026-07-31T17:51:10
POL03857,CUST00766,Life,2022-07-30,2025-07-29,2971.10,Active,batch_001,2026-07-31T17:51:10
POL03858,CUST00024,Health,2025-07-30,2027-07-30,4893.33,Active,batch_001,2026-07-31T17:51:10
POL03859,CUST01480,Health,2022-01-12,2023-01-12,3963.03,Cancelled,batch_001,2026-07-31T17:51:10
POL03860,CUST00483,Life,2026-07-17,2028-07-16,4863.27,Lapsed,batch_001,2026-07-31T17:51:10
POL03861,CUST00370,Home,2026-07-06,2028-07-05,1595.78,Lapsed,batch_001,2026-07-31T17:51:10
POL03862,CUST00758,Auto,2022-03-08,2024-03-07,2048.46,Active,batch_001,2026-07-31T17:51:10
POL03863,CUST00593,Health,2025-08-05,2028-08-04,3430.28,Active,batch_001,2026-07-31T17:51:10
POL03864,CUST01650,Home,2023-03-26,2026-03-25,3621.30,Lapsed,batch_001,2026-07-31T17:51:10
POL03865,CUST00578,Life,2025-10-31,2027-10-31,1049.73,Lapsed,batch_001,2026-07-31T17:51:10
POL03866,CUST01841,Auto,2022-08-06,2025-08-05,3020.65,Cancelled,batch_001,2026-07-31T17:51:10
POL03867,CUST01501,Health,2024-10-27,2026-10-27,3660.83,Active,batch_001,2026-07-31T17:51:10
POL03868,CUST01420,Health,2026-01-31,2027-01-31,4151.88,Lapsed,batch_001,2026-07-31T17:51:10
POL03869,CUST00186,Health,2024-02-11,2026-02-10,4200.51,Lapsed,batch_001,2026-07-31T17:51:10
POL03870,CUST00580,Home,2025-02-02,2028-02-02,806.81,Lapsed,batch_001,2026-07-31T17:51:10
POL03871,CUST00074,Auto,2022-01-13,2024-01-13,4186.42,Active,batch_001,2026-07-31T17:51:10
POL03872,CUST01402,Life,2022-11-10,2025-11-09,2116.63,Lapsed,batch_001,2026-07-31T17:51:10
POL03873,CUST00866,Home,2022-09-29,2023-09-29,2404.92,Lapsed,batch_001,2026-07-31T17:51:10
POL03874,CUST00668,Health,2023-04-13,2025-04-12,4961.02,Cancelled,batch_001,2026-07-31T17:51:10
POL03875,CUST00365,Life,2024-06-28,2026-06-28,224.27,Cancelled,batch_001,2026-07-31T17:51:10
POL03876,CUST00749,Home,2025-01-21,2028-01-21,4737.54,Cancelled,batch_001,2026-07-31T17:51:10
POL03877,CUST00985,Auto,2026-06-03,2028-06-02,3641.97,Active,batch_001,2026-07-31T17:51:10
POL03878,CUST01529,Auto,2025-06-20,2027-06-20,547.94,Lapsed,batch_001,2026-07-31T17:51:10
POL03879,CUST01440,Auto,2022-10-17,2023-10-17,482.80,Active,batch_001,2026-07-31T17:51:10
POL03880,CUST00005,Home,2024-04-07,2025-04-07,2956.93,Lapsed,batch_001,2026-07-31T17:51:10
POL03881,CUST00353,Health,2023-02-10,2024-02-10,4909.06,Active,batch_001,2026-07-31T17:51:10
POL03882,CUST00179,Health,2022-04-07,2024-04-06,588.18,Active,batch_001,2026-07-31T17:51:10
POL03883,CUST00558,Home,2025-09-21,2027-09-21,455.55,Active,batch_001,2026-07-31T17:51:10
POL03884,CUST01763,Health,2024-05-28,2025-05-28,2419.40,Cancelled,batch_001,2026-07-31T17:51:10
POL03885,CUST01982,Health,2023-01-30,2024-01-30,222.10,Cancelled,batch_001,2026-07-31T17:51:10
POL03886,CUST01280,Health,2024-03-29,2027-03-29,615.79,Cancelled,batch_001,2026-07-31T17:51:10
POL03887,CUST00577,Life,2022-01-26,2024-01-26,1289.62,Lapsed,batch_001,2026-07-31T17:51:10
POL03888,CUST00874,Life,2021-08-13,2024-08-12,2865.60,Lapsed,batch_001,2026-07-31T17:51:10
POL03889,CUST01143,Life,2025-06-03,2026-06-03,3056.85,Active,batch_001,2026-07-31T17:51:10
POL03890,CUST00361,Home,2023-11-26,2025-11-25,4214.40,Lapsed,batch_001,2026-07-31T17:51:10
POL03891,CUST00339,Home,2023-05-11,2024-05-10,4062.91,Cancelled,batch_001,2026-07-31T17:51:10
POL03892,CUST01362,Auto,2023-01-04,2024-01-04,370.50,Active,batch_001,2026-07-31T17:51:10
POL03893,CUST01652,Home,2026-06-24,2028-06-23,3918.48,Cancelled,batch_001,2026-07-31T17:51:10
POL03894,CUST01216,Home,2022-12-04,2023-12-04,529.86,Cancelled,batch_001,2026-07-31T17:51:10
POL03895,CUST00992,Health,2025-09-28,2027-09-28,2301.68,Active,batch_001,2026-07-31T17:51:10
POL03896,CUST01662,Health,2022-04-29,2024-04-28,2743.71,Cancelled,batch_001,2026-07-31T17:51:10
POL03897,CUST01759,Life,2022-09-05,2024-09-04,386.81,Active,batch_001,2026-07-31T17:51:10
POL03898,CUST01030,Health,2025-04-07,2028-04-06,2830.18,Cancelled,batch_001,2026-07-31T17:51:10
POL03899,CUST01244,Home,2025-03-25,2028-03-24,1137.11,Lapsed,batch_001,2026-07-31T17:51:10
POL03900,CUST01221,Life,2025-01-03,2026-01-03,2036.60,Active,batch_001,2026-07-31T17:51:10
POL03901,CUST01369,Auto,2025-03-23,2028-03-22,427.68,Lapsed,batch_001,2026-07-31T17:51:10
POL03902,CUST00206,Life,2025-08-21,2027-08-21,4649.66,Lapsed,batch_001,2026-07-31T17:51:10
POL03903,CUST01444,Auto,2024-11-01,2026-11-01,3175.40,Lapsed,batch_001,2026-07-31T17:51:10
POL03904,CUST00749,Auto,2021-08-13,2023-08-13,965.39,Cancelled,batch_001,2026-07-31T17:51:10
POL03905,CUST01366,Health,2021-11-24,2022-11-24,2796.04,Active,batch_001,2026-07-31T17:51:10
POL03906,CUST01268,Auto,2026-02-12,2027-02-12,2568.25,Cancelled,batch_001,2026-07-31T17:51:10
POL03907,CUST00957,Auto,2023-04-10,2026-04-09,688.24,Active,batch_001,2026-07-31T17:51:10
POL03908,CUST01589,Auto,2024-10-01,2025-10-01,2420.96,Cancelled,batch_001,2026-07-31T17:51:10
POL03909,CUST01346,Health,2021-09-11,2024-09-10,291.66,Cancelled,batch_001,2026-07-31T17:51:10
POL03910,CUST00222,Home,2024-04-26,2026-04-26,3473.49,Active,batch_001,2026-07-31T17:51:10
POL03911,CUST01520,Home,2026-02-03,2029-02-02,314.21,Lapsed,batch_001,2026-07-31T17:51:10
POL03912,CUST00341,Home,2023-03-14,2025-03-13,3553.44,Active,batch_001,2026-07-31T17:51:10
POL03913,CUST00747,Life,2021-09-23,2022-09-23,3400.93,Lapsed,batch_001,2026-07-31T17:51:10
POL03914,CUST00244,Auto,2021-08-11,2024-08-10,1915.25,Active,batch_001,2026-07-31T17:51:10
POL03915,CUST00208,Auto,2023-09-11,2025-09-10,3845.82,Lapsed,batch_001,2026-07-31T17:51:10
POL03916,CUST00750,Health,2023-07-02,2024-07-01,1818.85,Cancelled,batch_001,2026-07-31T17:51:10
POL03917,CUST01064,Life,2024-07-03,2027-07-03,3494.69,Cancelled,batch_001,2026-07-31T17:51:10
POL03918,CUST01795,Health,2024-03-25,2027-03-25,1830.96,Active,batch_001,2026-07-31T17:51:10
POL03919,CUST01815,Home,2022-09-03,2024-09-02,679.49,Active,batch_001,2026-07-31T17:51:10
POL03920,CUST00203,Health,2022-06-14,2024-06-13,3055.81,Cancelled,batch_001,2026-07-31T17:51:10
POL03921,CUST01500,Auto,2024-11-02,2027-11-02,3031.46,Active,batch_001,2026-07-31T17:51:10
POL03922,CUST00270,Auto,2025-11-09,2028-11-08,3804.78,Active,batch_001,2026-07-31T17:51:10
POL03923,CUST00886,Health,2024-03-07,2026-03-07,1581.66,Cancelled,batch_001,2026-07-31T17:51:10
POL03924,CUST00486,Auto,2022-12-30,2023-12-30,1175.66,Lapsed,batch_001,2026-07-31T17:51:10
POL03925,CUST00129,Home,2022-02-17,2024-02-17,805.07,Lapsed,batch_001,2026-07-31T17:51:10
POL03926,CUST01165,Auto,2021-12-19,2022-12-19,2631.11,Active,batch_001,2026-07-31T17:51:10
POL03927,CUST00385,Home,2024-02-11,2027-02-10,1639.48,Cancelled,batch_001,2026-07-31T17:51:10
POL03928,CUST00714,Health,2024-01-19,2026-01-18,4426.40,Lapsed,batch_001,2026-07-31T17:51:10
POL03929,CUST01395,Home,2025-06-15,2026-06-15,4564.65,Active,batch_001,2026-07-31T17:51:10
POL03930,CUST00137,Auto,2026-01-01,2028-01-01,2062.03,Lapsed,batch_001,2026-07-31T17:51:10
POL03931,CUST00054,Auto,2026-01-13,2028-01-13,2933.09,Lapsed,batch_001,2026-07-31T17:51:10
POL03932,CUST00241,Auto,2024-06-13,2027-06-13,2256.67,Cancelled,batch_001,2026-07-31T17:51:10
POL03933,CUST01956,Health,2025-04-07,2027-04-07,3642.22,Active,batch_001,2026-07-31T17:51:10
POL03934,CUST01962,Health,2022-09-18,2025-09-17,4498.11,Cancelled,batch_001,2026-07-31T17:51:10
POL03935,CUST00893,Home,2024-06-28,2027-06-28,801.47,Cancelled,batch_001,2026-07-31T17:51:10
POL03936,CUST01536,Home,2025-09-29,2027-09-29,1672.43,Active,batch_001,2026-07-31T17:51:10
POL03937,CUST01878,Life,2024-08-19,2025-08-19,2084.63,Active,batch_001,2026-07-31T17:51:10
POL03938,CUST00893,Home,2023-03-07,2025-03-06,1774.84,Cancelled,batch_001,2026-07-31T17:51:10
POL03939,CUST00299,Life,2022-12-24,2024-12-23,4176.52,Active,batch_001,2026-07-31T17:51:10
POL03940,CUST00533,Life,2025-01-03,2027-01-03,1702.90,Active,batch_001,2026-07-31T17:51:10
POL03941,CUST01044,Home,2021-09-27,2023-09-27,707.69,Cancelled,batch_001,2026-07-31T17:51:10
POL03942,CUST00613,Home,2023-07-09,2024-07-08,3213.13,Active,batch_001,2026-07-31T17:51:10
POL03943,CUST00391,Auto,2023-06-26,2025-06-25,1788.94,Active,batch_001,2026-07-31T17:51:10
POL03944,CUST00164,Life,2022-09-10,2025-09-09,3979.78,Cancelled,batch_001,2026-07-31T17:51:10
POL03945,CUST00024,Life,2023-05-17,2024-05-16,1909.61,Cancelled,batch_001,2026-07-31T17:51:10
POL03946,CUST00621,Auto,2021-10-06,2023-10-06,1366.28,Active,batch_001,2026-07-31T17:51:10
POL03947,CUST00901,Home,2025-11-13,2027-11-13,2084.39,Cancelled,batch_001,2026-07-31T17:51:10
POL03948,CUST01371,Life,2023-01-06,2024-01-06,1551.63,Lapsed,batch_001,2026-07-31T17:51:10
POL03949,CUST01848,Health,2022-08-16,2025-08-15,2871.12,Cancelled,batch_001,2026-07-31T17:51:10
POL03950,CUST01735,Health,2024-09-10,2025-09-10,621.09,Active,batch_001,2026-07-31T17:51:10
POL03951,CUST00985,Life,2021-11-23,2023-11-23,422.85,Cancelled,batch_001,2026-07-31T17:51:10
POL03952,CUST00580,Life,2024-10-07,2025-10-07,4027.23,Lapsed,batch_001,2026-07-31T17:51:10
POL03953,CUST00319,Health,2023-10-02,2025-10-01,2699.17,Lapsed,batch_001,2026-07-31T17:51:10
POL03954,CUST00517,Auto,2026-02-15,2028-02-15,4471.66,Lapsed,batch_001,2026-07-31T17:51:10
POL03955,CUST01411,Home,2021-12-27,2022-12-27,636.00,Active,batch_001,2026-07-31T17:51:10
POL03956,CUST00026,Home,2021-12-26,2024-12-25,3809.28,Active,batch_001,2026-07-31T17:51:10
POL03957,CUST00690,Auto,2022-06-30,2024-06-29,3562.04,Cancelled,batch_001,2026-07-31T17:51:10
POL03958,CUST00701,Auto,2021-09-29,2024-09-28,3682.67,Lapsed,batch_001,2026-07-31T17:51:10
POL03959,CUST02003,Auto,2021-12-26,2024-12-25,3971.25,Cancelled,batch_001,2026-07-31T17:51:10
POL03960,CUST01777,Auto,2022-07-24,2024-07-23,2914.61,Active,batch_001,2026-07-31T17:51:10
POL03961,CUST01522,Health,2025-02-13,2028-02-13,2295.35,Cancelled,batch_001,2026-07-31T17:51:10
POL03962,CUST01282,Life,2025-05-10,2028-05-09,591.45,Cancelled,batch_001,2026-07-31T17:51:10
POL03963,CUST00386,Life,2024-10-23,2026-10-23,1003.90,Cancelled,batch_001,2026-07-31T17:51:10
POL03964,CUST00207,Health,2022-08-17,2025-08-16,413.39,Active,batch_001,2026-07-31T17:51:10
POL03965,CUST00885,Auto,2026-03-26,2028-03-25,2767.89,Cancelled,batch_001,2026-07-31T17:51:10
POL03966,CUST00634,Life,2023-09-23,2025-09-22,3121.55,Active,batch_001,2026-07-31T17:51:10
POL03967,CUST01274,Auto,2025-08-11,2028-08-10,1525.33,Cancelled,batch_001,2026-07-31T17:51:10
POL03968,CUST00566,Home,2022-11-17,2023-11-17,4978.06,Cancelled,batch_001,2026-07-31T17:51:10
POL03969,CUST00222,Home,2023-04-29,2025-04-28,980.07,Cancelled,batch_001,2026-07-31T17:51:10
POL03970,CUST00523,Home,2021-08-27,2022-08-27,3152.20,Active,batch_001,2026-07-31T17:51:10
POL03971,CUST00243,Health,2024-02-20,2027-02-19,4738.47,Active,batch_001,2026-07-31T17:51:10
POL03972,CUST01142,Home,2025-02-26,2027-02-26,1537.97,Cancelled,batch_001,2026-07-31T17:51:10
POL03973,CUST00450,Auto,2022-06-08,2023-06-08,4637.86,Lapsed,batch_001,2026-07-31T17:51:10
POL03974,CUST00804,Auto,2026-01-01,2028-01-01,2970.92,Cancelled,batch_001,2026-07-31T17:51:10
POL03975,CUST00054,Home,2023-11-15,2024-11-14,3731.45,Active,batch_001,2026-07-31T17:51:10
POL03976,CUST00208,Health,2022-09-29,2025-09-28,1197.72,Cancelled,batch_001,2026-07-31T17:51:10
POL03977,CUST00538,Home,2025-02-20,2028-02-20,916.48,Cancelled,batch_001,2026-07-31T17:51:10
POL03978,CUST00521,Auto,2022-06-20,2024-06-19,2590.53,Active,batch_001,2026-07-31T17:51:10
POL03979,CUST00170,Home,2025-12-05,2027-12-05,3645.69,Cancelled,batch_001,2026-07-31T17:51:10
POL03980,CUST00193,Life,2022-07-30,2023-07-30,2206.06,Lapsed,batch_001,2026-07-31T17:51:10
POL03981,CUST00236,Health,2023-12-25,2025-12-24,1145.80,Cancelled,batch_001,2026-07-31T17:51:10
POL03982,CUST01803,Life,2022-07-19,2025-07-18,1307.88,Lapsed,batch_001,2026-07-31T17:51:10
POL03983,CUST00394,Home,2022-06-25,2024-06-24,2109.84,Active,batch_001,2026-07-31T17:51:10
POL03984,CUST00664,Auto,2025-10-23,2026-10-23,3482.18,Lapsed,batch_001,2026-07-31T17:51:10
POL03985,CUST00304,Life,2023-04-08,2026-04-07,4440.61,Lapsed,batch_001,2026-07-31T17:51:10
POL03986,CUST00168,Home,2023-04-11,2025-04-10,4352.91,Cancelled,batch_001,2026-07-31T17:51:10
POL03987,CUST00894,Auto,2023-10-25,2026-10-24,4787.78,Active,batch_001,2026-07-31T17:51:10
POL03988,CUST01131,Auto,2026-01-10,2028-01-10,1390.12,Cancelled,batch_001,2026-07-31T17:51:10
POL03989,CUST00618,Auto,2023-04-17,2025-04-16,2081.03,Active,batch_001,2026-07-31T17:51:10
POL03990,CUST00058,Auto,2024-08-15,2025-08-15,2215.04,Lapsed,batch_001,2026-07-31T17:51:10
POL03991,CUST01510,Life,2025-01-23,2027-01-23,2874.46,Lapsed,batch_001,2026-07-31T17:51:10
POL03992,CUST00167,Life,2024-02-02,2026-02-01,4779.42,Active,batch_001,2026-07-31T17:51:10
POL03993,CUST00627,Auto,2022-12-10,2025-12-09,2091.21,Cancelled,batch_001,2026-07-31T17:51:10
POL03994,CUST01483,Health,2021-11-29,2024-11-28,4060.07,Active,batch_001,2026-07-31T17:51:10
POL03995,CUST01044,Health,2026-03-29,2028-03-28,2989.82,Cancelled,batch_001,2026-07-31T17:51:10
POL03996,CUST01768,Life,2025-10-19,2026-10-19,2316.68,Active,batch_001,2026-07-31T17:51:10
POL03997,CUST00773,Home,2023-05-06,2026-05-05,1669.61,Cancelled,batch_001,2026-07-31T17:51:10
POL03998,CUST01239,Life,2025-08-31,2027-08-31,1850.19,Active,batch_001,2026-07-31T17:51:10
POL03999,CUST00692,Life,2024-05-22,2026-05-22,1110.91,Active,batch_001,2026-07-31T17:51:10
POL04000,CUST00482,Auto,2023-07-28,2025-07-27,4433.91,Lapsed,batch_001,2026-07-31T17:51:10
POL04001,CUST01684,Home,2021-08-07,2022-08-07,1427.49,Cancelled,batch_001,2026-07-31T17:51:10
POL04002,CUST01314,Health,2021-09-07,2023-09-07,4716.02,Cancelled,batch_001,2026-07-31T17:51:10
POL04003,CUST00161,Life,2022-05-02,2023-05-02,686.78,Cancelled,batch_001,2026-07-31T17:51:10
POL04004,CUST01670,Home,2022-07-08,2025-07-07,3164.96,Cancelled,batch_001,2026-07-31T17:51:10
POL04005,CUST00347,Life,2026-06-17,2027-06-17,3676.90,Lapsed,batch_001,2026-07-31T17:51:10
POL04006,CUST01388,Home,2025-10-12,2026-10-12,1164.86,Active,batch_001,2026-07-31T17:51:10
POL04007,CUST01154,Life,2022-11-05,2025-11-04,4835.33,Active,batch_001,2026-07-31T17:51:10
POL04008,CUST01494,Home,2022-05-05,2024-05-04,3400.21,Active,batch_001,2026-07-31T17:51:10
POL04009,CUST00829,Auto,2025-12-05,2026-12-05,1451.56,Cancelled,batch_001,2026-07-31T17:51:10
POL04010,CUST01499,Life,2022-03-20,2023-03-20,572.23,Lapsed,batch_001,2026-07-31T17:51:10
POL04011,CUST01094,Health,2022-06-09,2023-06-09,1994.54,Lapsed,batch_001,2026-07-31T17:51:10
POL04012,CUST01101,Life,2023-10-03,2026-10-02,2073.94,Lapsed,batch_001,2026-07-31T17:51:10
POL04013,CUST01099,Health,2023-07-18,2025-07-17,2126.61,Active,batch_001,2026-07-31T17:51:10
POL04014,CUST01789,Health,2025-06-18,2027-06-18,4841.86,Cancelled,batch_001,2026-07-31T17:51:10
POL04015,CUST01110,Life,2024-02-04,2026-02-03,4957.42,Lapsed,batch_001,2026-07-31T17:51:10
POL04016,CUST01566,Auto,2023-10-28,2026-10-27,3054.31,Lapsed,batch_001,2026-07-31T17:51:10
POL04017,CUST00519,Auto,2025-07-11,2026-07-11,4548.53,Active,batch_001,2026-07-31T17:51:10
POL04018,CUST00091,Auto,2022-01-01,2024-01-01,1570.64,Cancelled,batch_001,2026-07-31T17:51:10
POL04019,CUST01255,Auto,2022-06-05,2024-06-04,4641.41,Lapsed,batch_001,2026-07-31T17:51:10
POL04020,CUST00585,Health,2023-01-23,2024-01-23,3850.01,Lapsed,batch_001,2026-07-31T17:51:10
POL04021,CUST01238,Life,2021-11-29,2024-11-28,2030.18,Active,batch_001,2026-07-31T17:51:10
POL04022,CUST00982,Auto,2024-01-18,2025-01-17,4296.55,Lapsed,batch_001,2026-07-31T17:51:10
POL04023,CUST01508,Auto,2024-08-22,2026-08-22,856.20,Lapsed,batch_001,2026-07-31T17:51:10
POL04024,CUST01172,Auto,2024-03-27,2025-03-27,2047.07,Cancelled,batch_001,2026-07-31T17:51:10
POL04025,CUST00801,Home,2025-03-14,2027-03-14,3323.19,Active,batch_001,2026-07-31T17:51:10
POL04026,CUST01233,Health,2022-07-25,2024-07-24,4119.57,Lapsed,batch_001,2026-07-31T17:51:10
POL04027,CUST00229,Life,2022-05-21,2023-05-21,3648.29,Cancelled,batch_001,2026-07-31T17:51:10
POL04028,CUST01876,Home,2021-12-19,2023-12-19,1256.05,Active,batch_001,2026-07-31T17:51:10
POL04029,CUST00123,Auto,2021-08-29,2024-08-28,4537.60,Lapsed,batch_001,2026-07-31T17:51:10
POL04030,CUST00685,Home,2022-10-02,2025-10-01,4145.37,Active,batch_001,2026-07-31T17:51:10
POL04031,CUST01830,Auto,2023-01-10,2024-01-10,1968.13,Cancelled,batch_001,2026-07-31T17:51:10
POL04032,CUST00857,Health,2024-05-16,2026-05-16,1728.01,Cancelled,batch_001,2026-07-31T17:51:10
POL04033,CUST00722,Life,2024-08-13,2026-08-13,3747.80,Cancelled,batch_001,2026-07-31T17:51:10
POL04034,CUST02041,Auto,2025-04-19,2027-04-19,1446.86,Active,batch_001,2026-07-31T17:51:10
POL04035,CUST00671,Auto,2023-11-10,2025-11-09,1131.18,Cancelled,batch_001,2026-07-31T17:51:10
POL04036,CUST01399,Home,2022-05-14,2025-05-13,2172.43,Active,batch_001,2026-07-31T17:51:10
POL04037,CUST00541,Life,2024-09-29,2026-09-29,2421.44,Lapsed,batch_001,2026-07-31T17:51:10
POL04038,CUST00772,Home,2024-06-28,2027-06-28,1754.79,Lapsed,batch_001,2026-07-31T17:51:10
POL04039,CUST00254,Auto,2023-02-18,2024-02-18,735.08,Cancelled,batch_001,2026-07-31T17:51:10
POL04040,CUST00625,Life,2022-07-18,2025-07-17,1914.13,Cancelled,batch_001,2026-07-31T17:51:10
POL04041,CUST01506,Health,2024-12-26,2025-12-26,318.02,Cancelled,batch_001,2026-07-31T17:51:10
POL04042,CUST00187,Auto,2024-12-24,2027-12-24,3359.77,Active,batch_001,2026-07-31T17:51:10
POL04043,CUST00730,Home,2025-06-17,2026-06-17,2522.46,Active,batch_001,2026-07-31T17:51:10
POL04044,CUST01897,Home,2023-11-21,2025-11-20,1094.28,Active,batch_001,2026-07-31T17:51:10
POL04045,CUST01234,Home,2024-11-09,2026-11-09,327.05,Cancelled,batch_001,2026-07-31T17:51:10
POL04046,CUST00892,Life,2025-08-23,2028-08-22,4000.45,Cancelled,batch_001,2026-07-31T17:51:10
POL04047,CUST02025,Home,2025-03-01,2028-02-29,3531.81,Active,batch_001,2026-07-31T17:51:10
POL04048,CUST01549,Health,2022-12-30,2023-12-30,783.79,Lapsed,batch_001,2026-07-31T17:51:10
POL04049,CUST01601,Home,2022-07-16,2025-07-15,940.04,Cancelled,batch_001,2026-07-31T17:51:10
POL04050,CUST00764,Life,2022-09-14,2023-09-14,3084.48,Active,batch_001,2026-07-31T17:51:10
POL04051,CUST01530,Health,2022-01-28,2024-01-28,813.54,Cancelled,batch_001,2026-07-31T17:51:10
POL04052,CUST00962,Home,2022-12-07,2025-12-06,1223.40,Active,batch_001,2026-07-31T17:51:10
POL04053,CUST01814,Home,2022-06-17,2023-06-17,3271.70,Cancelled,batch_001,2026-07-31T17:51:10
POL04054,CUST00714,Auto,2025-02-11,2028-02-11,1112.50,Lapsed,batch_001,2026-07-31T17:51:10
POL04055,CUST00910,Health,2025-09-06,2027-09-06,4293.75,Active,batch_001,2026-07-31T17:51:10
POL04056,CUST01749,Auto,2026-06-01,2027-06-01,1287.86,Cancelled,batch_001,2026-07-31T17:51:10
POL04057,CUST01924,Life,2025-04-21,2027-04-21,4865.57,Active,batch_001,2026-07-31T17:51:10
POL04058,CUST01881,Auto,2023-02-13,2024-02-13,2845.89,Cancelled,batch_001,2026-07-31T17:51:10
POL04059,CUST02040,Auto,2024-10-21,2025-10-21,2067.63,Cancelled,batch_001,2026-07-31T17:51:10
POL04060,CUST00819,Life,2024-08-17,2025-08-17,4182.87,Active,batch_001,2026-07-31T17:51:10
POL04061,CUST00511,Home,2021-10-27,2022-10-27,267.97,Lapsed,batch_001,2026-07-31T17:51:10
POL04062,CUST00911,Home,2022-09-08,2023-09-08,1900.26,Cancelled,batch_001,2026-07-31T17:51:10
POL04063,CUST02020,Life,2025-09-07,2026-09-07,4825.56,Cancelled,batch_001,2026-07-31T17:51:10
POL04064,CUST01058,Life,2025-09-23,2027-09-23,2763.84,Lapsed,batch_001,2026-07-31T17:51:10
POL04065,CUST01076,Home,2022-07-15,2023-07-15,1756.70,Active,batch_001,2026-07-31T17:51:10
POL04066,CUST00888,Home,2025-01-27,2026-01-27,4902.45,Active,batch_001,2026-07-31T17:51:10
POL04067,CUST00070,Auto,2025-04-29,2026-04-29,4614.28,Cancelled,batch_001,2026-07-31T17:51:10
POL04068,CUST00631,Health,2021-12-19,2023-12-19,1418.03,Cancelled,batch_001,2026-07-31T17:51:10
POL04069,CUST00632,Home,2022-02-11,2025-02-10,4318.71,Active,batch_001,2026-07-31T17:51:10
POL04070,CUST01659,Auto,2023-10-20,2026-10-19,4800.10,Lapsed,batch_001,2026-07-31T17:51:10
POL04071,CUST01383,Home,2024-04-01,2025-04-01,4141.05,Lapsed,batch_001,2026-07-31T17:51:10
POL04072,CUST01596,Home,2021-09-06,2024-09-05,436.68,Cancelled,batch_001,2026-07-31T17:51:10
POL04073,CUST01003,Auto,2026-01-15,2029-01-14,2498.18,Cancelled,batch_001,2026-07-31T17:51:10
POL04074,CUST01113,Life,2026-06-25,2027-06-25,2751.55,Cancelled,batch_001,2026-07-31T17:51:10
POL04075,CUST00968,Auto,2026-05-20,2028-05-19,1523.74,Lapsed,batch_001,2026-07-31T17:51:10
POL04076,CUST01249,Auto,2023-06-25,2026-06-24,1713.23,Cancelled,batch_001,2026-07-31T17:51:10
POL04077,CUST00056,Auto,2024-06-15,2027-06-15,1755.00,Active,batch_001,2026-07-31T17:51:10
POL04078,CUST00235,Health,2025-12-28,2027-12-28,1037.67,Cancelled,batch_001,2026-07-31T17:51:10
POL04079,CUST01940,Health,2026-01-10,2028-01-10,1300.35,Lapsed,batch_001,2026-07-31T17:51:10
POL04080,CUST01134,Life,2022-05-21,2023-05-21,1706.39,Active,batch_001,2026-07-31T17:51:10
POL04081,CUST00298,Home,2025-04-04,2027-04-04,1728.42,Cancelled,batch_001,2026-07-31T17:51:10
POL04082,CUST00355,Life,2023-09-10,2026-09-09,523.01,Cancelled,batch_001,2026-07-31T17:51:10
POL04083,CUST01402,Health,2025-09-04,2027-09-04,545.70,Lapsed,batch_001,2026-07-31T17:51:10
POL04084,CUST00375,Life,2024-07-08,2026-07-08,281.15,Cancelled,batch_001,2026-07-31T17:51:10
POL04085,CUST01847,Life,2024-11-06,2025-11-06,3036.49,Lapsed,batch_001,2026-07-31T17:51:10
POL04086,CUST00003,Home,2022-11-03,2023-11-03,488.95,Active,batch_001,2026-07-31T17:51:10
POL04087,CUST00649,Auto,2026-04-29,2028-04-28,1009.89,Active,batch_001,2026-07-31T17:51:10
POL04088,CUST02033,Auto,2022-01-15,2025-01-14,4361.01,Active,batch_001,2026-07-31T17:51:10
POL04089,CUST00614,Health,2021-09-04,2024-09-03,3375.84,Active,batch_001,2026-07-31T17:51:10
POL04090,CUST01762,Life,2022-11-29,2023-11-29,2943.55,Lapsed,batch_001,2026-07-31T17:51:10
POL04091,CUST01860,Life,2025-11-16,2028-11-15,2919.34,Active,batch_001,2026-07-31T17:51:10
POL04092,CUST01944,Home,2025-07-27,2028-07-26,4783.48,Active,batch_001,2026-07-31T17:51:10
POL04093,CUST01982,Home,2025-10-17,2026-10-17,2246.54,Active,batch_001,2026-07-31T17:51:10
POL04094,CUST00760,Home,2022-12-25,2025-12-24,4928.43,Lapsed,batch_001,2026-07-31T17:51:10
POL04095,CUST00116,Life,2022-03-19,2025-03-18,2069.14,Lapsed,batch_001,2026-07-31T17:51:10
POL04096,CUST01947,Life,2025-10-04,2028-10-03,2968.52,Lapsed,batch_001,2026-07-31T17:51:10
POL04097,CUST00852,Health,2024-04-21,2025-04-21,4235.17,Active,batch_001,2026-07-31T17:51:10
POL04098,CUST01566,Health,2023-08-17,2024-08-16,3092.57,Lapsed,batch_001,2026-07-31T17:51:10
POL04099,CUST01372,Home,2024-05-23,2025-05-23,348.21,Active,batch_001,2026-07-31T17:51:10
POL04100,CUST00650,Auto,2023-12-11,2024-12-10,894.71,Cancelled,batch_001,2026-07-31T17:51:10
POL04101,CUST00097,Health,2022-01-02,2023-01-02,1889.47,Lapsed,batch_001,2026-07-31T17:51:10
POL04102,CUST01159,Life,2025-11-20,2027-11-20,1506.98,Lapsed,batch_001,2026-07-31T17:51:10
POL04103,CUST00205,Auto,2023-06-21,2025-06-20,233.06,Active,batch_001,2026-07-31T17:51:10
POL04104,CUST01902,Life,2026-04-05,2028-04-04,4847.21,Lapsed,batch_001,2026-07-31T17:51:10
POL04105,CUST01783,Life,2024-10-18,2026-10-18,2814.83,Lapsed,batch_001,2026-07-31T17:51:10
POL04106,CUST01844,Health,2025-01-02,2027-01-02,2947.50,Active,batch_001,2026-07-31T17:51:10
POL04107,CUST01580,Health,2023-07-30,2025-07-29,4117.84,Lapsed,batch_001,2026-07-31T17:51:10
POL04108,CUST01053,Health,2022-03-31,2025-03-30,4954.92,Active,batch_001,2026-07-31T17:51:10
POL04109,CUST01446,Health,2025-06-25,2026-06-25,2152.19,Cancelled,batch_001,2026-07-31T17:51:10
POL04110,CUST00155,Life,2025-05-10,2026-05-10,2457.25,Lapsed,batch_001,2026-07-31T17:51:10
POL04111,CUST00764,Life,2026-06-14,2029-06-13,2247.80,Lapsed,batch_001,2026-07-31T17:51:10
POL04112,CUST01467,Home,2025-05-22,2026-05-22,727.57,Cancelled,batch_001,2026-07-31T17:51:10
POL04113,CUST01316,Home,2022-04-29,2025-04-28,2024.75,Active,batch_001,2026-07-31T17:51:10
POL04114,CUST01909,Auto,2025-10-25,2028-10-24,1980.62,Active,batch_001,2026-07-31T17:51:10
POL04115,CUST00662,Home,2025-05-18,2027-05-18,1878.87,Lapsed,batch_001,2026-07-31T17:51:10
POL04116,CUST01748,Health,2024-04-06,2026-04-06,3437.22,Active,batch_001,2026-07-31T17:51:10
POL04117,CUST01188,Health,2022-08-02,2023-08-02,4295.96,Cancelled,batch_001,2026-07-31T17:51:10
POL04118,CUST01154,Life,2025-10-22,2027-10-22,1873.67,Cancelled,batch_001,2026-07-31T17:51:10
POL04119,CUST01354,Health,2021-09-23,2023-09-23,1390.47,Lapsed,batch_001,2026-07-31T17:51:10
POL04120,CUST01055,Auto,2022-06-13,2025-06-12,1262.75,Lapsed,batch_001,2026-07-31T17:51:10
POL04121,CUST01002,Home,2025-01-03,2028-01-03,782.30,Cancelled,batch_001,2026-07-31T17:51:10
POL04122,CUST01847,Health,2025-01-31,2027-01-31,1523.78,Active,batch_001,2026-07-31T17:51:10
POL04123,CUST01680,Health,2021-11-18,2024-11-17,4428.40,Active,batch_001,2026-07-31T17:51:10
POL04124,CUST00702,Home,2026-04-25,2029-04-24,3843.54,Active,batch_001,2026-07-31T17:51:10
POL04125,CUST01721,Home,2026-03-31,2027-03-31,3047.94,Cancelled,batch_001,2026-07-31T17:51:10
POL04126,CUST00896,Health,2021-07-30,2024-07-29,2489.73,Active,batch_001,2026-07-31T17:51:10
POL04127,CUST00033,Life,2022-05-08,2023-05-08,956.93,Active,batch_001,2026-07-31T17:51:10
POL04128,CUST00472,Life,2024-03-02,2025-03-02,3518.11,Active,batch_001,2026-07-31T17:51:10
POL04129,CUST01425,Home,2025-11-25,2027-11-25,1768.75,Lapsed,batch_001,2026-07-31T17:51:10
POL04130,CUST01691,Health,2026-05-12,2029-05-11,3606.83,Lapsed,batch_001,2026-07-31T17:51:10
POL04131,CUST00541,Home,2023-05-03,2025-05-02,4041.69,Active,batch_001,2026-07-31T17:51:10
POL04132,CUST01237,Health,2025-06-16,2026-06-16,248.77,Cancelled,batch_001,2026-07-31T17:51:10
POL04133,CUST01563,Auto,2024-06-22,2026-06-22,4271.63,Active,batch_001,2026-07-31T17:51:10
POL04134,CUST00224,Auto,2024-08-31,2027-08-31,3132.50,Active,batch_001,2026-07-31T17:51:10
POL04135,CUST00437,Home,2022-01-14,2025-01-13,4398.28,Active,batch_001,2026-07-31T17:51:10
POL04136,CUST01891,Health,2023-06-22,2024-06-21,3722.43,Lapsed,batch_001,2026-07-31T17:51:10
POL04137,CUST01605,Home,2025-06-10,2027-06-10,2738.07,Lapsed,batch_001,2026-07-31T17:51:10
POL04138,CUST01931,Auto,2024-05-26,2027-05-26,1819.43,Cancelled,batch_001,2026-07-31T17:51:10
POL04139,CUST00324,Home,2026-05-05,2028-05-04,4860.09,Active,batch_001,2026-07-31T17:51:10
POL04140,CUST01223,Home,2025-08-07,2027-08-07,3587.92,Lapsed,batch_001,2026-07-31T17:51:10
POL04141,CUST01589,Home,2024-08-31,2027-08-31,1770.83,Active,batch_001,2026-07-31T17:51:10
POL04142,CUST01520,Auto,2025-06-04,2026-06-04,1269.55,Active,batch_001,2026-07-31T17:51:10
POL04143,CUST00781,Life,2022-07-19,2024-07-18,4473.19,Active,batch_001,2026-07-31T17:51:10
POL04144,CUST00138,Home,2022-05-28,2025-05-27,3756.14,Active,batch_001,2026-07-31T17:51:10
POL04145,CUST00751,Health,2023-06-18,2025-06-17,2396.09,Lapsed,batch_001,2026-07-31T17:51:10
POL04146,CUST00077,Health,2021-08-05,2022-08-05,3348.91,Active,batch_001,2026-07-31T17:51:10
POL04147,CUST01703,Life,2024-06-24,2027-06-24,2363.66,Cancelled,batch_001,2026-07-31T17:51:10
POL04148,CUST01286,Home,2024-08-06,2025-08-06,356.81,Cancelled,batch_001,2026-07-31T17:51:10
POL04149,CUST00206,Home,2024-01-23,2026-01-22,2030.86,Cancelled,batch_001,2026-07-31T17:51:10
POL04150,CUST01996,Life,2026-03-27,2027-03-27,3303.84,Lapsed,batch_001,2026-07-31T17:51:10
POL04151,CUST00772,Auto,2026-01-06,2027-01-06,2435.92,Lapsed,batch_001,2026-07-31T17:51:10
POL04152,CUST00240,Home,2024-10-03,2025-10-03,4239.07,Active,batch_001,2026-07-31T17:51:10
POL04153,CUST01502,Auto,2022-06-25,2025-06-24,4010.91,Active,batch_001,2026-07-31T17:51:10
POL04154,CUST01149,Life,2021-12-19,2022-12-19,4112.32,Lapsed,batch_001,2026-07-31T17:51:10
POL04155,CUST01380,Home,2022-12-22,2024-12-21,1069.64,Active,batch_001,2026-07-31T17:51:10
POL04156,CUST00628,Home,2025-10-06,2026-10-06,840.69,Active,batch_001,2026-07-31T17:51:10
POL04157,CUST01353,Life,2022-10-09,2023-10-09,277.96,Cancelled,batch_001,2026-07-31T17:51:10
POL04158,CUST00041,Home,2025-01-21,2026-01-21,1234.53,Active,batch_001,2026-07-31T17:51:10
POL04159,CUST01673,Life,2022-06-27,2023-06-27,1146.89,Lapsed,batch_001,2026-07-31T17:51:10
POL04160,CUST00504,Life,2023-09-28,2024-09-27,3723.50,Lapsed,batch_001,2026-07-31T17:51:10
POL04161,CUST00044,Life,2023-03-30,2025-03-29,4677.51,Lapsed,batch_001,2026-07-31T17:51:10
POL04162,CUST01423,Health,2023-03-04,2024-03-03,3924.35,Active,batch_001,2026-07-31T17:51:10
POL04163,CUST01139,Health,2022-08-09,2025-08-08,471.99,Active,batch_001,2026-07-31T17:51:10
POL04164,CUST00709,Home,2024-12-01,2025-12-01,575.56,Cancelled,batch_001,2026-07-31T17:51:10
POL04165,CUST01059,Life,2023-05-30,2026-05-29,2869.42,Active,batch_001,2026-07-31T17:51:10
POL04166,CUST01110,Home,2025-06-18,2026-06-18,339.41,Active,batch_001,2026-07-31T17:51:10
POL04167,CUST01878,Auto,2023-03-14,2024-03-13,2792.88,Cancelled,batch_001,2026-07-31T17:51:10
POL04168,CUST00068,Auto,2024-06-13,2027-06-13,4026.38,Lapsed,batch_001,2026-07-31T17:51:10
POL04169,CUST00670,Home,2022-06-29,2025-06-28,982.61,Lapsed,batch_001,2026-07-31T17:51:10
POL04170,CUST00240,Life,2025-02-06,2026-02-06,4429.18,Cancelled,batch_001,2026-07-31T17:51:10
POL04171,CUST01061,Life,2021-12-21,2023-12-21,4598.20,Cancelled,batch_001,2026-07-31T17:51:10
POL04172,CUST01951,Life,2022-08-16,2023-08-16,4192.15,Lapsed,batch_001,2026-07-31T17:51:10
POL04173,CUST00750,Health,2025-05-29,2027-05-29,2186.82,Active,batch_001,2026-07-31T17:51:10
POL04174,CUST00932,Life,2025-06-20,2027-06-20,1926.85,Active,batch_001,2026-07-31T17:51:10
POL04175,CUST00608,Health,2025-11-12,2028-11-11,2451.97,Cancelled,batch_001,2026-07-31T17:51:10
POL04176,CUST01298,Auto,2022-09-21,2023-09-21,1063.42,Cancelled,batch_001,2026-07-31T17:51:10
POL04177,CUST01615,Health,2025-10-26,2028-10-25,1847.56,Cancelled,batch_001,2026-07-31T17:51:10
POL04178,CUST00604,Home,2021-08-12,2023-08-12,4591.32,Lapsed,batch_001,2026-07-31T17:51:10
POL04179,CUST01849,Auto,2026-02-01,2027-02-01,3210.57,Active,batch_001,2026-07-31T17:51:10
POL04180,CUST00353,Auto,2021-12-27,2022-12-27,823.96,Active,batch_001,2026-07-31T17:51:10
POL04181,CUST00172,Home,2026-04-13,2029-04-12,2397.87,Cancelled,batch_001,2026-07-31T17:51:10
POL04182,CUST01704,Auto,2025-04-04,2027-04-04,4916.10,Cancelled,batch_001,2026-07-31T17:51:10
POL04183,CUST00203,Life,2026-07-21,2027-07-21,2381.19,Lapsed,batch_001,2026-07-31T17:51:10
POL04184,CUST00924,Home,2025-09-07,2028-09-06,373.06,Lapsed,batch_001,2026-07-31T17:51:10
POL04185,CUST01032,Health,2025-11-25,2026-11-25,3021.23,Active,batch_001,2026-07-31T17:51:10
POL04186,CUST00449,Life,2023-01-31,2026-01-30,1728.03,Active,batch_001,2026-07-31T17:51:10
POL04187,CUST02017,Life,2026-07-01,2027-07-01,1042.41,Cancelled,batch_001,2026-07-31T17:51:10
POL04188,CUST01862,Home,2023-01-20,2025-01-19,1398.91,Active,batch_001,2026-07-31T17:51:10
POL04189,CUST01185,Home,2022-09-01,2023-09-01,1931.44,Active,batch_001,2026-07-31T17:51:10
POL04190,CUST01544,Health,2022-06-16,2023-06-16,2003.27,Cancelled,batch_001,2026-07-31T17:51:10
POL04191,CUST01567,Home,2024-11-14,2026-11-14,3037.29,Active,batch_001,2026-07-31T17:51:10
POL04192,CUST00801,Home,2024-04-24,2027-04-24,3732.51,Lapsed,batch_001,2026-07-31T17:51:10
POL04193,CUST00076,Health,2025-11-12,2027-11-12,1649.80,Cancelled,batch_001,2026-07-31T17:51:10
POL04194,CUST01355,Auto,2024-11-06,2027-11-06,2595.66,Lapsed,batch_001,2026-07-31T17:51:10
POL04195,CUST00681,Auto,2025-02-19,2027-02-19,299.89,Lapsed,batch_001,2026-07-31T17:51:10
POL04196,CUST01431,Auto,2023-09-09,2026-09-08,3478.96,Cancelled,batch_001,2026-07-31T17:51:10
POL04197,CUST01836,Life,2023-11-27,2025-11-26,1109.44,Lapsed,batch_001,2026-07-31T17:51:10
POL04198,CUST00745,Life,2024-12-17,2027-12-17,3569.56,Lapsed,batch_001,2026-07-31T17:51:10
POL04199,CUST00656,Health,2024-06-29,2027-06-29,3358.08,Lapsed,batch_001,2026-07-31T17:51:10
POL04200,CUST01853,Life,2024-01-29,2025-01-28,1486.44,Lapsed,batch_001,2026-07-31T17:51:10
POL04201,CUST00656,Health,2025-06-05,2027-06-05,4014.99,Cancelled,batch_001,2026-07-31T17:51:10
POL04202,CUST00330,Life,2022-09-17,2023-09-17,284.18,Lapsed,batch_001,2026-07-31T17:51:10
POL04203,CUST00549,Auto,2022-10-02,2025-10-01,601.83,Cancelled,batch_001,2026-07-31T17:51:10
POL04204,CUST00646,Home,2025-02-01,2027-02-01,2948.98,Cancelled,batch_001,2026-07-31T17:51:10
POL04205,CUST01322,Life,2025-12-07,2027-12-07,761.72,Active,batch_001,2026-07-31T17:51:10
POL04206,CUST01302,Health,2024-02-13,2025-02-12,927.85,Cancelled,batch_001,2026-07-31T17:51:10
POL04207,CUST00953,Life,2026-03-27,2029-03-26,2991.52,Active,batch_001,2026-07-31T17:51:10
POL04208,CUST00632,Life,2024-03-31,2026-03-31,3408.20,Active,batch_001,2026-07-31T17:51:10
POL04209,CUST00737,Auto,2026-04-14,2029-04-13,3669.06,Lapsed,batch_001,2026-07-31T17:51:10
POL04210,CUST01062,Auto,2023-06-05,2025-06-04,564.79,Cancelled,batch_001,2026-07-31T17:51:10
POL04211,CUST00398,Home,2023-04-15,2026-04-14,2845.88,Active,batch_001,2026-07-31T17:51:10
POL04212,CUST00166,Auto,2023-05-12,2026-05-11,713.45,Lapsed,batch_001,2026-07-31T17:51:10
POL04213,CUST00920,Home,2024-01-18,2027-01-17,2765.28,Active,batch_001,2026-07-31T17:51:10
POL04214,CUST00622,Auto,2024-07-06,2027-07-06,601.80,Active,batch_001,2026-07-31T17:51:10
POL04215,CUST01213,Auto,2022-09-15,2023-09-15,1986.14,Cancelled,batch_001,2026-07-31T17:51:10
POL04216,CUST01784,Life,2023-02-02,2025-02-01,2783.97,Cancelled,batch_001,2026-07-31T17:51:10
POL04217,CUST01221,Auto,2025-11-11,2027-11-11,4958.88,Active,batch_001,2026-07-31T17:51:10
POL04218,CUST01339,Health,2026-03-11,2029-03-10,726.73,Cancelled,batch_001,2026-07-31T17:51:10
POL04219,CUST01267,Health,2024-04-26,2027-04-26,480.74,Active,batch_001,2026-07-31T17:51:10
POL04220,CUST01591,Home,2022-07-23,2025-07-22,204.61,Cancelled,batch_001,2026-07-31T17:51:10
POL04221,CUST02040,Life,2024-07-28,2027-07-28,4594.72,Cancelled,batch_001,2026-07-31T17:51:10
POL04222,CUST01285,Health,2026-05-11,2029-05-10,2506.12,Cancelled,batch_001,2026-07-31T17:51:10
POL04223,CUST01155,Life,2025-08-30,2027-08-30,3261.47,Cancelled,batch_001,2026-07-31T17:51:10
POL04224,CUST00487,Life,2026-07-14,2028-07-13,3920.34,Cancelled,batch_001,2026-07-31T17:51:10
POL04225,CUST00739,Auto,2026-06-06,2027-06-06,1245.02,Cancelled,batch_001,2026-07-31T17:51:10
POL04226,CUST01787,Home,2025-02-16,2026-02-16,3631.32,Active,batch_001,2026-07-31T17:51:10
POL04227,CUST00071,Health,2026-02-12,2027-02-12,1127.88,Cancelled,batch_001,2026-07-31T17:51:10
POL04228,CUST00669,Health,2024-01-04,2025-01-03,418.27,Cancelled,batch_001,2026-07-31T17:51:10
POL04229,CUST00462,Health,2025-03-03,2026-03-03,4020.02,Cancelled,batch_001,2026-07-31T17:51:10
POL04230,CUST00459,Auto,2021-09-07,2023-09-07,4700.77,Lapsed,batch_001,2026-07-31T17:51:10
POL04231,CUST01665,Health,2026-01-09,2029-01-08,2343.26,Cancelled,batch_001,2026-07-31T17:51:10
POL04232,CUST00659,Home,2022-06-25,2025-06-24,2728.86,Active,batch_001,2026-07-31T17:51:10
POL04233,CUST00234,Home,2021-10-16,2024-10-15,2837.85,Lapsed,batch_001,2026-07-31T17:51:10
POL04234,CUST00689,Auto,2024-10-25,2026-10-25,2167.14,Active,batch_001,2026-07-31T17:51:10
POL04235,CUST00806,Home,2022-10-24,2023-10-24,1869.61,Cancelled,batch_001,2026-07-31T17:51:10
POL04236,CUST01623,Home,2022-01-10,2024-01-10,1128.28,Active,batch_001,2026-07-31T17:51:10
POL04237,CUST00191,Health,2022-01-21,2023-01-21,1744.47,Active,batch_001,2026-07-31T17:51:10
POL04238,CUST00963,Auto,2023-04-12,2025-04-11,1372.50,Lapsed,batch_001,2026-07-31T17:51:10
POL04239,CUST01712,Home,2023-11-06,2026-11-05,3507.74,Cancelled,batch_001,2026-07-31T17:51:10
POL04240,CUST00256,Auto,2022-12-12,2025-12-11,3883.07,Lapsed,batch_001,2026-07-31T17:51:10
POL04241,CUST01771,Home,2024-01-06,2026-01-05,2763.11,Lapsed,batch_001,2026-07-31T17:51:10
POL04242,CUST00931,Home,2023-09-16,2025-09-15,4681.10,Cancelled,batch_001,2026-07-31T17:51:10
POL04243,CUST01579,Home,2022-10-27,2023-10-27,4433.67,Active,batch_001,2026-07-31T17:51:10
POL04244,CUST00342,Health,2022-02-07,2024-02-07,2156.04,Cancelled,batch_001,2026-07-31T17:51:10
POL04245,CUST01649,Home,2024-02-01,2025-01-31,4439.71,Lapsed,batch_001,2026-07-31T17:51:10
POL04246,CUST01778,Health,2023-04-24,2025-04-23,702.82,Active,batch_001,2026-07-31T17:51:10
POL04247,CUST00778,Home,2026-03-07,2027-03-07,4871.11,Cancelled,batch_001,2026-07-31T17:51:10
POL04248,CUST00824,Home,2021-11-07,2024-11-06,3997.29,Cancelled,batch_001,2026-07-31T17:51:10
POL04249,CUST00917,Health,2024-08-17,2027-08-17,931.30,Active,batch_001,2026-07-31T17:51:10
POL04250,CUST00260,Life,2025-06-05,2027-06-05,3738.43,Lapsed,batch_001,2026-07-31T17:51:10
POL04251,CUST00082,Life,2022-06-13,2025-06-12,4701.90,Lapsed,batch_001,2026-07-31T17:51:10
POL04252,CUST00178,Life,2026-05-10,2028-05-09,2051.09,Cancelled,batch_001,2026-07-31T17:51:10
POL04253,CUST00685,Auto,2023-06-26,2026-06-25,1977.12,Cancelled,batch_001,2026-07-31T17:51:10
POL04254,CUST01092,Home,2026-05-08,2029-05-07,2708.70,Active,batch_001,2026-07-31T17:51:10
POL04255,CUST01822,Life,2024-11-19,2027-11-19,811.69,Active,batch_001,2026-07-31T17:51:10
POL04256,CUST00454,Health,2023-08-07,2025-08-06,4607.46,Cancelled,batch_001,2026-07-31T17:51:10
POL04257,CUST01012,Health,2025-12-03,2027-12-03,2981.87,Lapsed,batch_001,2026-07-31T17:51:10
POL04258,CUST00069,Home,2024-01-09,2027-01-08,2587.90,Cancelled,batch_001,2026-07-31T17:51:10
POL04259,CUST01636,Life,2021-12-22,2023-12-22,2008.98,Active,batch_001,2026-07-31T17:51:10
POL04260,CUST00386,Home,2024-10-27,2027-10-27,4375.41,Lapsed,batch_001,2026-07-31T17:51:10
POL04261,CUST00666,Health,2024-11-15,2026-11-15,1179.87,Lapsed,batch_001,2026-07-31T17:51:10
POL04262,CUST01783,Auto,2025-02-13,2026-02-13,3091.25,Lapsed,batch_001,2026-07-31T17:51:10
POL04263,CUST00560,Auto,2024-03-27,2027-03-27,1629.74,Lapsed,batch_001,2026-07-31T17:51:10
POL04264,CUST00585,Life,2026-04-10,2028-04-09,3211.53,Lapsed,batch_001,2026-07-31T17:51:10
POL04265,CUST01248,Auto,2022-01-13,2025-01-12,4944.62,Lapsed,batch_001,2026-07-31T17:51:10
POL04266,CUST01985,Auto,2021-09-08,2024-09-07,3169.93,Cancelled,batch_001,2026-07-31T17:51:10
POL04267,CUST01874,Health,2023-09-18,2024-09-17,2855.58,Cancelled,batch_001,2026-07-31T17:51:10
POL04268,CUST01442,Health,2023-04-21,2026-04-20,2590.55,Lapsed,batch_001,2026-07-31T17:51:10
POL04269,CUST00793,Health,2025-05-06,2027-05-06,561.29,Active,batch_001,2026-07-31T17:51:10
POL04270,CUST01184,Life,2023-06-30,2025-06-29,2417.81,Cancelled,batch_001,2026-07-31T17:51:10
POL04271,CUST01633,Auto,2024-09-14,2027-09-14,1848.14,Lapsed,batch_001,2026-07-31T17:51:10
POL04272,CUST00115,Health,2026-03-24,2028-03-23,3926.75,Lapsed,batch_001,2026-07-31T17:51:10
POL04273,CUST00683,Life,2023-04-01,2025-03-31,247.41,Active,batch_001,2026-07-31T17:51:10
POL04274,CUST00485,Auto,2023-03-23,2025-03-22,4831.29,Active,batch_001,2026-07-31T17:51:10
POL04275,CUST01879,Auto,2024-01-29,2026-01-28,869.80,Lapsed,batch_001,2026-07-31T17:51:10
POL04276,CUST00251,Auto,2025-05-24,2027-05-24,1591.41,Cancelled,batch_001,2026-07-31T17:51:10
POL04277,CUST01035,Health,2023-02-01,2024-02-01,1498.69,Cancelled,batch_001,2026-07-31T17:51:10
POL04278,CUST00003,Home,2022-03-18,2023-03-18,3896.83,Cancelled,batch_001,2026-07-31T17:51:10
POL04279,CUST01250,Home,2023-03-02,2024-03-01,1783.42,Cancelled,batch_001,2026-07-31T17:51:10
POL04280,CUST01073,Auto,2023-01-20,2026-01-19,3737.09,Cancelled,batch_001,2026-07-31T17:51:10
POL04281,CUST00969,Auto,2025-12-12,2027-12-12,2196.77,Active,batch_001,2026-07-31T17:51:10
POL04282,CUST00053,Auto,2022-08-04,2024-08-03,3983.85,Active,batch_001,2026-07-31T17:51:10
POL04283,CUST01413,Life,2024-10-13,2025-10-13,420.44,Cancelled,batch_001,2026-07-31T17:51:10
POL04284,CUST01458,Home,2021-12-03,2023-12-03,688.75,Active,batch_001,2026-07-31T17:51:10
POL04285,CUST00398,Health,2025-03-22,2027-03-22,2059.53,Cancelled,batch_001,2026-07-31T17:51:10
POL04286,CUST01206,Life,2023-12-14,2024-12-13,4162.25,Lapsed,batch_001,2026-07-31T17:51:10
POL04287,CUST01966,Auto,2026-04-24,2029-04-23,448.57,Cancelled,batch_001,2026-07-31T17:51:10
POL04288,CUST00664,Life,2023-10-28,2024-10-27,2747.93,Cancelled,batch_001,2026-07-31T17:51:10
POL04289,CUST00836,Life,2022-09-07,2023-09-07,349.90,Lapsed,batch_001,2026-07-31T17:51:10
POL04290,CUST00946,Health,2022-12-11,2025-12-10,789.80,Lapsed,batch_001,2026-07-31T17:51:10
POL04291,CUST01033,Home,2026-07-18,2028-07-17,4758.53,Cancelled,batch_001,2026-07-31T17:51:10
POL04292,CUST01612,Life,2023-09-30,2026-09-29,4703.08,Lapsed,batch_001,2026-07-31T17:51:10
POL04293,CUST01729,Life,2021-08-16,2024-08-15,1846.13,Lapsed,batch_001,2026-07-31T17:51:10
POL04294,CUST00159,Life,2024-05-22,2025-05-22,1644.24,Active,batch_001,2026-07-31T17:51:10
POL04295,CUST01410,Life,2025-07-17,2026-07-17,760.78,Lapsed,batch_001,2026-07-31T17:51:10
POL04296,CUST01743,Home,2022-11-22,2023-11-22,1714.05,Active,batch_001,2026-07-31T17:51:10
POL04297,CUST00033,Health,2021-12-01,2022-12-01,799.44,Active,batch_001,2026-07-31T17:51:10
POL04298,CUST01208,Life,2022-11-19,2023-11-19,4672.98,Active,batch_001,2026-07-31T17:51:10
POL04299,CUST01968,Life,2024-04-27,2026-04-27,2594.74,Lapsed,batch_001,2026-07-31T17:51:10
POL04300,CUST01334,Health,2022-01-04,2025-01-03,1585.15,Cancelled,batch_001,2026-07-31T17:51:10
POL04301,CUST01337,Home,2024-02-20,2025-02-19,3083.75,Active,batch_001,2026-07-31T17:51:10
POL04302,CUST01281,Auto,2025-10-01,2026-10-01,2765.01,Lapsed,batch_001,2026-07-31T17:51:10
POL04303,CUST01178,Health,2026-06-13,2027-06-13,4853.36,Cancelled,batch_001,2026-07-31T17:51:10
POL04304,CUST00681,Auto,2026-04-04,2028-04-03,1247.17,Active,batch_001,2026-07-31T17:51:10
POL04305,CUST00524,Home,2024-08-15,2027-08-15,1395.86,Active,batch_001,2026-07-31T17:51:10
POL04306,CUST01935,Home,2022-03-13,2023-03-13,4660.62,Cancelled,batch_001,2026-07-31T17:51:10
POL04307,CUST01898,Life,2024-04-12,2025-04-12,3239.88,Active,batch_001,2026-07-31T17:51:10
POL04308,CUST01010,Health,2026-01-17,2028-01-17,3907.52,Cancelled,batch_001,2026-07-31T17:51:10
POL04309,CUST01316,Health,2023-06-13,2025-06-12,3619.35,Active,batch_001,2026-07-31T17:51:10
POL04310,CUST01251,Home,2023-02-21,2024-02-21,3005.39,Cancelled,batch_001,2026-07-31T17:51:10
POL04311,CUST01281,Auto,2026-01-02,2028-01-02,871.73,Lapsed,batch_001,2026-07-31T17:51:10
POL04312,CUST01343,Life,2022-02-26,2023-02-26,4891.99,Lapsed,batch_001,2026-07-31T17:51:10
POL04313,CUST00273,Auto,2025-11-15,2028-11-14,603.36,Lapsed,batch_001,2026-07-31T17:51:10
POL04314,CUST00194,Health,2022-12-07,2023-12-07,2739.65,Lapsed,batch_001,2026-07-31T17:51:10
POL04315,CUST01836,Life,2025-02-11,2028-02-11,645.18,Lapsed,batch_001,2026-07-31T17:51:10
POL04316,CUST01500,Home,2026-03-13,2028-03-12,2463.76,Lapsed,batch_001,2026-07-31T17:51:10
POL04317,CUST01212,Auto,2026-02-22,2027-02-22,1628.30,Lapsed,batch_001,2026-07-31T17:51:10
POL04318,CUST01230,Life,2025-01-03,2026-01-03,1910.75,Active,batch_001,2026-07-31T17:51:10
POL04319,CUST00833,Auto,2022-05-11,2024-05-10,1589.05,Lapsed,batch_001,2026-07-31T17:51:10
POL04320,CUST00125,Home,2024-07-19,2025-07-19,2543.99,Active,batch_001,2026-07-31T17:51:10
POL04321,CUST01726,Auto,2023-06-17,2024-06-16,2743.29,Active,batch_001,2026-07-31T17:51:10
POL04322,CUST00747,Life,2023-05-23,2026-05-22,1164.99,Active,batch_001,2026-07-31T17:51:10
POL04323,CUST00718,Auto,2024-05-26,2027-05-26,2477.28,Lapsed,batch_001,2026-07-31T17:51:10
POL04324,CUST01947,Home,2024-05-23,2025-05-23,2503.61,Active,batch_001,2026-07-31T17:51:10
POL04325,CUST01781,Home,2024-08-23,2026-08-23,4170.61,Lapsed,batch_001,2026-07-31T17:51:10
POL04326,CUST00744,Auto,2024-01-28,2027-01-27,500.46,Lapsed,batch_001,2026-07-31T17:51:10
POL04327,CUST01339,Home,2023-06-08,2026-06-07,1667.50,Lapsed,batch_001,2026-07-31T17:51:10
POL04328,CUST00205,Auto,2026-02-02,2029-02-01,1286.85,Cancelled,batch_001,2026-07-31T17:51:10
POL04329,CUST01460,Life,2025-08-13,2028-08-12,4344.69,Cancelled,batch_001,2026-07-31T17:51:10
POL04330,CUST01144,Life,2026-05-09,2028-05-08,1102.36,Lapsed,batch_001,2026-07-31T17:51:10
POL04331,CUST01814,Life,2021-08-26,2022-08-26,3729.06,Active,batch_001,2026-07-31T17:51:10
POL04332,CUST00268,Health,2022-07-21,2025-07-20,4083.55,Active,batch_001,2026-07-31T17:51:10
POL04333,CUST00560,Health,2024-07-09,2025-07-09,4105.44,Lapsed,batch_001,2026-07-31T17:51:10
POL04334,CUST01074,Health,2025-05-14,2028-05-13,4010.56,Active,batch_001,2026-07-31T17:51:10
POL04335,CUST00119,Auto,2023-08-15,2026-08-14,3020.20,Active,batch_001,2026-07-31T17:51:10
POL04336,CUST01394,Life,2023-08-26,2024-08-25,2754.88,Active,batch_001,2026-07-31T17:51:10
POL04337,CUST00959,Health,2021-11-30,2024-11-29,281.42,Active,batch_001,2026-07-31T17:51:10
POL04338,CUST01678,Health,2024-04-22,2025-04-22,3580.50,Lapsed,batch_001,2026-07-31T17:51:10
POL04339,CUST01597,Health,2024-10-26,2025-10-26,3322.65,Cancelled,batch_001,2026-07-31T17:51:10
POL04340,CUST01219,Life,2022-07-17,2025-07-16,3927.10,Cancelled,batch_001,2026-07-31T17:51:10
POL04341,CUST01520,Life,2024-11-09,2026-11-09,2302.59,Lapsed,batch_001,2026-07-31T17:51:10
POL04342,CUST01428,Home,2023-10-05,2026-10-04,3607.90,Cancelled,batch_001,2026-07-31T17:51:10
POL04343,CUST00211,Home,2026-03-04,2029-03-03,733.58,Active,batch_001,2026-07-31T17:51:10
POL04344,CUST01896,Auto,2023-12-25,2024-12-24,2317.32,Active,batch_001,2026-07-31T17:51:10
POL04345,CUST00769,Life,2021-10-14,2023-10-14,2738.32,Active,batch_001,2026-07-31T17:51:10
POL04346,CUST01345,Health,2025-12-21,2027-12-21,269.07,Lapsed,batch_001,2026-07-31T17:51:10
POL04347,CUST01090,Home,2024-10-06,2026-10-06,4092.25,Lapsed,batch_001,2026-07-31T17:51:10
POL04348,CUST00655,Life,2025-12-13,2027-12-13,3850.64,Cancelled,batch_001,2026-07-31T17:51:10
POL04349,CUST00892,Auto,2025-11-26,2026-11-26,598.40,Active,batch_001,2026-07-31T17:51:10
POL04350,CUST01780,Auto,2025-05-14,2028-05-13,2613.33,Active,batch_001,2026-07-31T17:51:10
POL04351,CUST02014,Auto,2025-09-19,2028-09-18,1379.66,Lapsed,batch_001,2026-07-31T17:51:10
POL04352,CUST00093,Home,2021-12-13,2023-12-13,2966.90,Active,batch_001,2026-07-31T17:51:10
POL04353,CUST00193,Health,2024-02-05,2026-02-04,2446.45,Lapsed,batch_001,2026-07-31T17:51:10
POL04354,CUST01742,Life,2023-03-20,2024-03-19,2889.32,Cancelled,batch_001,2026-07-31T17:51:10
POL04355,CUST01531,Auto,2024-04-20,2025-04-20,1260.85,Cancelled,batch_001,2026-07-31T17:51:10
POL04356,CUST00085,Life,2025-12-12,2028-12-11,1702.79,Cancelled,batch_001,2026-07-31T17:51:10
POL04357,CUST01305,Home,2022-04-11,2023-04-11,3890.25,Active,batch_001,2026-07-31T17:51:10
POL04358,CUST00498,Auto,2022-05-24,2025-05-23,2093.91,Cancelled,batch_001,2026-07-31T17:51:10
POL04359,CUST00327,Auto,2023-01-01,2024-01-01,3978.87,Active,batch_001,2026-07-31T17:51:10
POL04360,CUST01943,Health,2026-02-25,2029-02-24,803.12,Active,batch_001,2026-07-31T17:51:10
POL04361,CUST01432,Auto,2026-02-10,2029-02-09,4357.47,Active,batch_001,2026-07-31T17:51:10
POL04362,CUST00242,Health,2021-08-21,2024-08-20,2247.64,Cancelled,batch_001,2026-07-31T17:51:10
POL04363,CUST00504,Auto,2022-02-18,2023-02-18,4306.81,Lapsed,batch_001,2026-07-31T17:51:10
POL04364,CUST00556,Health,2023-05-15,2025-05-14,492.78,Active,batch_001,2026-07-31T17:51:10
POL04365,CUST01641,Auto,2023-05-23,2026-05-22,2412.98,Lapsed,batch_001,2026-07-31T17:51:10
POL04366,CUST02033,Home,2025-03-08,2028-03-07,4016.36,Lapsed,batch_001,2026-07-31T17:51:10
POL04367,CUST01802,Auto,2022-06-17,2024-06-16,871.33,Active,batch_001,2026-07-31T17:51:10
POL04368,CUST01643,Home,2023-04-29,2026-04-28,1873.66,Active,batch_001,2026-07-31T17:51:10
POL04369,CUST00248,Auto,2026-02-24,2028-02-24,1361.57,Cancelled,batch_001,2026-07-31T17:51:10
POL04370,CUST01763,Auto,2025-04-12,2027-04-12,2813.85,Lapsed,batch_001,2026-07-31T17:51:10
POL04371,CUST01845,Home,2022-03-11,2025-03-10,4787.01,Active,batch_001,2026-07-31T17:51:10
POL04372,CUST01581,Life,2022-11-19,2025-11-18,1804.70,Active,batch_001,2026-07-31T17:51:10
POL04373,CUST00762,Health,2021-10-11,2024-10-10,2539.25,Lapsed,batch_001,2026-07-31T17:51:10
POL04374,CUST01189,Home,2025-06-25,2026-06-25,686.06,Lapsed,batch_001,2026-07-31T17:51:10
POL04375,CUST00549,Home,2024-05-25,2027-05-25,3144.53,Lapsed,batch_001,2026-07-31T17:51:10
POL04376,CUST00116,Home,2021-11-24,2023-11-24,1072.21,Cancelled,batch_001,2026-07-31T17:51:10
POL04377,CUST01550,Life,2022-04-27,2025-04-26,2224.76,Active,batch_001,2026-07-31T17:51:10
POL04378,CUST01209,Home,2022-03-14,2024-03-13,4587.74,Cancelled,batch_001,2026-07-31T17:51:10
POL04379,CUST01045,Health,2022-01-14,2023-01-14,2013.01,Active,batch_001,2026-07-31T17:51:10
POL04380,CUST00314,Auto,2023-02-03,2026-02-02,3478.20,Active,batch_001,2026-07-31T17:51:10
POL04381,CUST01892,Health,2023-09-20,2026-09-19,4996.04,Cancelled,batch_001,2026-07-31T17:51:10
POL04382,CUST01228,Life,2026-04-28,2027-04-28,1806.86,Lapsed,batch_001,2026-07-31T17:51:10
POL04383,CUST00510,Auto,2022-03-05,2023-03-05,4881.50,Active,batch_001,2026-07-31T17:51:10
POL04384,CUST00006,Home,2026-06-20,2029-06-19,2889.04,Lapsed,batch_001,2026-07-31T17:51:10
POL04385,CUST00585,Life,2023-07-07,2024-07-06,239.71,Lapsed,batch_001,2026-07-31T17:51:10
POL04386,CUST00420,Health,2023-10-11,2024-10-10,2226.66,Cancelled,batch_001,2026-07-31T17:51:10
POL04387,CUST01857,Auto,2025-01-16,2027-01-16,3446.87,Cancelled,batch_001,2026-07-31T17:51:10
POL04388,CUST01299,Home,2024-11-16,2027-11-16,1303.60,Active,batch_001,2026-07-31T17:51:10
POL04389,CUST00184,Life,2025-05-31,2028-05-30,2176.45,Lapsed,batch_001,2026-07-31T17:51:10
POL04390,CUST00015,Home,2025-01-06,2027-01-06,1448.61,Active,batch_001,2026-07-31T17:51:10
POL04391,CUST01140,Life,2025-04-05,2028-04-04,2775.59,Lapsed,batch_001,2026-07-31T17:51:10
POL04392,CUST01437,Auto,2024-04-08,2026-04-08,3821.11,Cancelled,batch_001,2026-07-31T17:51:10
POL04393,CUST01347,Life,2021-09-20,2022-09-20,4189.56,Active,batch_001,2026-07-31T17:51:10
POL04394,CUST01090,Home,2024-11-21,2026-11-21,791.77,Active,batch_001,2026-07-31T17:51:10
POL04395,CUST00491,Auto,2022-08-01,2025-07-31,4845.61,Lapsed,batch_001,2026-07-31T17:51:10
POL04396,CUST00144,Home,2026-02-15,2028-02-15,3923.17,Lapsed,batch_001,2026-07-31T17:51:10
POL04397,CUST00267,Life,2021-08-17,2022-08-17,3035.11,Active,batch_001,2026-07-31T17:51:10
POL04398,CUST01472,Home,2022-02-11,2025-02-10,2455.49,Cancelled,batch_001,2026-07-31T17:51:10
POL04399,CUST01164,Life,2026-07-23,2027-07-23,1229.36,Lapsed,batch_001,2026-07-31T17:51:10
POL04400,CUST00387,Home,2021-12-18,2022-12-18,4181.12,Cancelled,batch_001,2026-07-31T17:51:10
POL04401,CUST00462,Health,2022-03-12,2023-03-12,3104.21,Active,batch_001,2026-07-31T17:51:10
POL04402,CUST01717,Auto,2024-08-14,2027-08-14,4164.34,Active,batch_001,2026-07-31T17:51:10
POL04403,CUST00546,Health,2025-11-08,2028-11-07,813.04,Lapsed,batch_001,2026-07-31T17:51:10
POL04404,CUST01074,Auto,2022-06-24,2023-06-24,4855.46,Cancelled,batch_001,2026-07-31T17:51:10
POL04405,CUST00953,Auto,2024-01-16,2025-01-15,4339.31,Cancelled,batch_001,2026-07-31T17:51:10
POL04406,CUST01459,Life,2024-02-21,2025-02-20,3675.97,Lapsed,batch_001,2026-07-31T17:51:10
POL04407,CUST01145,Auto,2022-04-24,2023-04-24,235.15,Active,batch_001,2026-07-31T17:51:10
POL04408,CUST02027,Health,2023-12-21,2024-12-20,3594.93,Active,batch_001,2026-07-31T17:51:10
POL04409,CUST01109,Health,2025-04-19,2028-04-18,1232.44,Active,batch_001,2026-07-31T17:51:10
POL04410,CUST00244,Life,2024-10-27,2027-10-27,3287.58,Cancelled,batch_001,2026-07-31T17:51:10
POL04411,CUST00592,Home,2024-12-08,2027-12-08,1685.92,Lapsed,batch_001,2026-07-31T17:51:10
POL04412,CUST00116,Life,2021-11-02,2024-11-01,4770.17,Active,batch_001,2026-07-31T17:51:10
POL04413,CUST01048,Life,2025-08-10,2028-08-09,2070.92,Active,batch_001,2026-07-31T17:51:10
POL04414,CUST00321,Life,2022-11-27,2023-11-27,1051.79,Lapsed,batch_001,2026-07-31T17:51:10
POL04415,CUST00058,Health,2026-02-11,2027-02-11,1090.51,Cancelled,batch_001,2026-07-31T17:51:10
POL04416,CUST00707,Life,2023-06-13,2026-06-12,3432.55,Active,batch_001,2026-07-31T17:51:10
POL04417,CUST00212,Auto,2022-09-26,2023-09-26,2761.13,Active,batch_001,2026-07-31T17:51:10
POL04418,CUST01768,Auto,2024-11-25,2026-11-25,2036.35,Cancelled,batch_001,2026-07-31T17:51:10
POL04419,CUST01946,Auto,2026-03-21,2028-03-20,1232.54,Active,batch_001,2026-07-31T17:51:10
POL04420,CUST00696,Auto,2024-02-01,2027-01-31,2116.91,Active,batch_001,2026-07-31T17:51:10
POL04421,CUST01374,Home,2022-10-20,2023-10-20,352.63,Lapsed,batch_001,2026-07-31T17:51:10
POL04422,CUST00288,Health,2024-02-11,2026-02-10,3662.92,Active,batch_001,2026-07-31T17:51:10
POL04423,CUST00128,Auto,2024-10-01,2026-10-01,4800.49,Lapsed,batch_001,2026-07-31T17:51:10
POL04424,CUST01283,Auto,2021-09-02,2023-09-02,2483.82,Active,batch_001,2026-07-31T17:51:10
POL04425,CUST00560,Health,2026-04-14,2027-04-14,2575.68,Cancelled,batch_001,2026-07-31T17:51:10
POL04426,CUST01890,Home,2026-04-19,2027-04-19,324.78,Cancelled,batch_001,2026-07-31T17:51:10
POL04427,CUST00142,Life,2022-10-12,2024-10-11,629.48,Active,batch_001,2026-07-31T17:51:10
POL04428,CUST00837,Life,2022-08-16,2023-08-16,648.92,Cancelled,batch_001,2026-07-31T17:51:10
POL04429,CUST01936,Auto,2021-12-06,2022-12-06,3767.57,Cancelled,batch_001,2026-07-31T17:51:10
POL04430,CUST00761,Auto,2021-08-14,2023-08-14,2578.95,Active,batch_001,2026-07-31T17:51:10
POL04431,CUST01145,Life,2026-06-13,2028-06-12,1717.82,Active,batch_001,2026-07-31T17:51:10
POL04432,CUST00685,Auto,2024-12-05,2026-12-05,732.60,Lapsed,batch_001,2026-07-31T17:51:10
POL04433,CUST01255,Home,2026-02-22,2027-02-22,2382.98,Lapsed,batch_001,2026-07-31T17:51:10
POL04434,CUST00593,Home,2026-03-27,2027-03-27,4919.60,Lapsed,batch_001,2026-07-31T17:51:10
POL04435,CUST00540,Home,2022-04-20,2024-04-19,4312.78,Lapsed,batch_001,2026-07-31T17:51:10
POL04436,CUST01628,Auto,2024-03-02,2025-03-02,645.65,Active,batch_001,2026-07-31T17:51:10
POL04437,CUST01106,Auto,2023-05-13,2025-05-12,1069.20,Active,batch_001,2026-07-31T17:51:10
POL04438,CUST00070,Health,2024-07-02,2027-07-02,4586.54,Lapsed,batch_001,2026-07-31T17:51:10
POL04439,CUST01944,Home,2023-05-18,2026-05-17,4151.81,Lapsed,batch_001,2026-07-31T17:51:10
POL04440,CUST00749,Life,2025-02-01,2028-02-01,308.50,Cancelled,batch_001,2026-07-31T17:51:10
POL04441,CUST00387,Home,2025-12-08,2028-12-07,1894.99,Active,batch_001,2026-07-31T17:51:10
POL04442,CUST01908,Health,2022-10-15,2024-10-14,2163.08,Cancelled,batch_001,2026-07-31T17:51:10
POL04443,CUST00549,Health,2022-12-12,2025-12-11,315.71,Lapsed,batch_001,2026-07-31T17:51:10
POL04444,CUST01437,Auto,2023-02-21,2026-02-20,1923.63,Lapsed,batch_001,2026-07-31T17:51:10
POL04445,CUST00436,Auto,2023-06-15,2024-06-14,830.78,Lapsed,batch_001,2026-07-31T17:51:10
POL04446,CUST00373,Home,2023-09-23,2026-09-22,2990.92,Lapsed,batch_001,2026-07-31T17:51:10
POL04447,CUST01170,Life,2023-03-25,2026-03-24,4428.04,Lapsed,batch_001,2026-07-31T17:51:10
POL04448,CUST01726,Home,2022-07-21,2024-07-20,2868.81,Active,batch_001,2026-07-31T17:51:10
POL04449,CUST00241,Auto,2023-02-13,2025-02-12,2020.97,Cancelled,batch_001,2026-07-31T17:51:10
POL04450,CUST01869,Health,2026-05-27,2029-05-26,1492.32,Active,batch_001,2026-07-31T17:51:10
POL04451,CUST01796,Auto,2022-01-14,2025-01-13,3796.17,Cancelled,batch_001,2026-07-31T17:51:10
POL04452,CUST02010,Health,2026-03-31,2027-03-31,2945.06,Cancelled,batch_001,2026-07-31T17:51:10
POL04453,CUST01791,Health,2025-07-02,2028-07-01,827.02,Active,batch_001,2026-07-31T17:51:10
POL04454,CUST00826,Life,2026-04-02,2027-04-02,2137.59,Cancelled,batch_001,2026-07-31T17:51:10
POL04455,CUST00809,Health,2022-03-14,2025-03-13,3201.57,Active,batch_001,2026-07-31T17:51:10
POL04456,CUST01791,Health,2024-01-19,2026-01-18,2793.60,Lapsed,batch_001,2026-07-31T17:51:10
POL04457,CUST00481,Home,2022-02-24,2023-02-24,2620.01,Cancelled,batch_001,2026-07-31T17:51:10
POL04458,CUST01124,Life,2023-09-16,2026-09-15,2169.05,Active,batch_001,2026-07-31T17:51:10
POL04459,CUST00040,Home,2022-05-31,2023-05-31,3629.20,Active,batch_001,2026-07-31T17:51:10
POL04460,CUST02014,Home,2023-04-04,2024-04-03,1156.65,Active,batch_001,2026-07-31T17:51:10
POL04461,CUST00007,Home,2026-07-07,2028-07-06,4532.78,Active,batch_001,2026-07-31T17:51:10
POL04462,CUST00075,Life,2025-09-20,2026-09-20,492.61,Active,batch_001,2026-07-31T17:51:10
POL04463,CUST01652,Life,2024-05-22,2026-05-22,3770.13,Active,batch_001,2026-07-31T17:51:10
POL04464,CUST00020,Auto,2024-08-12,2027-08-12,733.90,Cancelled,batch_001,2026-07-31T17:51:10
POL04465,CUST00369,Auto,2022-09-01,2025-08-31,2944.34,Lapsed,batch_001,2026-07-31T17:51:10
POL04466,CUST00011,Auto,2023-07-28,2024-07-27,2149.73,Cancelled,batch_001,2026-07-31T17:51:10
POL04467,CUST00624,Home,2022-06-05,2023-06-05,2045.52,Active,batch_001,2026-07-31T17:51:10
POL04468,CUST01871,Life,2024-01-01,2026-12-31,2573.47,Cancelled,batch_001,2026-07-31T17:51:10
POL04469,CUST01591,Auto,2022-03-03,2025-03-02,3165.32,Cancelled,batch_001,2026-07-31T17:51:10
POL04470,CUST00337,Life,2023-03-23,2026-03-22,1816.82,Lapsed,batch_001,2026-07-31T17:51:10
POL04471,CUST00167,Auto,2024-04-12,2026-04-12,2064.84,Active,batch_001,2026-07-31T17:51:10
POL04472,CUST01136,Home,2025-09-16,2028-09-15,4116.49,Active,batch_001,2026-07-31T17:51:10
POL04473,CUST00397,Home,2025-05-30,2027-05-30,769.96,Lapsed,batch_001,2026-07-31T17:51:10
POL04474,CUST00349,Health,2024-05-15,2025-05-15,4661.93,Active,batch_001,2026-07-31T17:51:10
POL04475,CUST01513,Health,2024-03-05,2027-03-05,3099.82,Lapsed,batch_001,2026-07-31T17:51:10
POL04476,CUST01266,Home,2026-07-18,2029-07-17,879.30,Active,batch_001,2026-07-31T17:51:10
POL04477,CUST00050,Auto,2022-11-15,2023-11-15,3252.43,Lapsed,batch_001,2026-07-31T17:51:10
POL04478,CUST00980,Health,2026-05-22,2027-05-22,1754.92,Lapsed,batch_001,2026-07-31T17:51:10
POL04479,CUST01318,Life,2026-05-26,2028-05-25,343.86,Cancelled,batch_001,2026-07-31T17:51:10
POL04480,CUST01161,Health,2024-09-04,2027-09-04,3066.71,Lapsed,batch_001,2026-07-31T17:51:10
POL04481,CUST00220,Auto,2024-04-07,2026-04-07,2319.76,Active,batch_001,2026-07-31T17:51:10
POL04482,CUST00066,Home,2025-03-21,2028-03-20,862.15,Cancelled,batch_001,2026-07-31T17:51:10
POL04483,CUST00624,Home,2023-01-04,2026-01-03,4569.20,Cancelled,batch_001,2026-07-31T17:51:10
POL04484,CUST01184,Auto,2021-08-14,2022-08-14,2664.03,Active,batch_001,2026-07-31T17:51:10
POL04485,CUST01420,Auto,2024-03-29,2026-03-29,875.54,Lapsed,batch_001,2026-07-31T17:51:10
POL04486,CUST00557,Life,2023-09-02,2025-09-01,3506.37,Active,batch_001,2026-07-31T17:51:10
POL04487,CUST00790,Life,2023-06-18,2025-06-17,3258.43,Lapsed,batch_001,2026-07-31T17:51:10
POL04488,CUST00911,Health,2025-04-14,2026-04-14,4764.97,Lapsed,batch_001,2026-07-31T17:51:10
POL04489,CUST00358,Home,2023-12-06,2024-12-05,240.42,Cancelled,batch_001,2026-07-31T17:51:10
POL04490,CUST00572,Health,2024-08-19,2025-08-19,4963.95,Active,batch_001,2026-07-31T17:51:10
POL04491,CUST01715,Auto,2022-09-20,2025-09-19,757.74,Cancelled,batch_001,2026-07-31T17:51:10
POL04492,CUST01341,Health,2024-05-25,2025-05-25,3974.25,Cancelled,batch_001,2026-07-31T17:51:10
POL04493,CUST01629,Auto,2025-08-29,2026-08-29,1576.95,Active,batch_001,2026-07-31T17:51:10
POL04494,CUST00709,Home,2025-07-07,2026-07-07,2430.31,Active,batch_001,2026-07-31T17:51:10
POL04495,CUST00097,Auto,2025-05-13,2027-05-13,2247.06,Active,batch_001,2026-07-31T17:51:10
POL04496,CUST00588,Life,2024-08-17,2025-08-17,2895.48,Active,batch_001,2026-07-31T17:51:10
POL04497,CUST00720,Home,2024-03-05,2025-03-05,630.71,Active,batch_001,2026-07-31T17:51:10
POL04498,CUST01750,Auto,2025-09-19,2028-09-18,3728.04,Lapsed,batch_001,2026-07-31T17:51:10
POL04499,CUST01084,Health,2026-04-08,2027-04-08,800.45,Active,batch_001,2026-07-31T17:51:10
POL04500,CUST01783,Health,2022-07-03,2024-07-02,3730.06,Active,batch_001,2026-07-31T17:51:10
POL04501,CUST01060,Health,2023-01-27,2026-01-26,4584.54,Lapsed,batch_001,2026-07-31T17:51:10
POL04502,CUST01252,Home,2022-04-10,2025-04-09,420.82,Active,batch_001,2026-07-31T17:51:10
POL04503,CUST00897,Health,2023-12-18,2025-12-17,2211.02,Lapsed,batch_001,2026-07-31T17:51:10
POL04504,CUST00361,Health,2022-10-07,2023-10-07,713.94,Active,batch_001,2026-07-31T17:51:10
POL04505,CUST00840,Health,2026-02-27,2027-02-27,1956.56,Lapsed,batch_001,2026-07-31T17:51:10
POL04506,CUST01433,Life,2023-04-01,2024-03-31,1445.47,Active,batch_001,2026-07-31T17:51:10
POL04507,CUST00693,Home,2023-10-25,2025-10-24,4996.03,Lapsed,batch_001,2026-07-31T17:51:10
POL04508,CUST00517,Life,2022-03-24,2023-03-24,3797.38,Cancelled,batch_001,2026-07-31T17:51:10
POL04509,CUST00016,Life,2022-03-21,2023-03-21,2092.36,Lapsed,batch_001,2026-07-31T17:51:10
POL04510,CUST01439,Life,2021-09-25,2024-09-24,4084.35,Active,batch_001,2026-07-31T17:51:10
POL04511,CUST00314,Life,2025-11-21,2026-11-21,1525.10,Lapsed,batch_001,2026-07-31T17:51:10
POL04512,CUST01105,Health,2021-11-03,2024-11-02,2321.59,Lapsed,batch_001,2026-07-31T17:51:10
POL04513,CUST00654,Auto,2026-07-11,2028-07-10,4183.37,Cancelled,batch_001,2026-07-31T17:51:10
POL04514,CUST00150,Life,2026-07-02,2027-07-02,1935.71,Active,batch_001,2026-07-31T17:51:10
POL04515,CUST01980,Health,2025-01-08,2028-01-08,1655.88,Active,batch_001,2026-07-31T17:51:10
POL04516,CUST01114,Home,2023-05-22,2024-05-21,1329.41,Lapsed,batch_001,2026-07-31T17:51:10
POL04517,CUST01718,Life,2021-11-20,2022-11-20,1674.75,Cancelled,batch_001,2026-07-31T17:51:10
POL04518,CUST00618,Auto,2026-04-08,2027-04-08,4747.88,Lapsed,batch_001,2026-07-31T17:51:10
POL04519,CUST01036,Health,2023-10-17,2026-10-16,2277.55,Active,batch_001,2026-07-31T17:51:10
POL04520,CUST00705,Auto,2026-03-14,2028-03-13,1432.53,Lapsed,batch_001,2026-07-31T17:51:10
POL04521,CUST01160,Auto,2026-03-02,2029-03-01,3516.59,Active,batch_001,2026-07-31T17:51:10
POL04522,CUST02020,Home,2025-08-04,2026-08-04,3418.79,Cancelled,batch_001,2026-07-31T17:51:10
POL04523,CUST00602,Life,2022-11-03,2025-11-02,585.48,Active,batch_001,2026-07-31T17:51:10
POL04524,CUST01758,Home,2024-09-08,2025-09-08,4314.44,Lapsed,batch_001,2026-07-31T17:51:10
POL04525,CUST01178,Home,2024-11-30,2025-11-30,1819.34,Cancelled,batch_001,2026-07-31T17:51:10
POL04526,CUST01136,Life,2023-06-23,2024-06-22,2735.53,Cancelled,batch_001,2026-07-31T17:51:10
POL04527,CUST01660,Health,2024-01-20,2025-01-19,4966.75,Active,batch_001,2026-07-31T17:51:10
POL04528,CUST00413,Auto,2022-09-18,2024-09-17,4264.36,Active,batch_001,2026-07-31T17:51:10
POL04529,CUST01520,Health,2025-07-12,2026-07-12,972.79,Active,batch_001,2026-07-31T17:51:10
POL04530,CUST00337,Home,2025-11-02,2028-11-01,3798.81,Active,batch_001,2026-07-31T17:51:10
POL04531,CUST01645,Auto,2025-12-01,2026-12-01,768.63,Lapsed,batch_001,2026-07-31T17:51:10
POL04532,CUST01737,Auto,2022-05-07,2025-05-06,3771.08,Active,batch_001,2026-07-31T17:51:10
POL04533,CUST01578,Auto,2024-12-13,2026-12-13,882.93,Active,batch_001,2026-07-31T17:51:10
POL04534,CUST00826,Auto,2024-09-02,2025-09-02,983.15,Cancelled,batch_001,2026-07-31T17:51:10
POL04535,CUST00203,Auto,2025-11-06,2027-11-06,2843.64,Active,batch_001,2026-07-31T17:51:10
POL04536,CUST00055,Home,2021-08-31,2023-08-31,355.68,Lapsed,batch_001,2026-07-31T17:51:10
POL04537,CUST00986,Auto,2023-08-11,2025-08-10,4103.80,Cancelled,batch_001,2026-07-31T17:51:10
POL04538,CUST01912,Life,2022-12-27,2024-12-26,3788.18,Active,batch_001,2026-07-31T17:51:10
POL04539,CUST01590,Home,2025-12-13,2028-12-12,703.82,Lapsed,batch_001,2026-07-31T17:51:10
POL04540,CUST00209,Health,2022-10-09,2025-10-08,3633.39,Active,batch_001,2026-07-31T17:51:10
POL04541,CUST01912,Health,2025-05-16,2028-05-15,3310.47,Lapsed,batch_001,2026-07-31T17:51:10
POL04542,CUST00316,Home,2022-12-06,2023-12-06,3217.69,Lapsed,batch_001,2026-07-31T17:51:10
POL04543,CUST00679,Auto,2023-02-06,2025-02-05,1272.59,Active,batch_001,2026-07-31T17:51:10
POL04544,CUST01818,Auto,2026-05-24,2028-05-23,4628.60,Lapsed,batch_001,2026-07-31T17:51:10
POL04545,CUST00231,Home,2026-05-22,2027-05-22,3941.07,Lapsed,batch_001,2026-07-31T17:51:10
POL04546,CUST00434,Life,2022-10-27,2023-10-27,4738.37,Active,batch_001,2026-07-31T17:51:10
POL04547,CUST00455,Life,2025-09-09,2028-09-08,3513.25,Active,batch_001,2026-07-31T17:51:10
POL04548,CUST01574,Health,2024-08-17,2025-08-17,4490.03,Lapsed,batch_001,2026-07-31T17:51:10
POL04549,CUST00811,Life,2021-12-02,2023-12-02,3919.49,Lapsed,batch_001,2026-07-31T17:51:10
POL04550,CUST01718,Auto,2023-06-09,2024-06-08,393.53,Active,batch_001,2026-07-31T17:51:10
POL04551,CUST00062,Health,2025-09-22,2026-09-22,4031.69,Lapsed,batch_001,2026-07-31T17:51:10
POL04552,CUST00129,Auto,2023-07-20,2025-07-19,4362.23,Active,batch_001,2026-07-31T17:51:10
POL04553,CUST01201,Home,2022-02-10,2025-02-09,1433.09,Active,batch_001,2026-07-31T17:51:10
POL04554,CUST00763,Home,2023-10-29,2024-10-28,4406.43,Active,batch_001,2026-07-31T17:51:10
POL04555,CUST01575,Life,2024-09-19,2026-09-19,3008.38,Cancelled,batch_001,2026-07-31T17:51:10
POL04556,CUST01064,Life,2023-07-27,2025-07-26,4265.20,Cancelled,batch_001,2026-07-31T17:51:10
POL04557,CUST01813,Health,2021-12-10,2023-12-10,295.63,Active,batch_001,2026-07-31T17:51:10
POL04558,CUST00485,Home,2023-05-03,2025-05-02,3174.77,Cancelled,batch_001,2026-07-31T17:51:10
POL04559,CUST00582,Auto,2025-12-25,2027-12-25,3545.51,Lapsed,batch_001,2026-07-31T17:51:10
POL04560,CUST01666,Health,2024-08-25,2025-08-25,3731.84,Active,batch_001,2026-07-31T17:51:10
POL04561,CUST01968,Auto,2024-11-16,2026-11-16,548.96,Active,batch_001,2026-07-31T17:51:10
POL04562,CUST01057,Home,2025-07-28,2026-07-28,1947.10,Lapsed,batch_001,2026-07-31T17:51:10
POL04563,CUST00461,Home,2025-06-11,2026-06-11,3573.52,Cancelled,batch_001,2026-07-31T17:51:10
POL04564,CUST01200,Auto,2021-12-21,2022-12-21,1585.08,Active,batch_001,2026-07-31T17:51:10
POL04565,CUST00439,Life,2021-11-30,2022-11-30,249.05,Cancelled,batch_001,2026-07-31T17:51:10
POL04566,CUST01296,Home,2024-05-01,2025-05-01,4107.43,Active,batch_001,2026-07-31T17:51:10
POL04567,CUST00292,Life,2022-06-15,2023-06-15,684.48,Lapsed,batch_001,2026-07-31T17:51:10
POL04568,CUST01590,Health,2026-01-04,2029-01-03,1950.70,Lapsed,batch_001,2026-07-31T17:51:10
POL04569,CUST00947,Health,2023-11-26,2026-11-25,4012.10,Active,batch_001,2026-07-31T17:51:10
POL04570,CUST00383,Auto,2023-10-26,2025-10-25,2839.76,Lapsed,batch_001,2026-07-31T17:51:10
POL04571,CUST01132,Life,2026-07-01,2027-07-01,4136.89,Lapsed,batch_001,2026-07-31T17:51:10
POL04572,CUST00637,Life,2026-03-17,2028-03-16,3889.80,Cancelled,batch_001,2026-07-31T17:51:10
POL04573,CUST00501,Health,2026-06-05,2029-06-04,3978.74,Lapsed,batch_001,2026-07-31T17:51:10
POL04574,CUST01315,Auto,2023-01-21,2024-01-21,2848.69,Active,batch_001,2026-07-31T17:51:10
POL04575,CUST01840,Life,2024-10-12,2027-10-12,3898.06,Lapsed,batch_001,2026-07-31T17:51:10
POL04576,CUST01525,Life,2024-10-18,2025-10-18,843.13,Cancelled,batch_001,2026-07-31T17:51:10
POL04577,CUST01064,Home,2024-09-06,2025-09-06,1838.56,Lapsed,batch_001,2026-07-31T17:51:10
POL04578,CUST01892,Home,2026-07-29,2029-07-28,418.95,Active,batch_001,2026-07-31T17:51:10
POL04579,CUST00629,Health,2022-03-28,2025-03-27,2040.09,Lapsed,batch_001,2026-07-31T17:51:10
POL04580,CUST01515,Health,2025-12-21,2027-12-21,3840.22,Lapsed,batch_001,2026-07-31T17:51:10
POL04581,CUST00151,Health,2023-09-19,2025-09-18,2449.11,Active,batch_001,2026-07-31T17:51:10
POL04582,CUST01887,Home,2024-10-11,2026-10-11,688.38,Active,batch_001,2026-07-31T17:51:10
POL04583,CUST01482,Life,2023-06-22,2026-06-21,2426.46,Lapsed,batch_001,2026-07-31T17:51:10
POL04584,CUST00942,Life,2025-12-20,2028-12-19,2507.28,Cancelled,batch_001,2026-07-31T17:51:10
POL04585,CUST00401,Life,2025-01-10,2028-01-10,493.77,Lapsed,batch_001,2026-07-31T17:51:10
POL04586,CUST00066,Home,2024-07-30,2026-07-30,4897.76,Lapsed,batch_001,2026-07-31T17:51:10
POL04587,CUST01236,Health,2024-07-05,2026-07-05,4142.42,Cancelled,batch_001,2026-07-31T17:51:10
POL04588,CUST01571,Auto,2025-09-19,2027-09-19,3424.25,Active,batch_001,2026-07-31T17:51:10
POL04589,CUST01064,Life,2025-09-04,2028-09-03,1029.24,Cancelled,batch_001,2026-07-31T17:51:10
POL04590,CUST00605,Life,2021-08-19,2024-08-18,2133.57,Active,batch_001,2026-07-31T17:51:10
POL04591,CUST01230,Auto,2025-11-05,2028-11-04,2677.73,Lapsed,batch_001,2026-07-31T17:51:10
POL04592,CUST00558,Auto,2022-10-04,2024-10-03,2257.33,Lapsed,batch_001,2026-07-31T17:51:10
POL04593,CUST00848,Home,2025-04-26,2028-04-25,4483.37,Lapsed,batch_001,2026-07-31T17:51:10
POL04594,CUST00846,Health,2022-12-26,2023-12-26,4326.40,Active,batch_001,2026-07-31T17:51:10
POL04595,CUST01643,Life,2023-07-14,2026-07-13,2832.75,Lapsed,batch_001,2026-07-31T17:51:10
POL04596,CUST00514,Home,2022-03-26,2025-03-25,864.14,Cancelled,batch_001,2026-07-31T17:51:10
POL04597,CUST01947,Auto,2025-12-14,2027-12-14,3665.77,Lapsed,batch_001,2026-07-31T17:51:10
POL04598,CUST01079,Life,2023-12-19,2026-12-18,3531.60,Cancelled,batch_001,2026-07-31T17:51:10
POL04599,CUST00236,Health,2023-05-18,2026-05-17,1322.03,Lapsed,batch_001,2026-07-31T17:51:10
POL04600,CUST01421,Auto,2022-11-08,2023-11-08,1446.60,Cancelled,batch_001,2026-07-31T17:51:10
POL04601,CUST00594,Life,2023-03-02,2026-03-01,4729.23,Active,batch_001,2026-07-31T17:51:10
POL04602,CUST00344,Health,2022-11-30,2025-11-29,2206.98,Cancelled,batch_001,2026-07-31T17:51:10
POL04603,CUST01055,Auto,2024-08-28,2026-08-28,2259.51,Lapsed,batch_001,2026-07-31T17:51:10
POL04604,CUST01318,Life,2022-08-01,2023-08-01,3472.70,Lapsed,batch_001,2026-07-31T17:51:10
POL04605,CUST02049,Life,2023-07-15,2024-07-14,3736.38,Lapsed,batch_001,2026-07-31T17:51:10
POL04606,CUST01044,Home,2025-02-07,2028-02-07,1827.20,Lapsed,batch_001,2026-07-31T17:51:10
POL04607,CUST00114,Home,2024-05-20,2025-05-20,3016.14,Cancelled,batch_001,2026-07-31T17:51:10
POL04608,CUST00742,Life,2022-07-17,2024-07-16,906.38,Active,batch_001,2026-07-31T17:51:10
POL04609,CUST00534,Life,2025-09-03,2027-09-03,3797.98,Cancelled,batch_001,2026-07-31T17:51:10
POL04610,CUST00722,Home,2025-08-25,2026-08-25,1065.26,Cancelled,batch_001,2026-07-31T17:51:10
POL04611,CUST00436,Auto,2025-08-26,2026-08-26,2514.30,Lapsed,batch_001,2026-07-31T17:51:10
POL04612,CUST02008,Life,2023-05-15,2025-05-14,3325.99,Cancelled,batch_001,2026-07-31T17:51:10
POL04613,CUST00437,Life,2022-12-12,2023-12-12,4849.82,Active,batch_001,2026-07-31T17:51:10
POL04614,CUST00646,Health,2025-01-26,2026-01-26,3941.30,Active,batch_001,2026-07-31T17:51:10
POL04615,CUST01656,Home,2021-10-07,2023-10-07,1487.38,Active,batch_001,2026-07-31T17:51:10
POL04616,CUST00425,Life,2023-08-26,2025-08-25,1043.46,Cancelled,batch_001,2026-07-31T17:51:10
POL04617,CUST00734,Home,2021-12-11,2022-12-11,1195.19,Active,batch_001,2026-07-31T17:51:10
POL04618,CUST00057,Auto,2022-08-31,2023-08-31,3785.01,Lapsed,batch_001,2026-07-31T17:51:10
POL04619,CUST01101,Life,2026-06-15,2027-06-15,3457.32,Active,batch_001,2026-07-31T17:51:10
POL04620,CUST00104,Auto,2022-12-12,2023-12-12,2227.05,Lapsed,batch_001,2026-07-31T17:51:10
POL04621,CUST00080,Home,2022-09-21,2024-09-20,4440.98,Active,batch_001,2026-07-31T17:51:10
POL04622,CUST01826,Auto,2025-12-08,2027-12-08,4634.48,Lapsed,batch_001,2026-07-31T17:51:10
POL04623,CUST00135,Health,2021-11-28,2024-11-27,251.75,Cancelled,batch_001,2026-07-31T17:51:10
POL04624,CUST01693,Life,2026-06-11,2027-06-11,1201.66,Active,batch_001,2026-07-31T17:51:10
POL04625,CUST01544,Home,2022-10-29,2024-10-28,4600.74,Active,batch_001,2026-07-31T17:51:10
POL04626,CUST01142,Life,2022-01-19,2024-01-19,967.57,Lapsed,batch_001,2026-07-31T17:51:10
POL04627,CUST00022,Home,2022-12-28,2023-12-28,4596.22,Cancelled,batch_001,2026-07-31T17:51:10
POL04628,CUST01332,Health,2023-10-10,2024-10-09,3758.88,Active,batch_001,2026-07-31T17:51:10
POL04629,CUST01332,Auto,2023-02-09,2024-02-09,4428.69,Cancelled,batch_001,2026-07-31T17:51:10
POL04630,CUST00922,Home,2025-12-21,2028-12-20,1251.12,Lapsed,batch_001,2026-07-31T17:51:10
POL04631,CUST02021,Home,2025-01-09,2028-01-09,958.42,Cancelled,batch_001,2026-07-31T17:51:10
POL04632,CUST00483,Life,2026-05-16,2027-05-16,968.31,Active,batch_001,2026-07-31T17:51:10
POL04633,CUST01223,Life,2021-09-25,2023-09-25,3330.64,Active,batch_001,2026-07-31T17:51:10
POL04634,CUST01720,Life,2023-12-27,2024-12-26,4186.14,Lapsed,batch_001,2026-07-31T17:51:10
POL04635,CUST00704,Life,2022-04-22,2025-04-21,1789.41,Active,batch_001,2026-07-31T17:51:10
POL04636,CUST01458,Home,2023-06-02,2026-06-01,3293.70,Cancelled,batch_001,2026-07-31T17:51:10
POL04637,CUST01531,Auto,2025-05-25,2027-05-25,1470.92,Lapsed,batch_001,2026-07-31T17:51:10
POL04638,CUST01782,Health,2025-08-02,2028-08-01,202.74,Active,batch_001,2026-07-31T17:51:10
POL04639,CUST01489,Life,2025-09-03,2027-09-03,3791.28,Active,batch_001,2026-07-31T17:51:10
POL04640,CUST00042,Auto,2023-01-10,2024-01-10,414.06,Cancelled,batch_001,2026-07-31T17:51:10
POL04641,CUST00680,Home,2023-06-11,2024-06-10,3056.10,Active,batch_001,2026-07-31T17:51:10
POL04642,CUST01226,Home,2025-01-26,2027-01-26,3927.82,Cancelled,batch_001,2026-07-31T17:51:10
POL04643,CUST00142,Home,2022-10-16,2023-10-16,1541.57,Active,batch_001,2026-07-31T17:51:10
POL04644,CUST00789,Home,2026-07-14,2027-07-14,1872.78,Active,batch_001,2026-07-31T17:51:10
POL04645,CUST00688,Home,2023-02-15,2024-02-15,231.49,Lapsed,batch_001,2026-07-31T17:51:10
POL04646,CUST01533,Health,2025-12-03,2026-12-03,395.54,Lapsed,batch_001,2026-07-31T17:51:10
POL04647,CUST00927,Health,2023-10-29,2024-10-28,744.91,Lapsed,batch_001,2026-07-31T17:51:10
POL04648,CUST00137,Home,2023-01-02,2025-01-01,4021.83,Lapsed,batch_001,2026-07-31T17:51:10
POL04649,CUST01167,Home,2024-06-28,2027-06-28,2620.61,Cancelled,batch_001,2026-07-31T17:51:10
POL04650,CUST01006,Home,2025-06-07,2026-06-07,3824.25,Active,batch_001,2026-07-31T17:51:10
POL04651,CUST01615,Home,2022-02-28,2024-02-28,4279.05,Cancelled,batch_001,2026-07-31T17:51:10
POL04652,CUST00110,Health,2023-07-14,2025-07-13,834.86,Cancelled,batch_001,2026-07-31T17:51:10
POL04653,CUST00945,Auto,2024-10-17,2027-10-17,3754.01,Active,batch_001,2026-07-31T17:51:10
POL04654,CUST00371,Home,2024-11-08,2026-11-08,3812.76,Cancelled,batch_001,2026-07-31T17:51:10
POL04655,CUST01366,Life,2022-09-13,2023-09-13,2332.79,Lapsed,batch_001,2026-07-31T17:51:10
POL04656,CUST00549,Auto,2022-07-02,2025-07-01,3085.49,Active,batch_001,2026-07-31T17:51:10
POL04657,CUST02034,Life,2021-09-19,2022-09-19,1365.09,Active,batch_001,2026-07-31T17:51:10
POL04658,CUST01266,Health,2023-04-19,2024-04-18,2509.39,Lapsed,batch_001,2026-07-31T17:51:10
POL04659,CUST00061,Life,2026-01-09,2027-01-09,514.72,Active,batch_001,2026-07-31T17:51:10
POL04660,CUST01099,Auto,2025-11-12,2028-11-11,3919.40,Cancelled,batch_001,2026-07-31T17:51:10
POL04661,CUST01401,Auto,2025-02-23,2026-02-23,4528.10,Cancelled,batch_001,2026-07-31T17:51:10
POL04662,CUST01829,Auto,2022-11-06,2023-11-06,1067.90,Cancelled,batch_001,2026-07-31T17:51:10
POL04663,CUST01526,Home,2022-05-25,2023-05-25,679.40,Cancelled,batch_001,2026-07-31T17:51:10
POL04664,CUST01735,Health,2023-02-01,2025-01-31,814.92,Lapsed,batch_001,2026-07-31T17:51:10
POL04665,CUST01633,Health,2025-08-16,2027-08-16,925.49,Lapsed,batch_001,2026-07-31T17:51:10
POL04666,CUST00582,Auto,2021-11-28,2022-11-28,4507.04,Cancelled,batch_001,2026-07-31T17:51:10
POL04667,CUST00937,Auto,2026-02-05,2028-02-05,778.23,Active,batch_001,2026-07-31T17:51:10
POL04668,CUST01101,Health,2025-11-09,2028-11-08,3046.84,Active,batch_001,2026-07-31T17:51:10
POL04669,CUST00681,Auto,2022-07-30,2024-07-29,493.21,Active,batch_001,2026-07-31T17:51:10
POL04670,CUST01360,Health,2022-05-15,2024-05-14,3517.20,Active,batch_001,2026-07-31T17:51:10
POL04671,CUST00860,Home,2025-09-05,2027-09-05,651.62,Active,batch_001,2026-07-31T17:51:10
POL04672,CUST01227,Home,2022-09-07,2025-09-06,3271.27,Cancelled,batch_001,2026-07-31T17:51:10
POL04673,CUST01809,Life,2026-03-01,2027-03-01,2683.64,Cancelled,batch_001,2026-07-31T17:51:10
POL04674,CUST01069,Life,2021-08-02,2023-08-02,3261.01,Cancelled,batch_001,2026-07-31T17:51:10
POL04675,CUST01030,Home,2025-03-31,2026-03-31,1996.94,Active,batch_001,2026-07-31T17:51:10
POL04676,CUST00968,Health,2026-01-06,2027-01-06,2608.25,Cancelled,batch_001,2026-07-31T17:51:10
POL04677,CUST00449,Home,2025-02-26,2028-02-26,1742.41,Cancelled,batch_001,2026-07-31T17:51:10
POL04678,CUST01979,Life,2024-09-22,2025-09-22,1652.05,Active,batch_001,2026-07-31T17:51:10
POL04679,CUST01566,Home,2021-12-11,2023-12-11,2565.00,Active,batch_001,2026-07-31T17:51:10
POL04680,CUST01762,Health,2026-01-31,2027-01-31,3836.26,Active,batch_001,2026-07-31T17:51:10
POL04681,CUST00235,Home,2025-03-23,2027-03-23,4388.51,Lapsed,batch_001,2026-07-31T17:51:10
POL04682,CUST01188,Life,2023-07-12,2025-07-11,3638.78,Lapsed,batch_001,2026-07-31T17:51:10
POL04683,CUST01367,Health,2025-09-04,2026-09-04,4440.42,Cancelled,batch_001,2026-07-31T17:51:10
POL04684,CUST00704,Health,2024-10-26,2027-10-26,2745.94,Cancelled,batch_001,2026-07-31T17:51:10
POL04685,CUST01958,Home,2024-07-23,2026-07-23,3610.89,Lapsed,batch_001,2026-07-31T17:51:10
POL04686,CUST01091,Life,2026-06-23,2027-06-23,286.35,Lapsed,batch_001,2026-07-31T17:51:10
POL04687,CUST00690,Health,2022-05-29,2023-05-29,3360.62,Lapsed,batch_001,2026-07-31T17:51:10
POL04688,CUST01307,Health,2025-03-12,2026-03-12,4338.86,Active,batch_001,2026-07-31T17:51:10
POL04689,CUST00652,Home,2022-09-18,2025-09-17,2080.59,Active,batch_001,2026-07-31T17:51:10
POL04690,CUST00436,Home,2023-09-28,2025-09-27,241.39,Lapsed,batch_001,2026-07-31T17:51:10
POL04691,CUST01662,Home,2025-08-20,2028-08-19,4019.91,Lapsed,batch_001,2026-07-31T17:51:10
POL04692,CUST01685,Home,2023-07-22,2025-07-21,1026.10,Cancelled,batch_001,2026-07-31T17:51:10
POL04693,CUST00053,Auto,2022-04-16,2024-04-15,4427.90,Active,batch_001,2026-07-31T17:51:10
POL04694,CUST01121,Auto,2023-12-27,2024-12-26,1379.28,Lapsed,batch_001,2026-07-31T17:51:10
POL04695,CUST00047,Auto,2026-03-15,2029-03-14,2952.31,Cancelled,batch_001,2026-07-31T17:51:10
POL04696,CUST01616,Home,2025-01-19,2028-01-19,3344.60,Cancelled,batch_001,2026-07-31T17:51:10
POL04697,CUST01679,Life,2023-10-08,2025-10-07,390.84,Active,batch_001,2026-07-31T17:51:10
POL04698,CUST01404,Auto,2023-03-09,2025-03-08,4609.09,Cancelled,batch_001,2026-07-31T17:51:10
POL04699,CUST00759,Auto,2021-08-15,2023-08-15,2265.48,Lapsed,batch_001,2026-07-31T17:51:10
POL04700,CUST00077,Home,2021-08-21,2023-08-21,3305.68,Cancelled,batch_001,2026-07-31T17:51:10
POL04701,CUST00346,Home,2026-06-29,2027-06-29,439.53,Active,batch_001,2026-07-31T17:51:10
POL04702,CUST00728,Home,2026-01-08,2028-01-08,3862.47,Active,batch_001,2026-07-31T17:51:10
POL04703,CUST00384,Auto,2022-07-31,2024-07-30,4214.50,Cancelled,batch_001,2026-07-31T17:51:10
POL04704,CUST00024,Auto,2025-12-30,2026-12-30,2035.14,Lapsed,batch_001,2026-07-31T17:51:10
POL04705,CUST00589,Life,2021-08-21,2022-08-21,4672.47,Lapsed,batch_001,2026-07-31T17:51:10
POL04706,CUST01639,Health,2024-10-07,2027-10-07,378.90,Lapsed,batch_001,2026-07-31T17:51:10
POL04707,CUST01713,Auto,2023-04-29,2024-04-28,4632.65,Lapsed,batch_001,2026-07-31T17:51:10
POL04708,CUST01602,Health,2024-04-06,2026-04-06,4377.48,Active,batch_001,2026-07-31T17:51:10
POL04709,CUST01450,Auto,2025-01-20,2028-01-20,2723.46,Active,batch_001,2026-07-31T17:51:10
POL04710,CUST01897,Home,2024-08-28,2027-08-28,1762.71,Active,batch_001,2026-07-31T17:51:10
POL04711,CUST01822,Life,2022-06-26,2024-06-25,2233.56,Cancelled,batch_001,2026-07-31T17:51:10
POL04712,CUST00456,Home,2022-11-22,2023-11-22,4315.47,Active,batch_001,2026-07-31T17:51:10
POL04713,CUST01061,Health,2025-03-14,2027-03-14,750.40,Cancelled,batch_001,2026-07-31T17:51:10
POL04714,CUST01228,Home,2026-07-22,2027-07-22,4831.99,Active,batch_001,2026-07-31T17:51:10
POL04715,CUST01430,Health,2023-09-26,2026-09-25,675.88,Lapsed,batch_001,2026-07-31T17:51:10
POL04716,CUST00806,Life,2023-10-19,2024-10-18,4593.89,Active,batch_001,2026-07-31T17:51:10
POL04717,CUST01591,Health,2026-02-19,2028-02-19,2455.37,Lapsed,batch_001,2026-07-31T17:51:10
POL04718,CUST00130,Life,2025-03-06,2027-03-06,4492.62,Cancelled,batch_001,2026-07-31T17:51:10
POL04719,CUST01198,Home,2026-05-19,2027-05-19,3992.19,Cancelled,batch_001,2026-07-31T17:51:10
POL04720,CUST01756,Auto,2024-09-08,2025-09-08,4130.19,Lapsed,batch_001,2026-07-31T17:51:10
POL04721,CUST00410,Life,2023-12-03,2025-12-02,4320.07,Active,batch_001,2026-07-31T17:51:10
POL04722,CUST02026,Home,2024-12-15,2025-12-15,4212.29,Active,batch_001,2026-07-31T17:51:10
POL04723,CUST00169,Home,2023-04-23,2025-04-22,3547.20,Lapsed,batch_001,2026-07-31T17:51:10
POL04724,CUST01261,Health,2025-02-02,2028-02-02,1252.12,Lapsed,batch_001,2026-07-31T17:51:10
POL04725,CUST00690,Home,2026-04-10,2027-04-10,3889.20,Lapsed,batch_001,2026-07-31T17:51:10
POL04726,CUST01374,Home,2026-04-27,2028-04-26,2256.32,Cancelled,batch_001,2026-07-31T17:51:10
POL04727,CUST01838,Auto,2025-09-05,2027-09-05,2948.48,Active,batch_001,2026-07-31T17:51:10
POL04728,CUST01515,Home,2023-02-05,2025-02-04,4395.90,Lapsed,batch_001,2026-07-31T17:51:10
POL04729,CUST00170,Health,2024-09-22,2025-09-22,2206.50,Cancelled,batch_001,2026-07-31T17:51:10
POL04730,CUST01778,Health,2026-05-02,2028-05-01,1030.19,Active,batch_001,2026-07-31T17:51:10
POL04731,CUST00014,Health,2026-04-19,2029-04-18,258.02,Active,batch_001,2026-07-31T17:51:10
POL04732,CUST01282,Life,2025-09-09,2028-09-08,4397.11,Cancelled,batch_001,2026-07-31T17:51:10
POL04733,CUST01601,Health,2023-09-26,2025-09-25,1037.03,Active,batch_001,2026-07-31T17:51:10
POL04734,CUST00066,Auto,2024-03-08,2026-03-08,3945.10,Cancelled,batch_001,2026-07-31T17:51:10
POL04735,CUST00319,Health,2026-06-28,2027-06-28,2489.39,Cancelled,batch_001,2026-07-31T17:51:10
POL04736,CUST02002,Life,2024-07-03,2026-07-03,439.57,Cancelled,batch_001,2026-07-31T17:51:10
POL04737,CUST01867,Health,2024-12-17,2025-12-17,1609.28,Lapsed,batch_001,2026-07-31T17:51:10
POL04738,CUST01623,Life,2022-10-01,2023-10-01,2393.77,Active,batch_001,2026-07-31T17:51:10
POL04739,CUST01440,Life,2022-08-03,2025-08-02,3811.72,Lapsed,batch_001,2026-07-31T17:51:10
POL04740,CUST00539,Life,2023-07-13,2025-07-12,4275.58,Active,batch_001,2026-07-31T17:51:10
POL04741,CUST00276,Health,2025-05-17,2027-05-17,2856.57,Cancelled,batch_001,2026-07-31T17:51:10
POL04742,CUST00357,Health,2022-12-14,2024-12-13,4434.89,Cancelled,batch_001,2026-07-31T17:51:10
POL04743,CUST00138,Auto,2022-06-06,2025-06-05,3122.86,Active,batch_001,2026-07-31T17:51:10
POL04744,CUST00684,Auto,2023-05-27,2025-05-26,2481.81,Active,batch_001,2026-07-31T17:51:10
POL04745,CUST00168,Life,2025-11-25,2028-11-24,1678.71,Cancelled,batch_001,2026-07-31T17:51:10
POL04746,CUST01189,Home,2024-12-25,2027-12-25,2048.28,Lapsed,batch_001,2026-07-31T17:51:10
POL04747,CUST01755,Auto,2024-06-15,2026-06-15,3813.91,Lapsed,batch_001,2026-07-31T17:51:10
POL04748,CUST01016,Life,2026-04-05,2027-04-05,1293.89,Lapsed,batch_001,2026-07-31T17:51:10
POL04749,CUST01007,Home,2022-01-07,2024-01-07,3042.27,Active,batch_001,2026-07-31T17:51:10
POL04750,CUST01803,Home,2022-12-11,2024-12-10,2518.63,Active,batch_001,2026-07-31T17:51:10
POL04751,CUST00493,Home,2024-11-19,2026-11-19,2460.82,Active,batch_001,2026-07-31T17:51:10
POL04752,CUST01681,Life,2021-08-15,2024-08-14,1080.37,Cancelled,batch_001,2026-07-31T17:51:10
POL04753,CUST00333,Auto,2022-05-09,2025-05-08,1549.80,Cancelled,batch_001,2026-07-31T17:51:10
POL04754,CUST01765,Health,2022-10-24,2024-10-23,2638.81,Active,batch_001,2026-07-31T17:51:10
POL04755,CUST00192,Life,2025-08-03,2028-08-02,3847.65,Lapsed,batch_001,2026-07-31T17:51:10
POL04756,CUST00838,Health,2025-04-12,2026-04-12,2948.68,Cancelled,batch_001,2026-07-31T17:51:10
POL04757,CUST01973,Life,2022-04-29,2023-04-29,3542.60,Active,batch_001,2026-07-31T17:51:10
POL04758,CUST01322,Auto,2022-02-14,2025-02-13,4250.41,Cancelled,batch_001,2026-07-31T17:51:10
POL04759,CUST00566,Home,2023-10-25,2026-10-24,1652.88,Active,batch_001,2026-07-31T17:51:10
POL04760,CUST01075,Life,2023-06-19,2026-06-18,2385.97,Cancelled,batch_001,2026-07-31T17:51:10
POL04761,CUST01645,Life,2024-09-24,2025-09-24,2816.31,Active,batch_001,2026-07-31T17:51:10
POL04762,CUST00766,Auto,2022-04-04,2024-04-03,2075.62,Active,batch_001,2026-07-31T17:51:10
POL04763,CUST00061,Life,2021-11-24,2023-11-24,3862.43,Active,batch_001,2026-07-31T17:51:10
POL04764,CUST00329,Home,2024-11-05,2027-11-05,2990.50,Lapsed,batch_001,2026-07-31T17:51:10
POL04765,CUST01715,Health,2024-12-25,2025-12-25,2896.89,Active,batch_001,2026-07-31T17:51:10
POL04766,CUST01875,Auto,2026-01-03,2027-01-03,2425.52,Cancelled,batch_001,2026-07-31T17:51:10
POL04767,CUST01262,Health,2024-01-06,2026-01-05,4147.32,Active,batch_001,2026-07-31T17:51:10
POL04768,CUST00647,Auto,2022-01-24,2024-01-24,3019.10,Active,batch_001,2026-07-31T17:51:10
POL04769,CUST00961,Auto,2023-01-25,2026-01-24,3538.19,Cancelled,batch_001,2026-07-31T17:51:10
POL04770,CUST01239,Auto,2025-10-12,2026-10-12,4796.68,Active,batch_001,2026-07-31T17:51:10
POL04771,CUST01715,Life,2025-04-23,2027-04-23,1922.20,Active,batch_001,2026-07-31T17:51:10
POL04772,CUST00261,Health,2021-09-01,2023-09-01,3074.31,Cancelled,batch_001,2026-07-31T17:51:10
POL04773,CUST01507,Health,2023-04-17,2025-04-16,1111.28,Cancelled,batch_001,2026-07-31T17:51:10
POL04774,CUST01113,Home,2025-12-25,2028-12-24,979.55,Cancelled,batch_001,2026-07-31T17:51:10
POL04775,CUST01139,Home,2024-01-04,2027-01-03,3764.00,Active,batch_001,2026-07-31T17:51:10
POL04776,CUST00309,Life,2023-03-27,2026-03-26,904.15,Cancelled,batch_001,2026-07-31T17:51:10
POL04777,CUST01932,Auto,2021-11-11,2024-11-10,735.90,Lapsed,batch_001,2026-07-31T17:51:10
POL04778,CUST01111,Home,2025-12-02,2028-12-01,2009.14,Cancelled,batch_001,2026-07-31T17:51:10
POL04779,CUST00213,Auto,2025-12-18,2026-12-18,1849.95,Lapsed,batch_001,2026-07-31T17:51:10
POL04780,CUST00582,Auto,2023-07-19,2026-07-18,4284.39,Lapsed,batch_001,2026-07-31T17:51:10
POL04781,CUST01839,Auto,2023-01-07,2024-01-07,1158.62,Active,batch_001,2026-07-31T17:51:10
POL04782,CUST00640,Life,2021-11-19,2023-11-19,461.12,Cancelled,batch_001,2026-07-31T17:51:10
POL04783,CUST00197,Home,2024-08-20,2026-08-20,404.15,Active,batch_001,2026-07-31T17:51:10
POL04784,CUST00129,Auto,2023-08-12,2026-08-11,3219.70,Lapsed,batch_001,2026-07-31T17:51:10
POL04785,CUST00679,Life,2021-07-30,2022-07-30,2130.13,Cancelled,batch_001,2026-07-31T17:51:10
POL04786,CUST01213,Health,2022-12-01,2023-12-01,3326.15,Cancelled,batch_001,2026-07-31T17:51:10
POL04787,CUST00124,Auto,2022-04-25,2024-04-24,3810.88,Lapsed,batch_001,2026-07-31T17:51:10
POL04788,CUST01389,Home,2023-12-04,2024-12-03,2678.43,Cancelled,batch_001,2026-07-31T17:51:10
POL04789,CUST01129,Auto,2024-12-21,2027-12-21,2441.25,Active,batch_001,2026-07-31T17:51:10
POL04790,CUST01733,Auto,2024-07-31,2026-07-31,2791.22,Cancelled,batch_001,2026-07-31T17:51:10
POL04791,CUST01577,Auto,2024-12-08,2027-12-08,4445.88,Active,batch_001,2026-07-31T17:51:10
POL04792,CUST00543,Auto,2025-01-09,2027-01-09,2149.49,Cancelled,batch_001,2026-07-31T17:51:10
POL04793,CUST00069,Home,2026-07-24,2027-07-24,2745.84,Cancelled,batch_001,2026-07-31T17:51:10
POL04794,CUST00718,Life,2023-04-13,2024-04-12,2390.19,Active,batch_001,2026-07-31T17:51:10
POL04795,CUST01084,Health,2025-12-24,2028-12-23,4526.50,Lapsed,batch_001,2026-07-31T17:51:10
POL04796,CUST01563,Home,2021-09-15,2022-09-15,1765.11,Cancelled,batch_001,2026-07-31T17:51:10
POL04797,CUST01985,Auto,2022-02-28,2024-02-28,1803.24,Active,batch_001,2026-07-31T17:51:10
POL04798,CUST01210,Home,2022-05-06,2023-05-06,252.57,Lapsed,batch_001,2026-07-31T17:51:10
POL04799,CUST01532,Home,2026-04-02,2027-04-02,3356.62,Lapsed,batch_001,2026-07-31T17:51:10
POL04800,CUST00369,Home,2023-12-30,2026-12-29,289.12,Active,batch_001,2026-07-31T17:51:10
POL04801,CUST00037,Home,2026-05-02,2028-05-01,1948.31,Cancelled,batch_001,2026-07-31T17:51:10
POL04802,CUST01660,Auto,2026-07-15,2028-07-14,2935.41,Active,batch_001,2026-07-31T17:51:10
POL04803,CUST01839,Auto,2024-07-15,2027-07-15,2008.27,Active,batch_001,2026-07-31T17:51:10
POL04804,CUST01304,Home,2024-07-13,2026-07-13,1362.96,Cancelled,batch_001,2026-07-31T17:51:10
POL04805,CUST01454,Home,2023-12-06,2025-12-05,401.74,Cancelled,batch_001,2026-07-31T17:51:10
POL04806,CUST00325,Life,2023-07-03,2025-07-02,1428.04,Lapsed,batch_001,2026-07-31T17:51:10
POL04807,CUST00996,Life,2023-03-26,2025-03-25,3462.41,Cancelled,batch_001,2026-07-31T17:51:10
POL04808,CUST00602,Auto,2025-06-11,2027-06-11,4233.92,Lapsed,batch_001,2026-07-31T17:51:10
POL04809,CUST02042,Home,2025-01-05,2028-01-05,2935.79,Cancelled,batch_001,2026-07-31T17:51:10
POL04810,CUST01639,Life,2026-06-20,2028-06-19,1526.94,Active,batch_001,2026-07-31T17:51:10
POL04811,CUST00946,Life,2021-08-13,2022-08-13,4811.51,Active,batch_001,2026-07-31T17:51:10
POL04812,CUST01899,Life,2023-10-19,2025-10-18,2135.51,Lapsed,batch_001,2026-07-31T17:51:10
POL04813,CUST01528,Health,2023-01-24,2026-01-23,553.71,Cancelled,batch_001,2026-07-31T17:51:10
POL04814,CUST00714,Home,2025-01-14,2027-01-14,4845.39,Cancelled,batch_001,2026-07-31T17:51:10
POL04815,CUST00762,Life,2025-11-18,2026-11-18,4766.32,Active,batch_001,2026-07-31T17:51:10
POL04816,CUST00528,Auto,2022-06-25,2023-06-25,4813.98,Lapsed,batch_001,2026-07-31T17:51:10
POL04817,CUST01859,Life,2026-04-30,2028-04-29,2111.14,Active,batch_001,2026-07-31T17:51:10
POL04818,CUST01545,Home,2022-03-11,2023-03-11,4484.19,Cancelled,batch_001,2026-07-31T17:51:10
POL04819,CUST01016,Home,2025-11-09,2028-11-08,3095.37,Lapsed,batch_001,2026-07-31T17:51:10
POL04820,CUST01638,Life,2024-01-30,2027-01-29,3727.06,Cancelled,batch_001,2026-07-31T17:51:10
POL04821,CUST00768,Health,2024-06-20,2026-06-20,2364.51,Lapsed,batch_001,2026-07-31T17:51:10
POL04822,CUST01012,Health,2022-07-28,2023-07-28,1645.32,Cancelled,batch_001,2026-07-31T17:51:10
POL04823,CUST01031,Home,2025-12-10,2026-12-10,434.51,Active,batch_001,2026-07-31T17:51:10
POL04824,CUST00777,Auto,2023-10-08,2025-10-07,1160.68,Active,batch_001,2026-07-31T17:51:10
POL04825,CUST00121,Auto,2026-02-25,2027-02-25,2131.76,Active,batch_001,2026-07-31T17:51:10
POL04826,CUST01911,Life,2026-06-20,2028-06-19,1627.96,Active,batch_001,2026-07-31T17:51:10
POL04827,CUST00276,Health,2023-09-15,2026-09-14,3677.01,Cancelled,batch_001,2026-07-31T17:51:10
POL04828,CUST00139,Health,2025-05-05,2028-05-04,3374.41,Cancelled,batch_001,2026-07-31T17:51:10
POL04829,CUST01231,Auto,2024-10-13,2027-10-13,539.44,Active,batch_001,2026-07-31T17:51:10
POL04830,CUST02031,Health,2026-05-14,2027-05-14,2679.61,Active,batch_001,2026-07-31T17:51:10
POL04831,CUST01926,Home,2025-09-09,2028-09-08,4249.36,Active,batch_001,2026-07-31T17:51:10
POL04832,CUST01781,Health,2023-08-24,2026-08-23,3141.91,Cancelled,batch_001,2026-07-31T17:51:10
POL04833,CUST00555,Health,2024-06-19,2026-06-19,1626.19,Active,batch_001,2026-07-31T17:51:10
POL04834,CUST00620,Auto,2025-06-24,2027-06-24,3181.21,Cancelled,batch_001,2026-07-31T17:51:10
POL04835,CUST00951,Auto,2025-06-30,2026-06-30,1320.95,Cancelled,batch_001,2026-07-31T17:51:10
POL04836,CUST01754,Auto,2026-07-27,2028-07-26,4967.97,Cancelled,batch_001,2026-07-31T17:51:10
POL04837,CUST01642,Home,2021-10-22,2023-10-22,2881.76,Cancelled,batch_001,2026-07-31T17:51:10
POL04838,CUST00140,Health,2025-09-04,2028-09-03,4621.84,Lapsed,batch_001,2026-07-31T17:51:10
POL04839,CUST00018,Auto,2022-07-26,2025-07-25,832.20,Lapsed,batch_001,2026-07-31T17:51:10
POL04840,CUST00012,Life,2023-10-09,2026-10-08,1949.58,Cancelled,batch_001,2026-07-31T17:51:10
POL04841,CUST01764,Health,2022-02-24,2024-02-24,2163.39,Lapsed,batch_001,2026-07-31T17:51:10
POL04842,CUST01190,Auto,2024-10-30,2025-10-30,3836.94,Lapsed,batch_001,2026-07-31T17:51:10
POL04843,CUST01259,Life,2023-06-14,2024-06-13,4017.93,Lapsed,batch_001,2026-07-31T17:51:10
POL04844,CUST01303,Home,2023-07-14,2024-07-13,3611.94,Active,batch_001,2026-07-31T17:51:10
POL04845,CUST01294,Life,2024-04-05,2027-04-05,1132.02,Active,batch_001,2026-07-31T17:51:10
POL04846,CUST02008,Life,2025-01-31,2026-01-31,448.78,Active,batch_001,2026-07-31T17:51:10
POL04847,CUST02033,Health,2024-07-31,2027-07-31,1013.88,Active,batch_001,2026-07-31T17:51:10
POL04848,CUST00735,Auto,2025-12-20,2026-12-20,2211.41,Active,batch_001,2026-07-31T17:51:10
POL04849,CUST00291,Home,2026-02-18,2029-02-17,1800.92,Cancelled,batch_001,2026-07-31T17:51:10
POL04850,CUST01883,Auto,2021-08-29,2023-08-29,1128.21,Active,batch_001,2026-07-31T17:51:10
POL04851,CUST01204,Health,2023-10-26,2025-10-25,3712.46,Lapsed,batch_001,2026-07-31T17:51:10
POL04852,CUST00001,Health,2023-09-09,2025-09-08,1575.73,Lapsed,batch_001,2026-07-31T17:51:10
POL04853,CUST01704,Home,2024-01-08,2026-01-07,323.23,Active,batch_001,2026-07-31T17:51:10
POL04854,CUST00022,Life,2022-05-14,2024-05-13,4934.94,Lapsed,batch_001,2026-07-31T17:51:10
POL04855,CUST00293,Life,2024-12-20,2026-12-20,565.84,Cancelled,batch_001,2026-07-31T17:51:10
POL04856,CUST01464,Auto,2024-06-26,2025-06-26,4891.79,Lapsed,batch_001,2026-07-31T17:51:10
POL04857,CUST00682,Health,2022-03-23,2025-03-22,1346.68,Active,batch_001,2026-07-31T17:51:10
POL04858,CUST00789,Health,2026-04-17,2028-04-16,1888.04,Active,batch_001,2026-07-31T17:51:10
POL04859,CUST01451,Auto,2023-02-04,2026-02-03,4106.93,Lapsed,batch_001,2026-07-31T17:51:10
POL04860,CUST00324,Auto,2025-08-18,2027-08-18,2814.12,Lapsed,batch_001,2026-07-31T17:51:10
POL04861,CUST01608,Health,2024-03-31,2026-03-31,1450.75,Active,batch_001,2026-07-31T17:51:10
POL04862,CUST01632,Auto,2024-08-01,2027-08-01,3398.75,Cancelled,batch_001,2026-07-31T17:51:10
POL04863,CUST00012,Auto,2023-06-09,2025-06-08,4142.04,Lapsed,batch_001,2026-07-31T17:51:10
POL04864,CUST00052,Health,2026-06-16,2027-06-16,3021.59,Lapsed,batch_001,2026-07-31T17:51:10
POL04865,CUST01132,Auto,2023-11-12,2025-11-11,762.70,Active,batch_001,2026-07-31T17:51:10
POL04866,CUST00613,Home,2023-02-17,2026-02-16,4630.97,Active,batch_001,2026-07-31T17:51:10
POL04867,CUST00857,Life,2023-03-12,2026-03-11,315.84,Lapsed,batch_001,2026-07-31T17:51:10
POL04868,CUST00164,Home,2025-10-27,2026-10-27,3882.46,Cancelled,batch_001,2026-07-31T17:51:10
POL04869,CUST01636,Health,2023-04-11,2025-04-10,4593.63,Cancelled,batch_001,2026-07-31T17:51:10
POL04870,CUST01822,Auto,2023-07-29,2026-07-28,3769.97,Active,batch_001,2026-07-31T17:51:10
POL04871,CUST01385,Auto,2023-08-21,2025-08-20,1744.14,Lapsed,batch_001,2026-07-31T17:51:10
POL04872,CUST00847,Home,2023-11-01,2025-10-31,3521.84,Cancelled,batch_001,2026-07-31T17:51:10
POL04873,CUST01711,Home,2023-05-03,2024-05-02,1844.22,Active,batch_001,2026-07-31T17:51:10
POL04874,CUST01919,Health,2023-07-12,2024-07-11,4676.19,Lapsed,batch_001,2026-07-31T17:51:10
POL04875,CUST00219,Life,2023-04-20,2024-04-19,2615.06,Lapsed,batch_001,2026-07-31T17:51:10
POL04876,CUST01979,Auto,2023-09-13,2024-09-12,2626.83,Cancelled,batch_001,2026-07-31T17:51:10
POL04877,CUST00482,Auto,2024-08-09,2025-08-09,396.93,Cancelled,batch_001,2026-07-31T17:51:10
POL04878,CUST01156,Home,2022-11-26,2025-11-25,4147.16,Active,batch_001,2026-07-31T17:51:10
POL04879,CUST00595,Life,2022-06-26,2023-06-26,1158.52,Lapsed,batch_001,2026-07-31T17:51:10
POL04880,CUST01130,Health,2022-08-06,2023-08-06,661.99,Cancelled,batch_001,2026-07-31T17:51:10
POL04881,CUST01636,Home,2022-03-30,2023-03-30,1845.97,Active,batch_001,2026-07-31T17:51:10
POL04882,CUST01652,Auto,2025-10-07,2028-10-06,772.66,Lapsed,batch_001,2026-07-31T17:51:10
POL04883,CUST00651,Home,2021-08-19,2023-08-19,4033.86,Active,batch_001,2026-07-31T17:51:10
POL04884,CUST01927,Auto,2026-03-08,2028-03-07,1284.27,Lapsed,batch_001,2026-07-31T17:51:10
POL04885,CUST01489,Health,2021-12-08,2023-12-08,4769.47,Lapsed,batch_001,2026-07-31T17:51:10
POL04886,CUST00233,Home,2025-09-05,2027-09-05,3686.77,Cancelled,batch_001,2026-07-31T17:51:10
POL04887,CUST00261,Health,2024-09-25,2025-09-25,583.66,Lapsed,batch_001,2026-07-31T17:51:10
POL04888,CUST01389,Home,2024-04-04,2027-04-04,552.46,Cancelled,batch_001,2026-07-31T17:51:10
POL04889,CUST01991,Life,2025-10-06,2027-10-06,2221.88,Lapsed,batch_001,2026-07-31T17:51:10
POL04890,CUST00737,Home,2026-06-18,2027-06-18,4389.34,Lapsed,batch_001,2026-07-31T17:51:10
POL04891,CUST01540,Auto,2023-11-30,2026-11-29,3842.93,Lapsed,batch_001,2026-07-31T17:51:10
POL04892,CUST00565,Life,2025-10-01,2026-10-01,4885.87,Active,batch_001,2026-07-31T17:51:10
POL04893,CUST00068,Home,2023-02-18,2026-02-17,2766.18,Lapsed,batch_001,2026-07-31T17:51:10
POL04894,CUST01837,Auto,2025-12-04,2027-12-04,4102.18,Active,batch_001,2026-07-31T17:51:10
POL04895,CUST00199,Health,2023-12-17,2025-12-16,2681.30,Active,batch_001,2026-07-31T17:51:10
POL04896,CUST01623,Life,2024-12-17,2026-12-17,1335.22,Active,batch_001,2026-07-31T17:51:10
POL04897,CUST01520,Auto,2023-06-20,2025-06-19,4180.33,Active,batch_001,2026-07-31T17:51:10
POL04898,CUST00360,Life,2026-06-25,2029-06-24,2748.33,Lapsed,batch_001,2026-07-31T17:51:10
POL04899,CUST00495,Auto,2022-09-01,2023-09-01,3194.45,Active,batch_001,2026-07-31T17:51:10
POL04900,CUST00485,Home,2022-01-14,2025-01-13,410.25,Active,batch_001,2026-07-31T17:51:10
POL04901,CUST00119,Home,2026-01-18,2029-01-17,1338.84,Lapsed,batch_001,2026-07-31T17:51:10
POL04902,CUST01075,Health,2025-03-05,2026-03-05,311.87,Active,batch_001,2026-07-31T17:51:10
POL04903,CUST01885,Health,2025-08-24,2028-08-23,1160.15,Cancelled,batch_001,2026-07-31T17:51:10
POL04904,CUST01502,Home,2026-03-06,2028-03-05,3541.35,Active,batch_001,2026-07-31T17:51:10
POL04905,CUST00765,Life,2021-11-08,2024-11-07,3316.48,Active,batch_001,2026-07-31T17:51:10
POL04906,CUST01763,Auto,2025-11-07,2026-11-07,3191.75,Active,batch_001,2026-07-31T17:51:10
POL04907,CUST02020,Health,2024-07-12,2026-07-12,1874.32,Cancelled,batch_001,2026-07-31T17:51:10
POL04908,CUST01120,Home,2024-12-04,2026-12-04,1437.39,Active,batch_001,2026-07-31T17:51:10
POL04909,CUST01154,Health,2023-01-24,2025-01-23,1571.98,Lapsed,batch_001,2026-07-31T17:51:10
POL04910,CUST00510,Auto,2025-06-19,2026-06-19,2666.21,Cancelled,batch_001,2026-07-31T17:51:10
POL04911,CUST01595,Health,2022-08-07,2025-08-06,779.72,Cancelled,batch_001,2026-07-31T17:51:10
POL04912,CUST01161,Health,2025-12-26,2027-12-26,2741.08,Lapsed,batch_001,2026-07-31T17:51:10
POL04913,CUST00643,Home,2025-06-28,2027-06-28,4905.68,Cancelled,batch_001,2026-07-31T17:51:10
POL04914,CUST00506,Life,2024-04-05,2027-04-05,1980.77,Cancelled,batch_001,2026-07-31T17:51:10
POL04915,CUST01669,Life,2021-08-25,2023-08-25,451.20,Active,batch_001,2026-07-31T17:51:10
POL04916,CUST01673,Auto,2021-09-04,2022-09-04,4853.64,Lapsed,batch_001,2026-07-31T17:51:10
POL04917,CUST01733,Auto,2023-05-15,2024-05-14,1686.07,Lapsed,batch_001,2026-07-31T17:51:10
POL04918,CUST00632,Life,2024-10-20,2025-10-20,1622.40,Lapsed,batch_001,2026-07-31T17:51:10
POL04919,CUST01448,Auto,2026-07-09,2027-07-09,829.19,Lapsed,batch_001,2026-07-31T17:51:10
POL04920,CUST00291,Health,2022-06-08,2025-06-07,1952.80,Active,batch_001,2026-07-31T17:51:10
POL04921,CUST01808,Home,2024-05-06,2027-05-06,220.97,Cancelled,batch_001,2026-07-31T17:51:10
POL04922,CUST00370,Life,2024-08-26,2027-08-26,3247.08,Lapsed,batch_001,2026-07-31T17:51:10
POL04923,CUST00222,Health,2023-10-14,2024-10-13,1716.96,Cancelled,batch_001,2026-07-31T17:51:10
POL04924,CUST01530,Home,2023-03-03,2025-03-02,2945.99,Active,batch_001,2026-07-31T17:51:10
POL04925,CUST00857,Home,2026-03-30,2028-03-29,1650.67,Cancelled,batch_001,2026-07-31T17:51:10
POL04926,CUST01087,Auto,2023-10-24,2025-10-23,1676.44,Cancelled,batch_001,2026-07-31T17:51:10
POL04927,CUST01497,Home,2023-08-05,2025-08-04,4849.42,Active,batch_001,2026-07-31T17:51:10
POL04928,CUST01916,Auto,2023-11-14,2026-11-13,4095.92,Lapsed,batch_001,2026-07-31T17:51:10
POL04929,CUST00328,Life,2025-08-02,2028-08-01,2409.13,Lapsed,batch_001,2026-07-31T17:51:10
POL04930,CUST01658,Home,2024-06-29,2027-06-29,4696.30,Lapsed,batch_001,2026-07-31T17:51:10
POL04931,CUST00505,Home,2024-09-08,2026-09-08,2064.05,Active,batch_001,2026-07-31T17:51:10
POL04932,CUST02028,Health,2023-02-21,2025-02-20,3624.72,Cancelled,batch_001,2026-07-31T17:51:10
POL04933,CUST01622,Auto,2025-10-26,2028-10-25,2885.92,Lapsed,batch_001,2026-07-31T17:51:10
POL04934,CUST00761,Home,2025-03-08,2028-03-07,2449.80,Cancelled,batch_001,2026-07-31T17:51:10
POL04935,CUST01942,Auto,2023-05-15,2026-05-14,2495.69,Cancelled,batch_001,2026-07-31T17:51:10
POL04936,CUST00025,Auto,2025-02-21,2027-02-21,1372.93,Cancelled,batch_001,2026-07-31T17:51:10
POL04937,CUST01475,Life,2024-09-28,2025-09-28,986.92,Lapsed,batch_001,2026-07-31T17:51:10
POL04938,CUST00589,Life,2024-09-06,2025-09-06,1241.67,Active,batch_001,2026-07-31T17:51:10
POL04939,CUST01659,Health,2024-12-25,2027-12-25,839.65,Lapsed,batch_001,2026-07-31T17:51:10
POL04940,CUST00547,Health,2023-12-15,2024-12-14,1093.01,Active,batch_001,2026-07-31T17:51:10
POL04941,CUST01885,Life,2025-05-30,2026-05-30,4114.29,Cancelled,batch_001,2026-07-31T17:51:10
POL04942,CUST01058,Home,2023-02-08,2026-02-07,3333.16,Lapsed,batch_001,2026-07-31T17:51:10
POL04943,CUST00654,Home,2026-06-09,2028-06-08,4608.54,Cancelled,batch_001,2026-07-31T17:51:10
POL04944,CUST00577,Auto,2022-09-10,2025-09-09,4363.84,Active,batch_001,2026-07-31T17:51:10
POL04945,CUST00089,Auto,2026-06-23,2027-06-23,3492.85,Lapsed,batch_001,2026-07-31T17:51:10
POL04946,CUST00268,Life,2023-07-10,2026-07-09,4959.56,Cancelled,batch_001,2026-07-31T17:51:10
POL04947,CUST00718,Health,2022-06-05,2023-06-05,1294.18,Lapsed,batch_001,2026-07-31T17:51:10
POL04948,CUST01217,Life,2023-11-15,2024-11-14,1219.61,Cancelled,batch_001,2026-07-31T17:51:10
POL04949,CUST00612,Auto,2023-08-01,2024-07-31,3102.32,Cancelled,batch_001,2026-07-31T17:51:10
POL04950,CUST01316,Auto,2026-04-20,2028-04-19,1790.72,Lapsed,batch_001,2026-07-31T17:51:10
POL04951,CUST00520,Life,2025-04-02,2027-04-02,3512.21,Active,batch_001,2026-07-31T17:51:10
POL04952,CUST00285,Home,2024-10-25,2026-10-25,1753.32,Cancelled,batch_001,2026-07-31T17:51:10
POL04953,CUST00016,Life,2023-03-31,2024-03-30,796.72,Lapsed,batch_001,2026-07-31T17:51:10
POL04954,CUST00634,Home,2022-10-26,2023-10-26,1224.53,Lapsed,batch_001,2026-07-31T17:51:10
POL04955,CUST00617,Home,2022-11-06,2025-11-05,3678.59,Lapsed,batch_001,2026-07-31T17:51:10
POL04956,CUST00895,Home,2025-08-07,2027-08-07,2443.71,Active,batch_001,2026-07-31T17:51:10
POL04957,CUST00139,Life,2021-08-29,2023-08-29,4456.17,Lapsed,batch_001,2026-07-31T17:51:10
POL04958,CUST00116,Life,2023-01-29,2025-01-28,3704.54,Active,batch_001,2026-07-31T17:51:10
POL04959,CUST00215,Home,2025-02-28,2026-02-28,2880.86,Lapsed,batch_001,2026-07-31T17:51:10
POL04960,CUST01283,Home,2025-10-29,2026-10-29,1808.28,Cancelled,batch_001,2026-07-31T17:51:10
POL04961,CUST00555,Health,2022-09-20,2025-09-19,4021.51,Active,batch_001,2026-07-31T17:51:10
POL04962,CUST01938,Health,2025-12-22,2028-12-21,4155.64,Cancelled,batch_001,2026-07-31T17:51:10
POL04963,CUST02032,Health,2026-02-13,2027-02-13,834.93,Active,batch_001,2026-07-31T17:51:10
POL04964,CUST01780,Life,2024-04-05,2027-04-05,3310.42,Lapsed,batch_001,2026-07-31T17:51:10
POL04965,CUST01858,Life,2025-09-18,2028-09-17,1001.62,Active,batch_001,2026-07-31T17:51:10
POL04966,CUST00010,Life,2024-02-17,2026-02-16,2932.04,Active,batch_001,2026-07-31T17:51:10
POL04967,CUST01004,Life,2023-09-17,2024-09-16,4245.29,Active,batch_001,2026-07-31T17:51:10
POL04968,CUST01462,Life,2026-05-11,2029-05-10,3379.33,Lapsed,batch_001,2026-07-31T17:51:10
POL04969,CUST01159,Life,2026-05-29,2028-05-28,3698.86,Lapsed,batch_001,2026-07-31T17:51:10
POL04970,CUST00856,Auto,2021-12-25,2023-12-25,3056.06,Cancelled,batch_001,2026-07-31T17:51:10
POL04971,CUST01985,Health,2024-12-18,2025-12-18,4908.51,Cancelled,batch_001,2026-07-31T17:51:10
POL04972,CUST01751,Auto,2022-06-02,2023-06-02,1436.90,Cancelled,batch_001,2026-07-31T17:51:10
POL04973,CUST01291,Health,2022-12-19,2025-12-18,3177.06,Active,batch_001,2026-07-31T17:51:10
POL04974,CUST00851,Home,2022-02-01,2024-02-01,3066.63,Lapsed,batch_001,2026-07-31T17:51:10
POL04975,CUST00523,Home,2023-05-30,2025-05-29,1623.67,Cancelled,batch_001,2026-07-31T17:51:10
POL04976,CUST01054,Life,2023-09-28,2024-09-27,4881.73,Active,batch_001,2026-07-31T17:51:10
POL04977,CUST00306,Auto,2025-08-18,2026-08-18,684.05,Lapsed,batch_001,2026-07-31T17:51:10
POL04978,CUST01391,Home,2022-05-25,2025-05-24,1583.92,Lapsed,batch_001,2026-07-31T17:51:10
POL04979,CUST00300,Home,2025-05-27,2026-05-27,219.60,Cancelled,batch_001,2026-07-31T17:51:10
POL04980,CUST00670,Home,2024-06-03,2026-06-03,2297.30,Active,batch_001,2026-07-31T17:51:10
POL04981,CUST01246,Life,2023-10-15,2026-10-14,4866.41,Lapsed,batch_001,2026-07-31T17:51:10
POL04982,CUST00662,Health,2024-08-24,2025-08-24,4168.21,Lapsed,batch_001,2026-07-31T17:51:10
POL04983,CUST02014,Auto,2024-08-22,2027-08-22,2413.26,Cancelled,batch_001,2026-07-31T17:51:10
POL04984,CUST00528,Home,2026-05-05,2029-05-04,2726.51,Lapsed,batch_001,2026-07-31T17:51:10
POL04985,CUST01979,Auto,2026-04-27,2029-04-26,3286.21,Lapsed,batch_001,2026-07-31T17:51:10
POL04986,CUST01189,Auto,2023-10-08,2026-10-07,2823.95,Lapsed,batch_001,2026-07-31T17:51:10
POL04987,CUST00316,Home,2024-07-03,2027-07-03,437.48,Cancelled,batch_001,2026-07-31T17:51:10
POL04988,CUST01516,Life,2021-09-29,2024-09-28,1426.01,Lapsed,batch_001,2026-07-31T17:51:10
POL04989,CUST01111,Life,2025-01-29,2027-01-29,3788.45,Active,batch_001,2026-07-31T17:51:10
POL04990,CUST01755,Life,2022-08-10,2025-08-09,1757.92,Cancelled,batch_001,2026-07-31T17:51:10
POL04991,CUST01585,Home,2024-07-24,2026-07-24,2923.37,Cancelled,batch_001,2026-07-31T17:51:10
POL04992,CUST00016,Life,2023-04-09,2026-04-08,1358.92,Active,batch_001,2026-07-31T17:51:10
POL04993,CUST00489,Auto,2026-06-26,2027-06-26,2095.86,Cancelled,batch_001,2026-07-31T17:51:10
POL04994,CUST00577,Life,2026-06-23,2027-06-23,2954.86,Active,batch_001,2026-07-31T17:51:10
POL04995,CUST00031,Auto,2026-02-26,2028-02-26,2123.73,Lapsed,batch_001,2026-07-31T17:51:10
POL04996,CUST01306,Life,2023-01-23,2025-01-22,1910.38,Cancelled,batch_001,2026-07-31T17:51:10
POL04997,CUST01138,Health,2023-12-31,2026-12-30,2150.49,Lapsed,batch_001,2026-07-31T17:51:10
POL04998,CUST01633,Health,2024-08-06,2027-08-06,4648.59,Lapsed,batch_001,2026-07-31T17:51:10
POL04999,CUST01443,Auto,2024-05-05,2026-05-05,4464.64,Active,batch_001,2026-07-31T17:51:10
POL05000,CUST01125,Auto,2025-12-01,2027-12-01,2457.25,Active,batch_001,2026-07-31T17:51:10
